timestamp,temp1_black_evap_coil_side,temp2_tcouple_evap_coil_center,temp3_tcouple_by_fan,stemp1_ambient_room,shumid1_ambient_room,stemp2_outlet,shumid2_outlet,stemp3_inlet,shumid3_inlet
1777931343,19.94,22.50,21.75,22.40,23.35,20.83,26.50,20.30,35.91
1777931344,19.94,23.00,21.75,22.39,23.43,20.83,26.54,20.26,36.03
1777931346,19.94,22.50,21.25,22.42,23.51,20.83,26.48,20.27,35.72
1777931348,19.94,22.75,21.50,22.57,23.57,21.02,26.41,20.10,35.38
1777931349,20.00,22.75,21.25,22.54,23.59,20.85,26.27,20.70,35.16
1777931351,20.00,23.00,21.00,22.62,23.62,20.96,26.11,20.19,34.74
1777931352,20.00,22.50,21.50,22.55,23.58,21.05,26.05,20.36,34.40
1777931354,19.94,23.00,21.75,22.44,23.53,20.86,25.85,20.46,34.45
1777931356,20.00,22.75,21.25,22.44,23.44,20.91,25.76,20.37,34.56
1777931357,20.00,22.50,21.50,22.60,23.36,21.09,25.74,20.37,34.46
1777931359,19.94,22.75,21.25,22.44,23.25,21.11,25.70,20.46,34.45
1777931360,20.00,21.25,21.25,22.51,23.15,21.13,25.66,20.38,34.66
1777931362,19.94,20.00,20.00,22.77,23.09,20.91,25.65,20.45,36.26
1777931364,19.94,21.75,19.75,22.62,22.98,21.09,26.33,20.63,37.51
1777931365,19.94,22.75,19.50,22.65,22.86,21.05,27.15,20.23,37.88
1777931367,19.87,22.25,19.75,22.72,22.87,21.13,27.84,20.33,38.05
1777931368,19.94,22.00,20.25,22.64,23.13,21.08,28.12,20.33,37.95
1777931370,19.94,21.50,20.00,22.51,23.46,21.10,28.59,20.29,37.70
1777931372,19.94,20.75,18.75,22.63,23.77,21.27,28.82,20.06,37.08
1777931373,19.87,21.25,17.25,22.56,23.96,21.27,28.65,20.29,36.76
1777931375,19.81,21.25,16.00,22.55,24.14,21.20,28.76,20.53,36.87
1777931376,19.62,21.75,16.00,22.79,24.26,21.21,28.50,20.41,36.56
1777931378,19.50,22.25,15.75,22.75,24.30,21.32,28.00,20.58,35.94
1777931380,19.37,22.25,15.25,22.62,24.25,21.25,27.49,20.51,35.26
1777931381,19.19,22.00,14.75,22.58,24.21,21.38,27.09,20.45,34.67
1777931383,18.94,21.50,14.25,22.61,24.15,21.38,26.81,20.39,34.23
1777931385,18.56,21.25,13.50,22.70,24.11,21.49,26.88,20.70,34.15
1777931386,18.12,21.00,13.00,22.63,24.04,21.37,26.73,20.76,33.89
1777931388,17.75,22.00,12.75,22.63,24.00,21.54,26.43,20.40,33.66
1777931389,17.37,18.25,12.50,22.62,23.97,21.40,26.08,20.75,33.36
1777931391,17.00,18.75,13.00,22.79,23.95,21.31,25.66,20.52,33.18
1777931393,16.69,20.00,13.75,22.88,23.83,21.54,25.38,20.55,33.05
1777931394,16.50,20.50,14.75,22.80,23.68,21.43,25.08,20.50,32.55
1777931396,16.31,21.25,15.25,22.80,23.60,21.48,24.93,20.40,32.05
1777931397,16.12,20.25,16.00,22.85,23.53,21.46,24.87,20.94,31.69
1777931399,16.12,21.25,16.25,22.82,23.53,21.43,24.76,20.83,31.63
1777931401,16.00,21.75,17.25,22.83,23.58,21.34,24.67,20.73,31.47
1777931402,16.00,21.25,18.00,23.06,23.68,21.48,24.50,21.13,31.23
1777931404,16.06,22.00,18.25,22.81,23.72,21.39,24.32,20.98,30.93
1777931405,16.06,21.50,17.75,23.01,23.74,21.56,24.45,21.02,30.79
1777931407,16.19,22.75,19.25,22.64,23.68,21.41,25.06,21.03,30.93
1777931409,16.25,22.25,19.00,22.77,23.65,21.42,25.23,20.66,30.92
1777931410,16.31,22.75,19.25,22.86,23.63,21.55,25.41,20.84,30.85
1777931412,16.50,23.00,19.50,23.03,23.63,21.61,25.63,20.70,30.57
1777931413,16.56,23.00,20.00,22.77,23.55,21.60,25.57,20.81,30.38
1777931415,16.75,23.25,20.25,22.72,23.52,21.63,25.28,20.66,30.31
1777931417,16.81,23.00,20.75,22.87,23.52,21.52,24.95,20.49,30.22
1777931418,17.00,23.00,20.50,22.87,23.50,21.50,24.70,20.37,30.06
1777931420,17.12,23.50,20.75,22.91,23.47,21.54,24.61,21.09,30.01
1777931421,17.25,22.75,21.00,22.80,23.47,21.51,25.53,20.91,29.93
1777931423,17.44,23.25,21.25,22.89,23.49,21.61,25.65,20.66,29.84
1777931425,17.50,22.75,21.50,22.85,23.45,21.59,25.48,20.84,29.77
1777931426,17.62,23.25,21.75,22.89,23.46,21.57,25.25,20.63,29.62
1777931428,17.81,22.25,20.25,22.94,23.42,21.60,25.04,20.62,29.48
1777931430,17.81,21.50,18.75,22.99,23.37,21.58,24.83,20.84,29.32
1777931431,17.87,19.75,16.75,23.09,23.29,21.51,24.91,20.79,29.05
1777931433,17.94,20.75,15.25,22.78,23.16,21.58,25.70,20.73,28.88
1777931434,17.81,21.00,14.50,22.92,23.15,21.54,26.37,21.15,28.82
1777931436,17.69,22.00,14.00,23.38,23.21,21.75,27.34,20.90,28.69
1777931438,17.50,22.25,13.25,22.88,23.13,21.67,29.38,21.13,28.72
1777931439,17.25,22.25,13.25,22.88,23.09,21.69,29.74,21.04,28.87
1777931441,16.94,22.00,13.00,23.26,23.05,21.65,28.84,20.94,28.87
1777931442,16.69,20.00,12.75,23.08,22.98,21.65,27.82,21.07,28.79
1777931444,16.37,19.50,12.50,23.28,22.98,21.69,26.88,20.92,28.62
1777931446,16.06,19.25,12.00,22.89,22.89,21.69,26.19,20.99,28.42
1777931447,15.75,19.00,11.50,23.02,22.91,21.69,25.77,20.97,28.26
1777931449,15.50,19.50,12.00,23.17,22.87,21.69,25.73,21.09,28.18
1777931450,15.19,19.25,11.50,22.91,22.78,21.57,25.88,21.05,28.17
1777931452,14.94,18.50,11.50,23.32,22.75,21.67,25.93,20.94,28.20
1777931454,14.69,18.25,11.50,23.05,22.66,21.71,25.74,20.98,28.21
1777931455,14.44,18.50,10.00,23.21,22.63,21.57,25.34,20.81,28.06
1777931457,14.25,19.00,10.50,23.00,22.62,21.67,25.02,21.02,27.89
1777931458,14.06,18.75,9.75,23.29,22.71,21.67,24.79,20.91,27.64
1777931460,13.88,18.50,10.50,22.94,22.67,21.73,24.52,21.03,27.41
1777931462,13.75,19.25,9.75,23.24,22.64,21.66,24.30,21.12,27.18
1777931463,13.56,19.75,10.25,23.14,22.54,21.65,24.08,21.03,26.97
1777931465,13.44,19.00,9.50,23.11,22.48,21.79,23.98,20.94,26.81
1777931466,13.31,19.00,9.50,23.23,22.42,21.64,23.92,20.85,26.73
1777931468,13.19,19.00,9.75,23.27,22.42,21.69,24.00,21.05,26.78
1777931470,13.06,18.25,9.00,23.19,22.40,21.62,24.00,21.32,26.94
1777931471,13.00,18.00,9.25,23.07,22.37,21.67,24.21,20.98,27.08
1777931473,12.88,18.00,8.50,23.31,22.38,21.54,24.37,21.05,27.39
1777931475,12.81,18.50,8.50,23.18,22.40,21.65,24.46,20.81,27.57
1777931476,12.75,19.00,8.25,22.91,22.36,21.72,25.03,21.02,27.69
1777931478,12.63,18.25,7.75,22.99,22.34,21.68,25.76,21.02,27.74
1777931479,12.56,18.50,8.00,22.93,22.34,21.58,25.78,21.06,27.80
1777931481,12.56,18.75,8.00,23.19,22.38,21.52,25.64,21.05,27.82
1777931483,12.50,18.25,7.75,22.91,22.34,21.64,25.68,21.00,27.81
1777931484,12.44,18.50,7.50,23.21,22.37,21.77,25.66,21.13,27.87
1777931486,12.44,18.25,7.50,23.03,22.32,21.61,25.46,21.29,27.88
1777931487,12.31,18.50,7.50,22.97,22.29,21.61,25.20,21.37,27.83
1777931489,12.31,18.25,7.50,23.23,22.30,21.59,25.02,21.34,27.61
1777931491,12.31,18.00,7.25,23.14,22.28,21.51,24.90,21.19,27.41
1777931492,12.25,19.00,7.00,23.28,22.25,21.65,25.04,21.34,27.32
1777931494,12.19,19.00,7.25,23.19,22.23,21.60,25.21,21.14,27.30
1777931495,12.19,18.50,7.50,23.01,22.19,21.55,25.21,21.59,27.44
1777931497,12.13,19.25,7.25,23.39,22.22,21.56,25.23,21.52,27.37
1777931499,12.06,18.75,7.25,23.26,22.19,21.54,25.40,21.72,27.37
1777931500,12.06,18.75,7.50,23.07,22.18,21.58,25.35,21.33,27.37
1777931502,12.00,18.50,7.50,23.31,22.20,21.47,25.35,21.45,27.52
1777931503,12.06,18.75,7.50,23.39,22.21,21.42,25.54,21.23,27.65
1777931505,12.00,18.50,7.50,23.10,22.17,21.57,25.55,21.19,27.61
1777931507,11.94,18.75,7.25,23.03,22.14,21.49,25.61,21.48,27.85
1777931508,12.00,19.00,7.75,23.31,22.18,21.53,25.64,21.54,27.80
1777931510,12.00,19.25,7.25,23.26,22.09,21.48,25.62,21.19,27.64
1777931511,12.00,18.75,7.00,23.24,22.10,21.44,25.65,20.92,27.57
1777931513,12.00,19.00,7.25,23.34,22.08,21.42,25.63,20.94,27.61
1777931515,12.00,18.50,6.75,23.65,22.10,21.31,25.59,21.41,27.53
1777931516,12.00,19.00,7.50,23.31,22.08,21.64,25.73,21.10,27.24
1777931518,11.94,18.75,7.50,23.02,21.99,21.36,25.76,21.59,27.12
1777931520,12.00,19.00,7.00,23.64,22.08,21.44,25.77,21.23,27.04
1777931521,11.94,18.75,7.00,23.53,22.06,21.40,25.73,21.07,26.96
1777931523,11.94,18.50,7.00,23.64,22.07,21.34,25.66,21.74,26.89
1777931524,11.88,19.00,7.00,23.35,22.03,21.46,25.61,21.24,26.82
1777931526,11.88,19.50,7.00,23.32,22.02,21.47,25.37,21.28,26.83
1777931528,11.81,18.75,7.00,23.33,22.09,21.30,25.08,21.13,26.74
1777931529,11.81,18.50,6.50,23.62,22.15,21.38,24.91,21.29,26.59
1777931531,11.75,19.00,7.00,23.44,22.17,21.25,24.69,21.18,26.31
1777931532,11.69,18.75,6.75,23.34,22.19,21.23,24.64,21.46,26.27
1777931534,11.63,19.00,6.50,23.39,22.23,21.15,24.60,21.45,26.25
1777931536,11.69,18.25,6.00,23.34,22.24,21.23,24.63,21.09,26.23
1777931537,11.63,19.00,6.25,23.37,22.22,21.28,24.73,21.53,26.35
1777931539,11.56,18.00,6.00,23.70,22.22,21.22,24.75,21.36,26.32
1777931540,11.56,18.00,6.50,23.24,22.15,21.19,24.70,21.16,26.23
1777931542,11.56,18.75,6.50,23.23,22.10,21.20,24.63,21.20,26.18
1777931544,11.50,18.75,6.50,23.31,22.11,21.14,24.54,21.62,26.18
1777931545,11.50,18.25,6.75,23.35,22.04,21.02,24.48,21.41,26.11
1777931547,11.44,18.50,5.75,23.33,22.00,20.96,24.46,21.65,26.12
1777931548,11.44,18.25,6.75,23.41,21.97,21.04,24.45,21.23,26.05
1777931550,11.44,19.00,6.50,23.09,21.92,20.94,24.52,21.34,26.07
1777931552,11.38,18.25,6.50,23.62,21.92,20.88,24.56,21.13,26.08
1777931553,11.38,17.50,6.50,23.40,21.89,20.91,24.60,21.70,26.18
1777931555,11.38,18.50,6.75,23.48,21.85,20.88,24.63,21.26,26.11
1777931556,11.31,18.75,6.50,23.50,21.84,20.87,24.69,21.12,26.12
1777931558,11.31,19.00,6.50,23.33,21.81,20.94,24.79,21.13,26.12
1777931560,11.31,19.25,6.25,23.44,21.82,20.94,24.81,21.37,26.08
1777931561,11.31,19.25,6.00,23.32,21.80,20.86,24.82,21.81,26.04
1777931563,11.31,19.00,6.75,23.41,21.79,20.78,24.86,21.23,25.89
1777931564,11.31,18.50,6.50,23.43,21.79,20.81,24.88,21.33,25.90
1777931566,11.31,18.00,6.00,23.52,21.80,20.81,24.93,21.09,25.88
1777931568,11.25,18.00,6.50,23.36,21.77,20.67,24.97,21.44,25.95
1777931569,11.31,18.25,6.50,23.19,21.75,20.74,25.02,21.13,25.94
1777931571,11.25,17.75,6.75,23.33,21.76,20.65,25.04,21.02,25.96
1777931573,11.25,18.00,6.50,23.22,21.74,20.61,25.09,21.58,26.10
1777931574,11.25,18.50,6.75,23.42,21.74,20.61,25.12,21.00,26.07
1777931576,11.19,18.00,6.75,23.01,21.67,20.63,25.21,20.96,26.10
1777931577,11.25,18.50,6.50,23.13,21.67,20.66,25.26,21.19,26.16
1777931579,11.19,18.75,6.50,23.30,21.70,20.51,25.38,21.34,26.23
1777931581,11.19,18.75,6.25,23.39,21.70,20.48,25.42,21.37,26.26
1777931582,11.19,18.25,6.50,23.53,21.73,20.48,25.49,21.19,26.28
1777931584,11.13,18.75,6.75,23.15,21.70,20.39,25.52,21.49,26.38
1777931585,11.13,19.25,6.75,23.04,21.68,20.39,25.59,21.15,26.38
1777931587,11.19,18.75,6.25,23.36,21.73,20.41,25.69,21.12,26.42
1777931589,11.13,18.75,6.75,23.19,21.69,20.40,25.73,21.05,26.48
1777931590,11.13,18.75,6.50,23.26,21.71,20.36,25.76,21.33,26.57
1777931592,11.19,19.25,6.25,23.06,21.72,20.33,25.91,21.03,26.57
1777931593,11.13,19.00,6.75,23.16,21.74,20.29,25.97,21.33,26.68
1777931595,11.13,18.00,6.75,23.25,21.74,20.27,26.02,21.09,26.71
1777931597,11.13,18.50,7.00,23.09,21.73,20.21,26.15,21.13,26.77
1777931598,11.13,18.50,6.75,23.05,21.72,20.28,26.23,21.34,26.82
1777931600,11.13,18.50,6.75,23.02,21.71,20.25,26.28,21.32,26.83
1777931601,11.13,18.50,6.50,23.26,21.73,20.21,26.34,20.83,26.74
1777931603,11.13,18.75,7.00,23.16,21.72,20.16,26.36,21.14,26.75
1777931605,11.19,18.75,7.00,23.04,21.69,20.19,26.38,20.95,26.67
1777931606,11.19,18.25,6.50,22.99,21.70,20.19,26.40,21.38,26.72
1777931608,11.13,18.75,7.00,22.98,21.70,20.09,26.40,20.98,26.67
1777931609,11.13,18.75,6.75,22.98,21.71,20.08,26.44,21.05,26.74
1777931611,11.06,19.00,6.75,23.02,21.72,20.11,26.52,21.02,26.80
1777931613,11.06,19.00,6.75,23.27,21.77,20.06,26.55,21.03,26.86
1777931614,11.06,19.00,6.75,23.37,21.80,20.01,26.58,21.01,26.91
1777931616,11.13,19.25,6.75,23.41,21.82,19.99,26.66,21.00,26.92
1777931618,11.06,18.75,6.75,23.02,21.86,20.01,26.95,21.15,26.99
1777931619,11.06,19.00,7.00,22.95,21.86,19.77,27.45,20.59,26.96
1777931621,11.06,18.75,6.50,23.11,21.90,19.82,28.14,20.78,27.00
1777931622,11.06,19.00,6.50,23.34,21.94,19.86,28.18,20.82,26.98
1777931624,11.06,18.75,6.50,23.23,21.95,19.80,28.05,20.98,26.98
1777931626,11.06,18.75,7.00,23.00,21.91,19.73,27.83,21.05,26.93
1777931627,11.13,18.75,7.00,23.04,21.92,19.81,27.70,21.06,26.89
1777931629,11.13,19.00,7.25,22.98,21.92,19.74,27.55,20.86,26.81
1777931630,11.19,19.00,7.25,23.19,21.97,19.80,27.38,21.08,26.79
1777931632,11.13,18.75,7.00,22.96,21.96,19.66,27.28,21.00,26.77
1777931634,11.19,18.75,7.00,23.08,21.99,19.46,27.61,21.23,26.80
1777931635,11.13,19.00,6.50,23.23,22.02,19.58,28.24,20.96,26.90
1777931637,11.06,19.00,6.75,23.00,22.02,19.43,28.78,21.15,27.10
1777931638,11.13,19.00,6.50,23.28,22.09,19.45,29.26,21.13,27.19
1777931640,11.06,19.00,7.00,23.22,22.11,19.37,29.30,20.99,27.28
1777931642,11.13,19.00,6.50,23.22,22.15,19.33,29.17,20.63,27.26
1777931643,11.13,19.00,7.00,23.22,22.16,19.44,29.04,21.14,27.32
1777931645,11.13,19.00,7.00,23.25,22.16,19.34,28.86,21.02,27.30
1777931646,11.13,18.75,7.00,23.21,22.15,19.38,28.69,21.09,27.30
1777931648,11.13,19.25,7.25,22.87,22.09,19.55,28.54,21.10,27.34
1777931650,11.13,18.75,7.00,23.30,22.11,19.41,28.34,20.91,27.36
1777931651,11.06,19.25,7.25,23.28,22.08,19.37,28.19,21.23,27.39
1777931653,11.13,18.75,7.25,22.98,21.99,19.35,28.02,21.02,27.26
1777931654,11.13,18.50,6.75,23.15,21.98,19.53,27.90,20.72,27.02
1777931656,11.25,19.00,7.00,22.98,21.97,19.44,27.75,20.85,26.82
1777931658,11.31,19.25,7.25,23.16,22.00,19.47,27.67,20.83,26.65
1777931659,11.38,18.75,7.00,22.79,21.99,19.48,27.63,20.90,26.49
1777931661,11.44,18.75,7.50,22.83,22.08,19.40,27.58,20.68,26.25
1777931662,11.50,18.75,6.75,22.86,22.11,19.41,27.57,21.19,26.16
1777931664,11.50,19.00,7.25,22.96,22.15,19.54,27.61,20.94,26.08
1777931666,11.50,18.50,6.50,22.83,22.16,19.41,27.61,20.76,26.24
1777931667,11.50,18.75,6.75,22.83,22.19,19.42,27.62,21.08,26.46
1777931669,11.56,19.00,7.00,22.88,22.22,19.55,27.68,20.66,26.49
1777931671,11.50,18.75,6.75,22.77,22.24,19.46,27.68,20.89,26.62
1777931672,11.50,18.50,6.75,23.01,22.28,19.42,27.66,20.69,26.67
1777931674,11.50,18.75,7.25,22.95,22.28,19.50,27.66,21.02,26.75
1777931675,11.50,19.00,7.25,22.76,22.24,19.38,27.64,20.62,26.58
1777931677,11.56,18.75,6.75,23.12,22.28,19.34,27.61,21.03,26.56
1777931679,11.50,19.25,7.25,23.02,22.24,19.48,27.59,20.83,26.39
1777931680,11.50,19.00,6.75,22.83,22.23,19.42,27.57,20.94,26.39
1777931682,11.44,19.25,7.25,22.98,22.28,19.38,27.52,20.69,26.42
1777931683,11.38,19.50,6.75,22.73,22.25,19.48,27.45,20.53,26.38
1777931685,11.38,19.25,7.25,22.97,22.29,19.46,27.39,20.62,26.35
1777931687,11.38,19.00,7.25,22.93,22.30,19.39,27.34,20.62,26.33
1777931688,11.38,18.75,7.00,22.80,22.25,19.61,27.31,20.63,26.19
1777931690,11.38,18.50,7.25,22.83,22.20,19.38,27.27,20.71,26.09
1777931691,11.44,18.75,7.00,22.66,22.17,19.50,27.33,20.80,26.03
1777931693,11.44,18.25,7.00,22.73,22.13,19.30,27.27,20.68,25.90
1777931695,11.50,19.25,7.50,22.89,22.15,19.41,27.31,20.66,25.82
1777931696,11.50,18.75,7.00,22.75,22.12,19.46,27.36,20.66,25.75
1777931698,11.50,19.25,7.00,22.70,22.12,19.39,27.43,20.52,25.78
1777931699,11.44,19.00,6.75,22.93,22.20,19.33,27.48,20.80,25.98
1777931701,11.44,19.00,7.00,22.64,22.23,19.42,27.54,20.94,26.13
1777931703,11.38,19.25,6.75,22.72,22.31,19.45,27.57,21.15,26.25
1777931704,11.38,19.25,6.50,22.80,22.37,19.30,27.57,20.48,26.13
1777931706,11.38,19.00,6.75,22.76,22.39,19.40,27.62,20.55,26.15
1777931707,11.38,19.00,6.50,22.79,22.40,19.38,27.62,20.27,26.13
1777931709,11.31,19.00,6.50,22.91,22.42,19.30,27.61,20.76,26.27
1777931711,11.31,19.50,7.00,22.92,22.44,19.34,27.64,21.01,26.36
1777931712,11.25,19.00,6.50,22.71,22.40,19.32,27.72,20.51,26.39
1777931714,11.25,19.50,7.00,22.82,22.42,19.30,27.73,20.69,26.42
1777931716,11.19,19.00,7.00,22.80,22.41,19.32,27.78,20.84,26.34
1777931717,11.19,18.75,7.00,22.70,22.40,19.37,27.80,21.00,26.26
1777931719,11.19,18.25,7.00,22.94,22.42,19.30,27.74,20.71,26.08
1777931720,11.19,18.75,7.00,23.01,22.41,19.35,27.73,21.04,26.00
1777931722,11.19,18.75,7.00,22.83,22.36,19.34,27.75,20.91,25.92
1777931724,11.25,18.75,7.25,22.88,22.36,19.25,27.73,20.66,25.84
1777931725,11.25,19.50,7.00,22.99,22.35,19.33,27.75,21.13,25.86
1777931727,11.25,19.25,7.00,22.92,22.33,19.30,27.76,21.06,25.79
1777931728,11.31,19.00,7.00,23.04,22.34,19.26,27.79,20.58,25.89
1777931730,11.25,18.50,7.00,22.68,22.33,19.28,27.85,20.56,26.15
1777931732,11.25,19.00,7.00,22.85,22.37,19.30,27.91,20.83,26.45
1777931733,11.19,18.75,6.75,22.87,22.40,19.21,27.92,20.63,26.63
1777931735,11.19,18.75,6.75,22.98,22.44,19.21,27.95,20.62,26.78
1777931736,11.19,18.75,6.50,22.87,22.46,19.22,27.94,20.86,26.93
1777931738,11.13,19.25,6.50,22.94,22.47,19.21,27.94,20.78,26.94
1777931740,11.06,19.25,6.75,22.76,22.46,19.25,27.96,20.59,26.94
1777931741,11.06,18.75,6.00,22.82,22.48,19.19,27.91,20.70,26.94
1777931743,11.06,19.00,6.75,22.89,22.49,19.20,27.88,20.55,26.91
1777931744,11.06,18.75,6.50,22.74,22.46,19.30,27.89,21.02,26.98
1777931746,11.06,18.75,6.25,22.72,22.47,19.25,27.89,20.62,26.91
1777931748,11.06,19.50,6.75,22.87,22.50,19.18,27.90,20.97,26.97
1777931749,11.06,18.75,6.25,22.89,22.49,19.32,27.94,20.67,27.03
1777931751,11.13,19.50,7.00,22.87,22.48,19.17,27.91,20.74,27.04
1777931752,11.13,19.25,7.00,22.86,22.49,19.26,27.88,20.62,26.90
1777931754,11.19,19.00,6.50,23.04,22.49,19.25,27.86,20.69,26.73
1777931756,11.13,19.25,7.00,22.65,22.42,19.26,27.91,20.78,26.65
1777931757,11.19,19.25,6.50,22.83,22.44,19.23,27.95,21.16,26.61
1777931759,11.19,19.00,7.00,22.80,22.46,19.19,27.97,20.74,26.53
1777931760,11.25,18.50,6.75,22.73,22.47,19.23,27.99,20.68,26.55
1777931762,11.19,18.75,7.25,22.71,22.47,19.18,27.97,20.84,26.56
1777931764,11.25,19.00,6.75,22.94,22.44,19.26,28.00,20.89,26.50
1777931765,11.25,19.50,6.75,22.83,22.44,19.22,28.01,20.91,26.42
1777931767,11.31,18.75,6.75,22.68,22.45,19.19,28.03,20.62,26.40
1777931769,11.31,19.00,7.00,22.80,22.47,19.20,28.07,20.45,26.48
1777931770,11.31,18.75,7.00,22.67,22.50,19.19,28.09,20.69,26.61
1777931772,11.38,18.75,7.00,22.78,22.53,19.14,28.10,20.59,26.68
1777931773,11.31,18.50,6.50,22.76,22.55,19.19,28.13,21.02,26.80
1777931775,11.38,18.50,7.00,22.70,22.56,19.13,28.13,20.76,26.86
1777931777,11.44,18.50,7.25,22.74,22.57,19.13,28.11,20.73,26.89
1777931778,11.44,19.00,7.00,22.67,22.54,19.13,28.13,20.71,26.83
1777931780,11.44,19.25,7.00,22.66,22.51,19.13,28.12,20.62,26.68
1777931781,11.38,19.25,7.00,22.72,22.53,19.19,28.11,20.91,26.70
1777931783,11.38,19.00,6.75,22.63,22.53,19.08,28.08,20.94,26.79
1777931785,11.38,19.25,7.00,22.66,22.54,19.15,28.08,20.71,26.79
1777931786,11.38,19.00,6.50,22.73,22.57,19.07,28.09,21.13,26.87
1777931788,11.31,19.25,6.75,22.45,22.58,19.03,28.07,20.55,26.83
1777931789,11.31,19.00,6.50,22.47,22.63,19.20,28.10,20.66,26.89
1777931791,11.25,19.00,7.00,22.72,22.68,19.06,28.07,20.77,26.99
1777931793,11.25,19.00,6.75,22.75,22.70,19.15,28.09,20.54,27.09
1777931794,11.25,19.00,7.00,22.60,22.67,19.13,28.08,20.57,27.12
1777931796,11.25,18.75,7.00,22.48,22.69,19.17,28.09,20.64,27.12
1777931797,11.19,19.00,7.00,22.70,22.75,19.14,28.10,20.70,27.10
1777931799,11.19,19.25,6.50,22.66,22.75,19.09,28.10,20.42,27.03
1777931801,11.13,19.00,7.00,22.52,22.73,19.15,28.12,20.40,26.98
1777931802,11.13,19.00,6.25,22.59,22.76,19.09,28.07,20.68,27.01
1777931804,11.06,18.75,7.00,22.52,22.76,19.02,27.98,20.33,27.03
1777931805,11.06,18.75,6.75,22.74,22.78,19.02,27.93,20.66,27.08
1777931807,11.00,18.50,7.00,22.52,22.79,19.09,27.90,20.44,27.03
1777931809,10.94,19.25,7.00,22.61,22.80,19.05,27.87,20.37,26.96
1777931810,10.94,18.50,7.00,22.70,22.81,19.07,27.84,20.25,26.97
1777931812,11.00,19.00,7.25,22.62,22.80,18.99,27.86,20.31,26.96
1777931814,11.00,18.25,7.00,22.48,22.78,18.98,27.90,20.57,26.94
1777931815,11.00,18.75,7.00,22.51,22.80,18.98,27.94,20.25,26.80
1777931817,11.00,19.00,7.25,22.54,22.81,19.02,27.93,20.29,26.75
1777931818,11.00,17.75,7.25,22.48,22.80,18.95,27.88,20.16,26.81
1777931820,11.00,18.50,7.25,22.47,22.77,18.98,27.85,20.80,26.95
1777931822,11.00,18.50,6.75,22.76,22.77,18.94,27.79,20.95,26.99
1777931823,11.00,18.50,6.75,22.63,22.73,18.95,27.77,20.27,26.86
1777931825,11.06,18.75,6.50,22.46,22.67,18.96,27.77,20.39,26.79
1777931826,11.06,18.50,7.00,22.59,22.69,19.02,27.78,20.56,26.76
1777931828,11.00,18.00,7.00,22.44,22.67,18.97,27.72,20.69,26.77
1777931830,11.00,18.50,7.25,22.55,22.68,18.98,27.71,20.79,26.81
1777931831,11.06,19.00,6.75,22.46,22.63,18.99,27.70,20.71,26.83
1777931833,11.00,19.00,7.25,22.39,22.62,19.02,27.69,20.25,26.81
1777931834,11.06,18.50,7.00,22.63,22.63,19.05,27.69,20.48,26.81
1777931836,11.13,18.50,7.25,22.43,22.58,18.87,27.67,20.37,26.69
1777931838,11.13,18.75,7.00,22.38,22.52,19.01,27.69,20.64,26.61
1777931839,11.13,18.75,7.00,22.56,22.52,18.81,27.68,20.18,26.51
1777931841,11.13,18.25,7.25,22.42,22.50,18.91,27.70,20.30,26.51
1777931842,11.19,18.25,6.75,22.23,22.49,19.01,27.69,20.48,26.57
1777931844,11.19,18.25,7.00,22.38,22.53,19.01,27.69,20.15,26.53
1777931846,11.19,18.50,6.50,22.38,22.50,18.95,27.66,20.33,26.48
1777931847,11.19,18.25,7.00,22.44,22.52,19.09,27.69,20.42,26.35
1777931849,11.25,18.50,7.50,22.23,22.49,19.04,27.73,20.44,26.25
1777931850,11.31,18.50,7.25,22.40,22.54,18.98,27.73,20.67,26.22
1777931852,11.31,18.00,7.25,22.51,22.58,18.97,27.75,20.55,26.16
1777931854,11.31,18.25,7.50,22.66,22.64,18.90,27.78,20.41,26.17
1777931855,11.31,17.75,7.00,22.58,22.67,18.94,27.88,20.32,26.17
1777931857,11.38,18.50,7.25,22.40,22.72,18.82,27.93,20.66,26.26
1777931858,11.38,19.00,7.25,22.44,22.76,18.78,27.97,20.25,26.27
1777931860,11.38,18.75,7.00,22.31,22.81,18.91,28.01,20.76,26.48
1777931862,11.38,19.00,6.75,22.28,22.83,18.87,27.99,20.50,26.54
1777931863,11.44,19.00,7.00,22.27,22.81,18.83,27.97,20.54,26.61
1777931865,11.44,18.25,7.25,22.51,22.84,18.78,27.93,20.72,26.70
1777931867,11.44,18.25,6.75,22.70,22.86,18.98,27.94,20.48,26.72
1777931868,11.38,19.00,7.00,22.53,22.86,18.80,27.90,20.83,26.75
1777931870,11.44,18.25,7.00,22.40,22.83,18.81,27.90,20.39,26.67
1777931871,11.44,18.50,6.75,22.40,22.78,18.87,27.93,20.39,26.63
1777931873,11.44,19.00,6.50,22.30,22.73,18.83,27.94,20.41,26.61
1777931875,11.38,18.75,6.75,22.56,22.76,18.81,28.00,20.65,26.65
1777931876,11.38,18.75,6.75,22.20,22.75,18.80,28.07,20.40,26.69
1777931878,11.31,19.25,7.00,22.28,22.79,18.76,28.12,20.25,26.70
1777931879,11.38,18.75,7.00,22.38,22.84,18.87,28.17,20.80,26.85
1777931881,11.31,18.25,7.00,22.43,22.86,18.83,28.22,20.39,26.85
1777931883,11.31,18.25,7.00,22.28,22.85,18.75,28.24,20.76,26.95
1777931884,11.31,18.75,6.50,22.40,22.92,18.76,28.25,20.66,26.97
1777931886,11.31,18.00,6.25,22.28,22.90,18.78,28.23,20.62,26.98
1777931887,11.25,18.75,7.00,22.49,22.92,18.79,28.23,20.64,26.98
1777931889,11.25,18.25,6.75,22.43,22.92,18.80,28.23,20.29,26.94
1777931891,11.19,18.75,7.00,22.26,22.93,18.75,28.23,20.73,26.98
1777931892,11.13,18.75,7.25,22.30,22.94,18.68,28.24,20.47,26.96
1777931894,11.13,18.50,7.00,22.35,22.94,18.72,28.28,20.46,27.01
1777931895,11.13,19.25,6.75,22.27,22.94,18.67,28.32,20.22,27.01
1777931897,11.13,19.25,7.50,22.60,23.01,18.67,28.37,20.70,27.08
1777931899,11.19,18.75,7.50,22.26,22.98,18.62,28.43,20.62,26.96
1777931900,11.19,18.75,7.25,22.32,22.96,18.88,28.50,20.45,26.79
1777931902,11.19,18.75,7.25,22.53,23.00,18.82,28.53,20.82,26.70
1777931903,11.19,18.75,6.75,22.39,22.96,18.71,28.54,20.70,26.57
1777931905,11.25,18.75,6.75,22.32,22.96,18.84,28.58,20.34,26.46
1777931907,11.25,18.75,7.50,22.30,22.95,18.59,28.59,20.69,26.43
1777931908,11.31,19.00,7.50,22.38,22.93,18.68,28.60,20.48,26.34
1777931910,11.31,19.00,7.25,22.58,22.94,18.51,28.58,20.47,26.28
1777931912,11.31,19.25,6.75,22.27,22.87,18.88,28.66,20.97,26.30
1777931913,11.38,18.75,7.00,22.01,22.84,18.61,28.63,20.87,26.25
1777931915,11.38,18.25,7.00,22.40,22.92,18.48,28.65,20.66,26.21
1777931916,11.44,18.50,7.00,22.54,22.93,18.80,28.71,20.66,26.24
1777931918,11.44,18.50,6.75,22.25,22.94,18.62,28.70,20.74,26.25
1777931920,11.50,19.00,7.00,22.05,22.94,18.59,28.69,20.58,26.22
1777931921,11.44,19.00,7.00,22.46,23.01,18.64,28.68,20.66,26.22
1777931923,11.44,19.25,6.75,22.56,23.01,18.72,28.72,20.83,26.24
1777931924,11.44,18.50,6.75,22.27,22.99,18.50,28.74,21.18,26.36
1777931926,11.44,18.50,6.25,22.43,23.05,18.59,28.74,20.47,26.42
1777931928,11.44,19.25,6.75,22.34,23.04,18.67,28.77,20.62,26.55
1777931929,11.38,18.50,6.25,22.24,23.07,18.57,28.78,20.63,26.67
1777931931,11.38,18.75,7.00,22.10,23.07,18.62,28.77,20.44,26.76
1777931932,11.31,19.00,6.50,22.20,23.13,18.62,28.80,20.92,26.94
1777931934,11.31,19.00,6.25,22.20,23.13,18.58,28.79,20.77,26.96
1777931936,11.25,18.00,6.75,22.06,23.11,18.52,28.77,20.44,26.99
1777931937,11.25,18.50,6.75,22.12,23.13,18.64,28.79,20.91,27.08
1777931939,11.25,18.75,6.75,22.12,23.14,18.58,28.77,20.72,27.10
1777931940,11.19,18.50,6.75,22.12,23.14,18.68,28.82,20.50,27.09
1777931942,11.19,19.00,6.25,22.16,23.14,18.48,28.81,20.59,27.12
1777931944,11.13,18.50,6.50,22.22,23.17,18.78,28.86,21.14,27.23
1777931945,11.13,18.50,6.25,22.08,23.15,18.59,28.84,20.77,27.22
1777931947,11.13,18.00,6.50,22.15,23.18,18.59,28.84,20.94,27.16
1777931948,11.13,18.00,6.75,22.09,23.16,18.53,28.81,20.77,27.12
1777931950,11.13,18.00,6.25,22.33,23.20,18.66,28.83,20.75,27.12
1777931952,11.06,18.00,6.75,22.23,23.18,18.73,28.81,20.55,27.02
1777931953,11.13,18.25,6.50,21.97,23.13,18.66,28.77,20.77,27.03
1777931955,11.06,17.00,6.50,22.44,23.19,18.67,28.73,20.63,27.00
1777931956,11.06,17.00,6.50,22.05,23.15,18.55,28.68,20.48,27.00
1777931958,11.06,17.75,6.00,22.06,23.14,18.53,28.65,20.44,26.97
1777931960,11.00,18.50,6.25,22.38,23.19,18.52,28.63,20.72,27.01
1777931961,10.94,17.50,6.75,22.01,23.14,18.55,28.61,20.52,26.95
1777931963,11.06,17.25,6.50,22.05,23.13,18.55,28.59,20.87,26.96
1777931965,11.00,16.75,6.75,22.22,23.16,18.54,28.63,20.48,26.90
1777931966,11.00,16.50,6.25,22.11,23.16,18.61,28.65,20.84,26.94
1777931968,11.00,17.50,6.75,22.16,23.19,18.56,28.65,20.74,26.95
1777931969,11.00,18.00,6.75,22.21,23.19,18.54,28.67,20.55,26.98
1777931971,11.00,18.00,6.50,22.06,23.19,18.60,28.71,21.08,27.06
1777931973,11.06,17.75,7.00,22.23,23.20,18.57,28.78,20.53,26.97
1777931974,11.06,17.75,6.75,22.09,23.18,18.46,28.79,21.19,27.00
1777931976,11.06,18.00,6.50,22.20,23.23,18.73,28.89,20.48,26.81
1777931977,11.06,18.00,7.00,22.41,23.27,18.57,28.91,20.52,26.76
1777931979,11.13,18.00,6.75,22.23,23.28,18.58,28.98,21.00,26.74
1777931981,11.13,18.00,7.00,21.91,23.27,18.53,29.01,20.78,26.71
1777931982,11.13,18.25,6.25,22.30,23.36,18.68,29.07,20.74,26.76
1777931984,11.13,18.00,6.25,22.06,23.33,18.49,29.05,20.82,26.83
1777931985,11.13,18.00,6.25,22.48,23.40,18.35,29.04,20.36,26.87
1777931987,11.06,18.25,6.75,22.02,23.37,18.45,29.03,20.48,26.92
1777931989,11.06,18.25,6.50,22.53,23.45,18.50,29.04,20.46,26.89
1777931990,11.06,17.75,6.50,22.08,23.39,18.37,28.99,20.73,26.92
1777931992,11.06,17.25,6.50,22.03,23.38,18.51,28.96,20.40,26.87
1777931993,11.06,17.75,6.00,22.16,23.40,18.48,28.96,20.16,26.87
1777931995,11.00,18.00,6.75,22.30,23.43,18.44,28.97,20.77,26.97
1777931997,11.06,17.75,6.75,22.00,23.38,18.48,29.01,20.37,26.93
1777931998,11.13,17.75,6.50,22.21,23.42,18.33,29.04,20.55,26.94
1777932000,11.13,17.75,6.50,22.05,23.40,18.48,29.11,20.95,26.97
1777932001,11.19,18.25,6.75,22.06,23.43,18.37,29.13,20.55,26.91
1777932003,11.19,18.75,7.00,22.28,23.49,18.48,29.14,20.58,26.94
1777932005,11.19,18.00,7.00,22.17,23.47,18.40,29.08,20.63,26.94
1777932006,11.19,18.25,7.00,22.18,23.44,18.28,29.03,20.30,26.92
1777932008,11.19,18.25,6.75,22.21,23.45,18.40,28.98,20.81,26.96
1777932010,11.13,18.25,7.00,22.05,23.40,18.35,28.89,20.73,26.95
1777932011,11.13,18.25,7.00,22.01,23.36,18.35,28.84,20.36,26.89
1777932013,11.13,18.75,7.00,22.15,23.37,18.44,28.84,20.50,26.90
1777932014,11.13,18.75,6.75,21.93,23.32,18.57,28.86,20.50,26.91
1777932016,11.13,18.25,7.00,22.00,23.36,18.40,28.86,20.71,26.98
1777932018,11.13,18.00,6.75,22.01,23.41,18.30,28.91,20.59,26.98
1777932019,11.13,17.75,6.75,22.13,23.44,18.43,28.96,20.41,26.99
1777932021,11.13,18.00,6.75,21.97,23.45,18.38,29.02,20.75,27.06
1777932022,11.13,17.75,6.75,21.96,23.48,18.25,29.06,20.44,27.05
1777932024,11.19,18.00,7.00,22.01,23.53,18.39,29.11,20.66,27.10
1777932026,11.25,17.75,7.50,21.95,23.58,18.35,29.16,20.65,27.09
1777932027,11.31,18.25,7.00,22.25,23.64,18.20,29.22,20.62,27.10
1777932029,11.31,18.25,6.50,22.08,23.65,18.48,29.33,20.86,27.12
1777932030,11.25,18.00,7.00,22.05,23.69,18.38,29.38,20.77,27.11
1777932032,11.31,18.00,7.00,22.10,23.69,18.43,29.39,20.63,27.09
1777932034,11.25,17.75,6.75,21.90,23.66,18.33,29.35,20.79,27.14
1777932035,11.25,17.25,7.25,21.90,23.65,18.37,29.33,21.19,27.23
1777932037,11.19,17.50,6.75,22.06,23.67,18.43,29.30,20.59,27.18
1777932038,11.19,18.25,6.75,22.06,23.65,18.48,29.28,20.87,27.26
1777932040,11.19,18.25,6.75,22.01,23.64,18.33,29.24,21.11,27.31
1777932042,11.13,18.25,6.50,21.84,23.61,18.25,29.20,20.66,27.26
1777932043,11.13,17.25,6.50,22.07,23.64,18.39,29.19,20.73,27.30
1777932045,11.13,17.00,6.75,21.98,23.63,18.39,29.15,20.55,27.27
1777932046,11.06,17.25,6.50,21.77,23.60,18.24,29.13,21.09,27.32
1777932048,11.06,18.25,6.75,22.05,23.62,18.48,29.14,20.90,27.28
1777932050,11.00,18.00,6.25,21.95,23.60,18.40,29.09,20.54,27.24
1777932051,10.94,18.25,6.75,21.95,23.58,18.65,29.15,20.95,27.31
1777932053,10.94,17.75,6.25,21.98,23.58,18.29,29.10,20.50,27.24
1777932054,10.94,17.50,6.75,22.07,23.61,18.26,29.10,20.47,27.22
1777932056,10.94,17.75,6.75,21.88,23.59,18.46,29.13,20.98,27.29
1777932058,10.94,18.00,6.50,22.08,23.64,18.48,29.14,20.54,27.27
1777932059,10.88,18.00,6.50,22.02,23.65,18.48,29.14,20.90,27.35
1777932061,10.88,18.25,6.75,21.98,23.64,18.35,29.15,20.24,27.26
1777932063,10.94,18.00,6.25,21.94,23.66,18.55,29.17,20.71,27.29
1777932064,10.88,18.25,6.75,22.01,23.69,18.22,29.15,20.71,27.28
1777932066,10.88,18.00,6.50,22.00,23.69,18.27,29.16,20.81,27.31
1777932067,10.88,18.00,6.75,21.93,23.71,18.29,29.17,20.50,27.28
1777932069,10.88,17.75,6.75,21.97,23.72,18.33,29.23,20.90,27.38
1777932071,10.88,17.75,6.75,21.97,23.71,18.17,29.20,20.44,27.34
1777932072,10.81,18.00,6.25,21.89,23.72,18.38,29.27,20.32,27.35
1777932074,10.81,18.00,6.25,22.04,23.73,18.37,29.29,20.72,27.43
1777932075,10.88,18.00,6.75,21.97,23.72,18.40,29.27,20.40,27.37
1777932077,10.88,18.00,6.75,21.95,23.71,18.29,29.25,20.76,27.38
1777932079,10.81,17.75,6.75,21.90,23.72,18.27,29.25,20.44,27.28
1777932080,10.88,17.75,6.50,21.74,23.72,18.19,29.27,20.68,27.31
1777932082,10.94,17.25,7.00,21.87,23.74,18.32,29.34,20.72,27.32
1777932083,10.88,18.00,7.00,21.76,23.78,18.27,29.38,20.04,27.25
1777932085,11.00,18.00,6.75,21.81,23.82,18.43,29.41,20.70,27.38
1777932087,10.94,18.00,6.50,21.86,23.86,18.30,29.39,20.44,27.37
1777932088,11.00,17.75,6.25,21.86,23.89,18.41,29.43,20.56,27.38
1777932090,11.00,18.00,6.75,21.95,23.94,18.37,29.44,20.80,27.43
1777932091,11.00,17.50,7.00,21.85,23.96,18.32,29.47,20.36,27.35
1777932093,11.06,18.25,6.50,21.87,23.98,18.40,29.45,20.52,27.38
1777932095,11.00,17.50,6.00,21.87,23.98,18.21,29.43,20.24,27.32
1777932096,11.06,18.50,6.50,21.86,23.97,18.44,29.45,20.70,27.38
1777932098,11.06,18.50,6.75,21.69,23.96,18.26,29.42,20.48,27.35
1777932099,11.00,18.75,6.50,21.93,23.99,18.33,29.41,20.62,27.37
1777932101,11.06,18.25,5.75,21.94,23.97,18.37,29.38,20.73,27.42
1777932103,11.00,18.25,6.25,21.77,23.94,18.33,29.39,20.76,27.39
1777932104,11.00,18.00,6.25,21.88,23.97,18.30,29.39,20.76,27.34
1777932106,10.94,18.00,6.25,21.95,23.98,18.33,29.40,20.49,27.29
1777932108,10.94,17.75,6.25,21.95,23.97,18.34,29.39,20.47,27.26
1777932109,10.94,17.75,6.00,21.88,23.94,18.29,29.36,20.70,27.32
1777932111,10.88,17.25,6.50,21.84,23.94,18.40,29.40,20.97,27.28
1777932112,10.88,17.50,5.75,21.93,23.94,18.28,29.37,20.04,27.13
1777932114,10.88,17.75,6.25,21.87,23.96,18.37,29.37,20.60,27.17
1777932116,10.81,18.00,6.25,21.82,23.94,18.34,29.36,20.40,27.16
1777932117,10.75,18.00,6.25,21.73,23.95,18.33,29.37,20.59,27.24
1777932119,10.69,18.25,5.75,21.77,23.98,18.37,29.36,20.53,27.24
1777932120,10.69,18.00,6.50,21.79,23.99,18.29,29.36,20.64,27.18
1777932122,10.69,18.00,6.25,21.82,24.01,18.37,29.34,20.29,27.11
1777932124,10.63,17.50,6.25,21.72,24.01,18.26,29.34,21.09,27.19
1777932125,10.63,17.75,6.00,21.84,24.02,18.26,29.34,20.56,27.15
1777932127,10.69,18.50,6.50,21.77,24.02,18.27,29.33,20.44,27.20
1777932128,10.63,18.00,6.25,21.68,24.03,18.26,29.33,20.71,27.30
1777932130,10.69,18.00,6.25,21.75,24.05,18.25,29.30,20.48,27.32
1777932132,10.69,17.25,6.25,21.76,24.06,18.35,29.32,20.09,27.31
1777932133,10.69,17.00,5.50,21.65,24.05,18.27,29.31,20.42,27.39
1777932135,10.63,16.50,6.00,21.84,24.08,18.21,29.30,20.58,27.44
1777932136,10.63,17.25,6.25,21.79,24.08,18.37,29.34,20.19,27.43
1777932138,10.63,17.00,6.50,21.84,24.08,18.40,29.35,20.04,27.46
1777932140,10.63,17.00,6.50,21.80,24.10,18.37,29.36,20.29,27.56
1777932141,10.63,16.75,6.50,21.68,24.10,18.34,29.39,20.27,27.55
1777932143,10.63,17.50,6.50,21.44,24.08,18.18,29.38,19.97,27.50
1777932144,10.63,17.25,6.25,21.66,24.11,18.23,29.41,20.19,27.51
1777932146,10.63,17.75,6.50,21.80,24.14,18.32,29.44,20.33,27.54
1777932148,10.63,18.00,6.25,21.72,24.16,18.14,29.42,20.61,27.64
1777932149,10.69,18.25,6.50,21.73,24.19,18.32,29.50,20.51,27.73
1777932151,10.69,17.75,6.75,21.62,24.22,18.30,29.54,20.33,27.76
1777932153,10.69,18.25,6.25,21.70,24.26,18.25,29.56,20.44,27.87
1777932154,10.75,17.50,6.50,21.73,24.29,18.29,29.59,20.41,27.88
1777932156,10.75,18.25,6.25,21.56,24.30,18.37,29.61,20.63,27.86
1777932157,10.75,18.00,6.25,21.55,24.33,18.27,29.60,20.42,27.86
1777932159,10.75,18.00,6.50,21.69,24.37,18.16,29.63,20.59,27.90
1777932161,10.75,18.50,6.75,21.43,24.39,18.34,29.71,20.85,27.97
1777932162,10.81,18.00,6.75,21.44,24.44,18.15,29.75,20.38,27.95
1777932164,10.81,18.75,6.25,21.50,24.48,18.18,29.80,20.51,27.99
1777932165,10.81,18.00,6.50,21.70,24.53,18.20,29.81,20.16,27.98
1777932167,10.81,17.50,6.25,21.76,24.53,18.06,29.78,20.36,28.02
1777932169,10.81,17.75,6.75,21.60,24.49,18.23,29.79,20.39,28.00
1777932170,10.81,18.25,6.50,21.40,24.44,18.28,29.72,20.46,27.95
1777932172,10.81,18.00,6.75,21.45,24.44,18.19,29.66,20.60,27.92
1777932173,10.81,18.25,6.50,21.37,24.43,18.32,29.61,20.21,27.79
1777932175,10.75,18.25,6.50,21.30,24.42,18.28,29.58,20.39,27.70
1777932177,10.75,18.25,5.75,21.69,24.47,18.16,29.55,20.05,27.57
1777932178,10.75,18.25,6.50,21.56,24.45,18.20,29.52,20.24,27.57
1777932180,10.69,17.00,6.50,21.40,24.45,18.11,29.50,20.17,27.59
1777932181,10.69,17.25,6.50,21.32,24.45,18.22,29.50,20.24,27.64
1777932183,10.75,17.00,6.50,21.57,24.50,18.27,29.53,20.07,27.64
1777932185,10.69,17.00,5.75,21.42,24.48,18.23,29.54,20.11,27.66
1777932186,10.69,17.25,6.00,21.46,24.48,18.25,29.58,19.90,27.65
1777932188,10.63,17.25,6.25,21.52,24.49,18.26,29.56,20.37,27.69
1777932189,10.69,17.25,6.50,21.55,24.50,18.14,29.55,20.00,27.63
1777932191,10.69,17.50,6.50,21.72,24.52,18.19,29.56,20.19,27.62
1777932193,10.69,17.25,6.25,21.37,24.49,18.12,29.58,20.55,27.68
1777932194,10.69,17.00,6.00,21.67,24.51,18.09,29.57,20.25,27.63
1777932196,10.69,17.00,6.50,21.65,24.53,18.16,29.61,20.11,27.62
1777932197,10.69,17.25,6.50,21.44,24.50,18.28,29.61,20.15,27.65
1777932199,10.63,17.50,6.50,21.49,24.52,18.17,29.62,20.20,27.65
1777932201,10.69,17.50,6.75,21.63,24.53,18.25,29.62,20.07,27.61
1777932202,10.69,17.50,6.75,21.56,24.55,18.26,29.67,20.08,27.72
1777932204,10.69,17.75,6.75,21.36,24.56,18.27,29.72,20.24,27.85
1777932206,10.69,17.50,6.00,21.64,24.62,18.06,29.76,20.18,27.94
1777932207,10.75,17.00,5.75,21.42,24.62,18.21,29.83,20.34,27.97
1777932209,10.75,17.50,6.75,21.54,24.67,18.12,29.88,20.29,28.04
1777932210,10.75,17.50,6.75,21.56,24.72,18.23,29.96,20.16,28.12
1777932212,10.81,17.75,6.25,21.28,24.72,18.24,29.98,20.50,28.24
1777932214,10.81,18.00,6.50,21.36,24.76,18.20,29.95,20.56,28.27
1777932215,10.81,18.25,6.25,21.23,24.76,18.09,29.91,20.38,28.20
1777932217,10.88,17.50,6.25,21.25,24.78,18.20,29.89,20.18,28.13
1777932218,10.81,17.75,6.75,21.36,24.79,18.08,29.84,20.83,28.18
1777932220,10.81,18.25,7.00,21.60,24.82,18.17,29.82,20.25,28.10
1777932222,10.81,18.25,6.75,21.64,24.82,18.12,29.80,20.14,28.04
1777932223,10.81,17.25,6.50,21.41,24.76,18.15,29.78,20.06,28.01
1777932225,10.75,17.00,6.50,21.60,24.78,18.23,29.77,20.26,28.02
1777932226,10.75,17.25,6.50,21.42,24.75,18.25,29.75,20.54,28.06
1777932228,10.75,16.75,7.00,21.31,24.73,18.14,29.76,20.40,28.00
1777932230,10.81,16.75,7.00,21.37,24.72,18.24,29.78,20.19,27.97
1777932231,10.75,17.75,6.50,21.58,24.73,18.08,29.75,20.27,27.97
1777932233,10.81,18.00,6.75,21.55,24.73,18.25,29.75,20.26,27.95
1777932234,10.81,17.75,6.75,21.64,24.73,18.21,29.75,20.16,27.95
1777932236,10.75,17.75,6.75,21.68,24.73,18.05,29.72,20.32,27.98
1777932238,10.81,17.75,6.75,21.55,24.73,18.08,29.74,20.01,27.93
1777932239,10.81,18.50,6.50,21.64,24.76,18.03,29.72,20.01,27.94
1777932241,10.81,18.50,6.50,21.72,24.79,18.23,29.76,20.17,27.95
1777932242,10.81,17.25,7.00,21.45,24.77,18.09,29.74,20.01,27.92
1777932244,10.81,17.50,6.50,21.26,24.76,18.13,29.76,20.03,27.91
1777932246,10.81,17.50,6.50,21.58,24.82,18.17,29.78,20.35,27.96
1777932247,10.81,17.00,6.50,21.30,24.77,18.16,29.76,20.08,27.94
1777932249,10.75,17.00,6.25,21.69,24.82,18.12,29.79,20.62,28.00
1777932251,10.75,17.25,6.75,21.58,24.82,18.02,29.80,20.17,27.95
1777932252,10.75,18.25,6.75,21.21,24.76,18.12,29.85,20.08,27.94
1777932254,10.75,17.75,7.00,21.60,24.80,18.07,29.85,20.51,28.01
1777932255,10.75,17.75,6.75,21.34,24.76,18.19,29.90,20.22,27.97
1777932257,10.75,17.75,6.75,21.40,24.79,18.22,29.94,20.16,27.97
1777932259,10.75,16.75,6.75,21.26,24.80,18.05,29.94,20.20,28.02
1777932260,10.69,17.25,6.75,21.13,24.78,17.97,29.93,20.27,28.03
1777932262,10.69,17.25,6.50,21.63,24.87,18.17,29.95,20.41,28.09
1777932263,10.69,17.25,6.50,21.20,24.81,18.12,29.97,20.19,28.06
1777932265,10.69,17.25,6.50,21.58,24.87,18.07,29.95,20.31,28.12
1777932267,10.69,17.25,6.50,21.13,24.81,18.08,29.96,20.11,28.12
1777932268,10.63,17.75,6.00,21.44,24.88,18.15,29.98,19.94,28.12
1777932270,10.63,17.50,6.75,21.39,24.87,17.98,29.95,20.36,28.21
1777932271,10.69,17.00,6.50,21.49,24.90,18.04,29.96,20.20,28.22
1777932273,10.63,17.00,7.00,21.34,24.87,18.08,30.02,20.27,28.27
1777932275,10.63,17.00,6.50,21.40,24.89,18.15,30.03,19.96,28.22
1777932276,10.63,17.75,6.75,21.34,24.90,17.97,30.02,19.84,28.21
1777932278,10.63,17.50,6.75,21.53,24.93,18.07,30.02,20.49,28.29
1777932279,10.63,18.25,6.50,21.53,24.95,18.09,30.02,19.98,28.21
1777932281,10.63,18.50,6.75,21.14,24.92,18.16,30.05,20.20,28.32
1777932283,10.69,17.50,6.50,21.12,24.97,18.05,30.08,20.19,28.45
1777932284,10.75,17.50,6.75,21.59,25.08,18.07,30.18,20.40,28.64
1777932286,10.81,17.75,7.00,21.19,25.10,18.05,30.27,20.11,28.81
1777932287,10.88,17.50,7.25,21.09,25.17,18.01,30.34,19.80,28.98
1777932289,10.94,18.00,7.00,21.44,25.31,18.06,30.44,20.04,29.14
1777932291,10.94,18.00,6.75,21.12,25.38,17.98,30.46,20.23,29.27
1777932292,10.94,18.25,7.00,21.62,25.51,18.16,30.46,20.42,29.29
1777932294,10.94,18.75,7.00,21.43,25.48,18.13,30.39,20.20,29.10
1777932295,11.00,18.75,7.00,21.45,25.45,18.03,30.32,20.41,28.98
1777932297,10.94,18.50,6.50,21.48,25.44,18.23,30.29,20.12,28.81
1777932299,10.94,18.00,6.75,21.30,25.39,18.14,30.24,20.00,28.71
1777932300,10.94,17.75,7.00,20.98,25.34,18.15,30.22,19.92,28.67
1777932302,10.94,18.50,7.00,21.13,25.33,18.05,30.20,20.22,28.66
1777932304,11.00,17.50,6.75,21.20,25.31,18.08,30.19,20.52,28.67
1777932305,11.00,18.00,6.75,21.26,25.31,18.06,30.14,19.91,28.53
1777932307,11.00,17.50,6.50,21.15,25.28,18.10,30.14,20.31,28.44
1777932308,10.94,18.00,6.75,21.35,25.31,18.01,30.11,20.10,28.34
1777932310,10.94,18.00,6.75,21.18,25.28,18.07,30.12,20.41,28.33
1777932312,10.94,17.75,6.75,21.07,25.26,18.12,30.08,20.15,28.25
1777932313,10.94,17.50,6.75,21.45,25.29,18.09,30.10,20.58,28.33
1777932315,10.88,18.00,6.50,21.48,25.29,18.08,30.11,19.81,28.27
1777932316,10.88,18.25,6.25,21.09,25.21,18.03,30.10,20.10,28.33
1777932318,10.88,17.75,6.75,21.15,25.19,18.01,30.06,19.91,28.31
1777932320,10.88,18.00,6.25,21.36,25.20,17.99,30.03,20.10,28.35
1777932321,10.81,17.50,6.75,21.00,25.15,18.12,30.03,20.01,28.35
1777932323,10.88,17.50,6.75,21.29,25.20,18.08,30.01,19.94,28.32
1777932324,10.88,18.50,6.75,21.24,25.19,18.07,30.01,19.96,28.30
1777932326,10.81,17.75,6.75,21.46,25.23,17.97,30.02,20.27,28.40
1777932328,10.81,17.25,6.50,21.58,25.28,17.98,30.05,20.16,28.52
1777932329,10.88,17.75,7.00,20.99,25.21,18.10,30.08,19.96,28.66
1777932331,10.88,17.25,6.75,21.10,25.31,18.12,30.10,20.31,28.86
1777932332,10.94,17.75,7.00,21.13,25.39,18.23,30.16,20.12,28.97
1777932334,10.94,18.00,6.50,20.90,25.42,18.08,30.19,20.15,29.10
1777932336,10.94,17.75,7.00,20.94,25.49,18.08,30.22,20.00,29.14
1777932337,11.00,17.75,7.00,21.36,25.56,18.23,30.26,20.51,29.17
1777932339,11.00,17.75,6.50,21.40,25.60,18.01,30.27,20.33,29.16
1777932340,11.00,17.75,7.00,21.57,25.65,18.09,30.36,20.42,29.21
1777932342,11.00,18.00,7.00,21.33,25.64,18.05,30.36,20.31,29.19
1777932344,11.00,18.25,6.75,21.39,25.61,18.14,30.34,20.11,29.04
1777932345,11.00,18.50,7.00,21.61,25.63,18.12,30.30,19.99,28.91
1777932347,10.94,18.25,6.50,21.59,25.61,18.06,30.26,19.88,28.83
1777932349,11.00,18.00,7.00,21.28,25.55,18.12,30.24,20.15,28.79
1777932350,11.00,18.00,7.00,21.13,25.50,18.14,30.22,20.22,28.70
1777932352,11.06,18.00,6.50,20.97,25.46,18.06,30.23,20.12,28.72
1777932353,11.00,18.25,7.00,20.96,25.45,18.05,30.24,19.76,28.62
1777932355,10.94,17.50,6.25,21.40,25.49,18.07,30.24,20.17,28.58
1777932357,11.00,18.25,6.50,21.35,25.44,18.09,30.23,20.11,28.49
1777932358,10.94,18.50,6.75,21.62,25.46,18.07,30.21,20.13,28.43
1777932360,10.94,18.00,7.00,21.56,25.45,18.07,30.19,20.24,28.38
1777932361,10.94,18.50,6.75,21.41,25.42,18.05,30.19,20.19,28.37
1777932363,11.00,18.00,7.00,21.35,25.42,18.08,30.19,20.19,28.37
1777932365,10.94,17.50,7.00,21.66,25.49,18.05,30.20,20.41,28.50
1777932366,10.94,18.25,6.25,21.27,25.49,18.01,30.25,19.99,28.62
1777932368,10.94,18.75,6.75,21.34,25.51,18.13,30.32,20.14,28.76
1777932369,11.00,18.50,5.75,21.62,25.54,18.16,30.33,20.63,28.79
1777932371,10.94,17.50,6.75,21.02,25.43,18.08,30.30,20.12,28.73
1777932373,10.94,17.50,6.75,21.10,25.43,18.13,30.31,19.95,28.70
1777932374,10.94,17.75,7.00,21.26,25.42,18.01,30.28,20.24,28.72
1777932376,10.94,17.75,7.00,20.83,25.36,18.03,30.28,20.29,28.73
1777932377,10.94,18.25,6.75,21.40,25.42,18.05,30.29,20.52,28.71
1777932379,10.94,18.25,7.00,21.33,25.41,18.09,30.36,20.39,28.73
1777932381,10.94,18.50,7.00,21.16,25.41,18.01,30.36,20.05,28.73
1777932382,10.94,18.00,7.00,20.92,25.37,18.03,30.35,20.12,28.69
1777932384,10.94,18.75,6.25,21.62,25.48,18.04,30.38,20.51,28.74
1777932385,10.94,18.50,6.75,21.40,25.46,18.14,30.39,19.96,28.72
1777932387,10.94,18.25,6.50,21.45,25.47,18.02,30.40,20.42,28.80
1777932389,10.94,18.50,6.25,21.09,25.43,18.10,30.39,20.04,28.70
1777932390,10.94,18.00,6.25,21.59,25.49,18.04,30.38,19.95,28.68
1777932392,10.94,17.75,6.75,21.26,25.43,17.94,30.34,20.16,28.76
1777932394,10.94,17.75,6.25,21.10,25.42,18.05,30.39,20.22,28.82
1777932395,10.94,17.50,6.50,21.15,25.42,18.08,30.37,20.12,28.84
1777932397,10.88,18.25,6.75,21.44,25.47,17.99,30.33,20.10,28.80
1777932398,10.88,17.50,6.25,21.40,25.45,18.13,30.34,20.42,28.78
1777932400,10.88,18.50,6.50,21.13,25.42,18.08,30.30,20.16,28.65
1777932402,10.88,17.25,6.75,21.58,25.43,18.16,30.32,20.55,28.67
1777932403,10.81,17.75,6.25,21.26,25.41,17.92,30.29,20.16,28.57
1777932405,10.81,17.75,6.25,21.37,25.42,18.15,30.32,20.18,28.51
1777932406,10.75,18.00,6.25,21.25,25.39,18.09,30.31,20.41,28.45
1777932408,10.69,17.75,6.25,21.09,25.36,17.96,30.26,19.97,28.22
1777932410,10.69,18.00,6.25,21.41,25.41,17.96,30.24,20.27,28.13
1777932411,10.63,18.25,6.25,21.11,25.36,18.14,30.25,20.06,28.01
1777932413,10.69,18.25,6.25,21.30,25.40,18.05,30.21,20.45,28.04
1777932414,10.63,18.00,6.50,21.11,25.37,18.03,30.19,20.55,28.06
1777932416,10.63,18.00,6.50,21.21,25.40,18.10,30.21,20.11,28.14
1777932418,10.63,18.50,6.75,21.15,25.40,18.05,30.20,20.12,28.26
1777932419,10.63,17.25,6.75,21.29,25.41,18.06,30.20,20.44,28.34
1777932421,10.63,17.50,6.25,21.17,25.41,18.08,30.21,19.95,28.33
1777932422,10.63,18.00,6.75,21.14,25.38,18.01,30.19,20.19,28.42
1777932424,10.63,18.25,6.75,21.07,25.37,18.09,30.22,20.27,28.42
1777932426,10.56,18.25,6.75,21.58,25.41,18.05,30.23,20.03,28.30
1777932427,10.56,18.00,6.25,21.18,25.35,18.01,30.23,20.01,28.24
1777932429,10.56,18.00,6.75,21.35,25.36,18.02,30.22,20.14,28.31
1777932430,10.56,17.25,6.50,21.23,25.34,18.16,30.23,20.11,28.37
1777932432,10.56,17.00,6.75,21.03,25.34,18.13,30.22,20.09,28.35
1777932434,10.56,18.00,6.50,21.24,25.37,18.10,30.20,19.90,28.27
1777932435,10.56,18.00,7.00,21.21,25.38,18.08,30.20,20.19,28.30
1777932437,10.56,17.75,6.75,21.27,25.40,18.16,30.20,19.65,28.31
1777932438,10.50,17.25,7.00,21.59,25.46,18.06,30.18,19.49,28.33
1777932440,10.50,17.25,6.50,21.29,25.45,18.08,30.18,19.87,28.38
1777932442,10.50,17.75,6.25,21.15,25.43,18.10,30.19,19.88,28.38
1777932443,10.44,18.25,6.50,21.19,25.42,18.05,30.17,20.34,28.45
1777932445,10.44,17.75,6.75,21.54,25.48,18.05,30.17,20.07,28.41
1777932447,10.44,17.00,6.75,21.05,25.44,18.06,30.17,19.89,28.35
1777932448,10.44,17.50,6.75,21.26,25.44,18.09,30.17,19.84,28.38
1777932450,10.44,18.50,6.75,21.49,25.48,18.11,30.12,20.31,28.52
1777932451,10.38,18.00,6.75,21.27,25.45,18.06,30.16,20.07,28.52
1777932453,10.44,18.00,6.75,21.35,25.45,18.05,30.17,19.95,28.55
1777932455,10.44,18.25,6.75,21.27,25.44,18.16,30.19,19.84,28.53
1777932456,10.44,18.25,6.75,21.09,25.40,18.04,30.20,19.66,28.53
1777932458,10.50,17.25,7.00,21.15,25.42,18.11,30.23,19.97,28.59
1777932459,10.44,17.00,6.75,21.44,25.43,18.08,30.22,20.13,28.60
1777932461,10.50,18.00,6.50,21.30,25.43,18.16,30.23,20.07,28.61
1777932463,10.50,18.00,6.75,21.07,25.44,18.01,30.24,19.99,28.74
1777932464,10.50,18.50,6.50,21.17,25.48,18.12,30.32,20.29,28.93
1777932466,10.50,17.75,6.75,21.32,25.56,18.25,30.36,19.86,29.04
1777932467,10.56,17.50,6.75,20.94,25.56,18.16,30.40,20.12,29.18
1777932469,10.63,18.25,6.50,21.22,25.64,18.11,30.44,19.79,29.22
1777932471,10.63,18.25,6.75,21.04,25.65,18.20,30.50,19.69,29.29
1777932472,10.63,18.00,6.25,21.42,25.73,18.15,30.50,20.11,29.31
1777932474,10.63,17.75,6.75,21.34,25.71,18.13,30.47,20.02,29.20
1777932475,10.69,17.75,6.75,21.05,25.68,18.13,30.43,20.12,29.20
1777932477,10.69,18.25,6.50,21.35,25.71,18.10,30.42,19.99,29.23
1777932479,10.69,17.75,6.25,21.09,25.63,18.06,30.48,19.87,29.30
1777932480,10.75,17.75,7.00,21.41,25.71,18.19,30.53,20.00,29.38
1777932482,10.75,17.50,6.25,21.44,25.71,18.13,30.52,20.08,29.35
1777932483,10.75,18.00,7.00,21.62,25.72,17.97,30.48,19.89,29.29
1777932485,10.75,18.25,7.00,21.23,25.67,18.05,30.49,19.96,29.28
1777932487,10.75,18.00,7.00,21.48,25.69,18.12,30.45,20.06,29.27
1777932488,10.75,18.25,6.75,21.11,25.62,18.05,30.39,20.03,29.22
1777932490,10.81,18.00,6.00,21.29,25.62,18.06,30.36,20.40,29.21
1777932492,10.81,18.25,7.00,21.34,25.64,18.01,30.32,20.28,29.09
1777932493,10.81,18.00,7.00,21.28,25.63,18.08,30.33,20.05,28.98
1777932495,10.81,18.25,6.75,21.17,25.60,18.12,30.30,20.04,28.92
1777932496,10.81,18.00,7.00,21.26,25.62,18.12,30.32,20.12,28.88
1777932498,10.88,18.00,6.25,21.24,25.60,18.08,30.34,19.87,28.79
1777932500,10.88,17.25,6.75,21.39,25.61,18.01,30.35,20.59,28.83
1777932501,10.88,17.75,6.50,21.24,25.62,18.24,30.36,20.45,28.77
1777932503,10.88,17.50,7.00,21.30,25.64,18.03,30.33,20.22,28.69
1777932504,10.88,18.25,7.00,21.18,25.63,18.10,30.32,20.16,28.62
1777932506,10.94,18.25,6.75,21.12,25.62,18.08,30.33,20.12,28.59
1777932508,10.94,18.00,6.50,21.63,25.66,18.08,30.34,20.13,28.58
1777932509,11.00,18.25,6.50,21.17,25.59,18.08,30.35,20.48,28.70
1777932511,11.00,17.75,6.75,21.23,25.62,18.01,30.41,20.22,28.79
1777932512,11.06,17.75,6.75,21.35,25.65,18.12,30.52,20.55,28.99
1777932514,11.06,17.50,7.00,21.21,25.70,18.07,30.56,20.42,29.16
1777932516,11.13,17.50,6.75,21.15,25.75,18.07,30.59,20.30,29.29
1777932517,11.13,18.00,6.75,21.11,25.80,18.19,30.65,20.12,29.38
1777932519,11.25,17.75,7.00,21.59,25.89,18.14,30.76,20.16,29.47
1777932520,11.19,17.75,7.00,21.28,25.92,18.10,30.80,20.22,29.53
1777932522,11.19,18.25,7.25,21.34,25.96,18.27,30.86,20.29,29.59
1777932524,11.25,18.00,7.25,21.01,25.95,18.03,30.81,20.36,29.62
1777932525,11.25,17.75,7.00,21.21,26.00,18.08,30.82,20.24,29.59
1777932527,11.25,17.75,6.25,21.09,26.00,18.15,30.86,20.12,29.56
1777932528,11.31,18.00,7.00,20.98,25.99,18.16,30.91,20.23,29.55
1777932530,11.31,18.50,7.00,21.10,25.98,18.06,30.94,20.11,29.52
1777932532,11.31,18.75,7.25,20.94,25.96,18.11,30.95,20.23,29.53
1777932533,11.38,18.50,7.25,21.16,25.99,18.13,30.89,20.37,29.43
1777932535,11.31,18.50,7.00,21.27,25.98,18.12,30.79,20.20,29.20
1777932536,11.25,18.00,7.00,21.36,25.96,18.08,30.70,20.16,28.94
1777932538,11.25,18.25,6.75,21.35,25.91,18.12,30.64,20.31,28.76
1777932540,11.19,18.25,7.00,21.26,25.89,18.09,30.58,20.00,28.51
1777932541,11.19,18.75,6.75,21.16,25.82,18.16,30.53,20.10,28.43
1777932543,11.13,17.75,6.75,21.07,25.78,18.05,30.49,20.08,28.42
1777932545,11.13,17.50,6.50,21.63,25.82,18.13,30.46,20.51,28.48
1777932546,11.13,17.25,6.75,21.35,25.76,17.99,30.41,20.52,28.48
1777932548,11.06,17.25,6.75,21.55,25.77,18.07,30.41,20.32,28.44
1777932549,11.00,17.75,6.25,21.05,25.68,18.16,30.40,20.03,28.39
1777932551,11.00,17.75,6.50,21.09,25.67,18.10,30.37,20.23,28.34
1777932553,11.00,17.50,6.50,21.41,25.68,18.07,30.36,20.18,28.22
1777932554,10.94,18.00,6.50,21.37,25.67,18.11,30.36,20.12,28.14
1777932556,10.94,17.25,6.25,21.41,25.68,18.09,30.36,20.22,28.05
1777932557,10.88,17.25,6.50,21.16,25.65,18.05,30.37,20.29,28.04
1777932559,10.81,17.00,6.25,21.58,25.70,18.01,30.37,20.16,28.07
1777932561,10.88,16.75,6.50,21.30,25.66,18.04,30.36,20.07,28.13
1777932562,10.81,17.50,6.75,21.36,25.64,18.06,30.37,20.21,28.20
1777932564,10.81,17.75,7.00,21.22,25.62,18.03,30.35,20.07,28.22
1777932565,10.81,17.50,6.50,21.45,25.65,18.13,30.38,20.23,28.28
1777932567,10.81,17.50,6.75,21.21,25.61,18.18,30.41,20.07,28.37
1777932569,10.88,18.00,6.75,21.06,25.62,18.10,30.53,19.99,28.54
1777932570,10.88,17.50,7.00,21.27,25.67,18.16,30.64,20.16,28.71
1777932572,10.94,17.50,6.75,21.59,25.73,18.07,30.74,20.41,28.88
1777932573,10.94,17.75,6.75,21.35,25.78,18.12,30.77,20.14,28.98
1777932575,11.06,17.75,6.50,21.17,25.82,18.23,30.76,20.54,29.18
1777932577,11.06,17.25,6.00,21.19,25.86,17.99,30.73,20.55,29.28
1777932578,11.06,18.00,6.25,21.26,25.92,18.15,30.76,20.48,29.36
1777932580,11.13,18.00,7.00,21.32,25.96,18.19,30.77,20.19,29.40
1777932581,11.13,18.25,6.50,21.34,26.00,18.12,30.79,20.20,29.45
1777932583,11.13,17.50,6.75,21.55,26.00,18.16,30.77,20.47,29.41
1777932585,11.13,17.25,7.00,21.08,25.93,18.23,30.68,20.22,29.22
1777932586,11.06,18.00,7.00,21.49,25.93,18.24,30.59,21.10,29.20
1777932588,11.13,17.50,6.00,21.25,25.83,18.02,30.51,20.28,28.94
1777932590,11.06,17.50,7.00,21.30,25.80,18.23,30.48,20.05,28.79
1777932591,11.06,17.50,7.00,21.27,25.78,18.12,30.41,20.55,28.74
1777932593,11.06,17.50,6.25,21.18,25.74,18.25,30.41,20.58,28.65
1777932594,11.13,17.50,6.75,21.15,25.77,18.02,30.35,20.51,28.65
1777932596,11.13,17.25,6.75,21.30,25.80,18.12,30.44,20.71,28.76
1777932598,11.13,17.75,6.75,21.16,25.82,18.19,30.53,20.23,28.77
1777932599,11.19,17.50,6.75,21.29,25.85,18.14,30.58,20.77,28.88
1777932601,11.19,17.75,6.50,21.17,25.86,18.28,30.62,20.66,28.89
1777932602,11.19,17.25,6.75,21.37,25.87,18.17,30.62,20.41,28.86
1777932604,11.19,18.25,7.00,21.46,25.91,18.13,30.63,20.66,28.92
1777932606,11.19,17.75,6.75,21.21,25.89,18.20,30.69,20.72,28.95
1777932607,11.19,17.75,6.50,21.09,25.91,18.23,30.67,20.57,28.96
1777932609,11.25,18.00,7.00,21.17,25.91,18.15,30.63,20.69,28.96
1777932610,11.25,17.50,6.75,21.35,25.91,18.22,30.58,20.39,28.84
1777932612,11.19,17.25,6.50,21.30,25.89,18.08,30.48,20.34,28.71
1777932614,11.19,18.00,7.00,21.37,25.88,18.12,30.44,20.16,28.58
1777932615,11.19,17.75,6.25,21.31,25.85,18.13,30.44,20.92,28.59
1777932617,11.13,18.00,6.25,21.42,25.84,18.24,30.41,20.70,28.51
1777932618,11.13,17.75,6.50,21.23,25.79,18.24,30.40,20.72,28.46
1777932620,11.13,18.25,6.75,21.09,25.76,18.01,30.34,20.40,28.41
1777932622,11.13,18.00,6.75,21.30,25.77,18.08,30.34,20.60,28.42
1777932623,11.13,17.75,7.00,21.37,25.76,18.37,30.39,20.75,28.43
1777932625,11.13,17.50,6.25,21.18,25.74,18.10,30.33,20.67,28.40
1777932626,11.13,17.75,6.75,21.48,25.74,18.20,30.37,20.24,28.34
1777932628,11.13,18.00,6.75,21.46,25.75,18.29,30.38,20.69,28.41
1777932630,11.13,17.25,6.75,21.09,25.69,18.25,30.41,20.67,28.42
1777932631,11.13,17.75,6.75,21.11,25.72,18.15,30.38,20.48,28.40
1777932633,11.13,18.00,6.50,21.27,25.75,18.10,30.45,20.59,28.49
1777932635,11.19,17.75,6.75,21.22,25.75,18.23,30.60,20.26,28.53
1777932636,11.19,17.50,6.50,21.46,25.81,18.37,30.70,20.48,28.67
1777932638,11.25,17.75,6.75,21.17,25.82,18.18,30.77,20.37,28.73
1777932639,11.25,17.75,6.50,21.27,25.89,18.25,30.80,20.58,28.79
1777932641,11.25,18.00,6.75,21.55,25.94,18.17,30.78,20.28,28.70
1777932643,11.25,18.25,7.00,21.31,25.96,18.16,30.75,20.51,28.64
1777932644,11.25,17.50,6.50,21.19,25.95,18.16,30.77,20.67,28.60
1777932646,11.25,16.75,7.00,21.14,25.96,18.13,30.75,20.76,28.58
1777932647,11.31,18.00,6.75,21.52,26.01,18.11,30.75,20.65,28.50
1777932649,11.31,17.75,6.75,21.33,25.98,18.15,30.73,20.70,28.45
1777932651,11.25,18.25,6.75,21.14,25.93,18.21,30.72,20.66,28.43
1777932652,11.25,18.25,6.75,21.29,25.90,18.12,30.71,20.45,28.41
1777932654,11.25,18.50,6.75,21.25,25.88,18.16,30.70,20.62,28.39
1777932655,11.19,18.00,6.50,21.58,25.90,18.19,30.69,20.55,28.28
1777932657,11.19,17.75,6.50,21.19,25.81,18.08,30.66,20.73,28.21
1777932659,11.13,18.25,6.50,21.11,25.74,18.18,30.67,20.55,28.13
1777932660,11.13,18.00,6.50,21.58,25.81,18.09,30.65,20.42,28.16
1777932662,11.13,17.25,6.50,21.20,25.70,18.08,30.59,20.23,28.17
1777932663,11.13,17.50,6.75,21.40,25.72,18.17,30.61,20.24,28.18
1777932665,11.06,17.75,6.50,21.53,25.73,18.07,30.59,20.34,28.18
1777932667,11.06,18.25,6.75,21.39,25.70,18.27,30.58,20.37,28.22
1777932668,11.00,17.75,6.50,21.30,25.67,18.23,30.56,20.37,28.21
1777932670,11.00,17.75,6.50,21.68,25.69,18.08,30.52,20.31,28.18
1777932671,11.00,18.00,6.75,21.54,25.65,18.23,30.53,20.26,28.15
1777932673,11.00,18.25,6.50,21.49,25.64,18.19,30.54,20.24,28.18
1777932675,11.00,17.75,6.50,21.76,25.68,18.04,30.51,20.61,28.26
1777932676,11.00,18.00,6.00,21.72,25.65,18.16,30.56,20.36,28.29
1777932678,11.00,17.75,6.50,21.34,25.61,18.11,30.59,20.70,28.44
1777932679,11.00,18.50,6.50,21.21,25.62,18.23,30.61,20.87,28.54
1777932681,11.00,18.00,6.50,21.54,25.68,18.13,30.59,20.69,28.55
1777932683,11.00,17.75,7.00,21.45,25.67,18.15,30.58,20.70,28.53
1777932684,10.94,18.00,6.50,21.44,25.67,18.21,30.62,20.51,28.49
1777932686,10.94,17.25,6.50,21.17,25.62,18.16,30.60,20.37,28.41
1777932688,10.94,18.00,6.75,21.59,25.68,18.16,30.61,20.27,28.30
1777932689,10.94,18.00,6.25,21.35,25.65,18.22,30.59,20.73,28.34
1777932691,10.88,17.75,6.50,21.31,25.65,18.15,30.58,20.59,28.34
1777932692,10.88,18.50,6.75,21.26,25.64,18.19,30.57,20.32,28.32
1777932694,10.81,18.25,6.25,21.22,25.60,18.16,30.55,20.67,28.35
1777932696,10.88,18.50,6.50,21.35,25.61,18.19,30.53,20.30,28.33
1777932697,10.88,18.00,6.50,21.41,25.61,18.12,30.54,20.49,28.38
1777932699,10.81,18.50,6.50,21.30,25.56,18.12,30.54,20.16,28.35
1777932700,10.81,18.00,6.75,21.13,25.53,17.99,30.55,21.07,28.50
1777932702,10.81,18.25,6.75,21.77,25.63,18.22,30.59,20.30,28.39
1777932704,10.81,18.75,6.75,21.26,25.56,18.20,30.58,20.66,28.46
1777932705,10.81,17.75,6.50,21.60,25.62,18.16,30.60,20.66,28.58
1777932707,10.81,17.75,6.75,21.68,25.67,18.16,30.64,20.44,28.68
1777932708,10.88,18.00,7.00,21.41,25.66,18.10,30.71,20.11,28.78
1777932710,10.88,17.50,7.00,21.16,25.69,18.29,30.80,20.74,29.03
1777932712,10.94,18.00,7.00,21.19,25.76,18.22,30.88,20.56,29.12
1777932713,10.94,18.00,7.00,21.48,25.84,18.09,30.90,20.29,29.16
1777932715,11.00,17.75,7.00,21.15,25.87,18.20,30.91,20.35,29.22
1777932716,11.00,18.50,6.50,21.52,25.96,18.27,30.90,20.48,29.25
1777932718,11.06,17.75,6.50,21.53,25.96,18.16,30.89,20.59,29.20
1777932720,11.00,18.00,6.25,21.07,25.91,18.14,30.88,20.25,29.08
1777932721,11.00,18.00,6.75,21.44,25.94,18.23,30.85,20.59,29.01
1777932723,11.00,18.25,6.75,21.44,25.93,18.24,30.82,20.92,28.87
1777932724,10.94,18.25,6.50,21.12,25.86,18.13,30.76,20.31,28.72
1777932726,10.94,17.75,6.50,21.15,25.83,18.08,30.73,20.34,28.70
1777932728,10.88,18.25,6.75,21.34,25.85,18.22,30.73,20.40,28.66
1777932729,10.94,18.00,6.50,21.54,25.86,18.08,30.69,20.66,28.69
1777932731,10.88,17.75,6.25,21.41,25.82,18.16,30.69,20.27,28.63
1777932733,10.88,18.25,6.50,21.54,25.79,18.16,30.68,20.75,28.66
1777932734,10.88,18.25,6.50,21.68,25.81,18.27,30.68,20.36,28.60
1777932736,10.94,16.75,6.75,21.16,25.71,18.11,30.64,20.28,28.57
1777932737,10.94,17.25,6.75,21.26,25.72,18.18,30.65,20.01,28.51
1777932739,10.88,17.25,6.75,21.26,25.69,18.26,30.67,20.62,28.59
1777932741,10.81,16.75,6.75,21.30,25.72,18.13,30.61,20.51,28.58
1777932742,10.81,17.50,6.50,21.54,25.73,18.28,30.63,20.60,28.55
1777932744,10.81,18.00,6.75,21.72,25.76,18.08,30.62,20.66,28.61
1777932745,10.75,18.25,6.50,21.54,25.74,18.15,30.61,20.24,28.56
1777932747,10.75,17.75,5.75,21.16,25.68,18.23,30.62,20.60,28.54
1777932749,10.69,18.00,6.50,21.21,25.68,18.25,30.63,20.06,28.40
1777932750,10.69,18.00,6.25,21.25,25.68,18.20,30.62,20.29,28.43
1777932752,10.69,17.75,6.75,21.16,25.68,18.19,30.61,20.09,28.35
1777932753,10.63,17.25,6.75,21.25,25.69,18.16,30.65,20.29,28.39
1777932755,10.63,17.50,6.25,21.17,25.69,18.15,30.68,20.55,28.47
1777932757,10.69,17.25,6.75,21.41,25.72,18.12,30.69,20.20,28.46
1777932758,10.69,18.00,6.75,21.35,25.71,18.19,30.70,20.33,28.51
1777932760,10.69,18.25,7.00,21.26,25.72,18.23,30.70,20.16,28.53
1777932761,10.69,17.50,7.00,21.12,25.72,18.20,30.71,20.44,28.62
1777932763,10.69,17.75,7.00,21.40,25.78,18.12,30.75,20.62,28.72
1777932765,10.69,18.50,6.75,21.11,25.77,18.12,30.84,20.23,28.80
1777932766,10.69,18.50,6.25,21.16,25.83,18.09,30.90,20.09,28.91
1777932768,10.75,18.00,6.50,21.44,25.90,18.19,30.97,20.32,29.08
1777932769,10.75,17.75,6.50,21.44,25.93,18.08,30.99,20.27,29.11
1777932771,10.69,16.75,6.25,21.76,25.99,18.24,31.01,20.37,29.10
1777932773,10.75,17.00,6.50,21.66,25.97,18.09,30.97,20.38,29.06
1777932774,10.75,17.25,7.00,21.30,25.92,18.07,30.92,20.13,28.98
1777932776,10.69,17.00,6.50,21.44,25.92,18.07,30.88,20.32,28.96
1777932777,10.69,16.75,6.50,21.52,25.89,18.13,30.88,20.37,28.97
1777932779,10.69,17.00,6.50,21.39,25.87,18.12,30.85,20.32,28.92
1777932781,10.69,17.75,6.50,21.34,25.84,18.17,30.85,20.14,28.86
1777932782,10.63,17.00,6.00,21.34,25.82,18.16,30.82,20.09,28.85
1777932784,10.63,17.50,6.25,21.57,25.86,18.09,30.83,20.32,28.82
1777932786,10.63,18.00,6.50,21.14,25.78,18.17,30.82,20.05,28.74
1777932787,10.63,17.75,5.75,21.66,25.85,18.06,30.83,20.06,28.77
1777932789,10.63,17.75,6.50,21.28,25.78,18.06,30.81,20.02,28.80
1777932790,10.63,16.00,6.75,21.12,25.74,18.14,30.85,20.37,28.89
1777932792,10.63,17.75,6.75,21.15,25.74,18.10,30.85,20.17,28.87
1777932794,10.63,18.00,6.50,21.37,25.78,18.13,30.87,20.07,28.84
1777932795,10.56,17.75,6.50,21.29,25.79,18.02,30.88,20.21,28.92
1777932797,10.63,17.25,7.00,21.33,25.82,18.17,30.94,20.23,29.05
1777932798,10.63,17.00,6.25,21.31,25.87,18.13,30.99,20.27,29.19
1777932800,10.63,17.50,7.00,21.37,25.91,18.01,31.03,20.21,29.35
1777932802,10.75,17.75,6.50,21.28,25.99,18.08,31.09,19.91,29.46
1777932803,10.75,18.50,6.75,21.13,26.03,18.06,31.16,20.55,29.71
1777932805,10.81,18.25,7.00,21.41,26.13,18.16,31.24,20.53,29.87
1777932806,10.81,17.75,6.50,21.37,26.21,18.23,31.35,20.59,29.98
1777932808,10.81,18.25,7.00,21.45,26.30,18.01,31.42,20.37,29.97
1777932810,10.81,18.25,7.00,21.65,26.38,18.06,31.47,20.00,29.92
1777932811,10.88,17.50,7.00,21.33,26.35,17.98,31.44,20.23,29.86
1777932813,10.88,17.75,7.00,21.39,26.33,18.05,31.39,20.23,29.72
1777932814,10.81,18.25,6.75,21.30,26.29,18.13,31.32,20.40,29.61
1777932816,10.81,17.75,7.00,21.07,26.21,18.14,31.25,20.13,29.46
1777932818,10.81,18.00,7.25,21.35,26.22,18.10,31.21,20.17,29.38
1777932819,10.88,18.00,7.50,21.21,26.18,18.01,31.21,20.27,29.43
1777932821,10.94,18.50,6.75,21.21,26.19,18.09,31.28,19.83,29.44
1777932822,11.00,18.25,7.25,21.30,26.21,18.12,31.34,20.40,29.62
1777932824,11.06,17.75,7.50,21.20,26.25,18.01,31.38,20.37,29.62
1777932826,11.13,17.75,7.00,21.37,26.34,18.12,31.46,20.66,29.66
1777932827,11.13,18.25,7.25,21.55,26.40,18.13,31.50,20.39,29.63
1777932829,11.13,18.50,6.75,21.07,26.32,18.07,31.44,20.53,29.57
1777932831,11.13,18.00,7.25,21.46,26.37,18.15,31.36,20.42,29.30
1777932832,11.06,18.50,6.75,21.36,26.34,18.08,31.29,20.60,29.09
1777932834,11.00,18.50,6.75,21.46,26.32,18.16,31.20,20.66,28.91
1777932835,11.00,17.75,6.75,21.43,26.27,18.13,31.14,20.32,28.76
1777932837,10.94,18.25,6.50,21.03,26.18,17.97,31.05,20.58,28.75
1777932839,11.00,18.00,6.75,21.23,26.19,18.10,31.03,20.16,28.69
1777932840,11.00,18.25,6.75,21.60,26.19,18.15,30.97,20.37,28.71
1777932842,11.00,17.75,6.50,21.25,26.14,18.25,30.97,20.66,28.75
1777932843,11.06,18.25,7.00,21.40,26.13,18.16,30.95,20.42,28.76
1777932845,11.06,17.50,7.25,21.40,26.15,18.07,31.01,20.33,28.82
1777932847,11.13,18.00,7.00,21.21,26.12,18.09,31.07,20.17,28.89
1777932848,11.13,18.25,6.00,21.23,26.15,18.03,31.11,20.58,29.03
1777932850,11.13,18.25,6.75,21.33,26.14,18.16,31.11,20.23,29.01
1777932851,11.06,18.00,7.00,21.25,26.13,18.22,31.06,20.70,29.00
1777932853,11.06,17.75,6.75,21.27,26.13,18.05,31.00,20.67,28.87
1777932855,11.06,18.25,7.00,21.08,26.11,18.15,30.98,20.48,28.75
1777932856,11.00,18.00,6.75,21.40,26.14,18.28,30.98,20.17,28.69
1777932858,11.06,17.75,6.75,21.55,26.16,18.27,31.00,20.51,28.74
1777932859,11.06,18.00,6.50,21.11,26.09,18.23,30.98,20.59,28.77
1777932861,11.13,18.25,6.50,21.41,26.12,18.14,31.00,20.82,28.84
1777932863,11.13,18.00,6.75,21.22,26.13,18.10,31.04,20.62,28.83
1777932864,11.13,18.00,6.25,21.06,26.14,18.08,31.08,20.35,28.79
1777932866,11.13,18.25,6.50,21.10,26.17,18.21,31.10,20.84,28.83
1777932867,11.13,18.25,6.75,21.21,26.17,18.18,31.06,20.76,28.81
1777932869,11.06,18.25,6.25,21.30,26.17,18.20,31.02,20.92,28.77
1777932871,11.00,18.25,6.75,21.24,26.16,18.23,30.98,20.49,28.64
1777932872,11.00,17.25,7.00,21.34,26.12,18.27,30.96,20.47,28.56
1777932874,11.00,17.50,6.25,21.31,26.14,18.06,30.93,20.48,28.53
1777932876,10.94,18.00,6.50,21.14,26.11,18.14,30.92,20.15,28.50
1777932877,10.94,18.00,6.50,21.44,26.14,18.10,30.91,20.74,28.53
1777932879,10.94,18.25,6.25,21.24,26.09,18.16,30.89,20.67,28.48
1777932880,10.94,18.50,6.25,21.18,26.10,18.27,30.91,20.42,28.48
1777932882,10.94,17.50,6.75,21.04,26.05,18.16,30.87,20.48,28.54
1777932884,10.94,18.25,6.75,21.13,26.08,18.16,30.88,20.55,28.60
1777932885,10.94,17.75,6.25,21.26,26.07,18.16,30.89,20.58,28.57
1777932887,10.88,17.75,6.50,21.30,26.05,18.12,30.88,20.22,28.47
1777932888,10.94,18.25,6.50,21.36,26.07,18.13,30.87,20.39,28.50
1777932890,11.00,18.00,6.75,21.24,26.06,18.11,30.86,20.62,28.53
1777932892,10.94,18.00,6.00,21.08,26.04,18.18,30.87,20.36,28.53
1777932893,10.94,18.25,6.50,21.58,26.06,18.19,30.87,20.65,28.59
1777932895,10.88,17.50,6.50,21.27,25.97,18.20,30.88,20.51,28.58
1777932896,10.94,17.75,5.75,21.27,25.97,18.16,30.87,20.70,28.61
1777932898,10.94,18.00,6.50,21.13,25.96,18.13,30.85,20.66,28.62
1777932900,10.88,18.50,6.75,21.13,25.97,18.29,30.88,20.44,28.64
1777932901,10.88,17.50,6.75,21.09,25.95,18.23,30.87,20.00,28.60
1777932903,10.88,18.50,6.75,21.24,25.98,18.10,30.83,20.65,28.71
1777932904,10.88,17.75,6.00,21.17,25.95,18.16,30.83,20.27,28.69
1777932906,10.88,18.50,6.75,21.37,25.99,18.28,30.84,20.65,28.74
1777932908,10.81,17.75,6.50,21.23,25.98,18.14,30.83,20.27,28.74
1777932909,10.81,17.00,6.25,21.19,25.97,18.13,30.82,20.51,28.78
1777932911,10.81,18.00,7.00,21.20,25.98,18.19,30.82,20.37,28.75
1777932912,10.75,18.50,6.50,21.13,25.95,18.18,30.80,20.80,28.81
1777932914,10.75,17.50,6.25,21.37,26.00,18.27,30.84,20.27,28.78
1777932916,10.81,18.50,6.25,21.42,26.01,18.12,30.90,20.51,28.86
1777932917,10.75,18.00,7.00,21.37,26.04,18.12,30.98,20.40,28.92
1777932919,10.81,17.75,6.50,21.23,26.02,18.27,31.01,20.69,28.98
1777932920,10.81,18.25,6.75,21.07,26.01,18.25,30.97,20.53,28.93
1777932922,10.75,18.00,6.50,21.33,26.04,18.22,30.95,20.14,28.89
1777932924,10.75,18.25,6.50,21.37,26.03,18.20,30.94,20.48,28.95
1777932925,10.81,17.00,6.75,21.22,26.04,18.31,30.92,20.58,28.93
1777932927,10.81,17.00,6.50,21.18,26.02,18.22,30.90,20.31,28.88
1777932929,10.75,17.50,6.50,21.15,26.01,18.26,30.89,20.23,28.83
1777932930,10.75,18.00,6.75,21.24,26.03,18.22,30.90,20.12,28.84
1777932932,10.75,18.25,6.00,21.09,25.98,18.16,30.90,20.10,28.85
1777932933,10.69,18.00,6.50,21.29,26.00,18.14,30.88,20.48,28.91
1777932935,10.75,18.00,6.50,21.31,25.99,18.29,30.92,20.20,28.89
1777932937,10.69,17.75,6.75,21.41,26.01,18.21,30.92,20.12,28.90
1777932938,10.69,17.25,6.25,21.11,25.95,18.14,30.91,20.09,28.92
1777932940,10.69,18.00,6.50,21.26,25.99,18.08,30.92,20.14,28.93
1777932941,10.69,17.50,6.50,21.42,26.00,18.27,30.95,20.20,28.96
1777932943,10.75,17.75,7.00,21.28,26.03,18.26,31.02,20.19,29.04
1777932945,10.81,17.75,6.75,21.21,26.08,18.23,31.08,20.28,29.20
1777932946,10.81,17.50,6.75,21.30,26.12,18.29,31.14,20.15,29.26
1777932948,10.75,17.25,6.75,21.44,26.17,18.09,31.06,20.14,29.26
1777932949,10.75,17.50,6.75,21.30,26.16,18.21,31.08,20.12,29.23
1777932951,10.81,17.75,6.75,21.25,26.14,18.12,31.05,19.97,29.19
1777932953,10.81,18.00,6.25,21.22,26.12,18.18,31.01,20.35,29.22
1777932954,10.75,18.25,6.75,21.46,26.13,18.19,30.99,20.32,29.18
1777932956,10.75,18.75,7.00,21.51,26.12,18.26,30.97,20.33,29.11
1777932957,10.75,18.00,6.25,21.09,26.05,18.30,30.95,20.23,29.06
1777932959,10.69,18.50,6.75,21.30,26.06,18.24,30.91,20.27,29.03
1777932961,10.69,17.75,7.00,21.32,26.07,18.30,30.91,20.25,29.03
1777932962,10.69,17.50,6.75,21.65,26.15,18.22,30.95,20.45,29.11
1777932964,10.75,17.50,7.00,21.27,26.13,18.09,30.97,20.38,29.24
1777932965,10.81,17.50,7.00,21.40,26.19,18.25,31.05,20.19,29.31
1777932967,10.88,17.50,6.75,21.13,26.22,18.29,31.13,20.29,29.41
1777932969,10.88,18.50,7.00,21.19,26.29,18.05,31.14,20.60,29.53
1777932970,10.81,18.00,7.00,21.52,26.33,18.23,31.17,20.06,29.44
1777932972,10.88,18.25,7.00,21.15,26.30,18.19,31.16,20.17,29.40
1777932974,10.81,18.25,6.25,20.92,26.26,18.24,31.15,20.35,29.40
1777932975,10.81,17.00,6.75,21.24,26.29,18.07,31.08,20.40,29.37
1777932977,10.88,17.50,6.75,21.23,26.26,18.24,31.08,20.13,29.30
1777932978,10.81,17.50,6.25,21.25,26.24,18.40,31.09,19.97,29.21
1777932980,10.81,18.25,7.00,21.07,26.20,18.15,31.04,20.05,29.19
1777932982,10.75,18.00,6.50,21.13,26.18,18.11,31.05,20.56,29.23
1777932983,10.81,17.75,7.25,21.05,26.15,18.32,31.08,20.17,29.21
1777932985,10.81,18.00,6.75,21.30,26.20,18.16,31.06,20.61,29.25
1777932986,10.81,17.75,6.25,21.26,26.19,18.24,31.11,20.29,29.23
1777932988,10.88,18.25,6.75,21.12,26.18,18.16,31.15,20.19,29.23
1777932990,10.81,18.00,7.00,21.37,26.21,18.29,31.16,20.27,29.24
1777932991,10.81,18.00,6.50,21.26,26.21,18.06,31.13,20.22,29.22
1777932993,10.88,18.00,6.75,21.19,26.21,18.01,31.09,20.40,29.22
1777932994,10.75,18.00,6.50,21.50,26.24,18.20,31.09,20.13,29.11
1777932996,10.75,17.75,6.50,21.50,26.22,18.26,31.08,20.40,29.04
1777932998,10.81,18.50,5.75,21.50,26.23,18.16,31.04,20.23,28.89
1777932999,10.75,18.25,6.50,21.11,26.19,18.09,31.03,20.12,28.78
1777933001,10.69,18.00,6.50,21.26,26.23,18.16,31.05,20.48,28.74
1777933002,10.63,18.00,6.25,21.58,26.27,18.15,31.04,20.13,28.71
1777933004,10.63,18.00,6.50,21.58,26.27,18.20,31.05,19.95,28.69
1777933006,10.63,17.75,6.25,21.27,26.20,18.14,31.04,20.13,28.74
1777933007,10.63,17.00,6.25,21.43,26.22,18.07,31.06,20.09,28.77
1777933009,10.63,17.75,6.75,21.53,26.23,18.14,31.07,20.10,28.84
1777933010,10.63,17.50,6.50,21.46,26.24,18.13,31.14,19.99,28.91
1777933012,10.69,17.25,6.50,21.46,26.24,18.08,31.20,20.54,29.06
1777933014,10.75,17.50,6.50,21.30,26.26,18.23,31.27,20.33,29.09
1777933015,10.75,17.50,6.50,21.11,26.25,18.16,31.37,20.00,29.08
1777933017,10.81,18.00,6.50,20.96,26.25,18.13,31.37,20.33,29.17
1777933018,10.81,18.00,6.25,21.19,26.31,18.13,31.37,20.23,29.14
1777933020,10.81,17.75,6.00,21.44,26.37,18.02,31.32,20.16,29.09
1777933022,10.81,18.00,6.50,21.62,26.37,18.19,31.32,20.08,29.03
1777933023,10.81,17.75,6.00,21.54,26.34,18.19,31.26,20.27,29.01
1777933025,10.81,17.00,6.25,21.44,26.32,18.21,31.22,20.28,29.03
1777933027,10.75,17.75,6.50,21.13,26.27,18.05,31.17,20.04,29.02
1777933028,10.69,17.75,5.75,20.86,26.22,18.17,31.14,20.07,29.01
1777933030,10.69,18.25,6.50,21.10,26.26,18.04,31.11,20.43,29.03
1777933031,10.69,17.75,6.25,21.19,26.24,18.08,31.08,20.30,29.01
1777933033,10.69,18.25,6.50,21.40,26.29,18.25,31.10,20.13,29.01
1777933035,10.69,18.25,6.50,21.58,26.28,18.08,31.09,20.80,29.12
1777933036,10.63,18.25,6.00,21.01,26.20,18.20,31.11,20.23,29.09
1777933038,10.69,17.75,6.00,21.44,26.26,18.09,31.09,19.97,29.04
1777933039,10.63,18.00,6.25,21.40,26.25,18.23,31.11,20.53,29.09
1777933041,10.63,18.50,6.50,21.13,26.20,18.13,31.07,20.16,29.02
1777933043,10.56,17.75,6.25,20.91,26.18,18.18,31.06,20.16,28.97
1777933044,10.56,17.75,6.50,21.60,26.28,18.24,31.07,19.97,28.99
1777933046,10.56,18.00,6.50,21.12,26.23,18.11,31.06,20.18,29.06
1777933047,10.56,17.75,6.75,21.28,26.25,18.25,31.11,20.16,29.12
1777933049,10.63,17.00,6.00,21.07,26.25,18.05,31.11,20.65,29.25
1777933051,10.56,17.75,6.00,21.72,26.35,18.12,31.16,20.14,29.19
1777933052,10.56,18.00,6.50,21.45,26.32,18.27,31.19,19.97,29.18
1777933054,10.56,18.00,6.50,21.07,26.28,18.18,31.16,20.05,29.21
1777933055,10.63,17.50,6.25,21.06,26.28,18.08,31.15,20.52,29.31
1777933057,10.56,17.25,6.75,21.52,26.33,18.16,31.19,20.12,29.27
1777933059,10.56,17.25,6.75,21.02,26.27,18.08,31.19,20.29,29.29
1777933060,10.56,18.00,6.25,21.41,26.34,18.22,31.20,20.17,29.26
1777933062,10.63,18.25,6.75,21.30,26.29,17.97,31.17,20.14,29.22
1777933063,10.56,17.50,6.50,21.52,26.32,18.11,31.20,20.40,29.28
1777933065,10.63,17.25,6.75,20.96,26.24,18.18,31.25,19.89,29.21
1777933067,10.69,17.50,6.00,21.08,26.28,18.09,31.30,19.97,29.26
1777933068,10.75,17.75,6.75,21.36,26.35,18.08,31.32,19.83,29.30
1777933070,10.81,17.75,6.25,21.47,26.39,18.16,31.36,20.12,29.36
1777933072,10.75,18.00,6.25,21.20,26.43,18.08,31.38,20.32,29.44
1777933073,10.81,17.50,6.25,20.98,26.45,18.14,31.45,20.40,29.47
1777933075,10.81,18.00,6.50,21.19,26.51,18.30,31.47,20.16,29.40
1777933076,10.81,18.00,5.75,21.37,26.53,18.16,31.44,20.17,29.36
1777933078,10.88,17.75,6.50,20.94,26.50,17.99,31.40,20.13,29.35
1777933080,10.88,17.75,6.00,21.42,26.56,18.09,31.37,19.90,29.31
1777933081,10.88,18.00,6.25,20.93,26.47,18.08,31.36,20.15,29.35
1777933083,10.88,17.25,6.50,21.10,26.47,18.04,31.33,20.00,29.31
1777933084,10.94,17.75,6.75,21.03,26.44,18.08,31.33,20.06,29.30
1777933086,10.88,17.75,6.50,21.32,26.46,18.05,31.34,20.44,29.34
1777933088,10.94,18.00,6.00,20.81,26.38,18.08,31.33,20.16,29.26
1777933089,10.94,17.50,6.50,20.94,26.40,18.10,31.33,20.42,29.29
1777933091,10.94,17.25,6.50,21.17,26.42,18.14,31.38,20.42,29.29
1777933092,10.88,17.50,6.00,21.30,26.42,18.16,31.36,20.14,29.21
1777933094,10.94,18.00,6.25,21.46,26.45,18.12,31.36,20.67,29.28
1777933096,10.94,18.00,6.00,20.98,26.36,18.12,31.37,20.29,29.25
1777933097,10.88,18.25,6.75,21.19,26.42,18.13,31.35,20.16,29.22
1777933099,10.88,17.75,6.75,21.36,26.43,18.23,31.35,20.44,29.25
1777933100,10.94,17.75,6.50,21.04,26.40,18.16,31.34,19.91,29.18
1777933102,10.88,18.00,6.50,20.98,26.39,18.08,31.33,20.33,29.25
1777933104,10.88,18.00,6.25,21.11,26.41,18.09,31.33,19.81,29.21
1777933105,10.88,18.25,6.75,21.30,26.45,18.05,31.34,20.34,29.30
1777933107,10.88,18.25,6.50,20.90,26.40,17.97,31.31,20.36,29.29
1777933108,10.88,18.00,6.50,21.22,26.43,18.10,31.33,20.17,29.24
1777933110,10.88,18.50,6.75,21.25,26.46,18.13,31.31,20.45,29.26
1777933112,10.88,18.00,6.50,21.32,26.45,18.12,31.30,20.21,29.22
1777933113,10.88,18.25,6.75,21.21,26.42,18.04,31.31,20.02,29.16
1777933115,10.88,17.75,6.25,20.94,26.38,18.05,31.33,20.00,29.17
1777933116,10.81,18.00,6.25,21.40,26.45,18.05,31.35,20.16,29.21
1777933118,10.75,18.00,6.00,21.28,26.42,18.12,31.33,20.20,29.15
1777933120,10.81,17.25,6.75,20.94,26.37,18.11,31.33,20.24,29.13
1777933121,10.81,17.50,6.75,21.05,26.41,18.03,31.36,20.00,29.17
1777933123,10.88,17.50,7.00,21.05,26.45,18.11,31.37,20.23,29.31
1777933125,10.88,18.00,6.75,21.44,26.53,18.10,31.45,20.62,29.46
1777933126,10.88,17.25,6.75,21.21,26.55,18.13,31.52,19.72,29.42
1777933128,10.94,17.25,6.50,21.05,26.56,18.08,31.55,19.97,29.49
1777933129,11.00,17.25,6.50,21.01,26.58,18.09,31.64,20.30,29.58
1777933131,10.94,17.50,6.50,21.26,26.63,18.15,31.66,20.06,29.58
1777933133,11.00,18.25,6.75,21.08,26.62,18.07,31.62,20.36,29.61
1777933134,11.00,17.75,7.00,20.95,26.55,18.04,31.56,20.12,29.51
1777933136,11.06,17.50,6.75,21.31,26.58,18.09,31.52,20.68,29.49
1777933137,11.06,18.00,6.50,21.02,26.52,18.22,31.49,20.05,29.29
1777933139,11.06,18.00,6.50,21.13,26.54,18.06,31.45,20.34,29.24
1777933141,11.00,18.00,6.25,21.13,26.53,18.13,31.43,20.04,29.22
1777933142,11.00,18.00,6.75,21.39,26.57,18.21,31.42,20.30,29.25
1777933144,11.00,17.50,6.75,21.21,26.55,18.12,31.41,20.37,29.30
1777933145,11.00,17.75,6.50,21.02,26.51,18.14,31.43,19.92,29.28
1777933147,11.00,18.25,6.25,20.91,26.52,18.05,31.42,20.19,29.37
1777933149,11.00,18.00,6.75,21.02,26.54,18.08,31.44,20.13,29.38
1777933150,11.00,17.50,6.25,21.07,26.54,18.09,31.44,20.27,29.41
1777933152,11.00,17.25,5.75,21.40,26.62,17.97,31.43,20.67,29.46
1777933153,11.06,17.25,6.50,20.83,26.52,18.07,31.45,20.06,29.34
1777933155,11.06,17.25,6.25,21.26,26.58,18.08,31.46,20.27,29.33
1777933157,11.06,17.50,6.75,21.00,26.56,18.16,31.50,20.26,29.36
1777933158,11.06,18.00,6.25,20.80,26.51,18.13,31.53,20.16,29.37
1777933160,11.06,18.25,6.50,20.88,26.54,18.08,31.57,20.41,29.42
1777933161,11.06,18.25,6.25,21.09,26.58,18.17,31.62,19.97,29.34
1777933163,11.06,18.00,6.00,20.98,26.56,18.08,31.58,20.19,29.36
1777933165,11.06,18.25,6.75,21.15,26.55,18.09,31.55,20.34,29.32
1777933166,11.00,18.00,6.50,21.01,26.55,18.06,31.55,20.02,29.23
1777933168,11.00,18.00,6.25,20.97,26.54,18.15,31.54,20.21,29.22
1777933170,11.00,18.25,6.50,20.92,26.54,17.96,31.49,20.26,29.22
1777933171,11.00,17.75,6.50,21.20,26.57,18.07,31.48,20.33,29.26
1777933173,11.00,18.00,6.50,21.10,26.54,18.14,31.50,20.09,29.26
1777933174,11.00,18.00,6.50,20.98,26.55,18.05,31.52,20.27,29.33
1777933176,11.00,17.50,6.75,20.94,26.56,18.01,31.51,19.84,29.30
1777933178,11.00,18.00,6.50,21.04,26.55,18.16,31.54,19.98,29.34
1777933179,11.06,18.00,6.50,21.15,26.58,18.01,31.55,20.67,29.43
1777933181,11.06,18.25,6.75,21.17,26.58,18.04,31.57,19.95,29.32
1777933182,11.00,18.00,6.50,20.85,26.53,18.00,31.56,20.24,29.35
1777933184,11.00,18.50,6.75,21.24,26.61,18.17,31.56,20.44,29.37
1777933186,10.94,18.00,6.50,21.19,26.60,18.05,31.52,19.90,29.25
1777933187,10.94,18.00,6.25,21.00,26.58,18.06,31.50,20.15,29.24
1777933189,10.94,17.00,6.50,20.94,26.55,17.87,31.46,20.72,29.28
1777933190,10.94,17.50,6.50,20.91,26.55,18.12,31.50,20.05,29.22
1777933192,10.88,17.50,6.50,21.00,26.55,18.05,31.46,20.26,29.29
1777933194,10.88,17.25,6.75,21.13,26.55,18.01,31.44,20.25,29.29
1777933195,10.88,17.75,6.25,20.92,26.53,18.15,31.46,20.20,29.32
1777933197,10.88,18.00,7.00,21.02,26.54,18.08,31.45,20.12,29.30
1777933198,10.81,17.25,6.50,21.06,26.56,18.00,31.45,20.00,29.31
1777933200,10.81,18.00,6.75,20.98,26.54,17.99,31.47,20.12,29.39
1777933202,10.88,17.75,6.50,21.02,26.58,18.08,31.51,20.40,29.47
1777933203,10.88,17.50,6.25,20.95,26.59,18.04,31.50,20.25,29.47
1777933205,10.88,16.75,6.75,21.21,26.62,18.19,31.53,20.29,29.45
1777933206,10.81,17.00,6.25,21.24,26.63,18.03,31.51,20.12,29.43
1777933208,10.81,18.00,6.75,20.80,26.55,18.16,31.54,20.22,29.42
1777933210,10.81,17.75,6.25,21.00,26.58,18.03,31.51,20.27,29.45
1777933211,10.81,18.25,6.75,21.01,26.57,18.05,31.54,20.27,29.50
1777933213,10.88,17.75,6.50,21.12,26.59,18.05,31.62,20.23,29.55
1777933215,10.88,18.00,6.75,21.00,26.58,18.03,31.64,20.19,29.58
1777933216,10.88,18.25,6.75,20.91,26.60,18.01,31.66,20.37,29.56
1777933218,10.88,18.25,6.75,21.13,26.62,18.05,31.64,19.95,29.50
1777933219,10.81,17.50,6.75,21.02,26.60,18.05,31.64,20.14,29.48
1777933221,10.88,17.75,6.50,20.83,26.59,18.07,31.62,20.15,29.45
1777933223,10.88,17.75,6.75,20.94,26.61,18.01,31.61,20.33,29.49
1777933224,10.94,17.75,6.75,21.19,26.63,18.06,31.61,20.16,29.52
1777933226,10.94,17.50,6.75,21.02,26.62,18.01,31.66,20.66,29.63
1777933227,10.88,17.50,6.25,20.89,26.62,18.12,31.75,20.46,29.64
1777933229,10.94,18.25,6.75,21.03,26.64,17.97,31.74,20.12,29.63
1777933231,10.88,18.00,6.75,20.91,26.63,17.96,31.75,20.44,29.67
1777933232,10.88,18.00,6.50,20.76,26.60,17.96,31.72,20.62,29.67
1777933234,10.94,17.75,6.50,21.19,26.68,18.05,31.71,20.22,29.58
1777933235,10.94,18.00,6.75,21.06,26.64,17.96,31.69,20.25,29.56
1777933237,10.94,17.75,6.75,20.92,26.63,18.02,31.68,20.25,29.52
1777933239,10.94,17.75,6.50,20.96,26.64,18.02,31.71,20.27,29.52
1777933240,11.00,17.75,6.50,20.96,26.67,17.99,31.77,20.41,29.54
1777933242,11.00,18.00,6.25,20.99,26.70,18.02,31.82,19.91,29.49
1777933243,11.00,18.00,6.75,21.15,26.72,17.83,31.78,20.42,29.56
1777933245,11.00,17.75,6.75,21.18,26.74,17.87,31.78,20.49,29.58
1777933247,11.00,17.25,6.75,21.15,26.73,18.12,31.78,20.27,29.57
1777933248,10.94,17.00,6.25,20.94,26.70,18.00,31.75,20.22,29.58
1777933250,10.94,16.50,6.50,20.80,26.68,18.06,31.72,20.44,29.62
1777933251,10.94,16.75,6.25,20.99,26.69,18.05,31.71,19.98,29.50
1777933253,10.88,16.75,6.50,20.94,26.65,18.04,31.69,20.19,29.46
1777933255,10.81,17.00,6.25,21.01,26.65,18.06,31.66,20.01,29.39
1777933256,10.81,17.00,6.50,21.22,26.66,18.12,31.66,20.09,29.42
1777933258,10.81,16.25,6.75,21.13,26.64,18.00,31.64,19.74,29.43
1777933259,10.81,17.00,6.75,20.98,26.60,17.96,31.65,20.02,29.50
1777933261,10.81,17.25,6.50,20.99,26.60,18.03,31.66,20.03,29.52
1777933263,10.81,17.00,6.75,21.29,26.61,18.02,31.67,19.98,29.53
1777933264,10.75,17.25,5.50,21.04,26.58,18.11,31.66,19.90,29.53
1777933266,10.75,17.00,6.50,20.87,26.57,18.01,31.62,19.97,29.56
1777933268,10.75,17.50,6.50,20.98,26.57,18.08,31.64,19.91,29.61
1777933269,10.69,17.75,6.50,20.94,26.57,17.97,31.61,19.89,29.60
1777933271,10.69,18.00,6.75,20.98,26.57,18.05,31.62,20.07,29.63
1777933272,10.69,17.25,6.75,20.88,26.57,18.05,31.59,20.04,29.60
1777933274,10.69,18.00,6.75,20.91,26.57,18.06,31.63,19.95,29.59
1777933276,10.69,17.50,6.25,21.05,26.61,18.07,31.63,20.01,29.60
1777933277,10.69,17.75,6.50,21.09,26.63,18.09,31.70,19.69,29.60
1777933279,10.75,17.75,6.50,20.82,26.61,17.95,31.72,20.23,29.74
1777933280,10.75,17.75,6.50,20.98,26.66,17.99,31.78,20.27,29.75
1777933282,10.81,17.75,7.00,21.25,26.72,18.01,31.83,19.89,29.71
1777933284,10.88,17.75,6.75,21.26,26.75,18.05,31.87,19.99,29.77
1777933285,10.81,18.25,6.75,20.83,26.73,17.94,31.87,20.05,29.80
1777933287,10.81,18.00,6.75,20.91,26.73,18.05,31.88,20.08,29.82
1777933288,10.81,18.00,6.00,20.94,26.74,17.87,31.83,20.16,29.81
1777933290,10.81,17.50,6.50,21.05,26.76,17.97,31.83,20.12,29.79
1777933292,10.75,17.50,6.25,21.03,26.77,18.10,31.83,20.21,29.80
1777933293,10.75,18.00,6.50,20.96,26.74,17.93,31.80,20.19,29.81
1777933295,10.75,17.75,6.50,21.12,26.76,18.08,31.80,19.97,29.77
1777933296,10.81,18.50,6.50,21.05,26.74,17.94,31.78,20.05,29.74
1777933298,10.75,17.50,6.25,20.91,26.72,17.90,31.75,19.97,29.72
1777933300,10.75,17.75,6.50,20.98,26.69,18.09,31.77,20.13,29.73
1777933301,10.75,17.50,6.25,21.05,26.72,17.92,31.74,19.89,29.67
1777933303,10.69,18.00,6.50,20.77,26.69,17.96,31.75,19.97,29.66
1777933304,10.81,17.75,6.50,21.19,26.74,18.03,31.74,19.76,29.63
1777933306,10.81,17.75,6.50,20.95,26.72,18.04,31.77,19.86,29.67
1777933308,10.81,18.00,6.50,20.91,26.71,17.92,31.76,20.05,29.72
1777933309,10.81,17.75,6.50,20.79,26.71,17.93,31.75,20.24,29.75
1777933311,10.81,18.25,6.75,21.26,26.80,17.97,31.79,19.98,29.72
1777933313,10.81,17.75,6.50,20.94,26.75,18.08,31.82,19.59,29.69
1777933314,10.81,17.50,6.75,21.05,26.77,18.12,31.83,20.12,29.76
1777933316,10.81,18.25,6.50,20.87,26.75,17.99,31.79,19.95,29.74
1777933317,10.81,18.00,6.75,20.87,26.71,17.94,31.79,20.18,29.73
1777933319,10.75,17.75,6.75,21.07,26.74,17.84,31.78,20.17,29.70
1777933321,10.81,18.00,6.50,21.05,26.76,17.94,31.78,20.40,29.72
1777933322,10.81,18.00,6.50,21.02,26.75,18.01,31.77,20.15,29.72
1777933324,10.75,17.75,6.75,20.87,26.71,17.93,31.76,20.16,29.77
1777933325,10.69,17.75,6.75,21.03,26.72,17.90,31.75,19.88,29.72
1777933327,10.69,17.25,6.75,21.04,26.72,17.97,31.75,19.95,29.70
1777933329,10.63,18.00,6.75,20.98,26.72,17.95,31.73,20.05,29.67
1777933330,10.63,17.50,6.50,20.98,26.69,17.91,31.73,20.11,29.57
1777933332,10.56,18.00,6.25,20.86,26.67,18.05,31.74,20.08,29.48
1777933333,10.56,17.75,6.50,21.03,26.70,18.04,31.73,20.40,29.56
1777933335,10.50,17.75,6.25,20.80,26.67,17.92,31.72,19.78,29.50
1777933337,10.50,17.75,6.75,20.89,26.69,18.10,31.73,19.76,29.55
1777933338,10.56,18.00,6.25,21.14,26.73,18.01,31.73,19.91,29.64
1777933340,10.56,18.00,6.00,20.85,26.69,18.02,31.72,19.79,29.67
1777933341,10.56,17.75,7.00,20.89,26.72,17.94,31.74,19.84,29.76
1777933343,10.63,17.75,7.00,21.26,26.78,18.05,31.81,19.49,29.81
1777933345,10.56,18.00,6.75,20.96,26.76,18.08,31.85,19.55,29.89
1777933346,10.56,18.00,6.50,20.93,26.76,17.94,31.81,19.58,29.89
1777933348,10.63,18.25,6.25,21.18,26.81,18.02,31.80,20.08,29.99
1777933349,10.56,17.75,6.00,20.94,26.80,18.00,31.77,19.90,29.97
1777933351,10.56,18.00,7.00,21.02,26.81,17.95,31.73,19.77,29.98
1777933353,10.56,17.75,6.25,20.80,26.76,18.05,31.75,19.73,29.97
1777933354,10.63,17.50,6.75,21.15,26.79,18.01,31.75,20.16,30.02
1777933356,10.63,18.50,7.00,20.86,26.76,18.01,31.80,19.90,30.02
1777933357,10.63,17.50,7.00,20.97,26.79,17.99,31.83,20.28,30.12
1777933359,10.69,17.75,7.00,20.91,26.76,17.96,31.87,19.97,30.11
1777933361,10.69,18.00,6.75,21.22,26.78,18.04,31.90,19.65,30.08
1777933362,10.63,18.25,6.75,20.95,26.75,18.06,31.89,19.75,30.07
1777933364,10.69,17.75,7.00,21.13,26.78,17.96,31.86,20.35,30.15
1777933366,10.63,17.00,6.50,20.79,26.76,17.98,31.88,19.97,30.08
1777933367,10.75,18.00,7.25,20.96,26.83,18.06,31.97,19.65,30.04
1777933369,10.75,18.25,6.75,20.69,26.83,18.01,32.03,20.16,30.10
1777933370,10.75,18.25,6.75,21.16,26.92,17.89,32.05,20.06,30.10
1777933372,10.81,18.00,7.00,21.01,26.94,18.00,32.14,19.73,30.07
1777933374,10.88,18.50,7.00,21.15,27.01,17.96,32.18,20.16,30.15
1777933375,10.88,18.50,6.75,21.00,27.03,18.08,32.24,20.19,30.16
1777933377,10.88,18.25,6.50,20.81,27.02,17.90,32.21,19.90,30.12
1777933378,10.88,18.00,6.75,20.98,27.06,17.96,32.18,20.56,30.16
1777933380,10.88,18.25,6.75,20.88,27.04,17.90,32.13,19.94,30.00
1777933382,10.94,18.50,6.75,20.91,27.01,17.92,32.09,20.02,29.96
1777933383,10.94,18.25,7.00,20.83,27.00,17.98,32.09,19.86,29.89
1777933385,10.94,18.50,7.00,20.89,26.98,17.92,32.03,20.08,29.90
1777933386,10.94,18.25,6.75,20.76,26.95,17.84,32.04,19.99,29.84
1777933388,10.94,17.75,6.50,20.80,26.92,17.89,32.02,19.82,29.80
1777933390,10.94,18.50,7.00,20.91,26.92,18.01,32.02,20.39,29.90
1777933391,10.94,18.25,6.25,21.02,26.89,18.09,32.02,20.08,29.84
1777933393,11.00,18.50,6.00,20.81,26.84,17.95,31.98,20.02,29.81
1777933394,11.00,18.25,6.25,20.79,26.83,17.90,31.97,19.94,29.78
1777933396,10.94,17.00,6.50,20.95,26.84,17.90,31.95,19.79,29.76
1777933398,10.94,17.75,6.50,20.87,26.76,17.97,31.94,19.95,29.81
1777933399,10.94,17.75,6.75,20.90,26.79,17.90,31.93,19.75,29.79
1777933401,10.88,18.25,6.50,20.89,26.74,17.94,31.93,20.13,29.86
1777933402,10.88,17.75,6.50,20.77,26.74,17.97,31.94,20.28,29.91
1777933404,10.88,18.00,6.25,20.88,26.75,18.02,31.92,19.66,29.84
1777933406,10.81,17.50,6.50,20.99,26.79,17.90,31.88,19.97,29.90
1777933407,10.81,18.00,6.25,21.00,26.79,17.90,31.88,20.26,29.97
1777933409,10.81,18.25,6.50,20.94,26.82,17.88,31.87,20.25,29.95
1777933411,10.81,18.00,6.25,20.81,26.81,17.88,31.89,19.97,29.90
1777933412,10.88,18.00,6.25,20.97,26.83,18.02,31.92,19.95,29.87
1777933414,10.88,18.00,6.75,20.94,26.86,17.99,31.93,19.92,29.82
1777933415,10.81,17.25,6.75,20.94,26.86,17.98,31.94,19.69,29.76
1777933417,10.81,18.00,6.50,21.04,26.88,17.85,31.92,19.70,29.76
1777933419,10.88,17.50,7.00,20.92,26.86,18.05,31.95,20.07,29.82
1777933420,10.81,18.50,6.50,20.96,26.87,17.96,31.94,19.78,29.81
1777933422,10.81,17.75,6.75,20.98,26.88,18.08,31.97,19.91,29.88
1777933423,10.88,17.75,6.25,21.09,26.93,17.84,31.93,20.04,29.91
1777933425,10.88,17.50,6.50,21.05,26.92,17.90,31.97,20.01,29.91
1777933427,10.88,18.00,6.75,20.78,26.89,17.88,31.97,20.12,29.89
1777933428,10.94,17.75,6.00,21.02,26.90,17.89,31.99,19.85,29.82
1777933430,10.88,17.50,6.50,20.98,26.90,17.87,31.97,20.04,29.85
1777933431,10.88,17.25,6.25,20.85,26.88,18.07,32.00,20.26,29.87
1777933433,10.94,17.75,6.25,20.82,26.88,17.91,31.96,20.17,29.85
1777933435,10.88,17.75,6.75,20.91,26.90,18.12,31.99,19.99,29.86
1777933436,10.88,17.50,6.50,21.05,26.91,18.03,31.97,19.95,29.85
1777933438,10.88,17.50,6.50,21.05,26.91,17.94,31.98,20.16,29.90
1777933439,10.81,18.25,6.50,21.13,26.93,17.85,31.98,19.87,29.86
1777933441,10.75,18.25,6.50,21.04,26.90,18.07,32.02,20.03,29.92
1777933443,10.81,18.75,6.50,21.19,26.92,18.00,32.01,19.65,29.91
1777933444,10.75,17.75,6.50,20.98,26.88,18.03,32.00,19.65,29.94
1777933446,10.69,18.50,6.50,21.07,26.90,17.89,31.96,20.05,30.02
1777933447,10.69,17.25,6.25,20.94,26.88,18.01,31.96,20.08,29.98
1777933449,10.69,16.50,6.75,20.83,26.87,18.08,31.97,19.89,29.96
1777933451,10.69,17.25,6.00,21.01,26.89,18.05,31.95,19.95,29.98
1777933452,10.63,18.00,6.75,20.87,26.87,17.96,31.94,19.60,29.90
1777933454,10.69,17.75,6.50,20.89,26.86,17.91,31.94,19.98,29.93
1777933455,10.63,17.75,6.50,21.29,26.91,17.93,31.96,19.83,29.98
1777933457,10.63,17.25,6.50,20.99,26.86,17.90,31.98,20.12,30.05
1777933459,10.63,18.50,6.50,21.03,26.85,18.01,32.00,19.88,30.01
1777933460,10.56,18.25,6.75,20.98,26.85,17.88,31.98,20.27,30.03
1777933462,10.50,18.25,6.25,21.28,26.88,17.90,31.99,20.16,30.03
1777933464,10.56,18.50,6.50,20.89,26.86,17.94,31.98,19.65,29.89
1777933465,10.56,18.25,6.75,21.01,26.87,17.84,31.97,19.87,29.93
1777933467,10.56,17.25,6.50,20.99,26.87,17.87,31.96,20.15,29.99
1777933468,10.56,18.00,7.00,21.32,26.91,17.94,31.95,20.01,30.03
1777933470,10.56,17.50,6.75,20.76,26.87,18.03,31.95,19.81,30.06
1777933472,10.63,18.00,6.50,20.94,26.90,17.97,31.99,20.10,30.19
1777933473,10.63,17.00,6.75,20.87,26.93,18.08,32.02,19.95,30.23
1777933475,10.69,17.25,6.75,20.98,26.96,17.94,32.01,19.75,30.23
1777933476,10.69,18.25,6.75,20.94,26.95,18.05,32.01,20.02,30.24
1777933478,10.69,18.25,6.50,20.94,26.95,18.07,31.99,19.79,30.17
1777933480,10.69,18.00,6.75,21.08,26.97,18.13,31.99,19.94,30.18
1777933481,10.69,18.00,6.50,21.05,26.95,18.01,31.95,19.95,30.17
1777933483,10.63,17.75,6.50,21.02,26.96,17.97,31.97,19.74,30.13
1777933484,10.63,18.00,6.50,20.83,26.93,18.05,31.98,19.85,30.13
1777933486,10.69,18.00,6.75,21.05,26.95,17.97,31.98,19.77,30.12
1777933488,10.75,18.25,6.50,20.98,26.94,17.97,31.96,19.79,30.10
1777933489,10.75,18.25,6.50,21.28,26.98,18.05,31.98,20.19,30.14
1777933491,10.75,17.50,6.50,20.91,26.92,18.08,31.99,19.73,30.08
1777933492,10.75,17.75,6.75,20.86,26.94,17.90,31.99,19.87,30.14
1777933494,10.75,18.00,6.50,20.99,26.96,18.08,32.07,20.07,30.22
1777933496,10.81,17.75,7.00,21.25,27.04,17.94,32.08,20.08,30.26
1777933497,10.81,17.50,7.00,20.89,27.02,18.12,32.15,20.08,30.30
1777933499,10.88,17.50,6.75,20.98,27.05,18.02,32.16,19.70,30.27
1777933500,10.88,17.75,6.50,20.96,27.09,17.90,32.16,20.17,30.38
1777933502,10.94,18.25,7.00,20.92,27.11,17.99,32.21,20.04,30.40
1777933504,10.88,18.50,6.50,20.94,27.15,18.05,32.19,19.95,30.39
1777933505,10.88,18.50,6.25,20.79,27.11,17.93,32.13,19.87,30.29
1777933507,10.88,18.25,6.50,20.91,27.12,18.10,32.12,20.05,30.22
1777933509,10.88,18.25,6.75,21.19,27.15,18.02,32.05,19.73,30.10
1777933510,10.88,18.25,6.00,21.00,27.09,17.97,32.04,20.10,30.15
1777933512,10.81,17.75,7.00,20.91,27.06,18.05,32.04,20.10,30.15
1777933513,10.81,17.75,7.00,21.01,27.06,17.97,32.02,20.09,30.15
1777933515,10.81,17.75,6.75,20.88,27.05,17.99,32.03,19.65,30.06
1777933517,10.81,18.50,6.50,20.77,26.98,17.95,31.99,20.20,30.07
1777933518,10.75,18.00,7.00,20.82,27.00,17.94,31.97,19.92,29.92
1777933520,10.69,18.25,6.75,21.02,27.02,18.05,31.96,19.96,29.83
1777933521,10.63,17.75,6.50,20.98,27.03,17.89,31.92,19.68,29.79
1777933523,10.69,18.00,6.75,21.06,27.03,18.05,31.95,19.69,29.80
1777933525,10.63,18.25,6.25,20.88,27.00,17.95,31.91,19.52,29.82
1777933526,10.63,17.50,6.50,20.85,26.97,18.01,31.93,19.84,29.93
1777933528,10.63,17.50,6.50,21.19,27.05,17.89,31.90,20.29,29.97
1777933529,10.63,18.50,6.50,21.13,27.02,17.95,31.92,20.12,29.93
1777933531,10.63,18.25,6.50,20.95,27.00,18.05,31.93,19.74,29.88
1777933533,10.56,18.00,6.50,20.94,27.01,18.07,31.96,19.90,29.92
1777933534,10.56,18.50,6.50,21.19,27.05,17.99,31.95,20.33,30.02
1777933536,10.56,17.75,6.50,21.09,27.03,17.89,31.95,19.96,30.00
1777933537,10.56,18.00,6.50,20.69,26.97,17.93,31.96,20.08,30.00
1777933539,10.56,18.00,6.50,21.05,27.03,17.84,31.94,19.83,29.90
1777933541,10.50,17.75,6.50,21.13,27.03,17.96,31.97,20.09,29.93
1777933542,10.44,18.25,6.00,21.15,27.04,17.99,31.98,19.79,29.94
1777933544,10.50,17.75,6.50,21.29,27.08,17.93,31.95,20.05,30.00
1777933545,10.44,18.00,6.50,20.67,26.97,17.91,31.95,19.99,30.04
1777933547,10.44,17.00,6.50,21.09,27.03,17.90,31.94,19.64,30.00
1777933549,10.44,17.25,6.50,20.84,26.99,17.82,31.92,19.52,29.99
1777933550,10.44,16.75,6.00,21.02,27.02,18.12,31.95,20.16,30.10
1777933552,10.44,17.75,6.50,20.97,27.00,17.92,31.93,20.29,30.12
1777933554,10.44,17.75,6.75,20.87,26.98,17.93,31.91,20.05,30.08
1777933555,10.50,17.25,6.50,20.96,26.95,18.01,31.92,19.72,30.00
1777933557,10.50,18.00,6.50,20.75,26.94,18.05,31.94,19.77,30.03
1777933558,10.50,18.00,6.50,20.97,26.96,18.04,31.93,20.21,30.11
1777933560,10.56,18.00,6.75,20.91,26.94,17.93,31.94,20.33,30.17
1777933562,10.56,18.00,6.75,21.17,27.01,17.97,31.97,20.19,30.19
1777933563,10.63,18.00,6.75,20.87,27.01,18.08,32.02,19.97,30.18
1777933565,10.63,18.25,6.50,20.70,27.02,18.01,32.03,20.16,30.25
1777933566,10.63,17.75,7.00,20.86,27.05,18.03,32.06,19.95,30.25
1777933568,10.69,17.25,6.50,20.79,27.05,18.05,32.08,20.01,30.28
1777933570,10.63,17.25,6.75,21.05,27.11,17.95,32.09,20.06,30.28
1777933571,10.63,17.25,6.50,20.93,27.09,17.99,32.08,20.14,30.27
1777933573,10.63,17.25,6.25,20.74,27.07,17.93,32.05,19.82,30.21
1777933574,10.63,17.75,6.75,20.88,27.06,17.99,32.03,19.80,30.19
1777933576,10.63,17.25,6.25,21.02,27.09,18.01,32.04,19.79,30.20
1777933578,10.56,16.75,6.75,21.02,27.09,17.95,32.03,20.08,30.24
1777933579,10.56,17.25,6.50,21.26,27.10,17.94,32.04,20.05,30.24
1777933581,10.63,17.50,6.25,20.87,27.03,18.09,32.08,19.80,30.23
1777933582,10.63,17.75,7.00,20.80,27.03,17.87,32.13,19.66,30.27
1777933584,10.63,17.25,6.75,20.99,27.08,17.94,32.21,19.91,30.36
1777933586,10.69,18.25,6.25,20.87,27.08,17.93,32.24,19.92,30.40
1777933587,10.63,17.75,6.50,20.67,27.09,17.87,32.25,20.04,30.41
1777933589,10.63,17.50,6.50,20.98,27.11,18.03,32.25,19.74,30.36
1777933590,10.63,17.75,6.50,20.84,27.06,17.94,32.19,19.60,30.29
1777933592,10.63,17.50,6.50,21.29,27.10,17.95,32.15,19.97,30.30
1777933594,10.63,17.25,6.25,21.09,27.06,18.09,32.15,20.06,30.28
1777933595,10.63,17.75,7.00,20.79,27.00,17.95,32.12,19.97,30.24
1777933597,10.69,18.25,6.75,20.91,27.03,18.00,32.11,19.86,30.19
1777933598,10.63,18.25,7.00,20.95,27.02,18.01,32.08,19.88,30.17
1777933600,10.69,17.75,7.00,20.97,27.03,18.10,32.06,19.63,30.11
1777933602,10.69,18.25,6.75,21.06,27.04,17.94,32.03,19.78,30.12
1777933603,10.69,18.00,6.50,20.91,27.05,17.83,32.01,19.90,30.18
1777933605,10.69,17.75,7.00,20.95,27.08,18.05,32.09,19.63,30.18
1777933607,10.75,18.00,6.25,20.95,27.13,17.92,32.11,20.14,30.29
1777933608,10.75,18.00,7.00,20.95,27.15,17.91,32.17,19.69,30.23
1777933610,10.75,18.00,6.25,20.87,27.15,17.91,32.20,19.87,30.26
1777933611,10.75,18.00,6.75,20.92,27.18,17.94,32.22,20.48,30.30
1777933613,10.81,18.00,6.50,20.97,27.19,17.77,32.18,20.04,30.21
1777933615,10.75,18.50,6.75,20.90,27.17,18.00,32.19,20.16,30.21
1777933616,10.81,17.75,7.00,20.70,27.11,17.98,32.18,20.04,30.17
1777933618,10.81,18.50,7.00,20.91,27.14,17.84,32.15,20.10,30.17
1777933619,10.88,18.00,6.25,21.02,27.13,17.93,32.17,20.54,30.23
1777933621,10.88,18.25,6.50,21.16,27.15,17.85,32.17,20.31,30.16
1777933623,10.81,18.25,7.00,20.99,27.13,17.89,32.16,20.00,30.11
1777933624,10.88,18.50,6.50,20.93,27.12,17.85,32.16,19.91,30.07
1777933626,10.81,17.50,6.75,20.89,27.11,17.97,32.17,19.95,30.08
1777933627,10.81,18.25,6.25,21.21,27.15,18.05,32.22,20.22,30.12
1777933629,10.81,17.75,6.50,20.74,27.09,17.87,32.21,20.13,30.10
1777933631,10.81,17.50,6.75,21.05,27.11,17.82,32.22,20.04,30.09
1777933632,10.81,17.75,6.25,20.84,27.05,17.80,32.24,20.10,30.12
1777933634,10.81,17.25,6.75,21.03,27.08,17.85,32.25,19.72,30.08
1777933635,10.81,16.75,6.25,20.81,27.04,17.92,32.24,20.10,30.18
1777933637,10.81,17.00,6.50,20.89,27.01,17.88,32.25,19.99,30.16
1777933639,10.75,17.25,6.75,21.06,27.03,17.76,32.23,20.17,30.21
1777933640,10.81,17.50,6.75,21.25,27.06,17.83,32.23,20.16,30.18
1777933642,10.75,17.25,6.50,20.93,26.99,17.87,32.22,19.91,30.14
1777933643,10.75,18.00,6.50,20.90,27.00,17.91,32.23,20.05,30.14
1777933645,10.75,17.50,6.75,20.94,26.97,17.93,32.24,20.33,30.16
1777933647,10.69,17.75,6.75,21.15,27.01,17.88,32.23,20.12,30.14
1777933648,10.69,17.75,6.75,20.91,26.97,17.95,32.23,20.12,30.10
1777933650,10.75,18.25,6.25,20.79,26.95,17.84,32.21,19.95,30.05
1777933652,10.75,18.00,6.75,21.04,26.98,17.91,32.23,19.76,30.07
1777933653,10.81,17.50,6.75,21.03,27.01,17.84,32.29,19.87,30.11
1777933655,10.75,17.50,6.75,20.70,26.98,17.90,32.34,20.16,30.20
1777933656,10.81,17.75,6.75,20.91,27.06,17.85,32.39,20.13,30.24
1777933658,10.88,17.50,6.75,21.00,27.10,17.85,32.42,20.44,30.30
1777933660,10.88,17.75,6.75,21.19,27.17,17.78,32.47,20.08,30.28
1777933661,10.88,18.50,7.25,20.91,27.19,17.98,32.52,20.18,30.29
1777933663,10.94,17.50,6.75,20.87,27.22,17.84,32.53,20.18,30.28
1777933664,11.00,17.50,6.75,20.87,27.26,17.82,32.55,20.22,30.29
1777933666,11.06,18.25,7.00,20.98,27.32,17.91,32.57,20.24,30.32
1777933668,11.06,17.25,7.00,21.02,27.35,17.90,32.61,20.14,30.28
1777933669,11.06,17.75,7.00,20.80,27.32,17.93,32.60,20.11,30.26
1777933671,11.00,18.00,7.00,20.94,27.33,17.98,32.56,19.73,30.18
1777933672,11.00,18.00,6.75,20.99,27.30,17.84,32.50,19.66,30.14
1777933674,11.00,18.50,7.00,21.35,27.34,17.95,32.46,19.73,30.13
1777933676,11.00,18.25,7.00,20.98,27.29,17.92,32.40,19.75,30.14
1777933677,11.00,17.50,7.00,21.09,27.26,17.87,32.36,19.87,30.17
1777933679,10.94,17.50,6.50,21.05,27.24,17.89,32.35,19.97,30.17
1777933680,10.94,17.25,6.50,20.94,27.20,18.01,32.34,20.08,30.16
1777933682,10.94,18.25,6.50,20.78,27.14,17.89,32.32,20.20,30.13
1777933684,10.94,18.25,7.00,20.82,27.12,17.88,32.30,19.89,30.05
1777933685,10.94,17.75,7.00,21.18,27.17,17.97,32.31,20.12,30.05
1777933687,10.88,17.50,7.25,21.12,27.14,17.89,32.27,19.91,30.02
1777933688,10.88,17.75,6.25,20.91,27.10,17.85,32.27,19.98,30.01
1777933690,10.88,18.25,6.75,20.93,27.10,17.87,32.24,19.94,29.96
1777933692,10.81,17.75,6.75,21.02,27.10,17.99,32.25,20.25,29.96
1777933693,10.81,17.75,6.00,21.25,27.15,17.84,32.23,19.89,29.91
1777933695,10.81,18.25,6.75,20.91,27.11,17.82,32.20,19.80,29.87
1777933697,10.75,18.00,6.75,21.02,27.10,17.83,32.18,20.02,29.96
1777933698,10.75,16.75,6.50,21.09,27.13,17.97,32.20,20.31,30.03
1777933700,10.75,16.75,6.50,21.03,27.11,18.05,32.22,20.24,30.04
1777933701,10.75,17.50,6.75,20.91,27.10,17.94,32.22,20.08,30.02
1777933703,10.75,17.75,6.25,21.05,27.11,17.88,32.20,19.68,29.95
1777933705,10.81,17.50,6.75,20.87,27.07,17.87,32.22,20.03,29.99
1777933706,10.81,18.00,6.25,21.11,27.14,17.87,32.26,20.12,30.00
1777933708,10.81,17.25,6.50,20.94,27.11,17.94,32.34,20.27,30.08
1777933709,10.81,17.75,6.50,20.93,27.13,17.99,32.44,19.85,30.06
1777933711,10.88,18.00,7.00,20.82,27.15,17.80,32.49,19.73,30.07
1777933713,10.94,17.50,6.75,21.18,27.24,17.94,32.57,20.08,30.17
1777933714,10.94,17.00,6.75,20.93,27.22,17.87,32.56,19.87,30.17
1777933716,11.00,17.75,6.75,20.80,27.23,17.85,32.57,20.07,30.17
1777933717,11.00,17.75,6.75,20.92,27.28,17.92,32.58,19.83,30.12
1777933719,11.06,17.50,6.50,20.91,27.31,18.01,32.60,19.94,30.12
1777933721,11.06,17.25,7.00,21.11,27.34,17.76,32.58,20.02,30.12
1777933722,11.13,17.75,6.75,20.82,27.31,17.93,32.62,20.05,30.11
1777933724,11.13,17.75,7.25,20.98,27.35,17.99,32.63,20.39,30.15
1777933725,11.13,17.50,7.00,20.83,27.31,17.83,32.59,20.28,30.15
1777933727,11.19,17.75,7.00,21.12,27.37,17.93,32.58,20.12,30.12
1777933729,11.19,17.25,7.00,20.86,27.34,17.93,32.52,20.17,30.12
1777933730,11.19,17.50,6.75,20.89,27.38,17.88,32.50,19.91,30.06
1777933732,11.25,17.25,6.25,20.98,27.44,17.96,32.46,20.16,30.09
1777933733,11.31,18.25,7.00,20.95,27.45,17.90,32.41,20.27,30.08
1777933735,11.31,17.50,6.75,20.66,27.46,18.11,32.46,20.01,30.03
1777933737,11.31,17.75,6.75,20.84,27.50,18.00,32.43,20.42,30.05
1777933738,11.44,17.75,7.25,20.65,27.43,18.16,32.42,20.19,29.97
1777933740,11.44,18.00,7.25,20.74,27.42,18.03,32.37,20.26,29.91
1777933741,11.44,17.75,7.25,20.90,27.44,18.07,32.33,20.42,29.90
1777933743,11.44,18.00,7.00,20.94,27.47,18.12,32.32,20.16,29.85
1777933745,11.50,17.75,6.75,20.97,27.51,18.05,32.29,20.14,29.81
1777933746,11.50,17.50,7.25,20.81,27.52,18.03,32.31,20.25,29.81
1777933748,11.50,18.25,7.00,20.96,27.56,18.00,32.31,20.26,29.74
1777933750,11.56,18.00,6.75,20.91,27.55,18.13,32.35,20.57,29.75
1777933751,11.56,18.00,7.00,20.80,27.55,18.01,32.34,20.72,29.78
1777933753,11.56,18.00,6.75,20.92,27.59,18.07,32.38,20.19,29.73
1777933754,11.56,18.25,6.50,20.97,27.59,18.13,32.38,20.22,29.72
1777933756,11.56,18.00,6.25,20.91,27.59,18.12,32.33,20.66,29.76
1777933758,11.50,17.50,6.00,20.81,27.56,18.08,32.28,20.17,29.67
1777933759,11.44,17.75,6.75,21.00,27.57,18.02,32.22,20.26,29.65
1777933761,11.44,17.50,6.75,21.02,27.53,17.97,32.15,20.62,29.66
1777933762,11.44,18.00,6.25,20.82,27.47,18.14,32.14,20.68,29.67
1777933764,11.38,18.00,7.00,20.80,27.44,18.12,32.08,20.35,29.57
1777933766,11.31,18.00,6.75,20.90,27.41,18.17,32.08,20.64,29.58
1777933767,11.31,16.75,6.75,20.86,27.37,18.08,32.05,20.23,29.52
1777933769,11.25,16.75,6.25,20.73,27.33,18.08,32.03,20.66,29.58
1777933770,11.25,17.75,6.25,20.87,27.35,18.08,32.01,20.37,29.54
1777933772,11.13,18.25,6.75,21.19,27.37,18.04,32.00,20.73,29.60
1777933774,11.13,18.25,7.00,20.85,27.30,18.05,32.00,20.59,29.54
1777933775,11.06,17.00,6.50,20.90,27.27,18.08,31.99,20.48,29.44
1777933777,11.13,17.75,6.25,20.83,27.27,18.05,31.97,20.46,29.41
1777933778,11.06,18.25,6.25,21.07,27.30,18.01,31.97,20.64,29.47
1777933780,11.13,17.25,6.75,21.18,27.30,18.08,32.03,20.44,29.49
1777933782,11.13,17.75,6.75,20.86,27.25,18.08,32.06,20.20,29.49
1777933783,11.13,17.00,6.50,20.82,27.28,18.06,32.10,20.91,29.63
1777933785,11.06,17.75,6.25,21.10,27.33,18.17,32.14,20.12,29.52
1777933786,11.06,18.00,6.50,21.26,27.36,18.19,32.12,20.44,29.56
1777933788,11.06,17.75,6.75,20.93,27.33,18.19,32.06,20.15,29.49
1777933790,11.06,17.50,6.50,20.74,27.30,18.05,32.06,20.49,29.50
1777933791,11.06,18.00,6.25,21.02,27.34,18.13,32.04,20.72,29.49
1777933793,11.06,18.00,6.25,21.02,27.34,18.05,32.03,20.47,29.44
1777933795,11.06,17.25,7.00,20.90,27.30,18.02,31.99,20.20,29.39
1777933796,11.06,17.00,6.25,21.04,27.31,18.10,32.00,20.51,29.48
1777933798,11.06,17.75,6.75,21.05,27.28,18.12,31.98,20.38,29.45
1777933799,11.06,17.00,6.25,21.11,27.27,18.10,31.98,20.59,29.46
1777933801,11.06,17.25,6.00,20.82,27.20,18.10,31.99,20.55,29.47
1777933803,11.06,16.50,6.75,20.86,27.20,18.13,31.98,20.49,29.44
1777933804,11.00,17.00,6.75,21.05,27.19,18.09,31.98,20.62,29.43
1777933806,11.00,16.25,6.00,21.26,27.19,18.18,31.99,20.61,29.40
1777933807,11.00,17.25,6.25,20.91,27.14,18.10,31.98,20.29,29.35
1777933809,11.00,17.75,6.50,20.96,27.14,18.13,31.96,20.33,29.34
1777933811,10.94,17.50,6.50,20.88,27.15,18.05,31.95,20.59,29.36
1777933812,11.00,18.00,6.25,20.96,27.14,18.10,31.95,20.63,29.34
1777933814,11.00,18.00,6.25,20.91,27.13,18.09,31.94,20.25,29.29
1777933815,10.94,17.50,6.25,21.06,27.15,18.00,31.94,20.70,29.35
1777933817,11.00,17.25,6.75,21.05,27.15,18.01,31.94,20.46,29.30
1777933819,10.94,17.75,6.00,21.22,27.18,18.01,31.97,20.60,29.37
1777933820,11.00,17.75,6.25,20.92,27.17,18.11,32.02,20.76,29.47
1777933822,11.00,17.25,6.50,21.26,27.25,18.01,32.06,20.03,29.42
1777933823,11.06,17.25,6.50,21.08,27.24,17.97,32.10,20.29,29.48
1777933825,11.06,17.75,6.50,20.91,27.26,18.15,32.18,20.41,29.53
1777933827,11.06,18.00,6.25,21.01,27.30,18.05,32.16,20.52,29.57
1777933828,11.06,18.00,6.00,20.89,27.30,18.12,32.15,20.53,29.60
1777933830,11.00,17.50,6.75,21.08,27.32,18.02,32.12,20.24,29.53
1777933831,11.00,18.00,6.50,21.30,27.36,18.14,32.12,20.41,29.52
1777933833,10.94,17.25,6.50,20.91,27.28,18.07,32.09,20.60,29.52
1777933835,10.94,17.25,6.25,20.96,27.29,18.09,32.05,20.40,29.47
1777933836,10.81,18.25,6.50,20.93,27.28,17.97,32.03,20.66,29.47
1777933838,10.75,18.25,6.00,20.98,27.27,18.14,32.04,20.33,29.41
1777933839,10.81,18.00,6.50,20.80,27.25,18.05,32.04,20.48,29.46
1777933841,10.75,17.75,6.00,20.85,27.25,18.05,32.06,20.11,29.46
1777933843,10.81,17.25,6.75,21.08,27.26,18.06,32.07,20.40,29.51
1777933844,10.75,17.00,6.25,21.29,27.29,18.13,32.05,20.23,29.50
1777933846,10.81,17.25,6.50,20.95,27.24,18.16,32.06,20.24,29.52
1777933848,10.69,17.00,6.50,20.92,27.22,18.02,32.03,20.16,29.51
1777933849,10.69,17.00,6.75,20.92,27.21,17.97,32.03,20.19,29.54
1777933851,10.75,17.50,6.50,20.98,27.22,17.95,32.01,20.49,29.59
1777933852,10.75,17.50,6.50,21.29,27.24,18.05,32.04,20.33,29.59
1777933854,10.75,17.75,6.50,20.90,27.17,18.07,32.04,20.25,29.58
1777933856,10.75,17.50,6.25,21.00,27.19,18.08,32.06,20.29,29.60
1777933857,10.75,17.00,6.50,20.93,27.18,17.95,32.05,20.14,29.59
1777933859,10.75,17.50,6.25,20.96,27.19,18.06,32.08,20.19,29.60
1777933860,10.81,17.25,6.50,20.81,27.16,18.13,32.11,20.45,29.65
1777933862,10.88,17.50,6.50,20.83,27.19,18.16,32.15,20.37,29.66
1777933864,10.88,16.75,6.75,20.85,27.18,17.99,32.16,20.15,29.65
1777933865,10.88,17.25,6.50,20.99,27.23,18.01,32.20,20.28,29.72
1777933867,10.88,17.00,6.75,20.90,27.27,18.14,32.29,20.32,29.76
1777933868,10.94,17.50,6.00,21.05,27.33,18.05,32.33,20.58,29.84
1777933870,11.00,17.50,6.50,20.99,27.35,18.08,32.36,20.20,29.79
1777933872,11.00,18.25,6.00,21.26,27.41,18.05,32.40,20.50,29.84
1777933873,10.94,17.50,6.25,20.93,27.37,18.12,32.40,20.33,29.80
1777933875,11.00,16.50,6.75,21.10,27.40,18.05,32.36,20.47,29.80
1777933876,10.94,17.50,6.50,21.15,27.39,17.96,32.32,20.55,29.81
1777933878,10.94,17.25,6.00,20.98,27.36,18.07,32.28,20.37,29.76
1777933880,10.88,17.00,6.50,20.72,27.30,18.04,32.26,20.20,29.72
1777933881,10.94,18.00,6.75,20.97,27.32,18.08,32.24,20.04,29.68
1777933883,10.94,17.75,6.75,20.99,27.31,18.16,32.22,20.05,29.66
1777933884,10.88,18.25,6.50,20.99,27.29,17.90,32.22,20.17,29.71
1777933886,10.88,17.75,6.50,20.91,27.26,18.09,32.28,20.66,29.79
1777933888,10.94,17.75,6.50,21.03,27.25,17.98,32.27,20.33,29.75
1777933889,10.88,17.50,6.25,21.05,27.26,18.14,32.32,20.16,29.69
1777933891,10.88,18.00,5.75,21.05,27.25,17.95,32.27,20.25,29.68
1777933893,10.94,17.00,6.50,21.00,27.23,18.06,32.30,20.32,29.67
1777933894,10.88,16.75,6.00,20.91,27.23,18.04,32.28,20.15,29.64
1777933896,10.88,17.00,6.00,20.79,27.19,17.96,32.24,20.42,29.65
1777933897,10.81,16.75,6.50,21.18,27.27,17.95,32.23,20.12,29.60
1777933899,10.81,16.75,6.50,20.95,27.21,18.06,32.24,20.16,29.63
1777933901,10.75,16.50,6.25,20.70,27.17,18.12,32.24,20.19,29.63
1777933902,10.75,16.50,6.50,20.94,27.22,18.00,32.22,20.50,29.71
1777933904,10.75,16.75,6.00,20.80,27.15,18.00,32.23,20.33,29.72
1777933905,10.69,16.75,6.50,21.25,27.20,17.98,32.23,20.30,29.74
1777933907,10.69,17.00,6.25,21.11,27.17,18.10,32.24,20.69,29.83
1777933909,10.69,17.50,6.50,20.66,27.10,18.01,32.21,20.18,29.75
1777933910,10.63,17.00,6.75,20.94,27.13,18.08,32.22,20.26,29.77
1777933912,10.69,17.75,6.50,20.95,27.15,18.21,32.22,20.28,29.79
1777933913,10.63,17.75,6.75,20.98,27.16,18.02,32.21,20.31,29.80
1777933915,10.63,17.00,6.50,21.15,27.21,18.02,32.23,20.40,29.87
1777933917,10.69,17.25,6.25,20.98,27.21,18.05,32.23,20.38,29.92
1777933918,10.75,17.25,6.25,20.90,27.27,18.06,32.27,20.28,29.98
1777933920,10.75,17.50,6.75,21.04,27.32,18.01,32.31,20.33,30.05
1777933921,10.81,17.25,6.50,21.03,27.37,18.01,32.33,20.19,30.06
1777933923,10.75,18.00,6.75,21.23,27.43,17.97,32.32,20.64,30.13
1777933925,10.81,17.75,6.75,20.90,27.39,18.13,32.36,20.12,30.03
1777933926,10.75,17.25,6.50,20.84,27.39,18.01,32.34,20.74,30.12
1777933928,10.75,16.75,6.75,20.92,27.42,18.08,32.33,19.91,30.00
1777933929,10.81,17.25,6.50,20.98,27.41,17.99,32.31,20.07,30.03
1777933931,10.75,17.50,6.50,21.23,27.44,18.02,32.32,20.06,30.01
1777933933,10.81,18.25,6.25,20.88,27.39,18.02,32.29,20.44,30.01
1777933934,10.75,17.75,6.25,21.07,27.40,17.90,32.28,20.19,29.95
1777933936,10.81,17.75,6.75,21.11,27.39,18.02,32.30,20.16,29.92
1777933938,10.81,18.25,6.25,21.14,27.39,18.00,32.28,20.29,29.91
1777933939,10.81,17.75,6.50,21.05,27.36,17.94,32.26,20.50,29.89
1777933941,10.81,18.50,6.75,21.10,27.36,18.08,32.31,20.33,29.86
1777933942,10.81,18.50,6.00,21.19,27.39,17.97,32.28,20.16,29.85
1777933944,10.81,17.75,6.75,20.89,27.35,18.15,32.30,20.49,29.92
1777933946,10.75,17.00,6.00,20.91,27.36,18.08,32.27,20.61,29.94
1777933947,10.75,16.75,6.75,20.84,27.32,18.01,32.24,20.05,29.86
1777933949,10.75,17.25,6.50,20.94,27.34,18.02,32.25,20.15,29.88
1777933950,10.69,16.50,6.75,21.12,27.36,17.94,32.22,20.14,29.88
1777933952,10.69,16.25,6.25,20.96,27.31,18.08,32.23,20.29,29.91
1777933954,10.69,16.75,6.75,20.92,27.30,17.98,32.21,19.96,29.87
1777933955,10.69,17.00,5.75,21.07,27.31,18.14,32.25,20.01,29.89
1777933957,10.69,17.50,6.00,21.02,27.27,17.97,32.24,20.25,29.94
1777933958,10.69,16.75,6.00,20.89,27.25,18.06,32.24,20.14,29.94
1777933960,10.63,16.75,6.50,20.90,27.25,17.92,32.21,20.12,29.95
1777933962,10.63,16.75,6.25,20.91,27.24,17.90,32.21,20.00,29.92
1777933963,10.63,16.75,6.75,21.03,27.27,18.01,32.22,20.09,29.94
1777933965,10.63,17.00,6.25,21.23,27.31,17.99,32.23,19.83,29.89
1777933966,10.63,17.00,6.75,20.91,27.28,18.16,32.24,20.10,29.95
1777933968,10.63,17.00,6.50,20.78,27.25,17.91,32.23,20.08,29.97
1777933970,10.56,17.00,6.75,21.01,27.28,17.87,32.24,19.95,29.97
1777933971,10.63,17.00,6.25,20.87,27.27,17.92,32.27,20.55,30.05
1777933973,10.63,17.50,6.75,20.91,27.26,18.08,32.30,20.09,29.98
1777933974,10.63,18.25,6.50,20.92,27.27,17.95,32.25,20.13,29.98
1777933976,10.63,17.75,6.75,20.87,27.28,18.12,32.31,19.82,29.95
1777933978,10.63,18.00,6.50,20.89,27.28,18.01,32.31,19.83,29.95
1777933979,10.69,17.50,6.75,21.26,27.37,18.01,32.32,20.08,30.02
1777933981,10.69,17.75,6.50,20.89,27.32,17.97,32.32,20.13,30.09
1777933982,10.69,17.75,6.75,21.01,27.35,17.91,32.31,20.28,30.17
1777933984,10.69,17.75,6.75,21.18,27.40,17.90,32.34,20.08,30.17
1777933986,10.63,17.75,6.75,21.15,27.42,18.09,32.39,20.21,30.21
1777933987,10.69,18.00,6.75,20.83,27.39,18.07,32.39,19.62,30.12
1777933989,10.63,18.00,6.50,20.91,27.40,17.84,32.37,20.25,30.20
1777933991,10.63,16.75,6.75,20.98,27.42,17.88,32.37,19.72,30.11
1777933992,10.63,17.00,6.50,21.17,27.43,18.05,32.39,20.23,30.18
1777933994,10.63,17.00,7.00,20.83,27.38,17.94,32.39,20.19,30.16
1777933995,10.63,16.50,5.75,21.05,27.40,17.79,32.37,20.03,30.16
1777933997,10.63,16.75,6.50,20.87,27.36,17.94,32.40,20.30,30.22
1777933999,10.56,17.25,6.50,21.30,27.42,17.87,32.40,20.13,30.21
1777934000,10.56,17.00,6.50,20.86,27.34,17.96,32.41,20.11,30.24
1777934002,10.56,17.00,6.25,20.79,27.34,17.76,32.39,20.05,30.25
1777934003,10.56,18.00,6.75,20.92,27.34,17.87,32.40,19.95,30.26
1777934005,10.50,16.75,6.50,20.97,27.35,17.93,32.42,20.26,30.33
1777934007,10.56,17.00,6.50,20.93,27.36,17.93,32.43,19.91,30.28
1777934008,10.56,17.00,6.00,20.99,27.36,17.92,32.44,20.10,30.34
1777934010,10.50,17.00,6.75,21.03,27.35,17.99,32.47,19.66,30.28
1777934011,10.50,17.00,6.50,20.89,27.35,17.77,32.46,20.16,30.34
1777934013,10.44,17.00,6.50,21.10,27.40,17.92,32.49,20.01,30.31
1777934015,10.44,17.00,6.50,20.82,27.34,17.89,32.48,20.08,30.30
1777934016,10.44,16.50,6.00,21.01,27.36,17.89,32.45,20.16,30.30
1777934018,10.44,17.00,6.50,20.96,27.35,17.90,32.47,20.14,30.30
1777934019,10.44,16.75,6.50,20.92,27.35,17.90,32.48,20.17,30.30
1777934021,10.44,17.25,6.75,20.92,27.35,18.00,32.50,20.01,30.28
1777934023,10.44,17.00,6.00,21.19,27.39,17.83,32.47,19.67,30.24
1777934024,10.38,16.75,6.50,21.22,27.39,17.87,32.53,19.87,30.28
1777934026,10.38,17.00,6.50,20.75,27.34,17.90,32.54,19.82,30.28
1777934027,10.44,17.75,6.50,21.01,27.39,17.85,32.54,20.08,30.36
1777934029,10.44,17.75,6.25,20.98,27.37,17.88,32.51,19.55,30.32
1777934031,10.44,17.50,6.50,21.05,27.40,17.98,32.52,19.91,30.38
1777934032,10.38,17.00,6.50,21.20,27.42,17.84,32.49,20.16,30.45
1777934034,10.38,16.75,6.50,20.98,27.39,17.97,32.50,19.81,30.42
1777934036,10.44,17.25,6.50,20.91,27.38,17.92,32.49,19.84,30.42
1777934037,10.38,17.00,6.75,20.95,27.39,17.76,32.47,20.16,30.48
1777934039,10.38,16.25,6.75,20.69,27.37,17.91,32.50,20.08,30.46
1777934040,10.44,16.75,6.75,21.26,27.44,17.81,32.50,20.14,30.47
1777934042,10.38,17.00,6.75,20.94,27.40,17.91,32.54,20.16,30.47
1777934044,10.31,17.50,6.50,20.80,27.37,17.84,32.54,19.74,30.40
1777934045,10.44,17.25,6.25,20.94,27.39,17.84,32.53,19.88,30.42
1777934047,10.44,16.75,6.50,20.84,27.39,17.92,32.54,20.06,30.45
1777934048,10.44,17.50,6.25,21.06,27.43,17.74,32.52,19.62,30.38
1777934050,10.44,17.50,6.50,20.83,27.41,18.05,32.55,20.14,30.48
1777934052,10.44,17.25,6.50,20.82,27.43,17.85,32.52,19.79,30.47
1777934053,10.44,17.75,6.50,20.90,27.46,17.85,32.53,19.89,30.50
1777934055,10.44,17.75,5.75,20.99,27.47,17.90,32.54,19.79,30.49
1777934056,10.44,17.50,6.25,20.73,27.47,17.85,32.56,19.94,30.55
1777934058,10.44,17.75,6.75,21.12,27.53,17.85,32.57,19.65,30.56
1777934060,10.50,18.00,6.50,20.87,27.51,17.90,32.60,20.16,30.65
1777934061,10.50,18.00,6.50,20.83,27.52,17.84,32.61,19.77,30.61
1777934063,10.50,17.75,6.75,20.98,27.54,17.83,32.60,19.58,30.62
1777934064,10.44,17.25,6.25,20.92,27.54,17.76,32.60,19.98,30.66
1777934066,10.44,17.25,7.00,20.96,27.55,17.90,32.63,20.05,30.69
1777934068,10.50,18.00,6.75,20.67,27.54,17.91,32.63,20.03,30.68
1777934069,10.56,18.25,6.00,20.94,27.59,17.87,32.66,19.97,30.67
1777934071,10.56,17.25,6.75,20.86,27.57,17.84,32.68,19.76,30.65
1777934072,10.50,17.25,6.50,20.77,27.59,17.90,32.72,20.01,30.68
1777934074,10.50,17.50,6.75,20.94,27.60,17.85,32.76,19.74,30.65
1777934076,10.56,17.25,6.50,20.80,27.58,17.90,32.78,19.73,30.66
1777934077,10.50,17.25,5.75,20.94,27.62,17.82,32.77,19.78,30.68
1777934079,10.50,17.00,6.50,21.02,27.63,17.84,32.78,19.84,30.66
1777934081,10.50,17.00,6.50,20.81,27.61,17.77,32.76,20.05,30.70
1777934082,10.50,17.00,6.50,20.85,27.61,17.76,32.75,20.05,30.73
1777934084,10.44,17.75,6.25,20.86,27.59,17.88,32.75,19.66,30.62
1777934085,10.44,17.25,6.00,20.89,27.60,17.73,32.72,19.78,30.57
1777934087,10.44,18.00,6.75,20.66,27.58,17.76,32.73,19.61,30.51
1777934089,10.44,17.50,6.00,20.76,27.56,17.77,32.74,19.52,30.53
1777934090,10.50,17.50,6.00,20.95,27.60,17.76,32.75,19.74,30.63
1777934092,10.44,16.50,6.75,20.90,27.59,17.90,32.80,20.06,30.69
1777934093,10.44,16.75,6.00,20.80,27.57,17.84,32.80,19.69,30.65
1777934095,10.44,17.75,6.25,20.71,27.55,17.65,32.78,19.71,30.67
1777934097,10.44,17.75,6.75,20.81,27.56,17.75,32.80,19.65,30.65
1777934098,10.50,16.75,6.00,20.80,27.56,17.74,32.81,19.78,30.68
1777934100,10.44,17.00,6.50,20.86,27.56,17.73,32.83,19.61,30.67
1777934101,10.50,17.00,6.25,20.68,27.55,17.76,32.85,19.94,30.70
1777934103,10.44,16.50,6.50,20.79,27.58,17.80,32.86,19.68,30.64
1777934105,10.38,16.75,6.00,20.82,27.61,17.79,32.89,19.98,30.69
1777934106,10.38,16.50,6.25,20.93,27.60,17.85,32.89,19.66,30.70
1777934108,10.38,16.75,6.25,20.53,27.57,17.76,32.88,19.50,30.69
1777934109,10.38,17.00,6.50,20.76,27.58,17.73,32.85,19.73,30.71
1777934111,10.44,16.50,6.00,20.77,27.59,17.71,32.86,19.76,30.71
1777934113,10.38,16.50,6.25,20.80,27.58,17.82,32.85,20.07,30.74
1777934114,10.31,16.00,5.75,21.04,27.62,17.78,32.82,19.79,30.70
1777934116,10.31,16.50,6.25,20.83,27.61,17.83,32.84,19.40,30.62
1777934117,10.31,16.25,6.50,20.92,27.61,17.75,32.82,19.48,30.66
1777934119,10.38,16.50,6.25,20.84,27.60,17.77,32.84,19.50,30.64
1777934121,10.38,17.00,6.25,20.86,27.60,17.76,32.85,19.60,30.63
1777934122,10.38,17.75,6.50,20.86,27.59,17.71,32.85,19.58,30.63
1777934124,10.38,17.75,5.75,20.75,27.59,17.84,32.88,19.99,30.70
1777934125,10.38,17.75,6.00,20.97,27.64,17.71,32.84,19.40,30.66
1777934127,10.38,17.75,6.00,20.94,27.64,17.80,32.85,19.73,30.70
1777934129,10.38,17.25,6.75,20.75,27.59,17.71,32.83,19.81,30.72
1777934130,10.38,17.50,6.50,20.91,27.63,17.79,32.84,19.64,30.69
1777934132,10.38,17.00,6.25,20.77,27.62,17.78,32.81,19.84,30.73
1777934134,10.38,17.25,6.25,20.87,27.64,17.79,32.83,19.91,30.73
1777934135,10.38,17.25,5.75,20.93,27.66,17.81,32.83,19.66,30.70
1777934137,10.44,17.25,6.25,20.82,27.67,17.74,32.82,19.50,30.70
1777934138,10.38,17.50,7.00,20.64,27.66,17.68,32.83,19.60,30.76
1777934140,10.38,17.00,6.25,20.55,27.68,17.70,32.84,19.76,30.89
1777934142,10.44,17.75,6.50,20.89,27.75,17.87,32.86,19.67,30.94
1777934143,10.44,17.75,6.00,20.62,27.75,17.75,32.84,19.58,31.01
1777934145,10.44,18.00,6.50,20.70,27.79,17.74,32.85,19.64,31.06
1777934146,10.44,17.50,6.25,20.87,27.84,17.79,32.85,20.07,31.11
1777934148,10.44,17.50,6.25,20.91,27.86,17.79,32.85,19.86,31.04
1777934150,10.44,17.50,5.50,20.80,27.85,17.82,32.87,19.99,31.06
1777934151,10.44,18.00,6.00,20.91,27.88,17.74,32.86,19.39,30.94
1777934153,10.38,17.75,6.25,20.79,27.85,17.73,32.84,19.75,30.96
1777934154,10.38,17.25,6.00,20.84,27.87,17.69,32.85,19.79,31.00
1777934156,10.38,17.25,6.25,20.82,27.88,17.75,32.87,19.83,31.00
1777934158,10.38,17.25,6.00,20.89,27.90,17.72,32.87,19.37,30.90
1777934159,10.38,17.75,6.50,20.91,27.87,17.69,32.87,19.83,30.91
1777934161,10.31,18.00,6.25,20.76,27.83,17.84,32.88,19.45,30.84
1777934162,10.31,18.00,6.00,20.73,27.82,17.78,32.86,19.58,30.88
1777934164,10.31,17.25,6.00,20.76,27.80,17.76,32.85,19.69,30.92
1777934166,10.31,17.50,6.50,20.93,27.84,17.69,32.84,19.69,30.94
1777934167,10.25,17.00,6.75,20.62,27.81,17.73,32.84,19.41,30.92
1777934169,10.31,17.75,6.25,20.60,27.82,17.73,32.86,19.95,30.99
1777934170,10.31,17.50,6.50,20.62,27.80,17.74,32.86,19.97,31.01
1777934172,10.31,17.75,6.75,20.81,27.89,17.73,32.90,19.94,31.06
1777934174,10.38,17.75,6.75,20.45,27.89,17.83,32.95,19.23,31.07
1777934175,10.50,17.25,6.50,20.70,27.95,17.72,32.98,19.44,31.18
1777934177,10.50,17.75,6.50,20.76,27.99,17.62,33.02,19.30,31.28
1777934179,10.56,17.25,6.75,20.85,28.08,17.73,33.10,20.00,31.50
1777934180,10.56,17.75,6.50,20.42,28.08,17.65,33.16,19.97,31.54
1777934182,10.56,17.75,6.25,20.48,28.13,17.84,33.24,19.40,31.52
1777934183,10.56,17.25,6.25,20.58,28.19,17.79,33.33,19.48,31.55
1777934185,10.56,17.75,6.75,20.62,28.21,17.83,33.30,19.69,31.54
1777934187,10.63,17.75,6.75,20.78,28.27,17.73,33.23,19.66,31.44
1777934188,10.63,18.00,6.75,20.42,28.19,17.81,33.20,19.52,31.33
1777934190,10.63,17.50,6.50,20.48,28.20,17.68,33.16,19.91,31.30
1777934191,10.63,18.00,6.50,20.89,28.21,17.70,33.13,19.66,31.23
1777934193,10.56,17.50,6.25,20.50,28.14,17.73,33.11,19.69,31.18
1777934195,10.56,17.75,6.50,20.36,28.09,17.60,33.06,19.73,31.18
1777934196,10.56,17.25,6.50,20.79,28.12,17.65,33.06,19.39,31.13
1777934198,10.56,17.50,6.00,20.59,28.06,17.73,33.07,19.81,31.16
1777934199,10.56,17.50,6.50,20.98,28.12,17.68,33.08,19.33,31.10
1777934201,10.56,17.50,6.75,20.91,28.11,17.62,33.13,19.79,31.20
1777934203,10.56,17.50,6.25,20.37,28.05,17.66,33.17,19.68,31.25
1777934204,10.56,17.75,6.50,20.80,28.13,17.74,33.24,19.56,31.28
1777934206,10.56,17.25,6.25,20.57,28.11,17.67,33.24,19.95,31.35
1777934207,10.50,16.75,6.75,20.65,28.13,17.72,33.22,19.80,31.29
1777934209,10.56,17.25,6.50,20.76,28.15,17.68,33.17,19.77,31.27
1777934211,10.50,17.25,6.75,20.44,28.08,17.81,33.16,19.55,31.18
1777934212,10.50,17.00,6.50,20.53,28.09,17.66,33.10,19.26,31.11
1777934214,10.50,17.00,6.25,20.66,28.07,17.79,33.12,19.72,31.17
1777934215,10.44,17.50,6.50,20.51,28.06,17.71,33.09,19.82,31.19
1777934217,10.44,17.00,6.75,20.64,28.06,17.71,33.08,19.65,31.14
1777934219,10.50,18.00,6.25,20.88,28.09,17.76,33.08,19.96,31.14
1777934220,10.50,17.75,6.00,20.52,28.05,17.81,33.07,19.44,31.08
1777934222,10.50,17.25,6.50,20.58,28.08,17.77,33.11,19.90,31.18
1777934223,10.50,17.50,6.25,20.63,28.11,17.69,33.11,19.80,31.16
1777934225,10.50,17.75,6.50,20.57,28.13,17.70,33.10,19.59,31.15
1777934227,10.50,17.50,6.50,20.46,28.12,17.68,33.09,19.48,31.11
1777934228,10.50,17.75,6.00,20.77,28.18,17.77,33.10,19.40,31.06
1777934230,10.44,18.25,6.00,20.55,28.15,17.71,33.08,19.90,31.09
1777934232,10.44,17.75,6.00,20.48,28.15,17.76,33.08,19.92,31.10
1777934233,10.44,17.25,6.25,20.50,28.16,17.71,33.06,20.12,31.16
1777934235,10.44,17.50,6.00,20.64,28.17,17.80,33.06,19.32,31.05
1777934236,10.44,17.25,6.75,20.97,28.24,17.79,33.10,19.84,31.14
1777934238,10.44,17.75,6.50,20.55,28.19,17.76,33.13,19.29,31.08
1777934240,10.50,17.75,6.50,20.47,28.18,17.64,33.15,19.62,31.09
1777934241,10.44,17.75,6.50,20.44,28.17,17.69,33.17,19.83,31.12
1777934243,10.44,17.50,6.25,20.73,28.21,17.76,33.15,19.41,31.06
1777934244,10.50,17.25,6.75,20.51,28.18,17.76,33.17,19.92,31.15
1777934246,10.50,18.00,6.50,20.75,28.22,17.77,33.20,19.41,31.13
1777934248,10.56,18.00,6.75,20.68,28.23,17.66,33.24,19.83,31.26
1777934249,10.50,17.25,6.00,20.47,28.21,17.66,33.23,19.58,31.24
1777934251,10.56,17.50,6.75,20.72,28.24,17.66,33.26,19.64,31.24
1777934252,10.56,18.00,5.50,20.43,28.21,17.66,33.26,19.25,31.17
1777934254,10.56,18.00,5.75,20.59,28.21,17.84,33.30,19.81,31.24
1777934256,10.56,17.50,6.50,20.80,28.24,17.58,33.26,19.52,31.14
1777934257,10.56,18.00,6.25,20.76,28.24,17.53,33.25,19.77,31.17
1777934259,10.56,17.50,6.50,20.85,28.24,17.65,33.25,19.54,31.15
1777934260,10.56,17.25,6.25,20.54,28.20,17.71,33.25,19.67,31.18
1777934262,10.50,17.00,5.75,20.59,28.20,17.70,33.25,19.78,31.21
1777934264,10.50,17.50,6.00,20.58,28.20,17.57,33.24,19.59,31.20
1777934265,10.50,16.75,6.25,20.74,28.21,17.62,33.24,19.80,31.25
1777934267,10.50,17.25,6.75,20.62,28.21,17.62,33.28,19.55,31.28
1777934268,10.56,17.50,6.25,20.80,28.24,17.69,33.28,19.48,31.28
1777934270,10.56,17.00,6.75,20.48,28.21,17.62,33.28,19.64,31.33
1777934272,10.56,16.00,6.75,20.63,28.26,17.78,33.34,19.96,31.44
1777934273,10.56,16.75,6.75,20.69,28.29,17.72,33.38,19.87,31.49
1777934275,10.56,17.00,6.25,20.36,28.30,17.66,33.44,19.71,31.55
1777934277,10.63,17.50,6.00,20.32,28.33,17.64,33.46,19.91,31.64
1777934278,10.63,17.00,6.00,20.75,28.43,17.57,33.46,19.84,31.66
1777934280,10.63,17.75,5.75,20.98,28.49,17.62,33.47,20.01,31.64
1777934281,10.63,18.00,6.25,20.62,28.46,17.66,33.45,19.98,31.60
1777934283,10.63,18.00,6.25,20.42,28.41,17.61,33.39,19.56,31.49
1777934285,10.63,17.00,6.25,20.51,28.41,17.58,33.34,19.58,31.46
1777934286,10.56,16.25,6.25,20.43,28.40,17.67,33.31,19.92,31.47
1777934288,10.56,17.00,6.00,20.54,28.39,17.73,33.31,19.91,31.45
1777934289,10.56,17.00,5.75,20.37,28.35,17.58,33.26,19.34,31.33
1777934291,10.56,18.00,6.25,20.39,28.33,17.56,33.23,19.78,31.36
1777934293,10.56,17.25,6.25,20.42,28.33,17.71,33.26,19.83,31.35
1777934294,10.50,17.00,6.25,20.66,28.35,17.65,33.24,19.46,31.30
1777934296,10.50,17.25,6.25,20.71,28.33,17.57,33.22,19.84,31.33
1777934297,10.44,18.00,6.00,20.55,28.33,17.62,33.22,19.80,31.29
1777934299,10.44,17.25,6.25,20.57,28.34,17.55,33.22,19.88,31.29
1777934301,10.38,17.25,6.25,20.47,28.32,17.73,33.24,19.30,31.22
1777934302,10.38,17.25,6.25,20.72,28.37,17.65,33.25,19.62,31.27
1777934304,10.38,17.75,6.50,20.39,28.32,17.51,33.26,19.84,31.25
1777934305,10.38,17.25,6.25,20.40,28.31,17.65,33.28,19.39,31.14
1777934307,10.38,16.75,6.50,20.35,28.31,17.60,33.27,19.48,31.17
1777934309,10.31,16.50,6.00,20.77,28.36,17.58,33.27,19.38,31.19
1777934310,10.31,16.75,6.50,20.88,28.39,17.57,33.25,19.70,31.27
1777934312,10.31,16.25,6.00,20.76,28.38,17.52,33.27,19.46,31.29
1777934313,10.31,16.75,6.50,20.51,28.35,17.48,33.26,19.41,31.32
1777934315,10.25,17.50,6.00,20.54,28.34,17.69,33.30,20.00,31.40
1777934317,10.31,17.50,5.50,20.37,28.32,17.55,33.30,19.97,31.40
1777934318,10.31,17.50,5.75,20.88,28.40,17.66,33.30,19.23,31.30
1777934320,10.31,17.25,6.00,20.76,28.37,17.55,33.27,19.38,31.35
1777934322,10.25,17.50,6.00,20.37,28.32,17.53,33.28,19.44,31.35
1777934323,10.25,17.75,5.75,20.76,28.37,17.73,33.27,19.90,31.43
1777934325,10.31,17.50,6.75,20.48,28.34,17.62,33.26,19.49,31.36
1777934326,10.31,17.50,6.50,20.93,28.41,17.57,33.28,19.89,31.48
1777934328,10.25,18.00,6.75,20.70,28.44,17.64,33.33,19.99,31.58
1777934330,10.38,16.75,6.25,20.66,28.45,17.68,33.34,19.10,31.46
1777934331,10.38,17.00,6.00,20.34,28.44,17.52,33.32,19.98,31.53
1777934333,10.31,16.75,6.50,20.48,28.44,17.58,33.32,19.71,31.44
1777934334,10.31,17.25,5.75,20.43,28.45,17.56,33.29,19.30,31.31
1777934336,10.31,17.50,6.00,20.39,28.42,17.60,33.24,19.47,31.25
1777934338,10.25,17.50,6.50,20.92,28.51,17.65,33.26,19.53,31.21
1777934339,10.25,17.00,6.00,20.55,28.48,17.66,33.25,19.26,31.15
1777934341,10.25,17.50,6.25,20.95,28.53,17.67,33.23,19.91,31.21
1777934342,10.25,17.75,6.00,20.38,28.47,17.61,33.23,19.27,31.12
1777934344,10.25,18.00,6.50,20.31,28.43,17.62,33.19,19.86,31.27
1777934346,10.19,17.75,5.75,20.95,28.54,17.68,33.25,19.19,31.30
1777934347,10.19,17.50,6.25,20.86,28.52,17.61,33.26,19.91,31.53
1777934349,10.19,17.75,6.25,20.44,28.51,17.72,33.29,19.56,31.57
1777934350,10.19,17.50,5.50,20.53,28.51,17.76,33.32,19.47,31.64
1777934352,10.25,17.25,6.25,20.54,28.53,17.65,33.31,19.88,31.77
1777934354,10.25,17.50,6.50,20.29,28.53,17.66,33.33,19.41,31.76
1777934355,10.31,17.00,6.50,20.39,28.58,17.73,33.41,19.70,31.87
1777934357,10.38,17.25,6.00,20.48,28.64,17.80,33.44,19.33,31.87
1777934358,10.38,18.00,6.25,20.40,28.66,17.75,33.47,19.26,31.90
1777934360,10.38,18.00,6.25,20.54,28.70,17.70,33.47,20.12,32.06
1777934362,10.38,17.75,6.50,20.53,28.73,17.78,33.45,19.41,31.96
1777934363,10.38,17.75,6.25,20.46,28.71,17.78,33.40,19.97,32.02
1777934365,10.44,18.00,6.25,20.27,28.69,17.82,33.36,19.46,31.85
1777934366,10.31,17.75,6.00,20.86,28.75,17.83,33.33,19.99,31.89
1777934368,10.38,17.50,6.25,20.15,28.64,17.72,33.28,19.98,31.84
1777934370,10.38,17.25,6.50,20.63,28.70,17.73,33.27,19.92,31.80
1777934371,10.31,17.25,6.50,20.44,28.67,17.55,33.24,19.42,31.70
1777934373,10.31,17.25,6.25,20.26,28.63,17.67,33.27,19.45,31.65
1777934375,10.31,17.50,6.50,20.53,28.66,17.65,33.24,19.62,31.67
1777934376,10.31,17.75,6.25,20.26,28.61,17.62,33.24,19.62,31.65
1777934378,10.31,17.50,6.00,20.44,28.64,17.69,33.25,19.40,31.59
1777934379,10.31,17.00,6.50,20.40,28.64,17.58,33.27,19.45,31.58
1777934381,10.38,17.00,6.50,20.31,28.64,17.66,33.32,19.50,31.60
1777934383,10.38,17.50,6.25,20.72,28.72,17.62,33.35,19.97,31.72
1777934384,10.38,17.25,6.50,20.55,28.72,17.69,33.45,19.71,31.77
1777934386,10.38,18.00,6.50,20.68,28.74,17.55,33.48,19.40,31.78
1777934387,10.38,17.75,6.75,20.38,28.72,17.61,33.50,19.52,31.83
1777934389,10.38,17.75,6.50,20.31,28.71,17.62,33.53,19.56,31.82
1777934391,10.44,17.25,6.00,20.51,28.75,17.54,33.50,19.89,31.82
1777934392,10.38,17.00,6.25,20.25,28.69,17.69,33.50,19.47,31.71
1777934394,10.38,17.25,6.75,20.26,28.70,17.69,33.51,19.26,31.67
1777934395,10.44,17.00,6.25,20.37,28.73,17.77,33.54,19.67,31.77
1777934397,10.44,17.75,6.50,20.44,28.75,17.58,33.54,19.54,31.80
1777934399,10.44,18.00,6.25,20.27,28.74,17.66,33.58,19.47,31.80
1777934400,10.44,18.00,6.50,20.84,28.82,17.57,33.54,19.86,31.86
1777934402,10.44,18.25,6.75,20.15,28.73,17.71,33.55,19.48,31.80
1777934403,10.44,17.50,6.50,20.66,28.77,17.57,33.49,19.89,31.84
1777934405,10.38,17.50,6.25,20.12,28.67,17.62,33.49,19.35,31.74
1777934407,10.44,16.75,6.50,20.59,28.73,17.64,33.47,19.88,31.81
1777934408,10.38,16.50,6.50,20.48,28.70,17.68,33.47,19.82,31.81
1777934410,10.38,17.00,6.75,20.44,28.69,17.73,33.49,19.79,31.77
1777934411,10.38,17.00,6.50,20.23,28.66,17.62,33.43,19.36,31.70
1777934413,10.38,17.25,6.50,20.49,28.69,17.67,33.47,19.58,31.71
1777934415,10.38,16.75,6.75,20.68,28.73,17.65,33.48,19.50,31.71
1777934416,10.38,16.75,6.00,20.29,28.68,17.74,33.51,19.52,31.77
1777934418,10.44,17.25,6.75,20.59,28.72,17.62,33.54,19.38,31.81
1777934420,10.50,17.25,6.50,20.26,28.69,17.66,33.62,20.00,31.97
1777934421,10.50,17.50,6.75,20.22,28.71,17.69,33.66,19.50,31.96
1777934423,10.50,17.00,6.00,20.71,28.79,17.75,33.67,19.09,31.87
1777934424,10.50,17.75,5.75,20.58,28.77,17.68,33.65,19.55,31.92
1777934426,10.50,16.75,6.50,20.53,28.81,17.66,33.64,19.77,31.91
1777934428,10.50,16.75,6.50,20.43,28.79,17.58,33.62,19.41,31.84
1777934429,10.50,17.50,6.75,20.24,28.76,17.69,33.61,19.62,31.83
1777934431,10.44,17.25,6.75,20.40,28.76,17.70,33.59,19.39,31.80
1777934432,10.44,17.00,6.25,20.40,28.74,17.73,33.58,19.29,31.79
1777934434,10.44,16.25,6.00,20.51,28.73,17.69,33.55,19.71,31.84
1777934436,10.38,17.25,6.25,20.45,28.70,17.58,33.52,19.43,31.80
1777934437,10.38,17.75,6.75,20.21,28.66,17.73,33.52,19.52,31.80
1777934439,10.44,17.75,6.50,20.44,28.69,17.69,33.48,19.57,31.80
1777934440,10.38,17.50,6.75,20.72,28.72,17.66,33.41,19.23,31.75
1777934442,10.38,16.50,6.75,20.23,28.65,17.87,33.47,19.82,31.84
1777934444,10.38,16.50,6.00,20.25,28.64,17.69,33.42,19.05,31.71
1777934445,10.38,16.00,6.25,20.53,28.67,17.62,33.41,19.43,31.74
1777934447,10.38,16.75,6.75,20.54,28.68,17.65,33.42,19.50,31.73
1777934448,10.31,17.25,6.75,20.32,28.63,17.66,33.39,19.26,31.67
1777934450,10.31,16.75,6.50,20.40,28.64,17.65,33.40,19.07,31.61
1777934452,10.31,17.00,6.50,20.41,28.63,17.62,33.40,19.84,31.69
1777934453,10.31,16.25,6.50,20.28,28.62,17.59,33.38,19.12,31.62
1777934455,10.31,16.50,6.25,20.88,28.71,17.73,33.41,19.34,31.64
1777934456,10.25,16.75,6.50,20.28,28.63,17.64,33.40,19.66,31.72
1777934458,10.25,16.50,6.00,20.32,28.65,17.66,33.42,19.13,31.67
1777934460,10.25,16.75,6.25,20.68,28.70,17.61,33.42,19.77,31.79
1777934461,10.19,17.25,6.25,20.12,28.63,17.91,33.46,18.98,31.68
1777934463,10.19,17.25,6.50,20.59,28.70,17.68,33.46,19.31,31.70
1777934465,10.19,17.75,6.50,20.33,28.68,17.58,33.43,19.43,31.62
1777934466,10.19,17.25,6.50,20.47,28.69,17.62,33.45,19.24,31.53
1777934468,10.13,17.50,6.00,20.30,28.68,17.57,33.43,19.10,31.54
1777934469,10.13,17.75,6.75,20.37,28.70,17.67,33.46,19.16,31.49
1777934471,10.13,17.50,6.25,20.57,28.75,17.73,33.47,18.95,31.40
1777934473,10.06,18.25,6.25,20.41,28.75,17.57,33.43,19.53,31.46
1777934474,10.13,18.00,6.50,20.45,28.78,17.64,33.44,19.53,31.50
1777934476,10.13,18.00,6.00,20.22,28.72,17.73,33.47,19.41,31.58
1777934477,10.13,17.50,6.50,20.82,28.83,17.62,33.45,19.48,31.64
1777934479,10.13,17.50,6.25,20.51,28.78,17.68,33.48,19.52,31.68
1777934481,10.13,18.00,6.00,20.49,28.79,17.62,33.48,19.38,31.71
1777934482,10.13,17.50,6.00,20.47,28.78,17.79,33.48,19.25,31.71
1777934484,10.19,18.00,6.75,20.54,28.79,17.58,33.46,19.65,31.79
1777934485,10.13,17.00,6.50,20.55,28.81,17.66,33.46,19.50,31.77
1777934487,10.13,17.25,6.25,20.34,28.80,17.64,33.46,19.44,31.78
1777934489,10.19,17.00,6.50,20.44,28.81,17.57,33.48,19.33,31.81
1777934490,10.13,16.50,6.50,20.19,28.79,17.74,33.53,19.37,31.81
1777934492,10.13,17.50,6.50,20.45,28.81,17.65,33.56,19.63,31.89
1777934493,10.19,17.50,6.50,20.44,28.80,17.66,33.59,19.11,31.78
1777934495,10.19,17.50,6.75,20.58,28.82,17.69,33.62,19.11,31.77
1777934497,10.19,17.75,6.25,20.52,28.81,17.65,33.62,19.80,31.87
1777934498,10.19,17.25,6.75,20.27,28.77,17.66,33.63,19.42,31.80
1777934500,10.19,18.00,6.25,20.43,28.79,17.60,33.64,19.37,31.80
1777934501,10.19,17.25,6.50,20.29,28.77,17.71,33.65,19.46,31.81
1777934503,10.25,17.75,6.25,20.37,28.79,17.62,33.66,19.37,31.80
1777934505,10.25,17.75,6.25,20.70,28.83,17.67,33.66,19.41,31.82
1777934506,10.25,17.25,6.50,20.36,28.80,17.62,33.66,18.88,31.77
1777934508,10.25,17.00,6.50,20.49,28.81,17.62,33.67,19.43,31.86
1777934509,10.25,16.25,6.50,20.51,28.82,17.58,33.66,19.84,31.92
1777934511,10.25,16.50,6.00,20.44,28.82,17.58,33.66,19.23,31.84
1777934513,10.25,17.00,6.25,20.51,28.83,17.65,33.66,19.41,31.88
1777934514,10.25,17.25,6.50,20.80,28.86,17.62,33.66,19.44,31.87
1777934516,10.25,17.50,6.00,20.46,28.78,17.66,33.66,19.82,31.96
1777934518,10.31,17.25,6.00,20.55,28.87,17.72,33.70,19.14,31.99
1777934519,10.31,16.75,6.50,20.29,28.87,17.56,33.72,19.45,32.18
1777934521,10.38,17.25,6.25,20.28,28.92,17.68,33.82,19.36,32.33
1777934522,10.44,17.00,6.50,20.24,28.98,17.57,33.84,19.45,32.45
1777934524,10.50,17.50,6.50,20.28,29.05,17.59,33.91,19.79,32.57
1777934526,10.44,17.50,6.50,20.34,29.08,17.68,33.92,18.95,32.43
1777934527,10.50,17.75,6.25,20.33,29.11,17.69,33.90,19.76,32.50
1777934529,10.44,17.25,6.25,20.41,29.10,17.55,33.82,19.33,32.39
1777934530,10.44,17.25,6.00,20.21,29.07,17.74,33.83,18.87,32.28
1777934532,10.44,17.75,6.50,20.55,29.12,17.69,33.79,19.45,32.30
1777934534,10.44,18.25,6.75,20.32,29.06,17.59,33.74,19.31,32.18
1777934535,10.50,18.25,6.25,20.39,29.05,17.60,33.71,19.44,32.16
1777934537,10.44,18.00,6.00,20.23,29.00,17.68,33.71,19.31,32.13
1777934538,10.44,17.50,6.25,20.25,29.00,17.58,33.70,19.02,32.07
1777934540,10.44,17.75,6.50,20.32,29.00,17.62,33.73,19.33,32.07
1777934542,10.50,17.50,7.00,20.37,28.99,17.57,33.71,19.46,32.12
1777934543,10.56,17.25,6.75,20.50,29.02,17.66,33.77,19.62,32.18
1777934545,10.50,17.25,6.50,20.36,29.04,17.53,33.80,19.46,32.24
1777934546,10.63,17.25,6.25,20.24,29.09,17.69,33.87,19.79,32.34
1777934548,10.56,17.75,6.25,20.29,29.11,17.51,33.88,19.33,32.31
1777934550,10.63,17.50,6.50,20.54,29.17,17.62,33.92,19.38,32.36
1777934551,10.69,17.00,6.75,20.19,29.15,17.76,33.92,19.24,32.37
1777934553,10.69,17.00,6.75,20.46,29.21,17.58,33.87,19.97,32.52
1777934554,10.69,17.75,6.50,20.11,29.18,17.62,33.92,19.87,32.54
1777934556,10.63,17.00,6.50,20.29,29.22,17.58,33.91,19.44,32.45
1777934558,10.56,17.50,6.50,20.47,29.25,17.58,33.88,19.46,32.35
1777934559,10.56,17.50,6.50,20.38,29.22,17.60,33.86,19.37,32.24
1777934561,10.50,18.00,6.25,20.42,29.20,17.52,33.82,19.41,32.15
1777934563,10.44,17.75,6.25,20.36,29.18,17.66,33.82,19.13,32.03
1777934564,10.44,16.50,6.25,20.10,29.12,17.52,33.78,19.26,31.98
1777934566,10.44,16.50,6.00,20.33,29.15,17.66,33.78,19.55,31.99
1777934567,10.44,16.50,6.75,20.33,29.12,17.61,33.77,19.38,31.97
1777934569,10.44,16.75,6.50,20.35,29.11,17.62,33.78,19.12,31.92
1777934571,10.38,16.75,6.25,20.41,29.09,17.62,33.78,19.18,31.91
1777934572,10.38,17.00,6.25,20.28,29.03,17.70,33.80,19.83,32.00
1777934574,10.38,17.50,6.00,20.20,29.02,17.66,33.80,19.12,31.90
1777934575,10.38,17.75,6.50,20.32,29.02,17.70,33.80,18.98,31.89
1777934577,10.44,17.25,6.50,20.37,29.00,17.55,33.75,19.21,31.93
1777934579,10.44,17.50,6.25,20.27,28.98,17.57,33.76,19.64,32.04
1777934580,10.44,17.75,6.00,20.46,28.99,17.69,33.76,19.32,32.01
1777934582,10.38,17.00,6.50,20.31,28.95,17.58,33.72,19.80,32.05
1777934583,10.38,17.50,6.25,20.38,28.96,17.69,33.73,19.15,31.94
1777934585,10.38,17.50,6.50,20.35,28.95,17.62,33.71,19.48,31.98
1777934587,10.38,17.25,6.50,20.09,28.92,17.69,33.71,19.45,32.01
1777934588,10.38,17.25,6.75,20.27,28.96,17.56,33.72,19.45,32.07
1777934590,10.44,17.25,6.50,20.34,29.00,17.62,33.79,19.69,32.21
1777934591,10.50,17.50,6.00,20.41,29.03,17.58,33.82,19.75,32.30
1777934593,10.50,17.25,6.50,20.20,29.05,17.59,33.90,19.22,32.32
1777934595,10.50,17.75,6.50,20.36,29.12,17.60,33.92,19.15,32.33
1777934596,10.56,17.50,6.25,20.38,29.16,17.57,33.91,19.94,32.33
1777934598,10.56,17.75,6.50,20.08,29.15,17.49,33.87,19.85,32.26
1777934599,10.56,17.25,6.75,20.38,29.19,17.77,33.90,19.70,32.15
1777934601,10.56,17.25,6.25,20.35,29.17,17.58,33.85,19.39,32.10
1777934603,10.56,16.75,6.00,20.36,29.17,17.64,33.86,19.20,32.05
1777934604,10.56,17.25,6.25,20.40,29.17,17.66,33.88,19.22,32.04
1777934606,10.50,17.50,6.50,20.09,29.11,17.69,33.90,19.88,32.10
1777934608,10.50,16.75,6.00,20.45,29.14,17.72,33.95,19.36,32.03
1777934609,10.56,17.50,6.25,20.48,29.13,17.55,33.97,19.46,32.13
1777934611,10.56,17.75,6.50,20.39,29.14,17.65,34.04,19.30,32.19
1777934612,10.63,17.75,6.50,20.12,29.11,17.52,34.06,18.95,32.18
1777934614,10.56,18.00,5.75,20.25,29.13,17.64,34.08,19.58,32.29
1777934616,10.63,17.25,6.75,20.29,29.15,17.66,34.11,19.50,32.31
1777934617,10.63,17.25,6.50,20.43,29.20,17.74,34.15,19.87,32.42
1777934619,10.63,17.50,6.75,20.39,29.24,17.59,34.14,19.16,32.37
1777934620,10.69,17.50,6.50,20.38,29.26,17.58,34.19,19.69,32.48
1777934622,10.69,17.50,6.50,20.40,29.31,17.70,34.22,19.84,32.53
1777934624,10.69,17.25,6.75,20.45,29.36,17.50,34.22,19.21,32.48
1777934625,10.69,17.25,6.25,20.19,29.35,17.48,34.22,19.79,32.56
1777934627,10.69,17.00,6.50,20.49,29.40,17.70,34.23,19.62,32.46
1777934628,10.75,17.75,6.50,20.51,29.39,17.42,34.14,19.62,32.34
1777934630,10.69,17.25,6.50,20.16,29.35,17.69,34.12,19.65,32.29
1777934632,10.63,17.75,6.75,20.20,29.29,17.58,34.06,19.07,32.12
1777934633,10.63,18.00,6.25,20.23,29.28,17.64,33.99,19.60,32.09
1777934635,10.56,17.25,6.75,20.51,29.29,17.69,33.98,19.66,31.98
1777934636,10.56,16.75,6.50,20.40,29.22,17.57,33.91,19.88,31.91
1777934638,10.50,17.25,6.50,20.24,29.15,17.59,33.87,19.86,31.86
1777934640,10.50,17.00,6.50,20.34,29.14,17.67,33.83,19.75,31.85
1777934641,10.50,17.75,6.75,20.33,29.11,17.69,33.80,19.90,31.87
1777934643,10.44,17.75,6.25,20.27,29.07,17.66,33.76,19.39,31.82
1777934644,10.50,17.50,6.00,20.59,29.10,17.65,33.72,19.19,31.80
1777934646,10.50,18.00,6.25,20.24,29.05,17.61,33.72,19.53,31.93
1777934648,10.56,17.50,6.75,20.30,29.08,17.68,33.74,20.02,32.08
1777934649,10.50,17.25,6.50,20.53,29.11,17.64,33.73,19.91,32.09
1777934651,10.50,18.00,6.75,20.48,29.11,17.71,33.73,19.19,31.96
1777934653,10.44,17.75,6.25,20.26,29.06,17.69,33.70,19.74,32.00
1777934654,10.44,16.75,6.00,20.38,29.09,17.71,33.68,19.84,31.95
1777934656,10.44,17.50,6.50,20.47,29.09,17.66,33.67,19.45,31.81
1777934657,10.38,17.50,6.25,20.32,29.05,17.62,33.65,19.85,31.84
1777934659,10.38,17.50,6.50,20.26,29.04,17.64,33.64,19.56,31.77
1777934661,10.38,17.00,6.50,20.35,29.04,17.57,33.64,19.52,31.80
1777934662,10.38,16.75,6.50,20.39,29.03,17.59,33.65,19.66,31.86
1777934664,10.31,17.00,6.50,20.39,29.04,17.66,33.64,19.87,31.89
1777934665,10.31,17.00,6.50,20.50,29.04,17.69,33.68,19.69,31.88
1777934667,10.31,16.50,6.00,20.23,29.00,17.62,33.66,19.13,31.79
1777934669,10.31,17.00,6.50,20.14,29.00,17.66,33.66,19.35,31.85
1777934670,10.31,17.25,6.00,20.56,29.04,17.57,33.66,19.85,31.91
1777934672,10.31,17.50,6.00,20.29,28.99,17.56,33.68,19.80,31.89
1777934673,10.25,17.50,6.50,20.32,29.01,17.71,33.70,19.50,31.86
1777934675,10.31,17.00,6.50,20.48,29.02,17.66,33.68,19.55,31.89
1777934677,10.25,16.75,6.50,20.34,28.98,17.65,33.65,19.27,31.87
1777934678,10.25,16.75,6.50,20.38,28.97,17.61,33.65,19.34,31.89
1777934680,10.25,17.00,6.50,20.45,28.97,17.69,33.66,19.22,31.88
1777934681,10.25,17.00,6.00,20.43,28.96,17.65,33.65,19.37,31.89
1777934683,10.25,17.50,6.00,20.50,28.96,17.73,33.66,19.36,31.87
1777934685,10.19,16.75,6.50,20.68,29.00,17.72,33.64,19.66,31.89
1777934686,10.19,17.00,6.25,20.41,28.95,17.76,33.65,19.84,31.92
1777934688,10.19,17.75,6.75,20.39,28.92,17.66,33.62,19.35,31.86
1777934689,10.19,17.75,6.25,20.67,28.98,17.68,33.63,19.24,31.87
1777934691,10.13,17.75,6.00,20.56,28.96,17.85,33.66,19.38,31.91
1777934693,10.13,17.75,6.50,20.52,28.96,17.78,33.66,19.24,31.91
1777934694,10.19,17.75,6.00,20.59,28.96,17.66,33.66,19.02,31.89
1777934696,10.19,17.75,6.50,20.47,28.94,17.62,33.67,19.14,31.94
1777934697,10.13,17.75,6.50,20.28,28.91,17.61,33.68,19.22,31.96
1777934699,10.19,17.75,6.50,20.24,28.90,17.62,33.68,19.22,31.97
1777934701,10.19,18.00,6.75,20.27,28.90,17.58,33.69,19.53,32.03
1777934702,10.19,17.50,6.25,20.30,28.93,17.70,33.71,19.34,32.07
1777934704,10.25,18.00,6.00,20.70,29.05,17.69,33.75,19.32,32.14
1777934706,10.25,18.25,6.25,20.27,29.02,17.58,33.75,19.02,32.17
1777934707,10.25,18.00,6.50,20.25,29.07,17.59,33.77,19.65,32.33
1777934709,10.31,18.25,6.25,20.49,29.11,17.68,33.81,19.40,32.40
1777934710,10.31,17.75,6.50,20.45,29.12,17.62,33.81,19.46,32.45
1777934712,10.31,18.25,6.50,20.23,29.13,17.68,33.84,19.36,32.48
1777934714,10.38,18.25,6.75,20.28,29.17,17.64,33.86,19.23,32.51
1777934715,10.38,17.25,6.25,20.85,29.25,17.69,33.90,19.58,32.61
1777934717,10.38,18.25,6.50,20.34,29.21,17.67,33.90,19.97,32.73
1777934718,10.38,17.75,6.25,20.13,29.20,17.83,33.94,19.05,32.66
1777934720,10.44,17.50,6.50,20.29,29.25,17.61,33.93,19.78,32.82
1777934722,10.44,17.50,6.50,20.61,29.32,17.67,33.97,19.48,32.81
1777934723,10.44,18.00,6.75,20.27,29.31,17.66,33.99,19.30,32.81
1777934725,10.50,17.50,6.75,20.46,29.37,17.60,34.00,19.49,32.87
1777934726,10.56,17.50,6.25,20.29,29.38,17.58,34.04,19.41,32.90
1777934728,10.63,17.75,6.75,20.16,29.39,17.58,34.14,19.25,32.90
1777934730,10.63,17.50,7.00,20.59,29.49,17.76,34.24,19.75,33.01
1777934731,10.75,17.50,7.00,20.55,29.52,17.58,34.31,19.49,32.99
1777934733,10.75,18.00,5.75,20.50,29.55,17.58,34.38,19.66,33.04
1777934734,10.75,17.75,6.75,20.20,29.51,17.70,34.37,19.84,32.97
1777934736,10.81,17.50,6.50,20.45,29.55,17.58,34.27,19.21,32.68
1777934738,10.81,17.75,6.50,20.17,29.51,17.66,34.20,19.53,32.53
1777934739,10.81,17.25,6.25,20.40,29.50,17.69,34.14,19.96,32.42
1777934741,10.81,18.25,6.75,20.80,29.53,17.66,34.07,19.61,32.27
1777934742,10.81,17.50,6.25,20.16,29.39,17.68,34.03,19.85,32.25
1777934744,10.75,17.75,6.25,20.12,29.33,17.67,33.96,19.48,32.17
1777934746,10.81,17.00,6.50,20.45,29.34,17.61,33.93,19.95,32.21
1777934747,10.81,17.50,6.25,20.27,29.27,17.58,33.88,20.04,32.20
1777934749,10.81,17.50,6.50,20.80,29.35,17.58,33.93,19.41,32.13
1777934751,10.81,17.50,6.75,20.29,29.27,17.58,33.95,19.79,32.23
1777934752,10.81,17.50,6.50,20.50,29.31,17.57,33.93,19.34,32.23
1777934754,10.81,17.25,6.00,20.47,29.29,17.59,33.94,19.48,32.23
1777934755,10.81,18.25,6.00,20.21,29.25,17.69,33.94,19.94,32.27
1777934757,10.81,18.25,6.50,20.45,29.29,17.59,33.89,20.01,32.23
1777934759,10.81,17.50,6.50,20.48,29.28,17.58,33.90,19.62,32.14
1777934760,10.81,18.25,6.50,20.49,29.28,17.59,33.93,19.41,32.14
1777934762,10.75,18.25,6.25,20.93,29.34,17.69,33.93,19.58,32.19
1777934763,10.81,17.00,6.25,20.41,29.29,17.65,33.96,19.30,32.21
1777934765,10.81,17.50,6.50,20.22,29.27,17.76,33.98,19.65,32.29
1777934767,10.75,17.50,6.50,20.51,29.31,17.65,33.99,19.58,32.34
1777934768,10.88,17.50,6.50,20.70,29.34,17.64,34.00,19.24,32.31
1777934770,10.88,17.50,6.50,20.37,29.29,17.60,34.02,19.80,32.45
1777934771,10.88,17.50,6.50,20.34,29.32,17.76,34.06,19.73,32.48
1777934773,10.94,17.50,6.50,20.29,29.39,17.62,34.12,19.90,32.57
1777934775,10.94,17.25,6.75,20.36,29.44,17.62,34.18,20.01,32.59
1777934776,10.94,17.50,6.25,20.79,29.56,17.64,34.19,19.65,32.52
1777934778,10.94,17.50,6.75,20.16,29.49,17.69,34.15,20.07,32.50
1777934779,11.00,17.25,6.50,20.42,29.52,17.62,34.13,19.89,32.34
1777934781,10.94,17.75,6.50,20.23,29.45,17.58,34.09,19.58,32.18
1777934783,10.88,17.75,6.25,20.27,29.47,17.65,34.09,19.59,32.12
1777934784,10.88,17.00,6.25,20.80,29.50,17.82,34.11,19.81,32.11
1777934786,10.81,16.00,6.75,20.63,29.44,17.68,34.03,19.69,32.03
1777934787,10.81,16.75,6.75,20.50,29.40,17.54,34.00,19.70,31.96
1777934789,10.81,16.75,6.75,20.87,29.41,17.66,34.00,19.48,31.93
1777934791,10.88,17.00,6.25,20.42,29.32,17.66,33.99,20.06,32.00
1777934792,10.81,17.25,6.50,20.55,29.31,17.64,33.95,19.71,31.92
1777934794,10.75,17.00,6.75,20.71,29.30,17.69,33.95,19.89,31.95
1777934795,10.81,17.75,6.50,20.45,29.29,17.62,33.91,19.34,31.93
1777934797,10.81,17.75,6.00,20.39,29.28,17.80,33.90,19.84,32.07
1777934799,10.81,17.25,6.50,20.45,29.29,17.80,33.93,19.62,32.06
1777934800,10.88,17.25,6.75,20.35,29.27,17.76,33.94,19.70,32.04
1777934802,10.81,18.00,6.25,20.94,29.34,17.72,33.97,19.73,32.04
1777934804,10.81,18.00,5.75,20.42,29.25,17.68,33.99,19.84,32.10
1777934805,10.81,17.25,6.25,20.56,29.28,17.66,34.02,19.58,32.08
1777934807,10.81,17.50,6.50,20.48,29.26,17.68,34.05,19.87,32.12
1777934808,10.81,17.75,6.00,20.77,29.31,17.68,34.05,19.60,32.07
1777934810,10.88,18.00,6.00,20.32,29.25,17.68,34.03,19.48,32.01
1777934812,10.88,17.50,6.25,20.44,29.25,17.62,33.98,19.57,31.97
1777934813,10.88,17.75,6.25,20.30,29.20,17.64,33.95,19.66,31.93
1777934815,10.81,17.25,6.25,20.33,29.18,17.73,33.94,19.43,31.85
1777934816,10.81,16.50,6.25,20.78,29.24,17.65,33.86,20.13,31.94
1777934818,10.81,17.25,6.00,20.67,29.22,17.61,33.86,19.97,31.88
1777934820,10.81,17.75,6.50,20.47,29.15,17.74,33.86,19.60,31.79
1777934821,10.81,17.50,6.25,20.72,29.18,17.68,33.84,19.95,31.80
1777934823,10.75,17.00,6.00,20.34,29.11,17.87,33.88,19.82,31.77
1777934824,10.75,17.25,6.25,20.70,29.16,17.58,33.81,19.63,31.74
1777934826,10.81,17.50,6.25,20.55,29.14,17.69,33.86,19.89,31.77
1777934828,10.81,16.75,6.25,20.28,29.11,17.73,33.95,20.04,31.88
1777934829,10.81,17.25,6.25,20.88,29.21,17.82,34.01,19.76,31.94
1777934831,10.88,17.75,6.25,20.23,29.16,17.75,34.06,19.35,31.96
1777934832,10.88,17.50,6.50,20.34,29.21,17.73,34.06,19.62,32.03
1777934834,10.81,17.75,6.00,20.37,29.21,17.68,34.00,19.66,31.99
1777934836,10.75,17.50,6.50,20.41,29.23,17.67,33.96,19.69,31.91
1777934837,10.75,17.50,6.00,20.56,29.23,17.73,33.93,19.28,31.74
1777934839,10.69,17.50,6.50,20.41,29.17,17.73,33.89,19.56,31.65
1777934840,10.69,17.75,6.25,20.77,29.21,17.72,33.89,19.98,31.68
1777934842,10.63,17.75,6.25,20.40,29.14,17.80,33.87,19.55,31.63
1777934844,10.63,17.25,6.25,20.87,29.19,17.76,33.84,19.67,31.69
1777934845,10.56,17.00,6.00,20.37,29.10,17.73,33.85,19.62,31.67
1777934847,10.56,18.25,6.50,20.63,29.13,17.72,33.86,19.65,31.64
1777934849,10.56,18.25,6.50,20.37,29.09,17.77,33.87,19.69,31.72
1777934850,10.50,17.50,6.25,20.70,29.09,17.81,33.89,19.75,31.79
1777934852,10.50,17.75,6.50,20.48,29.05,17.73,33.86,19.33,31.74
1777934853,10.44,17.25,6.50,20.50,29.06,17.83,33.87,20.01,31.83
1777934855,10.44,17.00,6.25,20.31,29.01,17.76,33.83,20.02,31.83
1777934857,10.38,17.25,6.50,20.33,28.98,17.82,33.82,19.39,31.77
1777934858,10.44,16.75,6.00,20.63,29.01,17.70,33.79,19.58,31.81
1777934860,10.38,17.00,6.25,20.48,28.97,17.76,33.80,20.17,31.91
1777934861,10.44,17.25,6.50,20.50,28.97,17.80,33.80,20.13,31.92
1777934863,10.44,17.25,6.00,20.38,28.97,17.71,33.80,19.73,31.87
1777934865,10.44,17.00,6.25,20.39,28.98,17.79,33.82,19.66,31.86
1777934866,10.44,17.25,6.25,20.26,28.96,17.88,33.83,19.64,31.85
1777934868,10.44,17.00,6.50,20.52,28.96,17.78,33.81,19.27,31.79
1777934869,10.44,17.25,6.00,20.70,29.01,17.84,33.82,20.07,31.91
1777934871,10.44,16.75,6.00,20.66,29.01,17.76,33.80,19.90,31.91
1777934873,10.44,17.25,6.50,20.51,28.97,17.73,33.80,19.65,31.89
1777934874,10.38,17.00,6.50,20.37,28.96,17.80,33.82,19.91,31.97
1777934876,10.38,17.00,6.00,20.77,29.02,17.73,33.80,19.56,31.92
1777934877,10.38,16.25,6.00,20.44,28.98,17.72,33.78,19.16,31.85
1777934879,10.38,17.25,6.00,20.44,28.99,17.77,33.80,19.63,31.92
1777934881,10.38,16.75,6.75,20.38,28.97,17.84,33.80,19.87,31.95
1777934882,10.31,17.25,6.50,20.40,28.97,17.78,33.80,19.38,31.87
1777934884,10.31,17.25,6.25,20.65,28.99,17.84,33.79,19.95,31.99
1777934885,10.31,17.00,6.25,20.47,28.98,17.79,33.77,20.29,32.02
1777934887,10.31,17.50,6.00,20.45,28.98,17.83,33.82,20.05,31.96
1777934889,10.31,17.50,6.50,20.41,28.98,17.84,33.81,19.95,31.97
1777934890,10.38,17.25,6.75,20.40,29.01,17.83,33.85,19.88,32.03
1777934892,10.38,17.25,6.75,20.95,29.11,17.79,33.92,19.62,32.09
1777934894,10.44,17.25,6.00,20.66,29.13,17.83,34.03,19.76,32.22
1777934895,10.50,17.50,6.25,20.29,29.13,17.92,34.15,19.30,32.24
1777934897,10.56,17.50,6.50,20.66,29.22,17.70,34.22,19.97,32.44
1777934898,10.56,16.75,6.50,20.52,29.25,17.82,34.29,19.88,32.51
1777934900,10.63,17.00,6.75,20.30,29.26,17.73,34.26,19.55,32.54
1777934902,10.63,17.00,6.50,20.73,29.37,17.80,34.26,19.83,32.63
1777934903,10.69,17.25,6.25,20.70,29.37,17.72,34.23,19.55,32.65
1777934905,10.69,18.00,6.75,20.37,29.35,17.80,34.19,19.97,32.72
1777934906,10.69,17.75,6.00,20.62,29.40,17.82,34.12,19.64,32.59
1777934908,10.63,17.00,6.25,20.72,29.38,17.76,34.05,19.36,32.42
1777934910,10.63,16.75,6.50,20.64,29.35,17.70,33.99,20.01,32.35
1777934911,10.63,17.25,6.50,20.51,29.31,17.83,33.94,19.65,32.20
1777934913,10.56,17.00,6.50,20.87,29.33,17.92,33.91,19.70,32.16
1777934914,10.56,16.75,6.50,20.72,29.28,17.90,33.90,19.84,32.16
1777934916,10.56,17.00,6.50,20.51,29.25,17.88,33.88,19.58,32.07
1777934918,10.56,17.75,6.75,20.55,29.22,17.77,33.82,19.71,32.07
1777934919,10.56,17.25,6.25,20.23,29.16,17.90,33.87,19.48,32.09
1777934921,10.56,17.25,6.75,20.65,29.26,17.90,33.90,19.82,32.25
1777934922,10.63,17.25,6.50,20.19,29.23,17.80,33.92,19.70,32.29
1777934924,10.69,17.50,6.25,20.48,29.30,17.99,33.99,19.84,32.35
1777934926,10.69,17.25,6.50,20.33,29.30,17.81,33.98,19.97,32.39
1777934927,10.69,18.25,6.75,20.41,29.32,17.78,33.98,19.72,32.30
1777934929,10.69,18.00,6.75,20.58,29.38,17.80,33.99,19.45,32.19
1777934930,10.69,17.75,6.75,20.44,29.34,17.81,33.98,19.57,32.14
1777934932,10.63,17.25,6.00,20.38,29.29,17.78,33.97,19.90,32.10
1777934934,10.63,17.75,6.00,20.65,29.29,17.80,33.95,19.76,31.99
1777934935,10.63,17.25,6.25,20.40,29.24,17.88,33.97,19.55,31.87
1777934937,10.63,17.75,6.25,20.94,29.28,17.77,33.95,19.80,31.83
1777934938,10.56,17.50,6.25,20.57,29.21,17.77,33.91,19.88,31.79
1777934940,10.56,17.50,6.25,20.55,29.18,17.80,33.91,19.82,31.78
1777934942,10.50,18.00,6.00,20.50,29.16,17.74,33.88,19.95,31.81
1777934943,10.50,18.00,5.75,20.51,29.14,17.87,33.89,19.88,31.83
1777934945,10.50,16.75,6.50,20.44,29.12,17.76,33.86,19.73,31.83
1777934947,10.50,16.75,6.00,20.36,29.10,17.73,33.86,19.65,31.82
1777934948,10.50,16.25,6.50,20.49,29.14,17.80,33.88,19.99,31.87
1777934950,10.44,16.75,6.25,20.35,29.12,17.80,33.89,19.62,31.81
1777934951,10.44,16.75,6.00,20.29,29.10,17.72,33.89,19.41,31.76
1777934953,10.38,16.75,6.25,20.60,29.14,17.74,33.93,19.72,31.80
1777934955,10.44,17.75,6.50,20.42,29.10,17.71,33.93,20.07,31.84
1777934956,10.44,18.00,6.25,20.66,29.12,17.74,33.94,19.78,31.82
1777934958,10.44,17.50,6.00,20.94,29.16,17.70,33.96,19.73,31.83
1777934959,10.50,17.25,6.50,20.44,29.09,17.76,33.96,19.40,31.82
1777934961,10.44,17.25,6.00,20.76,29.13,17.90,33.96,19.85,31.91
1777934963,10.50,17.50,6.00,20.55,29.11,17.80,33.94,20.11,32.04
1777934964,10.50,17.75,6.25,20.55,29.11,17.69,33.95,19.80,32.04
1777934966,10.44,18.25,6.25,20.79,29.16,17.80,33.98,19.97,32.03
1777934967,10.44,17.50,6.25,20.35,29.09,17.90,34.03,20.12,32.07
1777934969,10.44,17.50,5.75,20.54,29.11,17.87,34.03,19.76,31.99
1777934971,10.50,17.50,6.50,20.49,29.12,17.74,34.00,19.66,31.99
1777934972,10.50,17.00,6.50,20.36,29.14,17.82,34.07,19.66,32.09
1777934974,10.50,17.50,6.25,20.48,29.18,17.89,34.14,19.68,32.24
1777934975,10.50,17.50,6.25,20.30,29.21,17.77,34.22,19.73,32.38
1777934977,10.56,17.75,6.50,20.66,29.30,17.75,34.31,19.57,32.46
1777934979,10.63,17.50,6.50,20.28,29.29,17.72,34.36,19.73,32.57
1777934980,10.63,17.00,6.25,20.44,29.34,17.80,34.38,19.62,32.64
1777934982,10.69,17.00,6.75,20.66,29.44,17.68,34.42,19.89,32.73
1777934983,10.69,17.25,7.00,20.40,29.45,17.74,34.45,19.62,32.71
1777934985,10.69,17.25,7.00,20.58,29.54,17.73,34.51,19.56,32.69
1777934987,10.75,17.50,6.75,20.59,29.58,17.65,34.49,19.79,32.73
1777934988,10.75,17.75,7.00,20.45,29.58,17.68,34.52,19.95,32.72
1777934990,10.81,17.25,6.50,20.48,29.54,17.76,34.53,19.84,32.70
1777934992,10.75,17.75,6.50,20.53,29.54,17.75,34.51,19.55,32.62
1777934993,10.75,17.50,6.75,20.39,29.49,17.70,34.42,19.73,32.55
1777934995,10.81,17.50,6.75,20.56,29.50,17.80,34.38,19.99,32.49
1777934996,10.75,17.25,6.75,20.93,29.48,17.81,34.31,19.78,32.35
1777934998,10.75,16.75,6.25,20.74,29.45,17.77,34.25,19.76,32.26
1777935000,10.75,17.25,6.75,20.44,29.38,17.77,34.24,19.82,32.18
1777935001,10.75,17.25,6.50,20.42,29.35,17.76,34.27,19.84,32.17
1777935003,10.81,17.00,6.25,20.45,29.38,17.71,34.32,20.03,32.24
1777935004,10.88,17.00,7.00,20.29,29.38,17.80,34.35,19.80,32.26
1777935006,10.88,17.25,6.50,20.41,29.45,17.75,34.38,19.59,32.28
1777935008,10.94,17.25,6.75,20.38,29.47,17.69,34.42,19.83,32.38
1777935009,11.00,16.75,6.75,20.55,29.56,17.77,34.51,19.73,32.39
1777935011,11.06,17.75,6.75,20.28,29.60,17.66,34.52,19.85,32.45
1777935012,11.00,17.50,6.75,20.91,29.73,17.64,34.56,19.89,32.47
1777935014,11.00,17.50,6.75,20.41,29.70,17.68,34.55,20.07,32.48
1777935016,11.00,17.75,6.25,20.66,29.76,17.65,34.50,19.69,32.35
1777935017,10.94,17.75,6.25,20.21,29.69,17.72,34.48,19.84,32.21
1777935019,10.94,17.75,6.75,20.29,29.67,17.66,34.43,19.71,32.05
1777935020,10.88,17.50,6.00,20.32,29.64,17.69,34.37,20.12,31.98
1777935022,10.88,17.50,6.00,20.47,29.59,17.74,34.33,20.17,31.89
1777935024,10.88,17.50,6.00,20.83,29.63,17.69,34.28,19.50,31.75
1777935025,10.81,17.50,6.25,20.17,29.48,17.84,34.25,19.96,31.78
1777935027,10.81,17.00,6.25,20.43,29.47,17.65,34.23,20.09,31.80
1777935028,10.88,17.50,6.25,20.23,29.41,17.73,34.28,19.73,31.75
1777935030,10.88,17.50,6.25,20.55,29.45,17.77,34.31,19.87,31.82
1777935032,10.88,17.75,6.50,20.42,29.46,17.80,34.35,20.57,32.01
1777935033,10.88,17.50,6.75,20.37,29.48,17.62,34.36,20.12,32.03
1777935035,10.94,17.00,6.75,20.72,29.56,17.69,34.44,20.21,32.12
1777935037,10.94,17.50,6.25,20.27,29.51,17.79,34.49,19.73,32.14
1777935038,10.94,17.75,6.50,20.44,29.52,17.69,34.47,20.51,32.25
1777935040,10.94,18.00,6.25,20.53,29.54,17.64,34.43,19.77,32.02
1777935041,10.88,18.00,6.25,20.94,29.60,17.66,34.40,19.84,31.90
1777935043,10.81,18.25,6.50,20.39,29.53,17.81,34.38,19.79,31.72
1777935045,10.75,17.50,6.50,20.71,29.53,17.66,34.32,20.15,31.64
1777935046,10.75,18.00,6.00,20.37,29.47,17.69,34.27,20.03,31.56
1777935048,10.69,17.50,6.25,20.94,29.52,17.80,34.25,19.81,31.52
1777935049,10.69,17.50,6.50,20.45,29.43,17.76,34.22,19.67,31.42
1777935051,10.69,17.00,6.25,20.44,29.40,17.72,34.22,20.27,31.49
1777935053,10.69,17.50,6.00,20.30,29.38,17.81,34.27,20.05,31.55
1777935054,10.69,17.50,6.75,20.24,29.38,17.81,34.33,20.18,31.64
1777935056,10.69,17.75,6.75,20.50,29.46,17.84,34.39,19.96,31.69
1777935057,10.75,17.50,6.75,20.93,29.54,17.76,34.42,19.81,31.73
1777935059,10.75,17.25,6.75,20.44,29.50,17.80,34.43,19.91,31.78
1777935061,10.75,18.00,6.75,20.34,29.47,17.77,34.38,19.52,31.72
1777935062,10.75,18.25,6.25,20.31,29.44,17.78,34.34,20.10,31.81
1777935064,10.69,18.25,6.25,20.67,29.46,17.80,34.30,19.91,31.75
1777935065,10.69,17.75,6.75,20.27,29.40,17.83,34.26,20.62,31.86
1777935067,10.69,18.25,6.25,20.70,29.44,17.87,34.24,19.77,31.73
1777935069,10.69,17.75,6.25,20.41,29.39,17.80,34.20,19.53,31.67
1777935070,10.63,17.25,6.25,20.48,29.37,17.82,34.18,19.83,31.67
1777935072,10.69,17.50,6.50,20.71,29.39,17.75,34.15,19.89,31.68
1777935073,10.63,17.75,6.50,20.41,29.36,17.78,34.21,20.60,31.84
1777935075,10.63,17.75,6.00,20.68,29.43,17.80,34.24,19.92,31.79
1777935077,10.63,17.25,6.25,20.48,29.43,17.82,34.27,19.73,31.80
1777935078,10.63,17.25,6.75,20.52,29.41,17.84,34.27,20.23,31.83
1777935080,10.63,17.25,6.50,20.52,29.41,17.73,34.18,20.28,31.78
1777935081,10.63,17.00,6.25,20.69,29.43,17.91,34.16,20.49,31.71
1777935083,10.63,18.00,6.50,20.57,29.40,17.76,34.10,20.15,31.60
1777935085,10.56,18.00,6.25,20.38,29.34,17.90,34.08,20.16,31.58
1777935086,10.56,17.50,6.00,20.35,29.34,17.85,34.06,19.69,31.51
1777935088,10.63,17.50,6.25,20.45,29.32,17.85,34.06,19.99,31.56
1777935090,10.56,17.25,6.50,20.28,29.30,17.80,34.06,19.69,31.57
1777935091,10.56,17.00,6.50,20.55,29.34,17.73,34.09,20.30,31.73
1777935093,10.63,17.50,6.75,20.40,29.34,17.83,34.15,19.68,31.69
1777935094,10.63,17.25,6.25,20.44,29.36,17.76,34.20,20.00,31.78
1777935096,10.63,17.25,6.50,20.36,29.37,17.81,34.14,19.69,31.73
1777935098,10.63,17.75,6.00,20.55,29.39,17.79,34.16,19.70,31.66
1777935099,10.63,17.75,5.75,20.47,29.37,17.82,34.15,20.28,31.76
1777935101,10.56,17.00,5.75,20.37,29.34,17.80,34.14,20.19,31.79
1777935102,10.56,17.25,6.00,20.29,29.32,17.76,34.11,19.86,31.74
1777935104,10.56,17.25,6.00,20.51,29.34,17.76,34.09,19.74,31.70
1777935106,10.56,17.25,6.25,20.65,29.36,17.87,34.11,20.17,31.74
1777935107,10.56,17.00,6.00,20.55,29.34,17.84,34.15,20.15,31.73
1777935109,10.56,17.75,6.25,20.71,29.35,17.80,34.17,19.83,31.66
1777935110,10.56,18.00,6.25,20.76,29.34,17.84,34.18,19.95,31.63
1777935112,10.50,17.75,6.00,20.90,29.36,17.76,34.16,19.88,31.60
1777935114,10.56,17.50,6.00,20.36,29.25,17.83,34.18,20.19,31.65
1777935115,10.56,17.50,6.00,20.57,29.29,17.83,34.22,19.60,31.56
1777935117,10.63,17.50,6.50,20.59,29.29,17.75,34.26,19.82,31.62
1777935118,10.56,17.00,6.50,20.43,29.29,17.76,34.31,19.66,31.62
1777935120,10.63,17.75,6.00,20.52,29.34,17.84,34.38,20.13,31.74
1777935122,10.63,17.75,6.25,20.51,29.36,17.76,34.42,19.98,31.77
1777935123,10.69,17.75,6.25,20.39,29.37,17.64,34.41,20.05,31.79
1777935125,10.63,17.75,6.25,20.86,29.44,17.73,34.40,19.80,31.75
1777935126,10.69,17.75,6.25,20.85,29.43,17.74,34.36,19.98,31.72
1777935128,10.63,17.50,6.25,20.48,29.39,17.77,34.33,20.10,31.67
1777935130,10.63,18.25,6.50,20.39,29.35,17.76,34.32,19.73,31.58
1777935131,10.56,17.25,6.25,20.77,29.40,17.71,34.29,19.74,31.60
1777935133,10.56,16.75,6.00,20.51,29.35,17.79,34.29,19.84,31.60
1777935135,10.50,17.75,5.75,20.32,29.32,17.86,34.29,19.97,31.65
1777935136,10.50,17.25,6.50,20.38,29.31,17.80,34.30,20.45,31.75
1777935138,10.56,17.50,6.50,20.51,29.37,17.74,34.31,20.03,31.78
1777935139,10.56,17.50,5.75,20.59,29.40,17.76,34.36,19.73,31.82
1777935141,10.56,17.25,6.50,20.49,29.41,17.78,34.37,19.62,31.89
1777935143,10.63,17.25,6.25,20.29,29.41,17.82,34.41,19.62,31.96
1777935144,10.63,17.50,6.50,20.18,29.45,17.67,34.41,20.05,32.06
1777935146,10.69,17.25,6.25,20.61,29.54,17.72,34.46,20.10,32.12
1777935147,10.69,17.50,6.75,20.35,29.57,17.81,34.53,19.78,32.11
1777935149,10.75,17.25,6.50,20.26,29.61,17.77,34.54,19.89,32.14
1777935151,10.69,17.00,5.75,20.28,29.62,17.66,34.52,20.31,32.17
1777935152,10.63,17.00,5.75,20.45,29.64,17.75,34.51,19.64,31.99
1777935154,10.63,17.75,6.25,20.32,29.59,17.76,34.47,19.94,31.94
1777935155,10.63,17.75,6.50,20.30,29.57,17.79,34.44,19.80,31.85
1777935157,10.56,17.50,6.75,20.56,29.59,17.76,34.36,19.90,31.81
1777935159,10.63,17.00,6.50,20.45,29.55,17.69,34.34,19.71,31.76
1777935160,10.56,17.25,6.00,20.36,29.52,17.78,34.35,19.82,31.76
1777935162,10.56,17.50,6.00,20.21,29.47,17.82,34.32,19.87,31.75
1777935163,10.56,17.75,6.50,20.25,29.44,17.72,34.29,19.87,31.75
1777935165,10.50,17.50,6.50,20.48,29.45,17.73,34.27,20.06,31.76
1777935167,10.50,16.75,6.25,20.29,29.41,17.69,34.25,19.88,31.72
1777935168,10.50,16.75,6.50,20.71,29.43,17.78,34.25,20.12,31.76
1777935170,10.44,16.75,6.50,20.82,29.43,17.80,34.25,19.76,31.70
1777935171,10.44,17.00,6.00,20.17,29.32,17.79,34.23,19.47,31.67
1777935173,10.44,17.25,6.50,20.66,29.39,17.73,34.23,19.74,31.75
1777935175,10.44,17.50,6.75,20.51,29.38,17.74,34.28,19.75,31.82
1777935176,10.50,17.50,6.25,20.76,29.42,17.76,34.29,19.77,31.88
1777935178,10.56,17.75,6.75,20.45,29.42,17.80,34.32,20.12,32.02
1777935179,10.56,17.50,6.75,20.29,29.44,17.85,34.41,19.55,32.00
1777935181,10.56,17.50,6.75,20.47,29.56,17.72,34.46,19.66,32.08
1777935183,10.63,17.25,6.75,20.26,29.58,17.75,34.53,19.78,32.13
1777935184,10.63,17.25,6.50,20.27,29.65,17.76,34.56,19.84,32.17
1777935186,10.69,17.50,6.75,20.76,29.75,17.73,34.60,19.88,32.18
1777935188,10.69,17.25,6.50,20.44,29.75,17.76,34.62,19.71,32.17
1777935189,10.69,18.00,6.50,20.38,29.74,17.78,34.57,20.08,32.16
1777935191,10.75,16.75,6.50,20.51,29.74,17.79,34.53,19.95,32.07
1777935192,10.69,17.50,6.50,20.48,29.72,17.76,34.47,19.62,32.00
1777935194,10.63,17.50,6.25,20.40,29.68,17.94,34.44,20.23,32.03
1777935196,10.69,17.75,6.75,20.43,29.64,17.72,34.39,19.92,31.95
1777935197,10.63,18.25,6.50,20.29,29.62,17.70,34.36,20.30,31.97
1777935199,10.63,17.25,6.25,20.27,29.58,17.76,34.39,20.05,31.91
1777935200,10.63,17.50,6.50,20.51,29.59,17.67,34.36,19.65,31.83
1777935202,10.56,18.25,6.75,20.40,29.56,17.67,34.35,19.95,31.90
1777935204,10.56,17.50,6.50,20.33,29.54,17.72,34.37,20.21,31.91
1777935205,10.56,16.75,6.00,20.30,29.53,17.72,34.36,20.09,31.89
1777935207,10.56,16.50,5.75,20.36,29.49,17.84,34.37,20.27,31.89
1777935208,10.56,17.50,6.50,20.41,29.49,17.76,34.35,19.95,31.83
1777935210,10.56,17.75,6.00,20.49,29.50,17.72,34.32,19.56,31.76
1777935212,10.56,17.50,6.25,20.46,29.48,17.84,34.33,20.12,31.89
1777935213,10.56,17.50,6.50,20.48,29.49,17.80,34.34,20.14,31.93
1777935215,10.56,17.75,6.00,20.29,29.49,17.77,34.36,19.70,31.93
1777935216,10.63,18.00,6.00,20.47,29.50,17.73,34.37,19.92,32.01
1777935218,10.56,17.75,6.25,20.35,29.54,17.70,34.37,20.77,32.11
1777935220,10.56,17.75,6.00,20.33,29.53,17.80,34.34,19.94,31.92
1777935221,10.50,17.75,5.75,20.29,29.53,17.71,34.32,20.23,31.88
1777935223,10.50,18.00,6.00,20.48,29.54,17.77,34.31,19.56,31.67
1777935224,10.38,18.25,6.50,20.26,29.50,17.74,34.30,19.84,31.63
1777935226,10.44,17.75,6.50,20.48,29.51,17.72,34.30,19.81,31.59
1777935228,10.44,17.00,6.00,20.32,29.49,17.78,34.32,20.08,31.67
1777935229,10.44,17.25,6.25,20.32,29.49,17.72,34.34,20.08,31.74
1777935231,10.50,18.00,6.75,20.47,29.54,17.70,34.42,19.97,31.83
1777935233,10.50,17.75,6.25,20.37,29.55,17.65,34.45,19.96,31.92
1777935234,10.44,17.75,6.50,20.65,29.59,17.74,34.49,19.76,31.93
1777935236,10.44,17.50,6.50,20.31,29.56,17.62,34.47,20.08,31.95
1777935237,10.50,17.00,6.50,20.27,29.54,17.62,34.45,19.71,31.88
1777935239,10.50,17.50,6.75,20.27,29.55,17.72,34.51,19.73,31.90
1777935241,10.56,17.75,6.75,20.77,29.62,17.75,34.58,19.45,31.92
1777935242,10.63,17.75,7.00,20.31,29.60,17.70,34.61,20.07,32.10
1777935244,10.56,17.50,6.25,20.56,29.63,17.65,34.63,19.76,32.12
1777935245,10.56,18.00,6.50,20.89,29.69,17.62,34.59,19.87,32.10
1777935247,10.56,17.50,6.50,20.17,29.56,17.78,34.58,20.01,32.05
1777935249,10.56,17.50,6.50,20.33,29.56,17.76,34.52,20.09,31.98
1777935250,10.50,17.75,6.75,20.48,29.55,17.64,34.47,19.74,31.88
1777935252,10.56,16.25,6.75,20.55,29.57,17.66,34.44,20.09,31.94
1777935253,10.56,16.75,6.50,20.94,29.59,17.70,34.43,19.76,31.89
1777935255,10.56,16.75,6.75,20.76,29.57,17.80,34.44,19.75,31.89
1777935257,10.56,17.50,6.50,20.60,29.50,17.73,34.40,19.79,31.94
1777935258,10.56,17.25,6.75,20.38,29.47,17.73,34.36,20.11,32.00
1777935260,10.56,17.50,6.50,20.40,29.46,17.80,34.38,20.03,31.95
1777935261,10.50,17.50,6.25,20.29,29.43,17.82,34.38,19.89,31.92
1777935263,10.50,17.25,6.50,20.89,29.51,17.76,34.35,19.62,31.88
1777935265,10.56,17.50,6.50,20.44,29.46,17.91,34.36,19.61,31.92
1777935266,10.56,17.50,6.50,20.58,29.49,17.83,34.37,19.84,31.99
1777935268,10.56,17.00,6.50,20.37,29.47,17.84,34.40,20.08,32.06
1777935269,10.56,17.25,6.75,20.29,29.49,17.80,34.38,20.08,32.05
1777935271,10.69,17.50,6.00,20.25,29.50,17.74,34.38,19.70,32.03
1777935273,10.69,17.25,6.50,20.51,29.57,17.87,34.45,19.89,32.12
1777935274,10.69,17.00,6.25,20.46,29.62,17.74,34.49,20.11,32.22
1777935276,10.75,17.75,6.75,20.20,29.63,17.80,34.57,20.16,32.26
1777935278,10.75,17.75,6.75,20.70,29.73,17.80,34.58,19.76,32.25
1777935279,10.81,17.50,6.75,20.40,29.69,17.82,34.56,19.57,32.17
1777935281,10.81,17.75,6.50,20.36,29.72,17.84,34.57,20.08,32.27
1777935282,10.81,18.00,6.75,20.29,29.77,17.85,34.59,20.05,32.25
1777935284,10.81,17.50,6.25,20.43,29.78,17.78,34.53,19.84,32.21
1777935286,10.88,17.25,6.50,20.51,29.81,17.84,34.53,20.12,32.21
1777935287,10.88,17.75,6.25,20.57,29.82,17.72,34.47,20.16,32.20
1777935289,10.81,17.00,6.50,20.32,29.80,17.94,34.48,19.91,32.11
1777935290,10.75,17.75,6.50,20.38,29.79,17.84,34.45,19.83,32.01
1777935292,10.75,18.00,6.25,20.48,29.78,17.80,34.37,19.74,31.89
1777935294,10.69,17.50,6.75,20.40,29.72,17.79,34.35,19.74,31.82
1777935295,10.69,17.00,6.50,20.73,29.75,17.79,34.31,20.02,31.86
1777935297,10.69,17.50,6.25,20.54,29.71,17.79,34.31,19.79,31.83
1777935298,10.69,18.00,6.50,20.33,29.67,17.82,34.32,19.84,31.87
1777935300,10.69,18.00,6.25,20.55,29.71,17.80,34.33,20.06,31.91
1777935302,10.63,17.50,6.00,20.35,29.69,17.93,34.33,19.66,31.76
1777935303,10.56,17.50,6.50,20.52,29.71,17.84,34.32,19.66,31.69
1777935305,10.63,18.00,6.50,20.28,29.66,17.69,34.27,20.23,31.74
1777935306,10.56,17.75,6.00,20.51,29.68,17.82,34.29,20.57,31.80
1777935308,10.69,17.25,6.25,20.38,29.66,17.91,34.31,19.88,31.77
1777935310,10.63,17.75,6.50,20.34,29.65,17.87,34.29,20.05,31.82
1777935311,10.69,17.75,6.00,20.35,29.67,17.84,34.30,19.86,31.80
1777935313,10.69,17.75,6.50,20.27,29.67,17.90,34.33,20.16,31.85
1777935314,10.69,17.50,6.25,20.48,29.72,17.90,34.34,19.63,31.80
1777935316,10.69,17.75,6.25,20.44,29.71,17.85,34.36,20.39,31.93
1777935318,10.69,17.50,6.50,20.65,29.74,17.84,34.38,19.97,31.84
1777935319,10.69,17.75,6.50,20.53,29.73,17.87,34.44,19.89,31.86
1777935321,10.69,17.50,6.50,20.44,29.74,17.75,34.40,20.33,31.88
1777935322,10.69,17.00,6.50,20.51,29.73,17.73,34.38,19.87,31.79
1777935324,10.63,17.25,6.00,20.34,29.68,17.80,34.36,20.15,31.84
1777935326,10.56,17.75,6.25,20.56,29.70,17.76,34.34,20.10,31.81
1777935327,10.56,17.00,6.75,20.28,29.64,17.88,34.33,19.94,31.78
1777935329,10.50,17.25,6.00,20.88,29.71,17.84,34.34,19.85,31.76
1777935331,10.50,17.50,6.00,20.38,29.62,17.74,34.29,19.63,31.73
1777935332,10.50,17.25,6.50,20.47,29.62,17.82,34.27,20.17,31.75
1777935334,10.50,17.75,6.25,20.91,29.65,17.77,34.25,20.09,31.69
1777935335,10.50,17.00,6.50,20.34,29.58,17.83,34.29,19.85,31.69
1777935337,10.50,17.25,6.50,20.70,29.63,17.72,34.32,19.73,31.73
1777935339,10.50,17.50,6.75,20.49,29.61,17.77,34.35,19.74,31.78
1777935340,10.56,18.25,6.25,20.48,29.60,17.69,34.38,20.05,31.85
1777935342,10.50,18.00,5.75,20.45,29.61,17.82,34.38,19.87,31.81
1777935343,10.50,18.00,6.50,20.59,29.62,17.82,34.36,19.62,31.72
1777935345,10.50,17.75,6.50,20.28,29.58,17.78,34.36,19.70,31.79
1777935347,10.56,17.50,6.50,20.60,29.62,17.82,34.36,20.06,31.88
1777935348,10.50,17.50,6.50,20.75,29.65,17.81,34.34,19.80,31.83
1777935350,10.50,17.50,6.00,20.32,29.59,17.80,34.34,20.19,31.84
1777935351,10.44,17.25,5.50,20.94,29.67,17.89,34.33,19.85,31.76
1777935353,10.50,16.75,6.50,20.31,29.58,17.72,34.32,19.69,31.71
1777935355,10.44,17.25,6.25,20.50,29.61,17.82,34.36,19.99,31.82
1777935356,10.50,17.50,6.00,20.39,29.63,17.75,34.37,19.70,31.86
1777935358,10.50,17.75,6.00,20.28,29.65,17.84,34.47,20.29,32.01
1777935359,10.56,17.00,6.50,20.90,29.76,17.80,34.54,20.16,32.02
1777935361,10.56,17.25,6.25,20.40,29.75,17.87,34.57,20.08,32.06
1777935363,10.63,17.00,6.25,20.66,29.84,17.62,34.56,19.81,32.05
1777935364,10.56,17.00,6.00,20.50,29.86,17.77,34.63,20.12,32.12
1777935366,10.63,17.00,6.25,20.41,29.88,17.80,34.66,20.15,32.14
1777935367,10.63,17.25,6.25,20.32,29.90,17.79,34.67,20.05,32.12
1777935369,10.69,17.75,6.50,20.32,29.90,17.84,34.66,19.90,32.06
1777935371,10.63,17.50,6.25,20.49,29.90,17.71,34.62,20.30,32.09
1777935372,10.63,17.50,6.25,20.41,29.87,17.68,34.58,20.38,32.02
1777935374,10.56,17.50,6.50,20.32,29.81,17.70,34.54,20.14,31.87
1777935376,10.50,17.50,6.50,20.21,29.76,17.74,34.52,19.57,31.72
1777935377,10.50,17.50,6.50,20.45,29.76,17.71,34.49,19.66,31.71
1777935379,10.50,17.50,5.75,20.40,29.72,17.72,34.44,19.69,31.73
1777935380,10.50,17.50,6.00,20.62,29.71,17.89,34.44,19.97,31.82
1777935382,10.50,17.75,6.50,20.50,29.68,17.80,34.39,19.69,31.80
1777935384,10.50,18.00,6.25,20.26,29.63,17.92,34.42,19.71,31.82
1777935385,10.44,17.50,6.50,20.80,29.71,17.88,34.41,19.80,31.87
1777935387,10.44,16.75,6.50,20.31,29.61,17.83,34.37,19.97,31.92
1777935388,10.44,17.00,6.00,20.30,29.57,17.81,34.34,20.53,32.04
1777935390,10.38,17.75,6.50,20.35,29.59,17.90,34.33,20.12,31.99
1777935392,10.44,17.00,6.00,20.30,29.58,18.01,34.29,20.03,31.97
1777935393,10.44,16.50,6.25,20.53,29.59,17.88,34.23,20.00,31.97
1777935395,10.38,16.50,5.75,20.44,29.57,17.84,34.19,19.53,31.90
1777935396,10.38,17.00,6.00,20.61,29.59,17.91,34.20,19.96,31.99
1777935398,10.38,17.25,6.25,20.28,29.53,17.76,34.17,20.08,31.98
1777935400,10.44,17.50,6.25,20.47,29.58,17.80,34.23,20.08,32.02
1777935401,10.44,17.25,6.25,20.37,29.57,17.82,34.24,19.77,32.05
1777935403,10.38,17.75,6.25,20.21,29.60,17.87,34.32,19.80,32.14
1777935404,10.44,17.75,6.25,20.39,29.65,17.84,34.37,19.76,32.20
1777935406,10.44,17.50,6.50,20.58,29.70,17.88,34.38,19.74,32.22
1777935408,10.44,17.75,6.75,20.61,29.73,17.81,34.38,19.79,32.22
1777935409,10.44,17.50,6.50,20.26,29.69,17.80,34.41,19.84,32.22
1777935411,10.44,17.50,6.00,20.36,29.74,17.87,34.45,19.97,32.21
1777935412,10.44,17.25,6.00,20.51,29.75,17.88,34.43,19.84,32.16
1777935414,10.44,17.25,6.50,20.51,29.76,17.73,34.40,19.85,32.16
1777935416,10.44,18.00,6.50,20.45,29.74,17.88,34.44,19.90,32.18
1777935417,10.44,18.25,6.50,20.58,29.77,17.79,34.45,19.56,32.13
1777935419,10.44,17.75,6.50,20.44,29.73,17.80,34.47,20.09,32.24
1777935421,10.38,17.75,6.00,20.53,29.75,17.75,34.46,20.08,32.21
1777935422,10.38,17.25,6.25,20.86,29.78,17.82,34.46,19.73,32.16
1777935424,10.38,16.25,6.75,20.31,29.69,17.76,34.44,19.90,32.16
1777935425,10.38,17.75,6.00,20.33,29.70,17.87,34.44,20.06,32.15
1777935427,10.38,17.00,6.50,20.12,29.65,17.90,34.42,19.63,32.13
1777935429,10.38,17.50,6.50,20.52,29.68,17.78,34.39,20.05,32.16
1777935430,10.38,16.75,6.50,20.26,29.65,17.82,34.42,19.76,32.13
1777935432,10.38,17.50,6.00,20.27,29.66,17.84,34.47,20.11,32.23
1777935433,10.44,17.50,6.25,20.90,29.75,17.79,34.49,20.08,32.26
1777935435,10.50,18.00,6.50,20.42,29.66,17.72,34.50,19.52,32.19
1777935437,10.50,18.00,6.50,20.80,29.72,17.72,34.51,19.63,32.24
1777935438,10.44,17.25,6.25,20.29,29.65,17.69,34.49,19.70,32.19
1777935440,10.44,17.75,6.50,20.30,29.64,17.80,34.46,19.72,32.15
1777935441,10.38,18.25,6.00,20.27,29.61,17.80,34.47,19.64,32.08
1777935443,10.38,17.75,6.25,20.25,29.61,17.80,34.47,20.04,32.14
1777935445,10.38,16.50,6.50,20.72,29.66,17.82,34.49,19.98,32.18
1777935446,10.38,16.75,6.50,20.14,29.58,17.80,34.48,19.60,32.16
1777935448,10.38,17.00,6.25,20.65,29.66,17.70,34.48,19.76,32.19
1777935449,10.38,17.25,6.50,20.37,29.62,17.83,34.50,20.08,32.27
1777935451,10.38,17.50,6.25,20.51,29.64,17.70,34.51,19.91,32.25
1777935453,10.38,18.00,6.50,20.23,29.62,17.76,34.55,20.02,32.28
1777935454,10.44,17.25,6.50,20.80,29.72,17.84,34.57,19.88,32.30
1777935456,10.44,17.50,6.50,20.16,29.65,17.68,34.56,19.92,32.31
1777935457,10.44,17.50,6.50,20.33,29.71,17.73,34.58,20.05,32.33
1777935459,10.44,17.50,6.50,20.29,29.72,17.76,34.57,19.84,32.27
1777935461,10.50,17.50,6.50,20.37,29.77,17.75,34.58,20.06,32.29
1777935462,10.50,18.00,6.00,20.37,29.78,17.73,34.61,19.91,32.29
1777935464,10.50,17.50,6.50,20.48,29.82,17.84,34.64,20.00,32.32
1777935465,10.44,17.75,5.50,20.17,29.80,17.74,34.61,19.80,32.27
1777935467,10.44,17.50,6.50,20.24,29.81,17.73,34.59,19.55,32.14
1777935469,10.44,17.50,6.00,20.34,29.83,17.72,34.58,19.73,32.05
1777935470,10.38,17.50,6.25,20.40,29.81,17.76,34.58,19.90,32.02
1777935472,10.31,17.75,6.00,20.46,29.80,17.66,34.55,19.56,31.96
1777935474,10.31,17.50,6.25,20.59,29.82,17.68,34.53,19.32,31.93
1777935475,10.25,17.75,6.00,20.55,29.79,17.78,34.53,19.66,31.97
1777935477,10.25,18.00,6.25,20.44,29.78,17.76,34.52,19.95,32.01
1777935478,10.19,17.75,6.50,20.51,29.76,17.79,34.52,19.83,31.99
1777935480,10.19,17.00,6.25,20.28,29.72,17.70,34.51,19.66,31.96
1777935482,10.19,16.00,6.25,20.26,29.70,17.71,34.53,19.18,31.96
1777935483,10.25,16.75,6.25,20.43,29.71,17.72,34.55,19.45,32.03
1777935485,10.19,17.25,6.00,20.47,29.70,17.66,34.53,19.62,32.06
1777935486,10.19,17.25,6.00,20.40,29.70,17.71,34.55,19.76,32.15
1777935488,10.19,17.50,6.50,20.21,29.67,17.76,34.55,19.76,32.23
1777935490,10.19,17.50,6.25,20.35,29.68,17.66,34.53,19.49,32.25
1777935491,10.13,17.50,6.25,20.47,29.70,17.74,34.55,19.64,32.33
1777935493,10.19,17.00,6.00,20.47,29.71,17.67,34.55,19.46,32.33
1777935494,10.19,17.25,6.25,20.38,29.70,17.76,34.55,19.77,32.41
1777935496,10.13,17.25,6.50,20.16,29.67,17.66,34.55,19.76,32.41
1777935498,10.13,17.25,6.25,20.53,29.74,17.62,34.56,19.64,32.43
1777935499,10.25,17.25,6.00,20.38,29.74,17.68,34.62,20.02,32.53
1777935501,10.31,16.75,6.25,20.51,29.77,17.62,34.70,19.70,32.51
1777935502,10.31,16.75,6.75,20.29,29.79,17.73,34.79,19.95,32.56
1777935504,10.38,17.25,6.25,20.16,29.80,17.68,34.87,19.80,32.59
1777935506,10.38,17.25,6.50,20.82,29.97,17.66,34.92,19.79,32.62
1777935507,10.50,16.75,6.00,20.17,29.93,17.59,34.90,19.55,32.61
1777935509,10.50,17.25,6.75,20.34,30.01,17.70,34.91,19.55,32.63
1777935510,10.56,17.25,6.75,20.42,30.07,17.57,34.88,19.68,32.63
1777935512,10.63,17.25,6.75,20.32,30.10,17.62,34.91,19.80,32.66
1777935514,10.69,17.00,5.75,20.37,30.13,17.66,34.95,20.01,32.68
1777935515,10.69,17.25,6.00,20.16,30.11,17.76,35.00,19.77,32.65
1777935517,10.63,17.50,6.25,20.13,30.05,17.71,34.95,19.72,32.63
1777935519,10.63,17.25,5.75,20.24,30.01,17.77,34.89,19.62,32.49
1777935520,10.56,17.50,6.50,20.30,30.02,17.76,34.82,19.66,32.34
1777935522,10.56,17.50,6.50,20.10,29.98,17.72,34.76,19.84,32.31
1777935523,10.50,17.50,6.00,20.29,30.00,17.76,34.71,19.81,32.23
1777935525,10.44,17.25,6.25,20.50,30.02,17.82,34.68,19.81,32.18
1777935527,10.44,17.00,6.25,20.40,29.97,17.75,34.63,19.62,32.14
1777935528,10.38,17.25,6.25,20.27,29.93,17.73,34.60,19.95,32.20
1777935530,10.38,17.25,6.50,20.21,29.90,17.83,34.61,19.66,32.11
1777935531,10.38,17.50,5.75,20.35,29.90,17.90,34.61,19.62,32.10
1777935533,10.31,17.25,6.25,20.43,29.88,17.76,34.56,19.37,32.10
1777935535,10.25,17.25,6.50,20.27,29.82,17.76,34.54,20.13,32.20
1777935536,10.25,17.25,6.00,20.22,29.81,17.67,34.52,19.37,32.07
1777935538,10.25,17.00,6.50,20.44,29.84,17.71,34.52,19.63,32.06
1777935539,10.25,17.25,6.25,20.31,29.81,17.82,34.56,19.90,32.08
1777935541,10.19,17.25,6.25,20.43,29.81,17.77,34.53,19.59,32.09
1777935543,10.13,17.50,6.25,20.42,29.81,17.79,34.54,19.40,32.11
1777935544,10.13,17.00,6.25,20.34,29.79,17.87,34.54,19.76,32.18
1777935546,10.06,17.50,6.25,20.83,29.85,17.80,34.51,19.85,32.13
1777935547,10.06,17.50,6.25,20.27,29.77,17.76,34.50,19.87,32.10
1777935549,10.06,17.25,5.75,20.29,29.76,17.71,34.50,19.63,32.08
1777935551,10.00,17.25,6.50,20.35,29.78,17.70,34.51,20.01,32.16
1777935552,10.06,17.50,6.25,20.28,29.76,17.76,34.53,19.87,32.21
1777935554,10.06,17.50,6.50,20.48,29.79,17.79,34.56,19.61,32.27
1777935555,10.00,17.25,6.25,20.25,29.76,17.80,34.58,19.54,32.33
1777935557,10.06,17.50,6.25,20.37,29.82,17.73,34.62,19.60,32.43
1777935559,10.06,17.75,6.50,20.83,29.91,17.78,34.65,20.10,32.55
1777935560,10.13,17.00,6.50,20.19,29.86,17.70,34.66,19.74,32.50
1777935562,10.06,17.25,6.50,20.28,29.87,17.76,34.67,19.80,32.53
1777935564,10.06,16.75,6.25,20.25,29.89,17.77,34.65,19.68,32.50
1777935565,10.06,16.25,6.00,20.42,29.91,17.76,34.60,19.58,32.48
1777935567,10.13,16.25,6.50,20.35,29.89,17.80,34.60,19.97,32.53
1777935568,10.06,17.25,6.25,20.37,29.89,17.83,34.60,19.62,32.45
1777935570,10.06,17.25,6.50,20.41,29.89,17.75,34.56,19.64,32.43
1777935572,10.00,17.75,6.25,20.12,29.85,17.69,34.54,19.39,32.34
1777935573,10.00,17.50,6.50,20.65,29.87,17.74,34.52,19.87,32.36
1777935575,9.94,17.50,6.50,20.35,29.82,17.74,34.51,20.19,32.35
1777935576,9.94,17.75,6.50,20.49,29.85,17.90,34.53,19.59,32.20
1777935578,9.94,17.25,6.50,20.28,29.84,17.87,34.50,19.30,32.09
1777935580,9.94,17.75,6.25,20.34,29.86,17.87,34.51,19.52,32.12
1777935581,9.94,17.50,6.50,20.66,29.90,17.75,34.49,19.80,32.16
1777935583,9.94,16.75,6.50,20.62,29.91,17.84,34.50,19.90,32.23
1777935584,9.94,16.75,6.25,20.16,29.83,17.85,34.53,19.72,32.26
1777935586,10.00,16.25,6.25,20.42,29.88,17.93,34.52,19.30,32.23
1777935588,9.94,17.00,6.00,20.14,29.83,17.79,34.51,19.71,32.32
1777935589,10.00,17.50,6.25,20.34,29.85,17.80,34.51,19.56,32.33
1777935591,10.00,16.50,5.50,20.50,29.86,17.76,34.52,19.78,32.38
1777935592,9.94,16.50,6.00,20.28,29.81,17.73,34.53,20.05,32.45
1777935594,9.94,16.75,6.50,20.35,29.81,17.78,34.56,20.02,32.47
1777935596,10.00,17.25,5.75,20.39,29.83,17.76,34.56,19.71,32.47
1777935597,9.94,17.25,6.00,20.42,29.83,17.85,34.61,19.78,32.48
1777935599,9.94,17.00,6.00,20.61,29.86,17.84,34.59,19.87,32.50
1777935600,9.94,17.00,5.75,20.37,29.81,17.72,34.58,19.48,32.43
1777935602,9.88,17.25,6.25,20.20,29.81,17.73,34.59,19.77,32.45
1777935604,9.81,17.50,6.25,20.44,29.83,17.66,34.61,19.98,32.45
1777935605,9.88,17.75,5.75,20.27,29.81,17.70,34.64,19.63,32.36
1777935607,9.81,17.75,5.75,20.34,29.81,17.72,34.67,19.96,32.37
1777935608,9.81,17.75,6.25,20.82,29.87,17.72,34.67,19.85,32.39
1777935610,9.81,17.25,6.25,20.27,29.79,17.73,34.68,19.70,32.42
1777935612,9.81,17.25,6.25,20.41,29.83,17.69,34.67,19.34,32.42
1777935613,9.88,17.00,6.25,20.65,29.87,17.67,34.68,19.78,32.51
1777935615,9.88,18.00,5.75,20.47,29.87,17.65,34.73,19.66,32.59
1777935617,9.88,17.50,6.50,20.27,29.86,17.59,34.81,19.15,32.60
1777935618,9.88,17.25,6.50,20.29,29.88,17.69,34.86,19.41,32.74
1777935620,9.88,17.50,6.50,20.39,29.92,17.72,34.90,19.49,32.78
1777935621,9.94,18.00,6.50,20.30,29.93,17.70,34.89,19.26,32.78
1777935623,9.94,18.00,6.25,20.48,29.97,17.62,34.86,19.75,32.82
1777935625,9.94,16.50,6.25,20.46,29.98,17.68,34.84,19.95,32.84
1777935626,9.88,17.25,6.50,20.23,29.93,17.89,34.86,19.84,32.83
1777935628,9.94,17.00,6.00,20.20,29.94,17.78,34.79,19.36,32.74
1777935629,9.88,17.50,6.50,20.13,29.92,17.62,34.76,19.52,32.74
1777935631,9.94,17.75,6.25,20.51,29.99,17.66,34.76,19.84,32.77
1777935633,9.88,18.00,6.00,20.08,29.91,17.61,34.75,20.01,32.79
1777935634,9.94,18.00,6.50,20.32,29.95,17.61,34.74,19.58,32.71
1777935636,9.94,17.25,6.50,20.40,29.97,17.67,34.76,19.77,32.74
1777935637,9.94,17.25,6.25,20.30,29.95,17.65,34.75,19.26,32.65
1777935639,9.94,17.25,6.00,20.24,29.94,17.66,34.76,19.45,32.68
1777935641,10.00,17.75,6.50,20.11,29.93,17.73,34.81,19.85,32.78
1777935642,10.06,16.75,6.50,20.05,29.94,17.70,34.83,19.52,32.79
1777935644,10.13,17.00,5.75,20.37,30.05,17.59,34.88,19.53,32.86
1777935645,10.19,17.25,6.25,20.01,30.05,17.68,34.96,19.62,32.92
1777935647,10.25,17.25,6.25,20.36,30.14,17.62,34.99,19.62,32.95
1777935649,10.25,17.75,6.25,20.38,30.17,17.62,35.00,19.91,33.02
1777935650,10.19,16.25,6.50,20.44,30.21,17.62,34.97,19.45,32.94
1777935652,10.19,16.50,6.25,20.27,30.19,17.69,34.97,19.41,32.94
1777935653,10.25,16.50,6.00,20.40,30.21,17.68,34.93,19.85,33.01
1777935655,10.13,17.00,6.25,20.42,30.20,17.67,34.89,19.62,32.90
1777935657,10.19,17.00,6.50,20.37,30.18,17.55,34.85,19.61,32.82
1777935658,10.19,16.50,6.25,20.34,30.15,17.65,34.85,19.58,32.78
1777935660,10.13,16.75,6.50,20.36,30.13,17.66,34.85,19.13,32.71
1777935661,10.13,17.00,6.50,20.74,30.16,17.60,34.83,19.41,32.76
1777935663,10.06,16.75,6.50,20.22,30.09,17.64,34.83,19.25,32.74
1777935665,10.13,16.50,6.50,20.40,30.09,17.62,34.79,19.45,32.78
1777935666,10.06,17.25,6.50,20.33,30.08,17.67,34.81,19.48,32.78
1777935668,10.06,17.00,6.25,20.43,30.08,17.62,34.82,19.39,32.74
1777935670,10.06,17.25,6.00,20.55,30.08,17.73,34.83,19.47,32.74
1777935671,10.06,17.25,6.25,20.34,30.04,17.76,34.83,19.20,32.72
1777935673,10.06,16.75,6.50,20.49,30.07,17.70,34.82,19.15,32.75
1777935674,10.06,16.25,6.50,20.80,30.12,17.62,34.80,19.25,32.80
1777935676,10.06,16.25,5.75,20.23,30.05,17.66,34.80,19.28,32.81
1777935678,10.06,16.50,6.50,20.02,30.03,17.69,34.81,19.61,32.90
1777935679,10.06,17.00,6.50,20.01,30.01,17.62,34.78,18.94,32.81
1777935681,10.06,16.75,6.00,20.55,30.12,17.57,34.79,19.52,32.91
1777935682,10.06,18.00,6.50,20.66,30.12,17.62,34.81,19.27,32.88
1777935684,10.06,17.00,6.50,20.26,30.08,17.66,34.84,19.69,32.95
1777935686,10.00,17.00,6.00,20.28,30.10,17.66,34.83,19.31,32.89
1777935687,10.00,17.25,6.50,20.53,30.12,17.69,34.85,19.11,32.85
1777935689,9.94,17.75,5.75,20.18,30.08,17.55,34.81,19.50,32.89
1777935690,9.88,17.50,6.25,20.27,30.09,17.70,34.83,19.52,32.89
1777935692,9.94,17.25,5.75,20.19,30.08,17.73,34.83,19.38,32.87
1777935694,9.88,17.25,6.00,20.24,30.09,17.66,34.80,19.26,32.81
1777935695,9.88,17.50,6.50,20.51,30.11,17.62,34.79,19.23,32.79
1777935697,9.81,16.75,6.50,20.47,30.13,17.59,34.78,19.26,32.80
1777935698,9.81,17.50,5.75,20.51,30.11,17.62,34.77,18.93,32.77
1777935700,9.81,16.75,6.00,20.24,30.09,17.55,34.76,19.15,32.86
1777935702,9.81,17.25,6.00,20.18,30.07,17.70,34.78,19.60,32.95
1777935703,9.94,17.00,6.25,20.10,30.07,17.58,34.79,19.23,32.97
1777935705,9.94,17.00,6.00,19.93,30.08,17.68,34.83,19.61,33.12
1777935706,9.94,17.00,6.25,20.02,30.12,17.80,34.88,19.45,33.18
1777935708,10.00,17.00,6.75,19.96,30.19,17.70,34.93,19.41,33.24
1777935710,10.06,17.25,5.25,20.33,30.30,17.62,34.95,19.34,33.29
1777935711,10.06,17.25,6.00,20.34,30.32,17.64,35.00,19.50,33.37
1777935713,10.13,17.25,6.00,20.39,30.39,17.62,35.05,19.82,33.45
1777935714,10.13,17.25,6.25,19.97,30.36,17.66,35.07,19.43,33.40
1777935716,10.13,17.50,6.50,20.03,30.40,17.68,35.08,19.34,33.40
1777935718,10.13,17.50,5.75,20.19,30.42,17.68,35.06,19.54,33.40
1777935719,10.13,17.75,6.50,19.88,30.36,17.64,35.03,19.33,33.31
1777935721,10.13,17.50,6.00,19.97,30.37,17.69,35.04,19.80,33.35
1777935723,10.13,17.00,6.50,20.39,30.40,17.65,35.03,19.84,33.32
1777935724,10.13,16.75,6.50,19.95,30.34,17.65,35.02,19.81,33.31
1777935726,10.13,16.50,6.25,20.05,30.35,17.66,35.01,19.45,33.23
1777935727,10.13,16.25,6.25,19.97,30.33,17.50,34.98,19.07,33.17
1777935729,10.19,17.25,6.00,20.29,30.37,17.56,34.98,19.45,33.21
1777935731,10.13,17.75,6.25,20.12,30.33,17.66,35.00,19.50,33.18
1777935732,10.19,16.75,6.00,20.19,30.35,17.65,34.98,19.41,33.16
1777935734,10.19,17.50,6.00,19.98,30.32,17.65,35.01,19.45,33.18
1777935735,10.19,17.50,6.00,20.07,30.34,17.52,35.02,19.58,33.25
1777935737,10.19,17.25,6.00,19.97,30.34,17.64,35.09,19.37,33.27
1777935739,10.19,17.50,6.25,19.94,30.34,17.62,35.11,19.00,33.23
1777935740,10.19,17.75,6.00,20.16,30.41,17.49,35.10,19.43,33.27
1777935742,10.25,16.75,5.75,20.03,30.40,17.50,35.10,19.44,33.22
1777935743,10.25,17.00,6.25,20.26,30.42,17.68,35.12,19.27,33.15
1777935745,10.19,17.50,6.25,19.97,30.38,17.52,35.09,19.45,33.13
1777935747,10.19,17.75,5.75,20.03,30.35,17.49,35.06,19.48,33.10
1777935748,10.19,17.75,6.00,19.97,30.36,17.50,35.06,19.48,33.07
1777935750,10.19,17.50,6.25,20.05,30.38,17.64,35.10,19.05,33.02
1777935751,10.19,17.25,6.50,19.99,30.33,17.55,35.09,19.41,33.05
1777935753,10.13,17.25,6.50,20.40,30.37,17.50,35.11,19.40,33.04
1777935755,10.13,17.25,6.25,20.43,30.36,17.58,35.12,19.45,33.06
1777935756,10.06,18.00,6.00,20.46,30.36,17.52,35.11,19.41,33.08
1777935758,10.06,17.50,5.75,19.94,30.28,17.50,35.09,19.37,33.11
1777935759,10.06,17.00,6.00,20.06,30.32,17.66,35.10,18.98,33.06
1777935761,10.06,16.50,6.00,19.97,30.30,17.43,35.06,19.61,33.17
1777935763,10.13,16.50,6.00,20.12,30.32,17.49,35.05,19.47,33.17
1777935764,10.06,16.75,6.00,19.80,30.26,17.52,35.05,19.58,33.16
1777935766,10.06,16.25,6.25,20.17,30.32,17.51,35.05,19.13,33.08
1777935768,10.06,16.50,6.25,19.97,30.31,17.48,35.05,19.28,33.12
1777935769,10.00,16.50,6.50,19.88,30.28,17.54,35.04,19.30,33.12
1777935771,10.06,17.00,6.00,20.05,30.30,17.39,35.02,18.98,33.08
1777935772,10.06,17.00,6.25,19.93,30.28,17.52,35.04,19.28,33.09
1777935774,10.06,17.25,6.50,19.99,30.29,17.54,35.06,19.18,33.11
1777935776,10.06,17.00,6.00,20.05,30.33,17.51,35.05,18.82,33.11
1777935777,10.06,17.00,6.25,20.12,30.35,17.53,35.08,19.43,33.25
1777935779,10.13,17.25,6.00,20.17,30.41,17.48,35.09,19.22,33.27
1777935780,10.13,17.00,6.50,20.18,30.42,17.52,35.13,19.19,33.30
1777935782,10.13,16.75,6.50,19.87,30.44,17.62,35.18,19.44,33.40
1777935784,10.25,16.50,6.25,19.97,30.50,17.54,35.21,19.41,33.47
1777935785,10.19,16.50,6.25,19.95,30.54,17.55,35.28,19.45,33.53
1777935787,10.31,17.00,6.50,20.33,30.63,17.40,35.31,18.94,33.48
1777935788,10.31,17.50,6.50,20.10,30.63,17.47,35.35,19.34,33.54
1777935790,10.31,17.00,6.50,19.99,30.64,17.47,35.38,19.84,33.62
1777935792,10.31,17.50,6.25,20.05,30.67,17.48,35.42,19.73,33.61
1777935793,10.38,16.75,6.50,20.01,30.67,17.41,35.45,19.48,33.54
1777935795,10.38,17.25,6.25,20.14,30.74,17.37,35.47,19.47,33.56
1777935796,10.38,17.50,6.50,19.89,30.71,17.41,35.47,19.31,33.50
1777935798,10.38,17.25,6.00,20.00,30.74,17.55,35.48,19.41,33.46
1777935800,10.44,17.00,6.00,20.43,30.78,17.51,35.44,19.38,33.40
1777935801,10.38,17.50,6.50,19.94,30.71,17.43,35.41,19.27,33.32
1777935803,10.38,17.75,6.50,20.00,30.68,17.45,35.37,19.42,33.30
1777935804,10.44,17.50,5.75,19.98,30.66,17.55,35.37,18.91,33.18
1777935806,10.44,17.00,6.25,20.07,30.64,17.38,35.32,19.43,33.21
1777935808,10.44,16.50,6.00,20.00,30.61,17.40,35.32,19.43,33.19
1777935809,10.38,16.50,6.50,20.16,30.63,17.46,35.32,19.44,33.16
1777935811,10.38,16.50,6.25,20.34,30.62,17.50,35.31,19.62,33.16
1777935813,10.38,17.00,6.00,20.45,30.62,17.57,35.31,19.45,33.13
1777935814,10.38,17.00,5.75,20.06,30.54,17.41,35.28,18.98,33.03
1777935816,10.38,16.25,6.25,20.10,30.54,17.58,35.29,19.62,33.11
1777935817,10.44,16.75,5.75,20.04,30.52,17.52,35.27,19.50,33.06
1777935819,10.38,16.50,6.25,20.13,30.52,17.64,35.29,19.84,33.12
1777935821,10.38,16.75,5.75,20.13,30.52,17.46,35.25,19.44,33.05
1777935822,10.31,16.25,6.00,20.51,30.57,17.41,35.23,19.67,33.09
1777935824,10.31,17.25,6.50,19.91,30.46,17.52,35.27,19.64,33.11
1777935825,10.31,16.75,6.25,19.86,30.45,17.41,35.26,19.55,33.11
1777935827,10.31,16.50,6.50,20.17,30.47,17.36,35.28,19.37,33.09
1777935829,10.31,17.25,6.25,19.78,30.42,17.47,35.34,19.46,33.17
1777935830,10.31,17.75,6.25,20.13,30.47,17.47,35.35,19.39,33.23
1777935832,10.38,17.75,6.25,19.91,30.43,17.46,35.35,19.48,33.26
1777935833,10.31,17.50,6.25,20.21,30.48,17.44,35.34,19.14,33.22
1777935835,10.25,17.75,5.75,20.10,30.47,17.48,35.35,19.23,33.20
1777935837,10.25,17.00,6.00,20.10,30.48,17.42,35.35,19.78,33.24
1777935838,10.25,17.00,6.25,20.13,30.49,17.53,35.37,19.34,33.13
1777935840,10.19,17.25,6.50,20.10,30.47,17.47,35.34,19.79,33.20
1777935841,10.19,17.50,6.25,20.13,30.50,17.52,35.34,19.23,33.14
1777935843,10.25,17.50,6.50,20.18,30.50,17.59,35.37,19.38,33.19
1777935845,10.25,18.00,6.25,20.13,30.52,17.44,35.37,19.38,33.25
1777935846,10.19,17.25,6.50,20.01,30.51,17.43,35.36,18.82,33.16
1777935848,10.25,17.50,6.00,19.99,30.53,17.39,35.34,18.86,33.12
1777935849,10.19,17.50,5.75,20.43,30.59,17.42,35.34,19.27,33.13
1777935851,10.19,17.50,6.00,20.38,30.59,17.36,35.31,19.08,33.07
1777935853,10.19,16.50,6.00,19.98,30.54,17.42,35.33,19.07,33.05
1777935854,10.19,17.00,6.50,20.10,30.57,17.42,35.31,19.58,33.17
1777935856,10.25,16.50,6.25,20.19,30.58,17.34,35.30,19.11,33.10
1777935857,10.25,17.75,6.50,20.11,30.54,17.50,35.33,19.68,33.17
1777935859,10.19,17.75,6.25,20.16,30.54,17.45,35.30,19.19,33.09
1777935861,10.19,17.25,6.50,20.46,30.58,17.38,35.31,19.25,33.12
1777935862,10.19,16.75,6.00,20.42,30.57,17.42,35.33,18.99,33.13
1777935864,10.19,16.50,6.50,20.01,30.53,17.39,35.34,18.85,33.10
1777935866,10.13,17.25,6.50,20.23,30.55,17.47,35.37,19.48,33.21
1777935867,10.19,17.50,5.75,20.07,30.52,17.44,35.38,19.72,33.26
1777935869,10.13,16.50,6.50,20.19,30.54,17.56,35.40,19.66,33.25
1777935870,10.13,17.50,6.50,19.99,30.51,17.37,35.34,19.37,33.23
1777935872,10.13,17.25,6.00,19.99,30.51,17.49,35.35,19.19,33.26
1777935874,10.13,16.50,6.25,20.08,30.52,17.44,35.34,19.00,33.26
1777935875,10.13,17.00,5.50,20.43,30.55,17.44,35.32,19.26,33.30
1777935877,10.13,17.25,6.00,19.89,30.48,17.52,35.33,19.21,33.29
1777935878,10.13,17.50,6.50,20.11,30.53,17.50,35.33,19.09,33.27
1777935880,10.19,16.75,6.25,20.03,30.51,17.47,35.33,19.66,33.33
1777935882,10.19,17.00,6.50,20.29,30.54,17.42,35.32,19.49,33.32
1777935883,10.19,16.50,6.25,20.08,30.52,17.55,35.37,19.21,33.33
1777935885,10.19,17.25,6.50,19.73,30.48,17.51,35.39,18.93,33.32
1777935886,10.19,17.00,6.00,20.06,30.55,17.44,35.38,18.93,33.34
1777935888,10.19,17.00,6.50,20.40,30.60,17.47,35.39,19.06,33.37
1777935890,10.25,17.00,6.00,20.02,30.56,17.53,35.38,19.13,33.38
1777935891,10.25,17.25,6.50,19.87,30.55,17.46,35.41,19.77,33.50
1777935893,10.25,17.50,6.00,19.97,30.60,17.30,35.43,19.23,33.45
1777935894,10.25,17.75,6.00,19.97,30.63,17.34,35.48,18.82,33.41
1777935896,10.31,17.00,6.25,19.72,30.63,17.34,35.49,19.31,33.46
1777935898,10.25,16.75,6.00,19.94,30.67,17.41,35.52,19.06,33.42
1777935899,10.31,17.00,6.00,20.08,30.70,17.31,35.52,18.82,33.37
1777935901,10.25,16.25,6.50,20.12,30.69,17.43,35.53,19.65,33.48
1777935902,10.25,17.00,6.50,20.12,30.69,17.43,35.52,19.23,33.40
1777935904,10.25,17.00,5.50,20.04,30.67,17.41,35.50,19.05,33.34
1777935906,10.25,16.75,6.50,19.95,30.65,17.42,35.49,19.31,33.39
1777935907,10.25,17.25,6.50,20.05,30.65,17.28,35.49,18.91,33.32
1777935909,10.25,17.00,6.00,20.05,30.64,17.34,35.48,19.19,33.37
1777935911,10.25,17.75,6.50,20.22,30.65,17.37,35.52,19.27,33.38
1777935912,10.25,17.50,6.25,20.00,30.63,17.34,35.50,19.52,33.45
1777935914,10.25,17.25,6.00,19.93,30.62,17.30,35.54,19.05,33.39
1777935915,10.25,17.00,5.50,20.33,30.69,17.36,35.54,19.26,33.43
1777935917,10.13,17.25,5.75,19.90,30.61,17.54,35.58,19.15,33.42
1777935919,10.19,17.25,6.25,19.99,30.64,17.29,35.54,19.65,33.53
1777935920,10.19,17.25,6.00,19.73,30.61,17.28,35.55,18.91,33.42
1777935922,10.19,17.50,6.50,19.91,30.63,17.32,35.56,19.39,33.45
1777935923,10.13,17.75,6.25,19.99,30.66,17.37,35.54,19.37,33.37
1777935925,10.06,17.25,6.25,20.08,30.67,17.28,35.52,19.28,33.33
1777935927,10.13,17.50,6.25,20.00,30.67,17.33,35.52,19.17,33.35
1777935928,10.06,18.00,6.25,19.97,30.65,17.37,35.52,18.85,33.35
1777935930,10.06,17.25,6.25,19.93,30.65,17.41,35.53,19.35,33.48
1777935931,10.06,17.50,6.50,20.27,30.70,17.36,35.52,18.91,33.46
1777935933,10.13,17.25,6.00,20.00,30.65,17.45,35.53,19.54,33.56
1777935935,10.06,17.25,6.25,19.93,30.66,17.37,35.50,18.75,33.50
1777935936,10.00,16.25,5.75,19.96,30.65,17.57,35.53,19.18,33.59
1777935938,10.00,16.75,6.50,19.89,30.66,17.43,35.48,18.90,33.58
1777935939,10.00,16.50,6.00,19.91,30.65,17.41,35.48,19.30,33.68
1777935941,10.06,17.00,6.25,19.96,30.66,17.41,35.44,18.78,33.64
1777935943,10.00,17.25,6.25,19.89,30.64,17.28,35.42,18.70,33.65
1777935944,10.00,17.00,6.25,19.98,30.67,17.38,35.41,18.87,33.69
1777935946,10.00,15.75,6.25,19.97,30.66,17.40,35.43,18.98,33.70
1777935947,9.94,16.00,5.75,19.87,30.64,17.44,35.43,19.19,33.75
1777935949,10.00,16.00,6.50,19.91,30.66,17.41,35.44,19.18,33.75
1777935951,9.94,16.75,6.00,20.05,30.68,17.38,35.44,19.22,33.75
1777935952,9.94,16.25,6.25,20.16,30.69,17.44,35.46,19.42,33.75
1777935954,9.94,16.25,6.50,19.95,30.66,17.30,35.45,18.74,33.70
1777935955,9.88,17.00,6.50,19.88,30.66,17.31,35.46,19.21,33.79
1777935957,9.94,17.50,6.00,19.94,30.69,17.38,35.46,18.76,33.73
1777935959,9.94,17.00,6.50,20.24,30.71,17.47,35.50,18.99,33.76
1777935960,9.94,16.50,6.50,20.08,30.70,17.45,35.47,18.94,33.73
1777935962,10.00,17.00,6.25,20.02,30.70,17.46,35.48,19.13,33.75
1777935964,10.00,17.50,6.50,19.92,30.71,17.44,35.48,19.56,33.88
1777935965,10.00,17.25,6.25,19.74,30.70,17.37,35.47,18.94,33.85
1777935967,10.00,17.75,6.25,20.06,30.75,17.39,35.45,19.16,33.89
1777935968,10.06,17.25,6.25,19.97,30.76,17.33,35.45,19.10,33.86
1777935970,10.06,17.50,6.25,20.07,30.75,17.38,35.45,19.37,33.90
1777935972,10.00,17.00,6.25,20.00,30.76,17.43,35.45,18.75,33.83
1777935973,9.94,17.50,6.00,19.89,30.76,17.45,35.45,19.00,33.87
1777935975,9.94,17.50,6.00,19.98,30.76,17.42,35.45,18.62,33.76
1777935976,9.94,17.75,6.00,19.76,30.75,17.31,35.41,18.77,33.77
1777935978,9.94,17.00,6.00,20.03,30.77,17.34,35.41,18.84,33.79
1777935980,10.00,17.50,6.25,20.01,30.78,17.37,35.42,19.19,33.86
1777935981,10.00,17.50,6.25,19.92,30.76,17.44,35.44,19.16,33.85
1777935983,10.00,17.25,6.50,19.94,30.76,17.32,35.46,18.68,33.81
1777935984,9.94,17.00,6.25,20.02,30.78,17.47,35.50,18.91,33.95
1777935986,9.94,17.50,6.00,19.74,30.77,17.43,35.53,18.62,34.00
1777935988,10.00,16.50,6.25,19.93,30.86,17.41,35.57,18.83,34.10
1777935989,10.00,17.50,6.25,19.98,30.91,17.29,35.58,18.85,34.20
1777935991,10.00,17.25,6.25,19.95,30.95,17.37,35.63,19.40,34.35
1777935992,10.06,17.00,6.00,19.91,30.98,17.32,35.66,18.87,34.31
1777935994,10.13,17.75,6.75,19.98,31.00,17.35,35.65,19.26,34.36
1777935996,10.06,16.50,6.50,19.95,31.04,17.41,35.69,19.37,34.38
1777935997,10.13,16.75,6.00,20.12,31.07,17.39,35.68,19.11,34.36
1777935999,10.13,17.25,6.50,19.75,31.04,17.41,35.69,19.01,34.35
1777936000,10.19,17.00,6.25,19.87,31.04,17.42,35.70,18.86,34.32
1777936002,10.13,17.25,6.50,19.90,31.06,17.42,35.69,18.70,34.22
1777936004,10.13,17.50,6.50,20.01,31.06,17.43,35.67,18.69,34.17
1777936005,10.13,17.00,6.25,20.06,31.08,17.31,35.64,19.13,34.19
1777936007,10.13,16.75,6.50,19.74,31.00,17.30,35.61,18.93,34.11
1777936009,10.06,16.75,6.00,19.86,31.02,17.42,35.63,18.73,34.04
1777936010,10.00,16.50,6.00,20.01,31.01,17.37,35.60,19.49,34.07
1777936012,10.00,16.50,6.00,19.78,30.97,17.37,35.59,18.53,33.85
1777936013,10.00,16.50,6.25,19.80,30.95,17.34,35.59,19.20,33.92
1777936015,10.00,16.50,6.25,20.04,30.97,17.28,35.57,19.18,33.93
1777936017,9.94,16.50,6.00,19.93,30.94,17.26,35.56,19.15,33.92
1777936018,10.00,16.75,6.25,19.80,30.90,17.30,35.57,18.87,33.92
1777936020,10.00,16.75,6.75,20.10,30.93,17.33,35.57,19.23,33.98
1777936021,10.00,17.00,6.25,20.08,30.92,17.47,35.59,18.77,33.92
1777936023,10.00,17.25,6.25,19.92,30.88,17.55,35.62,19.41,34.04
1777936025,10.00,17.75,6.00,19.91,30.88,17.40,35.60,18.65,33.91
1777936026,10.06,18.00,6.25,20.16,30.91,17.34,35.58,18.75,33.93
1777936028,10.06,16.75,5.75,19.87,30.88,17.34,35.57,18.84,33.94
1777936029,10.06,16.50,6.25,19.93,30.89,17.34,35.59,19.18,33.98
1777936031,10.06,16.00,6.25,19.74,30.88,17.24,35.56,19.11,33.97
1777936033,10.13,17.00,6.25,20.14,30.93,17.45,35.61,19.15,33.97
1777936034,10.06,17.00,6.00,19.87,30.90,17.42,35.61,18.70,33.90
1777936036,10.13,16.75,6.50,19.97,30.93,17.44,35.63,19.46,34.07
1777936037,10.19,17.00,6.25,19.87,30.93,17.34,35.67,18.60,34.01
1777936039,10.19,16.75,5.75,19.98,30.98,17.37,35.69,19.22,34.18
1777936041,10.25,17.25,6.00,20.22,31.06,17.33,35.70,18.70,34.18
1777936042,10.31,17.25,6.50,20.03,31.07,17.32,35.74,18.87,34.25
1777936044,10.31,17.25,6.25,20.02,31.11,17.30,35.76,19.35,34.32
1777936045,10.31,17.25,6.25,19.90,31.11,17.37,35.75,18.98,34.24
1777936047,10.31,17.50,6.25,20.38,31.18,17.41,35.72,18.80,34.16
1777936049,10.31,17.50,6.25,20.01,31.11,17.37,35.71,18.59,34.09
1777936050,10.31,18.00,6.00,19.73,31.07,17.41,35.70,18.79,34.09
1777936052,10.31,17.75,6.00,19.99,31.10,17.36,35.68,19.41,34.16
1777936054,10.31,17.25,6.25,19.88,31.08,17.39,35.68,19.37,34.12
1777936055,10.38,17.00,6.25,20.04,31.09,17.31,35.66,18.97,34.02
1777936057,10.31,17.00,6.25,20.09,31.10,17.34,35.65,19.45,34.05
1777936058,10.25,17.75,6.00,20.24,31.11,17.43,35.67,19.07,34.00
1777936060,10.31,17.75,6.50,20.13,31.09,17.40,35.67,19.23,34.03
1777936062,10.25,17.75,6.00,19.81,31.01,17.24,35.65,19.12,34.02
1777936063,10.25,17.75,5.75,19.91,31.02,17.40,35.69,18.58,33.95
1777936065,10.19,16.75,6.00,19.80,30.99,17.30,35.68,19.07,34.02
1777936066,10.19,17.00,6.25,20.08,31.02,17.23,35.67,18.72,33.98
1777936068,10.19,17.25,6.00,19.93,30.98,17.30,35.67,19.32,34.04
1777936070,10.13,17.25,5.75,19.88,30.98,17.34,35.70,18.73,33.94
1777936071,10.13,17.50,6.25,19.98,30.99,17.33,35.68,18.94,34.00
1777936073,10.19,17.25,5.75,20.11,31.00,17.38,35.68,19.02,34.01
1777936074,10.13,17.25,6.25,20.06,31.00,17.44,35.69,18.76,33.98
1777936076,10.13,17.50,6.00,20.10,30.99,17.41,35.69,18.69,33.98
1777936078,10.19,17.25,6.25,20.08,31.00,17.39,35.70,18.55,33.98
1777936079,10.13,16.75,6.25,20.08,31.01,17.28,35.66,19.48,34.10
1777936081,10.13,16.25,5.75,20.23,31.04,17.34,35.68,18.88,34.03
1777936082,10.06,17.00,6.00,19.88,31.00,17.30,35.67,19.02,34.05
1777936084,10.06,16.50,6.25,20.17,31.03,17.40,35.67,18.87,34.06
1777936086,10.06,17.00,6.50,20.01,31.00,17.38,35.65,19.30,34.14
1777936087,10.06,17.25,6.00,19.76,30.94,17.39,35.67,19.15,34.13
1777936089,10.06,17.75,6.25,20.05,30.97,17.47,35.69,19.02,34.12
1777936090,10.06,17.25,6.00,19.95,30.97,17.34,35.65,19.23,34.13
1777936092,10.06,16.75,6.00,19.81,30.95,17.37,35.68,19.00,34.09
1777936094,10.06,17.25,6.00,20.02,30.97,17.33,35.68,18.79,34.07
1777936095,10.06,17.25,6.50,20.09,30.99,17.30,35.68,18.91,34.09
1777936097,10.06,17.75,6.50,19.95,30.98,17.48,35.71,18.47,34.03
1777936098,10.13,17.75,6.25,20.04,31.00,17.37,35.71,19.05,34.13
1777936100,10.13,16.75,6.25,20.02,31.00,17.32,35.74,19.14,34.16
1777936102,10.06,16.25,6.00,19.97,31.02,17.45,35.75,19.02,34.16
1777936103,10.13,16.50,6.25,20.10,31.03,17.27,35.72,18.77,34.15
1777936105,10.13,16.50,6.25,19.88,31.00,17.33,35.75,18.69,34.13
1777936107,10.06,17.00,6.25,20.03,31.02,17.45,35.76,19.02,34.15
1777936108,10.06,17.50,5.75,20.07,31.02,17.25,35.73,18.55,34.06
1777936110,10.00,17.50,6.25,19.97,30.99,17.30,35.75,18.98,34.08
1777936111,10.00,17.00,5.75,19.98,30.99,17.29,35.74,19.14,34.10
1777936113,10.00,16.25,6.25,19.69,30.95,17.40,35.74,18.82,34.08
1777936115,9.94,16.50,5.75,19.91,30.96,17.37,35.73,19.12,34.14
1777936116,9.94,16.75,5.75,20.01,30.98,17.32,35.74,18.81,34.14
1777936118,9.94,16.75,5.75,20.03,30.98,17.32,35.76,18.67,34.15
1777936119,9.94,17.25,6.50,19.96,30.96,17.30,35.80,18.70,34.19
1777936121,9.88,16.25,6.50,19.91,30.95,17.26,35.81,19.26,34.30
1777936123,9.94,17.50,6.25,20.10,30.99,17.40,35.84,19.03,34.30
1777936124,9.88,17.50,6.00,19.76,30.93,17.34,35.83,18.66,34.25
1777936126,9.88,17.25,6.50,19.86,30.93,17.26,35.84,18.89,34.29
1777936127,9.94,17.25,6.00,19.76,30.93,17.37,35.85,18.74,34.29
1777936129,9.88,17.25,6.50,20.05,30.97,17.34,35.86,18.94,34.30
1777936131,9.88,17.75,6.00,19.95,30.97,17.30,35.84,18.72,34.22
1777936132,9.88,17.00,6.00,19.80,30.94,17.23,35.84,18.72,34.20
1777936134,9.88,17.00,6.00,19.82,30.96,17.34,35.87,18.63,34.19
1777936135,9.88,17.50,5.75,20.12,31.00,17.34,35.84,18.93,34.24
1777936137,9.94,17.00,6.50,20.19,31.02,17.34,35.85,18.97,34.27
1777936139,9.94,17.75,6.50,20.04,31.00,17.23,35.85,18.98,34.30
1777936140,9.88,16.50,6.00,19.96,31.00,17.34,35.88,18.77,34.33
1777936142,9.94,17.00,6.00,19.99,31.00,17.23,35.86,18.97,34.38
1777936143,10.00,17.50,6.50,19.70,30.98,17.44,35.88,18.71,34.39
1777936145,9.94,16.25,5.75,20.06,31.03,17.41,35.88,18.89,34.43
1777936147,9.88,17.00,5.75,19.99,31.03,17.23,35.85,18.88,34.42
1777936148,9.94,17.25,6.50,20.05,31.03,17.37,35.85,18.91,34.42
1777936150,9.88,17.25,6.25,20.02,31.03,17.40,35.85,18.66,34.36
1777936151,9.94,16.75,6.25,19.98,31.01,17.14,35.79,18.64,34.33
1777936153,9.94,16.50,6.00,20.16,31.05,17.44,35.84,19.23,34.42
1777936155,9.94,16.50,6.00,19.98,31.01,17.41,35.86,18.99,34.36
1777936156,10.00,17.00,6.25,19.99,31.00,17.32,35.86,18.91,34.36
1777936158,9.88,17.25,6.50,19.97,31.01,17.34,35.88,18.86,34.33
1777936160,9.88,16.00,6.00,19.77,30.98,17.36,35.87,19.15,34.38
1777936161,9.94,16.00,6.50,19.95,30.99,17.24,35.86,19.20,34.41
1777936163,9.94,16.50,6.25,19.87,30.99,17.40,35.89,19.41,34.50
1777936164,9.94,16.50,6.25,19.86,30.98,17.51,35.90,18.83,34.42
1777936166,9.88,16.75,6.25,20.15,31.01,17.40,35.89,18.99,34.45
1777936168,9.94,16.75,6.50,19.97,30.99,17.41,35.89,18.79,34.42
1777936169,9.94,16.75,6.25,19.65,30.95,17.31,35.91,18.81,34.48
1777936171,10.00,17.00,6.50,19.82,31.00,17.36,35.93,19.24,34.59
1777936172,10.00,17.00,6.50,19.80,31.04,17.26,35.93,18.87,34.61
1777936174,10.06,17.00,6.25,19.64,31.07,17.43,35.99,18.98,34.67
1777936176,10.06,17.50,6.25,19.64,31.10,17.29,36.00,18.98,34.69
1777936177,10.06,17.75,5.50,19.83,31.16,17.32,36.02,18.72,34.69
1777936179,10.13,17.50,6.00,20.13,31.23,17.23,36.02,19.01,34.69
1777936180,10.13,17.25,6.50,19.79,31.22,17.30,36.02,19.24,34.67
1777936182,10.13,16.75,6.00,19.93,31.23,17.38,36.02,19.34,34.69
1777936184,10.19,17.25,6.25,19.96,31.24,17.36,36.02,19.34,34.67
1777936185,10.13,17.25,5.75,19.76,31.20,17.38,36.02,18.87,34.63
1777936187,10.19,17.25,6.25,19.61,31.20,17.28,36.03,18.59,34.64
1777936188,10.19,16.25,6.50,19.67,31.22,17.39,36.07,18.67,34.65
1777936190,10.19,17.00,6.25,19.82,31.24,17.28,36.05,18.59,34.61
1777936192,10.25,17.50,6.25,19.70,31.23,17.22,36.05,18.64,34.58
1777936193,10.19,17.50,5.75,19.84,31.25,17.25,36.08,19.19,34.69
1777936195,10.19,17.75,6.25,19.92,31.27,17.32,36.12,18.84,34.68
1777936196,10.25,17.00,6.25,19.82,31.28,17.31,36.15,18.83,34.74
1777936198,10.25,17.25,6.50,19.97,31.29,17.26,36.13,18.83,34.77
1777936200,10.25,17.50,6.75,19.73,31.30,17.23,36.11,19.20,34.83
1777936201,10.31,17.25,6.75,19.98,31.36,17.31,36.11,18.60,34.75
1777936203,10.31,17.50,6.25,19.64,31.35,17.33,36.11,18.98,34.80
1777936205,10.38,17.25,6.75,19.52,31.39,17.26,36.13,19.01,34.82
1777936206,10.44,17.25,6.75,19.93,31.47,17.26,36.14,18.67,34.81
1777936208,10.44,17.75,6.50,19.96,31.53,17.15,36.17,19.08,34.87
1777936209,10.44,16.75,6.75,19.91,31.57,17.18,36.23,18.79,34.81
1777936211,10.50,17.50,6.75,19.74,31.61,17.37,36.26,18.91,34.85
1777936213,10.56,18.00,6.75,19.74,31.62,17.26,36.28,19.05,34.83
1777936214,10.56,17.75,6.00,19.88,31.65,17.25,36.24,18.94,34.76
1777936216,10.56,17.75,6.75,19.85,31.65,17.18,36.22,18.75,34.67
1777936217,10.56,17.50,6.50,19.91,31.64,17.29,36.24,19.22,34.71
1777936219,10.56,17.25,6.50,19.67,31.58,17.23,36.23,18.89,34.60
1777936221,10.56,17.00,6.50,19.81,31.60,17.21,36.20,19.30,34.60
1777936222,10.56,17.25,6.50,19.76,31.58,17.28,36.21,18.82,34.48
1777936224,10.63,17.50,6.25,19.80,31.54,17.25,36.18,18.83,34.43
1777936225,10.63,17.25,6.50,19.74,31.52,17.30,36.18,18.70,34.36
1777936227,10.56,17.75,6.25,19.64,31.49,17.25,36.18,19.37,34.42
1777936229,10.56,17.50,6.50,19.66,31.51,17.29,36.17,19.09,34.37
1777936230,10.63,17.75,6.00,19.92,31.52,17.20,36.12,18.70,34.30
1777936232,10.56,17.50,6.25,19.70,31.48,17.23,36.10,19.16,34.35
1777936233,10.63,17.00,6.25,19.52,31.44,17.28,36.09,18.75,34.24
1777936235,10.56,16.50,6.25,19.80,31.45,17.33,36.07,19.45,34.28
1777936237,10.56,16.50,5.50,19.77,31.42,17.34,36.05,19.30,34.21
1777936238,10.50,16.75,6.50,19.73,31.40,17.26,36.03,19.52,34.23
1777936240,10.50,16.50,6.00,19.60,31.35,17.39,36.03,19.39,34.18
1777936241,10.50,16.75,6.25,19.74,31.35,17.34,35.99,19.63,34.19
1777936243,10.44,17.25,6.25,19.99,31.37,17.30,36.00,19.34,34.13
1777936245,10.44,16.50,6.00,19.93,31.35,17.30,35.97,19.35,34.11
1777936246,10.44,16.50,6.25,19.80,31.31,17.26,35.97,18.91,34.04
1777936248,10.38,16.25,6.25,19.83,31.31,17.28,35.97,18.83,34.02
1777936249,10.38,17.25,6.25,19.55,31.25,17.29,35.96,19.13,34.07
1777936251,10.38,16.75,6.50,20.01,31.33,17.37,35.96,18.69,34.01
1777936253,10.31,16.75,6.25,20.01,31.30,17.34,35.95,18.81,34.06
1777936254,10.31,17.50,6.50,19.86,31.28,17.34,35.95,18.83,34.08
1777936256,10.25,17.00,6.25,19.59,31.23,17.41,35.95,19.45,34.18
1777936258,10.31,16.50,6.00,19.83,31.25,17.32,35.93,18.64,34.08
1777936259,10.31,17.00,6.25,19.82,31.24,17.38,35.92,18.91,34.13
1777936261,10.31,17.00,6.50,19.63,31.21,17.15,35.88,19.10,34.16
1777936262,10.31,18.00,6.00,19.83,31.25,17.38,35.91,18.83,34.08
1777936264,10.31,17.75,6.50,19.90,31.23,17.35,35.90,19.10,34.11
1777936266,10.25,17.25,6.25,19.72,31.21,17.41,35.88,19.37,34.15
1777936267,10.31,17.50,6.00,19.84,31.22,17.46,35.90,19.45,34.15
1777936269,10.31,17.75,5.75,19.73,31.21,17.41,35.90,19.36,34.13
1777936270,10.31,17.25,6.50,19.95,31.22,17.30,35.88,19.19,34.09
1777936272,10.25,17.75,6.00,19.71,31.18,17.29,35.88,19.01,34.07
1777936274,10.25,17.50,6.25,20.19,31.27,17.30,35.88,18.87,34.05
1777936275,10.25,17.00,6.25,19.85,31.22,17.25,35.88,18.80,34.08
1777936277,10.25,17.25,6.00,19.79,31.20,17.45,35.88,18.76,34.09
1777936278,10.25,16.75,6.50,20.05,31.24,17.32,35.86,18.87,34.08
1777936280,10.19,17.00,6.50,19.82,31.21,17.31,35.86,18.47,33.96
1777936282,10.19,17.00,6.00,20.18,31.25,17.48,35.87,18.92,33.98
1777936283,10.19,17.75,6.00,19.87,31.22,17.34,35.84,18.94,34.01
1777936285,10.19,17.75,6.25,19.80,31.18,17.24,35.83,18.78,34.02
1777936286,10.13,17.00,6.00,19.83,31.18,17.43,35.86,18.77,34.02
1777936288,10.19,17.50,6.50,20.12,31.22,17.32,35.84,18.89,34.06
1777936290,10.19,17.25,6.25,19.77,31.20,17.41,35.84,19.15,34.18
1777936291,10.19,17.50,6.00,19.82,31.23,17.37,35.85,18.93,34.22
1777936293,10.19,17.00,6.00,19.66,31.21,17.31,35.86,18.65,34.26
1777936294,10.19,17.50,6.00,19.63,31.26,17.49,35.93,18.89,34.36
1777936296,10.19,17.00,6.50,19.63,31.32,17.34,35.96,19.10,34.45
1777936298,10.25,16.75,6.00,19.87,31.38,17.30,35.98,19.02,34.47
1777936299,10.25,18.00,6.50,19.75,31.38,17.36,36.01,18.88,34.45
1777936301,10.25,17.25,5.50,19.98,31.42,17.30,35.99,19.43,34.50
1777936303,10.19,16.75,6.50,19.66,31.36,17.34,36.02,18.94,34.40
1777936304,10.19,16.25,6.25,19.81,31.37,17.31,35.99,19.07,34.39
1777936306,10.19,16.50,6.25,19.95,31.38,17.37,35.99,18.72,34.33
1777936307,10.19,16.75,6.25,19.63,31.30,17.30,35.99,19.05,34.37
1777936309,10.19,16.50,6.50,19.73,31.30,17.37,36.00,18.74,34.30
1777936311,10.13,16.75,6.50,19.85,31.30,17.37,35.98,18.85,34.33
1777936312,10.06,17.25,6.25,19.88,31.30,17.40,35.97,18.70,34.30
1777936314,10.13,17.00,6.25,19.70,31.26,17.26,35.94,18.90,34.33
1777936315,10.06,16.75,6.25,19.83,31.28,17.34,35.94,19.38,34.36
1777936317,10.06,17.25,5.75,19.96,31.26,17.30,35.94,18.96,34.26
1777936319,10.00,16.75,6.25,19.74,31.23,17.25,35.90,18.66,34.17
1777936320,10.00,16.50,5.75,19.80,31.23,17.38,35.96,18.99,34.18
1777936322,10.00,17.25,6.50,19.73,31.24,17.45,35.97,18.80,34.15
1777936323,9.94,17.25,5.75,19.69,31.22,17.42,35.94,19.26,34.20
1777936325,9.88,17.25,6.25,19.62,31.20,17.36,35.93,19.16,34.15
1777936327,9.94,17.00,6.25,19.72,31.21,17.38,35.94,19.06,34.16
1777936328,9.88,17.25,6.25,19.87,31.25,17.27,35.92,18.89,34.18
1777936330,9.88,17.00,6.25,19.77,31.20,17.24,35.92,19.14,34.27
1777936331,9.88,17.25,6.25,19.76,31.20,17.45,35.95,18.84,34.27
1777936333,9.94,17.00,6.50,19.96,31.24,17.28,35.94,18.62,34.25
1777936335,9.94,16.75,6.25,19.70,31.20,17.33,35.96,18.82,34.31
1777936336,9.94,16.75,6.00,19.67,31.23,17.38,35.98,18.68,34.37
1777936338,10.00,17.00,6.25,19.79,31.25,17.26,35.98,18.91,34.49
1777936339,10.00,17.00,6.25,19.99,31.34,17.17,36.01,19.33,34.64
1777936341,10.00,17.50,6.50,19.68,31.32,17.25,36.04,18.66,34.53
1777936343,10.00,17.25,6.50,19.70,31.33,17.32,36.04,18.87,34.54
1777936344,10.00,17.75,6.00,19.82,31.35,17.32,36.04,18.83,34.52
1777936346,10.00,17.00,6.25,19.98,31.36,17.34,36.03,18.68,34.48
1777936347,10.00,17.50,6.00,19.64,31.31,17.39,36.00,18.64,34.47
1777936349,10.00,17.75,6.00,19.97,31.35,17.23,35.98,18.80,34.49
1777936351,9.94,16.50,5.75,20.05,31.35,17.29,35.99,18.69,34.45
1777936352,10.00,16.00,6.00,19.94,31.34,17.36,35.96,19.39,34.57
1777936354,9.94,17.50,6.25,19.98,31.32,17.40,35.99,19.23,34.52
1777936356,10.00,17.50,6.00,19.87,31.30,17.28,35.97,18.82,34.50
1777936357,10.00,17.75,6.00,20.03,31.30,17.37,35.97,18.89,34.48
1777936359,9.94,17.25,6.25,19.77,31.26,17.41,35.97,18.78,34.40
1777936360,9.94,17.75,6.25,19.82,31.24,17.29,35.97,19.08,34.39
1777936362,9.94,17.75,5.75,19.80,31.25,17.24,35.97,18.91,34.34
1777936364,9.94,17.50,6.75,19.62,31.22,17.41,36.00,18.80,34.33
1777936365,9.94,17.25,6.25,19.66,31.23,17.40,36.00,19.11,34.40
1777936367,10.00,17.00,6.50,19.82,31.25,17.39,36.03,18.89,34.40
1777936368,10.00,16.50,6.50,19.77,31.28,17.26,36.07,18.80,34.47
1777936370,10.06,16.75,6.75,19.84,31.33,17.21,36.10,19.21,34.59
1777936372,10.13,17.00,6.75,19.92,31.39,17.24,36.17,19.18,34.66
1777936373,10.13,17.00,6.25,19.86,31.43,17.28,36.21,18.87,34.68
1777936375,10.13,17.00,6.50,19.74,31.45,17.30,36.26,18.64,34.70
1777936376,10.13,17.50,6.25,19.75,31.49,17.26,36.28,18.62,34.72
1777936378,10.13,16.75,6.00,19.89,31.53,17.29,36.28,18.44,34.66
1777936380,10.19,17.25,6.50,19.93,31.54,17.18,36.24,19.04,34.73
1777936381,10.19,16.75,6.25,19.76,31.51,17.37,36.25,18.98,34.66
1777936383,10.19,16.25,6.25,19.74,31.49,17.29,36.20,19.16,34.62
1777936384,10.19,16.75,6.25,19.97,31.52,17.31,36.19,18.81,34.53
1777936386,10.13,17.50,6.50,19.91,31.48,17.27,36.17,18.97,34.53
1777936388,10.13,17.25,6.25,19.68,31.45,17.35,36.15,18.82,34.49
1777936389,10.13,17.75,5.75,19.87,31.46,17.19,36.12,19.27,34.56
1777936391,10.13,17.50,6.25,19.73,31.42,17.12,36.09,19.13,34.51
1777936392,10.06,17.50,6.25,19.94,31.43,17.36,36.11,18.95,34.44
1777936394,10.06,17.00,6.25,19.92,31.42,17.30,36.09,18.86,34.41
1777936396,10.13,16.75,6.25,19.76,31.38,17.21,36.06,18.78,34.42
1777936397,10.13,17.50,6.25,19.89,31.37,17.25,36.06,18.73,34.42
1777936399,10.13,17.25,6.00,19.94,31.37,17.18,36.04,18.87,34.44
1777936401,10.13,16.75,6.00,19.93,31.36,17.34,36.06,18.94,34.47
1777936402,10.19,17.50,5.75,19.71,31.32,17.23,36.05,18.96,34.45
1777936404,10.19,17.25,5.75,19.56,31.29,17.37,36.07,18.58,34.37
1777936405,10.19,17.75,6.00,19.87,31.33,17.31,36.08,18.78,34.38
1777936407,10.19,17.25,6.25,20.01,31.33,17.39,36.08,19.28,34.43
1777936409,10.19,17.25,6.25,19.69,31.29,17.30,36.07,18.98,34.37
1777936410,10.19,17.00,6.25,19.86,31.29,17.27,36.06,18.62,34.30
1777936412,10.19,17.00,6.00,19.48,31.24,17.28,36.06,18.81,34.29
1777936413,10.19,16.75,6.00,19.80,31.29,17.34,36.07,18.60,34.29
1777936415,10.19,17.25,6.00,19.72,31.31,17.14,36.05,19.26,34.38
1777936417,10.19,16.50,6.00,19.84,31.33,17.23,36.07,19.72,34.48
1777936418,10.25,17.25,6.00,19.66,31.34,17.31,36.09,19.09,34.42
1777936420,10.25,17.25,5.75,19.78,31.38,17.37,36.12,18.75,34.38
1777936421,10.19,17.25,6.00,19.44,31.35,17.29,36.10,18.99,34.45
1777936423,10.25,17.00,5.75,19.79,31.41,17.32,36.10,18.87,34.41
1777936425,10.25,16.25,6.50,19.94,31.45,17.25,36.11,19.26,34.47
1777936426,10.19,16.25,6.00,19.69,31.40,17.19,36.10,18.84,34.40
1777936428,10.13,16.50,6.00,19.81,31.41,17.33,36.12,19.09,34.43
1777936429,10.19,16.25,6.00,19.94,31.41,17.29,36.09,18.70,34.38
1777936431,10.13,17.00,5.75,19.55,31.35,17.24,36.08,18.75,34.39
1777936433,10.13,17.25,6.00,19.73,31.37,17.16,36.07,19.18,34.44
1777936434,10.13,17.00,6.00,19.80,31.36,17.23,36.09,19.12,34.40
1777936436,10.00,17.25,6.25,19.75,31.35,17.21,36.11,18.76,34.34
1777936437,10.00,16.00,6.50,19.82,31.37,17.30,36.13,18.84,34.34
1777936439,10.00,16.50,5.75,19.96,31.37,17.11,36.11,18.96,34.37
1777936441,10.00,17.50,6.25,19.97,31.37,17.29,36.14,18.94,34.41
1777936442,10.06,17.00,6.00,19.77,31.34,17.29,36.13,19.06,34.45
1777936444,10.00,17.00,6.50,19.94,31.35,17.19,36.13,18.72,34.43
1777936445,10.06,16.25,6.25,20.09,31.35,17.37,36.15,18.61,34.43
1777936447,10.06,16.50,6.25,19.84,31.33,17.25,36.12,19.02,34.50
1777936449,9.94,16.25,6.50,19.81,31.31,17.27,36.13,18.66,34.49
1777936450,10.00,17.00,6.25,19.75,31.30,17.26,36.14,19.53,34.63
1777936452,10.00,17.50,6.50,19.97,31.34,17.29,36.14,18.88,34.54
1777936454,9.94,17.00,6.00,19.97,31.34,17.20,36.13,19.36,34.58
1777936455,9.94,17.75,6.00,19.69,31.31,17.30,36.14,18.89,34.48
1777936457,9.94,17.50,6.50,19.87,31.32,17.26,36.15,19.05,34.50
1777936458,9.94,16.75,6.25,19.83,31.34,17.19,36.13,19.13,34.54
1777936460,10.00,17.25,6.25,19.61,31.31,17.25,36.13,18.87,34.55
1777936462,10.00,17.00,6.50,19.77,31.35,17.21,36.13,18.94,34.57
1777936463,10.00,17.00,6.25,19.80,31.34,17.19,36.12,19.05,34.62
1777936465,10.00,17.25,6.25,19.71,31.34,17.26,36.12,19.04,34.66
1777936466,10.00,17.25,6.25,19.64,31.34,17.33,36.10,19.09,34.70
1777936468,9.94,17.25,6.25,19.93,31.39,17.29,36.09,19.26,34.72
1777936470,10.00,17.50,6.25,19.85,31.37,17.20,36.06,19.26,34.70
1777936471,10.00,17.75,6.25,19.45,31.33,17.38,36.10,18.91,34.65
1777936473,10.00,18.00,6.25,19.74,31.35,17.26,36.06,18.83,34.59
1777936474,10.00,17.50,5.75,20.02,31.40,17.36,36.08,19.12,34.62
1777936476,10.00,17.25,6.25,19.69,31.34,17.23,36.06,18.54,34.57
1777936478,10.00,17.00,6.25,19.64,31.33,17.30,36.08,18.79,34.59
1777936479,10.00,17.00,6.25,19.70,31.34,17.41,36.09,19.14,34.63
1777936481,10.00,17.50,6.50,19.97,31.37,17.34,36.07,18.84,34.59
1777936482,10.00,17.00,6.50,19.80,31.33,17.30,36.04,18.59,34.54
1777936484,10.06,17.25,6.25,20.01,31.36,17.41,36.06,18.98,34.65
1777936486,10.06,17.25,6.50,19.96,31.39,17.23,36.02,19.11,34.72
1777936487,10.00,17.00,5.75,19.93,31.38,17.41,36.04,18.59,34.67
1777936489,10.06,17.00,6.00,19.81,31.38,17.38,36.02,18.94,34.74
1777936490,10.06,17.00,6.00,19.89,31.39,17.38,36.03,18.88,34.74
1777936492,10.06,16.50,6.25,19.58,31.37,17.36,36.03,18.62,34.67
1777936494,10.06,17.00,6.50,19.91,31.41,17.36,36.02,19.16,34.74
1777936495,10.13,17.25,6.50,19.72,31.37,17.24,36.03,19.00,34.69
1777936497,10.13,17.50,6.25,19.95,31.38,17.24,36.04,19.12,34.68
1777936499,10.06,17.25,6.25,19.89,31.39,17.37,36.06,18.84,34.64
1777936500,10.06,17.25,6.50,19.84,31.38,17.29,36.06,19.44,34.73
1777936502,10.06,17.25,6.00,19.98,31.39,17.36,36.06,19.12,34.69
1777936503,10.06,16.75,6.25,19.77,31.36,17.36,36.07,18.96,34.69
1777936505,10.13,17.25,5.75,19.91,31.38,17.31,36.06,19.07,34.71
1777936507,10.13,17.75,6.00,19.87,31.36,17.33,36.08,18.88,34.69
1777936508,10.06,17.50,6.00,19.82,31.35,17.32,36.08,19.26,34.73
1777936510,10.06,16.75,6.00,19.98,31.38,17.30,36.06,18.59,34.67
1777936511,10.06,17.00,6.25,19.72,31.33,17.34,36.08,18.89,34.73
1777936513,10.06,17.50,6.25,19.69,31.36,17.19,36.05,18.57,34.67
1777936515,10.06,17.50,6.50,19.98,31.39,17.23,36.08,19.32,34.76
1777936516,10.06,17.25,6.25,19.61,31.34,17.42,36.12,18.77,34.69
1777936518,10.00,16.75,6.50,19.62,31.36,17.37,36.13,19.02,34.77
1777936519,10.06,17.25,6.50,19.67,31.36,17.30,36.15,19.02,34.78
1777936521,10.06,17.25,6.00,19.87,31.39,17.23,36.14,19.14,34.76
1777936523,10.06,17.75,5.75,19.74,31.37,17.13,36.13,18.97,34.78
1777936524,10.13,17.50,6.00,20.01,31.42,17.30,36.17,18.89,34.77
1777936526,10.13,17.25,6.25,19.59,31.38,17.29,36.15,18.61,34.74
1777936527,10.13,17.00,6.00,19.94,31.42,17.19,36.14,19.38,34.85
1777936529,10.13,17.25,6.25,19.81,31.40,17.19,36.15,19.04,34.80
1777936531,10.13,17.50,6.25,20.00,31.43,17.23,36.16,18.56,34.72
1777936532,10.13,17.00,6.00,19.98,31.43,17.18,36.15,19.31,34.79
1777936534,10.13,17.50,6.25,19.84,31.40,17.18,36.15,19.26,34.77
1777936535,10.13,17.50,6.50,19.79,31.40,17.30,36.15,18.44,34.65
1777936537,10.13,17.00,6.00,19.82,31.40,17.30,36.18,18.83,34.74
1777936539,10.06,16.75,6.50,19.90,31.40,17.30,36.16,18.96,34.78
1777936540,10.06,16.75,6.00,19.59,31.36,17.19,36.14,18.73,34.76
1777936542,10.06,17.00,5.75,19.80,31.39,17.13,36.14,18.69,34.77
1777936544,10.06,17.75,5.75,19.99,31.40,17.23,36.17,18.59,34.76
1777936545,10.06,17.50,6.00,19.77,31.36,17.24,36.14,18.74,34.77
1777936547,10.06,17.00,5.75,19.69,31.37,17.30,36.15,18.59,34.75
1777936548,10.00,17.00,6.25,19.68,31.37,17.18,36.12,18.70,34.76
1777936550,10.06,17.50,6.25,19.87,31.39,17.37,36.16,18.72,34.76
1777936552,10.00,16.75,6.00,19.80,31.40,17.37,36.13,18.70,34.75
1777936553,10.06,16.75,5.75,19.90,31.40,17.29,36.10,18.68,34.72
1777936555,10.06,17.50,6.00,19.75,31.37,17.23,36.10,18.76,34.73
1777936556,10.06,17.00,6.25,19.73,31.37,17.25,36.09,18.82,34.76
1777936558,10.06,17.00,5.75,19.75,31.37,17.28,36.11,18.55,34.72
1777936560,10.06,17.25,6.50,19.73,31.37,17.39,36.12,18.66,34.74
1777936561,10.00,17.00,6.25,19.92,31.41,17.33,36.10,18.81,34.78
1777936563,10.00,17.50,6.00,19.97,31.43,17.28,36.11,18.55,34.76
1777936564,10.00,17.25,6.00,19.90,31.41,17.14,36.10,18.61,34.76
1777936566,10.00,16.75,6.00,19.91,31.42,17.28,36.13,18.55,34.77
1777936568,10.00,17.25,6.25,19.56,31.38,17.26,36.13,18.90,34.83
1777936569,10.00,17.25,6.25,19.77,31.41,17.33,36.15,18.59,34.76
1777936571,10.00,17.50,6.25,19.75,31.41,17.26,36.14,18.65,34.77
1777936572,9.94,17.00,6.25,19.88,31.44,17.20,36.14,18.59,34.72
1777936574,9.88,17.50,6.00,19.75,31.42,17.34,36.19,18.93,34.76
1777936576,9.88,17.50,6.25,19.76,31.43,17.17,36.19,18.88,34.73
1777936577,9.88,17.50,6.25,19.79,31.44,17.23,36.20,18.79,34.77
1777936579,9.88,16.75,5.75,19.91,31.44,17.25,36.22,18.73,34.80
1777936580,9.88,17.00,6.00,19.63,31.40,17.26,36.24,18.73,34.81
1777936582,9.94,17.25,6.25,19.59,31.40,17.17,36.22,18.61,34.84
1777936584,9.94,17.25,6.50,19.80,31.44,17.22,36.25,18.71,34.87
1777936585,10.00,16.50,6.25,19.87,31.44,17.22,36.27,18.40,34.89
1777936587,10.00,17.50,6.50,19.80,31.45,17.12,36.26,18.68,34.98
1777936588,10.00,17.25,6.25,19.65,31.44,17.28,36.31,19.05,35.09
1777936590,10.06,17.00,6.25,19.68,31.45,17.30,36.28,18.55,35.05
1777936592,10.00,17.25,6.50,19.67,31.49,17.19,36.26,18.53,35.07
1777936593,10.13,17.50,6.50,19.61,31.52,17.34,36.28,18.65,35.11
1777936595,10.06,16.75,6.25,19.57,31.54,17.27,36.29,18.51,35.11
1777936597,10.13,16.75,5.75,20.10,31.62,17.21,36.27,18.67,35.09
1777936598,10.06,16.25,6.00,19.61,31.56,17.20,36.26,18.65,35.05
1777936600,10.06,16.75,6.50,19.66,31.57,17.21,36.26,18.62,35.00
1777936601,10.06,17.00,6.25,20.20,31.63,17.25,36.27,18.72,34.97
1777936603,10.13,16.50,6.25,19.69,31.56,17.19,36.25,18.48,34.90
1777936605,10.13,17.00,5.75,19.88,31.59,17.26,36.26,18.58,34.92
1777936606,10.13,16.75,6.00,19.66,31.56,17.22,36.24,18.61,34.93
1777936608,10.19,17.00,6.50,19.77,31.57,17.31,36.24,18.68,34.93
1777936609,10.13,17.50,5.75,19.91,31.59,17.22,36.22,18.45,34.89
1777936611,10.06,17.50,6.25,19.88,31.59,17.23,36.22,18.68,34.91
1777936613,10.06,17.25,6.25,19.74,31.56,17.15,36.21,19.11,34.91
1777936614,10.06,17.50,6.00,19.75,31.55,17.19,36.21,19.27,34.87
1777936616,10.00,17.25,6.25,19.68,31.54,17.30,36.21,18.63,34.74
1777936617,9.94,17.25,6.25,19.45,31.49,17.32,36.22,18.76,34.72
1777936619,9.94,16.75,6.00,20.05,31.59,17.26,36.20,18.91,34.75
1777936621,10.00,17.00,6.00,19.71,31.53,17.13,36.17,18.55,34.71
1777936622,10.00,17.00,5.75,20.20,31.59,17.17,36.17,18.37,34.73
1777936624,9.94,16.75,6.00,19.81,31.52,17.17,36.17,18.71,34.84
1777936625,10.00,17.50,6.25,19.85,31.53,17.32,36.21,18.39,34.85
1777936627,10.00,17.00,6.50,19.69,31.52,17.31,36.23,18.56,34.92
1777936629,10.06,17.50,6.50,19.59,31.53,17.22,36.25,18.56,34.98
1777936630,10.00,16.50,6.00,19.88,31.58,17.31,36.26,18.71,35.04
1777936632,10.06,17.00,6.25,19.59,31.56,17.13,36.25,18.50,35.04
1777936633,10.13,17.25,6.25,19.62,31.58,17.28,36.27,18.56,35.09
1777936635,10.13,17.25,6.25,19.53,31.60,17.12,36.28,18.76,35.12
1777936637,10.06,17.25,6.00,19.55,31.64,17.34,36.33,18.66,35.14
1777936638,10.13,17.25,6.50,19.94,31.69,17.21,36.31,19.02,35.21
1777936640,10.13,17.50,6.50,19.52,31.67,17.34,36.34,18.65,35.18
1777936642,10.13,17.50,6.50,19.56,31.70,17.26,36.33,18.48,35.17
1777936643,10.13,16.75,6.00,19.90,31.75,17.22,36.32,18.51,35.17
1777936645,10.13,17.50,6.00,19.55,31.71,17.23,36.33,18.58,35.20
1777936646,10.13,17.00,6.00,19.59,31.75,17.20,36.33,18.49,35.18
1777936648,10.13,17.00,5.75,19.62,31.76,17.23,36.35,19.01,35.23
1777936650,10.19,17.25,5.75,19.55,31.75,17.17,36.34,18.61,35.18
1777936651,10.19,17.25,5.75,19.82,31.79,17.23,36.34,18.53,35.16
1777936653,10.19,17.75,6.25,19.73,31.78,17.13,36.32,19.19,35.20
1777936654,10.19,17.75,6.25,19.59,31.75,17.24,36.32,18.68,35.11
1777936656,10.25,17.00,6.50,19.98,31.81,17.26,36.31,18.59,35.04
1777936658,10.19,17.00,5.75,19.92,31.78,17.26,36.29,18.62,34.99
1777936659,10.19,16.50,6.00,19.48,31.71,17.20,36.26,18.75,34.97
1777936661,10.13,16.25,6.00,19.69,31.71,17.31,36.29,18.48,34.90
1777936662,10.13,16.50,6.00,19.52,31.66,17.17,36.26,18.80,34.92
1777936664,10.13,17.00,6.25,19.55,31.66,17.19,36.28,19.26,34.93
1777936666,10.13,17.25,5.75,19.84,31.70,17.37,36.28,18.70,34.85
1777936667,10.13,17.00,5.50,19.83,31.69,17.15,36.26,18.57,34.82
1777936669,10.13,17.00,6.25,19.56,31.66,17.13,36.28,18.62,34.87
1777936670,10.19,17.25,6.00,19.49,31.66,17.29,36.31,18.68,34.93
1777936672,10.19,17.25,6.50,19.52,31.69,17.15,36.31,18.85,35.01
1777936674,10.25,17.50,6.25,19.58,31.71,17.21,36.33,18.56,35.02
1777936675,10.19,17.00,6.00,19.52,31.70,17.19,36.34,18.56,35.03
1777936677,10.19,16.75,6.25,19.68,31.72,17.20,36.35,18.53,34.99
1777936678,10.19,17.25,6.25,19.98,31.77,17.18,36.33,18.83,35.00
1777936680,10.19,18.00,6.25,19.59,31.71,17.26,36.34,19.13,35.01
1777936682,10.19,17.50,6.25,19.68,31.74,17.19,36.31,19.07,34.99
1777936683,10.19,17.50,6.00,19.62,31.74,17.28,36.30,18.58,34.90
1777936685,10.19,17.50,6.25,19.62,31.74,17.32,36.29,18.88,34.92
1777936686,10.19,18.00,6.25,19.76,31.76,17.25,36.28,18.93,34.92
1777936688,10.19,17.75,6.50,19.91,31.76,17.15,36.25,18.66,34.89
1777936690,10.19,17.00,6.50,19.58,31.71,17.19,36.23,18.59,34.85
1777936691,10.19,16.50,6.25,19.69,31.71,17.29,36.22,18.78,34.88
1777936693,10.13,16.75,6.25,19.91,31.74,17.20,36.20,18.95,34.91
1777936695,10.13,16.25,5.75,19.62,31.70,17.21,36.21,18.96,34.89
1777936696,10.13,16.75,6.25,19.58,31.68,17.28,36.20,18.83,34.85
1777936698,10.19,17.25,6.50,19.61,31.66,17.31,36.20,18.51,34.81
1777936699,10.13,17.75,6.25,19.87,31.71,17.24,36.19,18.71,34.83
1777936701,10.19,17.25,6.25,19.69,31.67,17.34,36.20,19.05,34.87
1777936703,10.13,17.50,6.25,19.85,31.69,17.17,36.19,18.44,34.83
1777936704,10.13,16.75,6.00,19.63,31.67,17.24,36.20,18.55,34.90
1777936706,10.19,17.00,6.00,19.68,31.71,17.36,36.22,18.51,34.94
1777936707,10.19,17.00,6.00,19.63,31.70,17.31,36.22,19.23,35.06
1777936709,10.19,17.75,6.25,19.53,31.71,17.27,36.21,18.63,34.98
1777936711,10.13,17.25,6.00,19.51,31.70,17.30,36.22,18.83,34.98
1777936712,10.13,17.50,6.25,19.66,31.73,17.22,36.22,18.48,34.92
1777936714,10.13,17.75,6.25,19.87,31.76,17.26,36.24,18.61,34.92
1777936715,10.13,17.25,6.00,19.58,31.71,17.24,36.23,18.59,34.91
1777936717,10.13,17.00,6.25,19.55,31.71,17.24,36.21,18.84,34.96
1777936719,10.13,17.25,6.25,19.92,31.74,17.24,36.21,18.53,34.92
1777936720,10.13,16.50,6.25,19.52,31.69,17.26,36.22,18.90,34.96
1777936722,10.06,16.50,6.25,19.48,31.69,17.21,36.21,19.25,35.01
1777936723,10.13,16.00,6.25,19.48,31.68,17.29,36.22,18.83,34.95
1777936725,10.13,16.25,6.00,19.44,31.67,17.21,36.21,18.93,34.94
1777936727,10.06,16.50,5.75,19.47,31.67,17.26,36.22,18.51,34.88
1777936728,10.06,16.50,6.25,19.61,31.67,17.23,36.24,18.53,34.88
1777936730,10.06,17.00,6.25,19.50,31.68,17.28,36.22,18.63,34.88
1777936731,10.06,17.25,6.50,19.49,31.69,17.32,36.23,18.63,34.87
1777936733,10.06,16.00,6.25,19.56,31.67,17.31,36.20,18.87,34.91
1777936735,10.06,17.00,5.75,19.52,31.65,17.27,36.20,18.48,34.84
1777936736,10.06,16.75,6.00,19.84,31.69,17.30,36.21,18.43,34.80
1777936738,10.00,16.25,6.25,19.82,31.70,17.39,36.22,18.87,34.86
1777936740,10.06,16.00,5.75,19.55,31.67,17.37,36.21,18.64,34.87
1777936741,10.06,16.25,6.25,19.61,31.66,17.27,36.20,18.62,34.89
1777936743,10.00,16.50,5.50,19.85,31.71,17.37,36.21,18.79,34.95
1777936744,10.00,17.25,6.25,19.53,31.67,17.34,36.21,18.70,34.93
1777936746,10.00,17.50,6.25,19.47,31.64,17.18,36.19,18.87,34.96
1777936748,9.94,17.75,6.25,19.65,31.68,17.36,36.20,18.80,34.92
1777936749,10.00,17.25,5.75,19.45,31.67,17.34,36.19,18.64,34.89
1777936751,9.94,17.00,6.00,19.72,31.68,17.33,36.18,18.54,34.86
1777936752,10.00,17.50,6.25,19.48,31.65,17.33,36.18,18.68,34.88
1777936754,10.00,17.25,6.00,19.46,31.65,17.29,36.17,18.48,34.86
1777936756,10.00,17.25,5.75,19.86,31.71,17.30,36.16,18.49,34.84
1777936757,10.00,17.25,6.00,19.76,31.69,17.23,36.15,18.96,34.90
1777936759,10.00,16.75,6.00,19.67,31.67,17.37,36.16,18.46,34.85
1777936760,9.94,16.25,6.25,19.48,31.65,17.37,36.15,18.86,34.90
1777936762,10.00,16.50,6.00,19.87,31.71,17.30,36.17,18.61,34.89
1777936764,9.94,15.75,6.25,19.80,31.69,17.34,36.15,18.76,34.92
1777936765,10.00,16.00,6.50,19.86,31.73,17.25,36.15,18.62,34.93
1777936767,9.94,16.50,6.25,19.51,31.69,17.25,36.14,18.48,34.94
1777936768,9.94,15.75,5.75,19.43,31.67,17.30,36.15,18.68,35.00
1777936770,9.94,16.25,5.75,19.48,31.70,17.24,36.16,18.62,35.00
1777936772,9.94,15.25,6.25,19.46,31.70,17.28,36.16,18.83,35.05
1777936773,9.88,16.25,6.00,19.48,31.70,17.41,36.19,18.83,35.05
1777936775,9.88,16.00,6.00,19.48,31.70,17.28,36.14,18.62,35.05
1777936776,9.88,16.25,5.50,19.81,31.74,17.34,36.17,18.76,35.09
1777936778,9.88,16.25,5.75,19.48,31.69,17.15,36.12,18.87,35.13
1777936780,9.81,16.50,6.00,19.73,31.74,17.19,36.15,19.01,35.18
1777936781,9.81,16.00,6.00,19.82,31.76,17.37,36.17,18.35,35.09
1777936783,9.81,16.25,6.00,19.58,31.73,17.25,36.20,19.17,35.24
1777936784,9.81,16.75,6.00,19.73,31.75,17.30,36.21,19.04,35.23
1777936786,9.81,16.50,6.00,19.62,31.74,17.13,36.20,18.85,35.19
1777936788,9.81,16.50,6.25,19.50,31.73,17.19,36.21,18.73,35.16
1777936789,9.81,16.75,6.25,19.86,31.78,17.27,36.24,18.54,35.15
1777936791,9.81,17.25,6.25,19.45,31.72,17.26,36.21,18.80,35.20
1777936793,9.81,16.50,6.25,19.58,31.78,17.25,36.23,18.69,35.20
1777936794,9.88,16.75,6.00,19.57,31.79,17.20,36.28,18.66,35.28
1777936796,9.88,17.25,6.00,19.54,31.80,17.27,36.31,18.84,35.35
1777936797,9.88,17.00,6.25,19.56,31.82,17.14,36.31,18.84,35.39
1777936799,9.88,16.75,5.75,19.59,31.85,17.19,36.34,18.82,35.41
1777936801,9.88,16.75,6.00,19.46,31.87,17.26,36.36,18.81,35.47
1777936802,9.88,17.50,6.00,19.76,31.94,17.23,36.38,18.72,35.52
1777936804,9.94,16.75,6.25,19.80,31.99,17.14,36.39,19.09,35.56
1777936805,9.88,16.25,6.00,19.60,31.97,17.16,36.37,18.91,35.52
1777936807,9.88,16.50,5.75,19.69,31.98,17.10,36.36,18.59,35.45
1777936809,9.88,16.50,6.00,19.75,32.01,17.19,36.36,18.76,35.45
1777936810,9.81,17.50,5.75,19.65,31.97,17.18,36.38,18.51,35.34
1777936812,9.88,17.50,6.25,19.52,31.95,17.19,36.37,18.51,35.25
1777936813,9.88,16.75,6.25,19.76,31.98,17.19,36.36,18.13,35.20
1777936815,9.88,16.25,6.25,19.59,31.95,17.21,36.38,18.33,35.23
1777936817,9.88,17.25,6.25,19.50,31.93,17.30,36.37,18.54,35.27
1777936818,9.81,17.00,6.25,19.52,31.92,17.22,36.35,18.64,35.29
1777936820,9.88,16.75,6.25,19.83,31.95,17.24,36.34,18.76,35.31
1777936821,9.88,17.25,6.50,19.80,31.93,17.20,36.33,18.51,35.27
1777936823,9.88,16.75,6.25,19.74,31.92,17.15,36.35,18.47,35.27
1777936825,9.88,16.50,6.25,19.58,31.90,17.23,36.33,18.38,35.26
1777936826,9.88,17.00,6.00,19.56,31.92,17.21,36.36,19.62,35.44
1777936828,9.88,17.00,6.25,19.66,31.93,17.27,36.37,18.40,35.29
1777936829,9.88,17.25,6.25,19.49,31.91,17.13,36.33,18.74,35.35
1777936831,9.88,17.00,5.50,19.79,31.97,17.10,36.32,18.66,35.32
1777936833,9.81,16.75,6.25,19.78,31.94,17.24,36.33,18.27,35.24
1777936834,9.81,17.00,6.25,19.77,31.93,17.14,36.34,18.72,35.29
1777936836,9.88,17.25,6.25,19.69,31.91,17.26,36.35,18.33,35.23
1777936837,9.69,17.00,6.25,19.75,31.94,17.26,36.35,18.59,35.27
1777936839,9.75,17.75,6.50,19.54,31.90,17.27,36.33,18.59,35.28
1777936841,9.75,17.25,6.25,19.73,31.93,17.19,36.32,18.41,35.25
1777936842,9.75,16.00,6.00,19.45,31.88,17.24,36.31,18.66,35.29
1777936844,9.75,16.25,5.75,19.70,31.94,17.13,36.31,18.40,35.30
1777936846,9.75,16.00,6.25,19.56,31.91,17.26,36.34,18.49,35.34
1777936847,9.75,16.75,5.50,19.72,31.92,17.26,36.36,18.32,35.33
1777936849,9.75,16.25,6.00,19.65,31.92,17.19,36.34,18.48,35.34
1777936850,9.75,17.00,6.25,19.65,31.91,17.26,36.37,18.62,35.39
1777936852,9.75,17.50,6.00,19.52,31.89,17.26,36.34,18.48,35.41
1777936854,9.75,17.25,6.00,19.69,31.92,17.18,36.34,18.34,35.38
1777936855,9.75,17.25,6.00,19.75,31.93,17.19,36.37,18.70,35.43
1777936857,9.81,17.50,5.75,19.67,31.92,17.17,36.35,18.48,35.35
1777936858,9.75,16.75,5.75,19.63,31.91,17.23,36.38,18.19,35.26
1777936860,9.75,16.75,6.00,19.66,31.93,17.12,36.38,18.55,35.27
1777936862,9.75,16.75,6.25,19.52,31.91,17.25,36.39,18.29,35.26
1777936863,9.75,16.00,6.00,19.69,31.95,17.19,36.40,18.29,35.30
1777936865,9.75,16.50,6.00,19.67,31.93,17.16,36.38,18.50,35.34
1777936866,9.69,17.00,6.25,19.54,31.91,17.10,36.39,18.81,35.40
1777936868,9.69,16.75,5.75,19.56,31.91,17.09,36.39,18.54,35.37
1777936870,9.69,16.50,6.00,19.64,31.92,17.13,36.39,18.17,35.33
1777936871,9.69,16.75,6.25,19.62,31.92,17.25,36.42,18.22,35.34
1777936873,9.75,17.50,6.50,19.58,31.94,17.27,36.42,18.44,35.36
1777936874,9.69,17.25,6.50,19.64,31.96,17.12,36.42,18.11,35.34
1777936876,9.63,16.75,6.00,19.77,31.96,17.24,36.43,18.52,35.42
1777936878,9.63,16.25,6.25,19.45,31.95,17.22,36.44,18.60,35.44
1777936879,9.69,16.50,6.00,19.50,31.97,17.17,36.45,18.65,35.47
1777936881,9.69,16.25,6.25,19.69,32.00,17.27,36.46,18.17,35.41
1777936882,9.69,17.25,6.25,19.66,32.00,17.22,36.46,18.40,35.46
1777936884,9.63,16.75,6.00,19.48,31.99,17.05,36.44,18.30,35.43
1777936886,9.63,17.00,6.00,19.62,32.00,17.15,36.44,18.40,35.43
1777936887,9.56,17.00,6.00,19.76,32.03,17.15,36.47,18.09,35.35
1777936889,9.56,16.75,6.25,19.86,32.05,17.23,36.49,18.68,35.39
1777936890,9.50,17.25,6.25,19.75,32.04,17.09,36.46,18.51,35.35
1777936892,9.50,17.00,6.00,19.67,32.04,17.19,36.46,18.82,35.41
1777936894,9.50,17.75,6.25,19.52,32.01,17.13,36.46,18.58,35.36
1777936895,9.50,17.25,6.25,19.67,32.03,17.26,36.49,18.21,35.31
1777936897,9.56,17.25,6.25,19.69,32.03,17.07,36.46,18.39,35.35
1777936898,9.50,17.00,6.00,19.45,31.99,17.23,36.50,18.51,35.43
1777936900,9.56,17.00,6.25,19.63,32.03,17.05,36.48,18.52,35.46
1777936902,9.56,17.25,6.25,19.63,32.03,17.15,36.50,18.49,35.46
1777936903,9.56,17.25,6.25,19.65,32.02,17.17,36.50,18.37,35.44
1777936905,9.56,16.50,6.00,19.67,32.02,17.25,36.51,18.16,35.43
1777936907,9.56,17.00,5.75,19.71,32.02,17.28,36.52,18.44,35.48
1777936908,9.56,16.75,6.25,19.87,32.05,17.09,36.49,18.48,35.51
1777936910,9.63,16.75,6.25,19.61,32.01,17.23,36.53,18.53,35.56
1777936911,9.56,17.00,5.75,19.38,31.98,17.15,36.55,18.64,35.61
1777936913,9.63,17.00,6.25,19.48,31.99,17.18,36.57,18.54,35.63
1777936915,9.56,17.00,6.00,19.45,31.99,17.20,36.58,18.53,35.61
1777936916,9.63,17.00,5.75,19.64,32.03,17.33,36.59,18.52,35.55
1777936918,9.63,17.25,6.00,19.52,32.02,17.13,36.57,18.23,35.45
1777936919,9.50,17.50,6.25,19.46,32.02,17.13,36.57,18.41,35.46
1777936921,9.50,16.75,6.00,19.74,32.07,17.18,36.60,18.11,35.41
1777936923,9.50,17.00,6.00,19.62,32.03,17.17,36.56,18.08,35.38
1777936924,9.56,17.50,6.00,19.50,32.03,17.21,36.57,18.30,35.39
1777936926,9.50,17.75,6.25,19.59,32.03,17.11,36.57,18.64,35.45
1777936927,9.50,16.25,6.00,19.50,32.03,17.19,36.57,18.77,35.47
1777936929,9.50,16.50,6.00,19.52,32.03,17.22,36.57,18.22,35.38
1777936931,9.50,16.25,6.00,19.34,32.01,17.26,36.58,18.16,35.39
1777936932,9.56,16.75,6.00,19.48,32.01,17.02,36.53,18.46,35.48
1777936934,9.56,16.75,5.75,19.68,32.06,17.00,36.55,18.70,35.49
1777936935,9.50,17.00,6.00,19.48,32.02,17.23,36.57,18.83,35.52
1777936937,9.56,17.00,6.00,19.59,32.03,17.09,36.53,18.43,35.43
1777936939,9.63,17.00,6.25,19.91,32.08,17.17,36.55,18.56,35.43
1777936940,9.63,17.50,6.00,19.73,32.03,17.23,36.56,18.08,35.32
1777936942,9.56,17.25,6.00,19.59,32.00,17.15,36.56,18.48,35.34
1777936943,9.63,17.75,5.50,19.52,32.00,17.09,36.55,18.21,35.29
1777936945,9.63,17.25,5.75,19.52,32.00,17.15,36.57,18.44,35.36
1777936947,9.63,16.25,5.50,19.76,32.05,17.04,36.55,18.27,35.34
1777936948,9.63,16.00,6.25,19.56,32.01,17.01,36.54,18.20,35.38
1777936950,9.63,16.50,6.25,19.44,31.99,17.17,36.59,18.34,35.43
1777936951,9.63,15.25,6.00,19.42,31.97,17.13,36.58,18.33,35.43
1777936953,9.63,16.25,6.25,19.38,31.95,17.20,36.61,18.70,35.49
1777936955,9.63,16.00,5.75,19.61,31.98,17.15,36.59,18.66,35.49
1777936956,9.63,16.00,6.25,19.45,31.97,17.13,36.59,18.44,35.47
1777936958,9.63,16.00,6.25,19.45,31.97,17.19,36.61,18.39,35.51
1777936960,9.63,15.75,6.25,19.35,31.96,17.34,36.63,18.52,35.52
1777936961,9.56,16.00,6.00,19.40,31.98,17.22,36.63,18.32,35.52
1777936963,9.56,16.25,6.00,19.34,31.98,17.02,36.61,18.62,35.58
1777936964,9.50,16.00,6.00,19.45,32.01,17.26,36.63,18.87,35.64
1777936966,9.56,15.75,6.25,19.37,32.01,17.12,36.62,18.08,35.54
1777936968,9.50,15.75,6.00,19.54,32.06,17.07,36.64,18.26,35.55
1777936969,9.50,16.50,6.25,19.38,32.02,17.10,36.65,18.25,35.53
1777936971,9.50,16.00,6.00,19.45,32.03,17.05,36.65,18.58,35.58
1777936972,9.44,16.00,6.25,19.39,32.05,17.05,36.65,18.45,35.57
1777936974,9.50,16.75,6.25,19.74,32.10,17.05,36.65,18.94,35.66
1777936976,9.50,16.50,6.25,19.37,32.04,17.05,36.69,18.14,35.56
1777936977,9.50,16.50,6.25,19.30,32.05,17.05,36.68,18.45,35.63
1777936979,9.50,17.25,6.25,19.37,32.07,17.14,36.70,18.25,35.62
1777936980,9.50,16.25,6.00,19.24,32.05,17.05,36.69,18.12,35.62
1777936982,9.50,17.00,6.25,19.39,32.08,17.14,36.72,18.74,35.74
1777936984,9.50,17.00,6.25,19.34,32.07,16.98,36.71,18.48,35.72
1777936985,9.44,16.50,6.25,19.36,32.08,17.11,36.74,18.48,35.69
1777936987,9.50,17.00,6.50,19.42,32.10,17.08,36.75,18.16,35.61
1777936988,9.44,17.50,5.75,19.53,32.12,16.96,36.71,18.41,35.65
1777936990,9.44,17.00,6.25,19.70,32.18,17.01,36.73,18.58,35.65
1777936992,9.44,17.25,6.25,19.53,32.13,17.02,36.73,18.51,35.62
1777936993,9.44,17.50,5.75,19.35,32.10,17.14,36.75,18.36,35.61
1777936995,9.44,16.75,6.50,19.41,32.12,17.05,36.74,18.51,35.62
1777936996,9.44,17.25,6.00,19.44,32.11,17.07,36.74,18.19,35.56
1777936998,9.44,17.25,6.00,19.47,32.11,17.09,36.75,17.97,35.50
1777937000,9.44,17.50,6.00,19.49,32.12,16.98,36.75,18.47,35.58
1777937001,9.50,17.25,5.50,19.55,32.12,17.04,36.78,18.24,35.57
1777937003,9.50,16.75,5.75,19.47,32.11,17.13,36.79,18.40,35.64
1777937004,9.50,17.25,6.00,19.30,32.10,16.99,36.77,18.35,35.67
1777937006,9.50,16.75,5.75,19.35,32.11,17.19,36.80,18.61,35.74
1777937008,9.50,16.25,6.25,19.72,32.16,17.08,36.77,18.97,35.79
1777937009,9.50,16.75,6.25,19.42,32.12,17.05,36.78,18.97,35.79
1777937011,9.50,17.00,6.00,19.35,32.10,17.13,36.80,18.40,35.73
1777937013,9.56,17.25,5.25,19.34,32.09,17.13,36.81,18.22,35.71
1777937014,9.50,17.00,5.75,19.32,32.10,17.05,36.79,18.63,35.76
1777937016,9.56,17.50,6.00,19.26,32.08,17.19,36.81,18.33,35.64
1777937017,9.56,17.25,6.25,19.45,32.11,17.06,36.80,18.58,35.68
1777937019,9.50,17.25,6.25,19.41,32.12,17.04,36.81,18.04,35.61
1777937021,9.50,17.00,6.00,19.35,32.09,17.08,36.81,18.45,35.70
1777937022,9.50,17.75,6.25,19.51,32.13,17.04,36.79,18.12,35.66
1777937024,9.50,17.50,6.00,19.52,32.12,17.05,36.80,18.17,35.67
1777937025,9.50,16.25,5.75,19.50,32.13,17.09,36.80,18.50,35.72
1777937027,9.50,16.50,5.75,19.84,32.18,16.99,36.77,18.44,35.74
1777937029,9.50,16.50,5.50,19.55,32.13,16.97,36.76,18.44,35.75
1777937030,9.50,16.50,6.25,19.57,32.12,17.02,36.77,17.88,35.66
1777937032,9.56,17.50,6.00,19.43,32.11,17.11,36.76,18.29,35.74
1777937033,9.50,16.75,6.00,19.40,32.10,17.09,36.76,18.57,35.77
1777937035,9.50,17.25,6.00,19.25,32.09,17.02,36.74,18.12,35.70
1777937037,9.50,17.50,6.00,19.37,32.10,17.10,36.77,18.07,35.68
1777937038,9.44,17.00,6.25,19.55,32.13,17.09,36.77,18.37,35.72
1777937040,9.38,17.00,6.00,19.38,32.13,17.08,36.78,18.77,35.78
1777937041,9.38,17.25,6.00,19.36,32.12,17.18,36.80,18.11,35.65
1777937043,9.38,16.50,6.00,19.35,32.12,17.13,36.80,18.29,35.66
1777937045,9.38,16.25,5.75,19.35,32.13,17.06,36.80,18.58,35.73
1777937046,9.38,16.75,5.75,19.76,32.19,17.02,36.77,18.68,35.79
1777937048,9.38,16.75,6.25,19.32,32.14,16.96,36.77,18.39,35.79
1777937049,9.44,17.00,6.25,19.35,32.15,17.09,36.80,18.30,35.82
1777937051,9.38,17.25,5.75,19.39,32.14,17.00,36.78,18.32,35.87
1777937053,9.38,17.00,6.25,19.36,32.14,17.07,36.79,18.41,35.92
1777937054,9.50,17.00,6.25,19.46,32.16,17.07,36.80,18.72,35.97
1777937056,9.50,17.00,6.25,19.42,32.15,17.13,36.83,18.44,35.95
1777937057,9.50,17.25,5.75,19.34,32.15,17.05,36.79,18.19,35.93
1777937059,9.50,16.75,6.25,19.35,32.16,17.02,36.79,18.19,35.92
1777937061,9.50,17.25,6.00,19.39,32.19,17.14,36.79,18.25,35.89
1777937062,9.44,17.00,6.00,19.61,32.23,16.95,36.78,18.33,35.86
1777937064,9.44,17.25,6.25,19.42,32.21,16.99,36.77,18.01,35.77
1777937066,9.50,17.00,6.00,19.56,32.23,17.05,36.79,17.93,35.71
1777937067,9.44,17.00,6.00,19.27,32.19,17.15,36.81,18.22,35.69
1777937069,9.44,17.25,5.75,19.41,32.21,17.11,36.79,18.66,35.71
1777937070,9.38,17.25,6.00,19.30,32.20,17.13,36.81,18.78,35.68
1777937072,9.38,17.25,6.00,19.40,32.22,17.05,36.80,18.06,35.56
1777937074,9.44,16.75,5.50,19.41,32.21,17.12,36.81,18.59,35.63
1777937075,9.44,17.25,5.75,19.37,32.21,17.02,36.81,18.33,35.59
1777937077,9.44,17.75,5.75,19.37,32.19,17.15,36.82,18.74,35.69
1777937078,9.38,16.25,6.00,19.27,32.19,17.20,36.83,18.84,35.75
1777937080,9.44,15.25,6.00,19.66,32.26,17.12,36.82,18.26,35.69
1777937082,9.44,16.25,5.50,19.29,32.19,17.01,36.79,18.63,35.77
1777937083,9.44,15.75,6.25,19.28,32.20,17.05,36.79,18.46,35.76
1777937085,9.44,16.25,6.00,19.20,32.18,17.07,36.77,18.03,35.72
1777937086,9.44,16.00,6.25,19.41,32.21,17.06,36.76,18.01,35.76
1777937088,9.38,16.00,6.00,19.39,32.20,17.05,36.74,18.15,35.77
1777937090,9.44,16.50,6.25,19.46,32.22,17.12,36.76,18.44,35.84
1777937091,9.44,16.50,6.00,19.37,32.21,17.07,36.77,18.64,35.84
1777937093,9.44,17.00,5.75,19.42,32.23,17.12,36.78,18.15,35.75
1777937094,9.38,17.25,6.25,19.31,32.23,17.04,36.79,18.37,35.75
1777937096,9.44,17.00,6.00,19.45,32.25,17.05,36.81,18.20,35.69
1777937098,9.38,17.00,6.00,19.30,32.24,17.01,36.81,18.35,35.72
1777937099,9.44,17.00,6.00,19.26,32.24,17.07,36.80,18.05,35.70
1777937101,9.50,17.00,6.00,19.43,32.27,17.13,36.82,18.34,35.77
1777937102,9.44,17.50,5.75,19.45,32.32,17.17,36.84,18.27,35.79
1777937104,9.50,17.25,6.00,19.41,32.28,17.08,36.82,18.05,35.78
1777937106,9.50,16.75,6.00,19.35,32.27,17.15,36.85,18.41,35.85
1777937107,9.50,16.75,6.25,19.36,32.27,16.99,36.83,18.76,35.90
1777937109,9.50,17.00,6.00,19.26,32.27,16.99,36.85,18.01,35.81
1777937110,9.44,17.25,5.75,19.33,32.26,17.03,36.88,18.33,35.83
1777937112,9.44,17.50,5.75,19.40,32.26,17.02,36.88,18.69,35.86
1777937114,9.50,16.75,6.25,19.11,32.24,17.03,36.89,18.72,35.84
1777937115,9.44,17.25,6.00,19.38,32.30,16.98,36.87,18.69,35.82
1777937117,9.44,16.75,6.00,19.27,32.25,17.09,36.89,18.37,35.75
1777937118,9.38,17.00,6.00,19.55,32.32,16.97,36.87,18.16,35.71
1777937120,9.38,16.75,6.00,19.26,32.26,16.98,36.87,17.93,35.73
1777937122,9.44,17.25,6.25,19.25,32.27,17.09,36.88,18.55,35.85
1777937123,9.38,17.25,6.00,19.24,32.27,16.95,36.85,18.25,35.80
1777937125,9.44,17.00,6.00,19.34,32.30,17.13,36.88,18.37,35.78
1777937127,9.38,16.25,6.25,19.26,32.29,17.05,36.86,18.24,35.73
1777937128,9.44,16.50,5.75,19.36,32.30,17.02,36.87,17.93,35.66
1777937130,9.38,16.75,5.50,19.22,32.27,17.02,36.87,17.84,35.67
1777937131,9.38,17.00,6.25,19.30,32.28,17.05,36.89,17.90,35.71
1777937133,9.38,17.25,5.75,19.21,32.25,17.05,36.89,18.75,35.82
1777937135,9.31,17.25,6.50,19.32,32.27,17.00,36.89,18.48,35.74
1777937136,9.31,17.25,6.00,19.32,32.27,16.98,36.89,18.06,35.68
1777937138,9.31,17.25,6.25,19.34,32.28,17.11,36.91,18.03,35.64
1777937139,9.38,17.50,6.00,19.23,32.27,16.98,36.89,18.28,35.66
1777937141,9.38,17.75,6.00,19.25,32.27,17.11,36.93,18.34,35.66
1777937143,9.31,17.00,5.75,19.34,32.27,17.09,36.93,18.40,35.69
1777937144,9.31,16.00,6.00,19.45,32.32,17.02,36.92,17.91,35.66
1777937146,9.31,16.00,6.00,19.50,32.33,17.04,36.91,18.01,35.75
1777937147,9.31,16.50,6.00,19.25,32.29,16.97,36.91,18.19,35.83
1777937149,9.31,16.50,6.00,19.27,32.27,17.08,36.91,18.06,35.86
1777937151,9.31,16.25,6.00,19.29,32.31,17.14,36.92,18.50,35.94
1777937152,9.31,16.25,6.00,19.54,32.31,17.02,36.90,18.05,35.88
1777937154,9.31,16.25,6.25,19.13,32.28,17.15,36.90,17.94,35.89
1777937155,9.31,15.75,6.25,19.15,32.28,17.00,36.89,18.66,35.99
1777937157,9.38,16.50,6.00,19.47,32.32,17.02,36.89,18.69,36.00
1777937159,9.44,17.25,6.25,19.14,32.30,17.08,36.92,18.25,35.99
1777937160,9.44,16.25,6.50,19.13,32.33,17.00,36.91,18.68,36.12
1777937162,9.56,16.75,6.25,19.21,32.36,16.89,36.95,18.08,36.08
1777937163,9.56,16.50,6.25,19.47,32.44,16.98,37.00,18.69,36.20
1777937165,9.56,16.50,6.00,19.15,32.43,17.05,37.04,18.91,36.22
1777937167,9.63,17.00,6.00,19.12,32.45,17.04,37.06,18.46,36.12
1777937168,9.56,16.75,6.00,19.26,32.50,17.02,37.04,18.36,36.02
1777937170,9.63,17.00,6.50,19.34,32.51,16.96,37.03,18.39,35.97
1777937171,9.63,16.75,6.25,19.45,32.54,16.94,37.02,18.48,35.92
1777937173,9.63,16.75,6.25,19.37,32.54,17.00,37.05,18.51,35.94
1777937175,9.69,17.25,6.00,19.48,32.56,17.02,37.07,18.99,36.00
1777937176,9.75,17.50,6.00,19.05,32.49,16.97,37.07,18.54,35.94
1777937178,9.69,17.25,6.25,19.54,32.58,17.04,37.08,18.41,35.90
1777937180,9.69,17.25,6.25,19.05,32.50,17.00,37.07,18.91,35.91
1777937181,9.69,17.25,6.25,19.05,32.50,16.96,37.07,18.49,35.81
1777937183,9.69,17.50,6.25,19.48,32.55,16.98,37.04,18.36,35.78
1777937184,9.63,17.50,6.25,19.24,32.49,17.09,37.06,18.37,35.79
1777937186,9.63,16.75,5.75,19.37,32.51,17.05,37.04,18.86,35.88
1777937188,9.69,17.00,6.00,19.46,32.51,16.91,37.00,18.44,35.80
1777937189,9.69,17.00,5.25,19.48,32.53,16.97,37.00,18.65,35.85
1777937191,9.75,16.50,5.75,19.13,32.46,16.97,36.98,18.62,35.84
1777937192,9.69,16.75,6.25,19.09,32.46,17.00,36.99,18.37,35.81
1777937194,9.69,16.25,6.25,19.35,32.48,17.00,36.97,18.91,35.87
1777937196,9.69,16.75,6.25,19.28,32.47,17.00,36.97,18.41,35.78
1777937197,9.69,16.75,5.75,19.35,32.48,17.08,36.99,18.49,35.76
1777937199,9.75,16.50,5.50,19.18,32.45,17.07,37.00,18.37,35.73
1777937200,9.75,17.00,6.25,19.06,32.44,16.98,36.96,18.95,35.77
1777937202,9.75,16.75,6.25,19.49,32.48,16.96,36.98,18.44,35.68
1777937204,9.75,17.00,6.25,19.50,32.47,17.03,37.01,18.34,35.67
1777937205,9.75,16.50,6.00,19.28,32.42,17.20,37.01,18.56,35.68
1777937207,9.75,16.75,6.25,19.32,32.45,16.97,36.98,18.23,35.63
1777937208,9.75,17.00,5.75,19.45,32.45,16.98,36.99,18.46,35.70
1777937210,9.75,17.25,6.25,19.37,32.44,17.01,36.99,18.03,35.64
1777937212,9.75,17.00,6.00,19.10,32.37,17.05,37.00,18.21,35.66
1777937213,9.75,17.00,5.75,19.10,32.41,17.02,36.97,18.40,35.70
1777937215,9.75,16.50,6.25,19.12,32.39,16.83,36.93,18.25,35.67
1777937216,9.75,16.25,6.00,19.49,32.44,16.94,36.96,18.51,35.70
1777937218,9.75,16.00,5.75,19.44,32.43,17.08,36.96,18.48,35.68
1777937220,9.75,16.25,6.00,19.31,32.41,16.99,36.96,18.57,35.71
1777937221,9.75,16.25,5.75,19.09,32.37,17.15,36.99,18.39,35.66
1777937223,9.69,16.75,6.00,19.61,32.45,17.06,37.00,18.22,35.64
1777937224,9.69,16.25,6.00,19.37,32.41,16.90,36.95,18.34,35.65
1777937226,9.75,16.50,6.00,19.31,32.41,17.02,36.96,18.14,35.61
1777937228,9.75,16.75,6.00,19.23,32.38,16.99,36.96,18.45,35.66
1777937229,9.69,17.00,6.25,19.26,32.41,17.04,36.97,18.53,35.67
1777937231,9.69,16.75,5.50,19.20,32.39,16.99,36.98,18.28,35.64
1777937232,9.69,17.00,6.25,19.52,32.43,16.98,36.97,19.15,35.81
1777937234,9.75,17.25,6.25,19.04,32.36,16.94,36.97,18.72,35.75
1777937236,9.69,17.00,6.25,19.15,32.37,16.98,36.98,18.41,35.72
1777937237,9.69,17.50,6.00,19.17,32.37,16.92,36.95,18.18,35.70
1777937239,9.69,17.50,6.25,19.26,32.38,17.12,37.00,18.48,35.75
1777937241,9.63,17.00,6.00,19.37,32.40,16.98,36.99,18.48,35.75
1777937242,9.63,17.00,6.00,19.08,32.37,16.94,36.98,18.67,35.77
1777937244,9.63,16.50,6.00,19.09,32.38,16.96,37.00,18.33,35.70
1777937245,9.56,17.00,5.75,19.43,32.41,17.00,37.00,18.20,35.65
1777937247,9.56,16.75,6.00,19.09,32.38,16.87,37.00,18.16,35.64
1777937249,9.56,17.75,6.00,19.59,32.46,17.04,37.01,18.38,35.64
1777937250,9.56,17.50,5.75,19.52,32.44,16.99,37.01,18.36,35.64
1777937252,9.56,17.25,6.00,19.32,32.42,16.92,37.00,18.05,35.63
1777937253,9.50,17.25,6.00,19.45,32.42,17.14,37.03,18.79,35.77
1777937255,9.50,17.00,6.00,19.37,32.43,17.11,37.02,18.06,35.65
1777937257,9.50,17.25,6.25,19.47,32.44,17.13,37.04,18.36,35.70
1777937258,9.44,17.50,5.75,19.46,32.46,17.01,37.01,18.05,35.64
1777937260,9.44,17.25,5.50,19.44,32.44,17.03,37.01,18.14,35.63
1777937261,9.44,17.00,5.50,19.30,32.41,17.07,37.04,18.39,35.70
1777937263,9.44,17.00,5.75,19.53,32.46,16.90,37.00,18.76,35.77
1777937265,9.50,17.00,6.00,19.52,32.47,16.92,37.00,18.27,35.73
1777937266,9.44,17.00,5.75,19.53,32.48,17.05,37.03,18.65,35.84
1777937268,9.50,16.75,6.00,19.44,32.47,16.92,37.00,18.29,35.81
1777937269,9.44,16.50,6.00,19.45,32.46,16.97,37.02,18.28,35.84
1777937271,9.50,16.75,6.00,19.29,32.44,17.05,37.05,18.37,35.89
1777937273,9.44,17.25,6.00,19.45,32.48,17.03,37.06,18.20,35.90
1777937274,9.50,17.75,6.00,19.45,32.47,16.96,37.05,17.97,35.88
1777937276,9.50,16.75,6.25,19.50,32.48,16.95,37.04,17.94,35.90
1777937277,9.50,16.25,6.00,19.52,32.48,16.91,37.03,18.22,35.95
1777937279,9.50,16.00,6.00,19.48,32.48,17.05,37.06,18.72,36.04
1777937281,9.56,15.25,5.50,19.10,32.43,16.94,37.04,18.36,35.98
1777937282,9.56,16.25,6.00,19.30,32.46,16.94,37.01,18.33,35.96
1777937284,9.56,16.25,6.00,19.37,32.47,16.98,37.03,17.96,35.90
1777937285,9.50,15.75,6.00,19.26,32.45,16.94,37.02,18.35,35.97
1777937287,9.56,16.50,6.00,19.05,32.41,16.98,37.01,17.99,35.90
1777937289,9.56,17.00,6.00,19.52,32.50,16.97,37.02,18.48,35.97
1777937290,9.50,17.00,6.00,19.52,32.50,16.95,37.00,18.30,35.98
1777937292,9.50,17.25,6.00,19.28,32.47,16.96,37.05,18.81,36.10
1777937294,9.50,17.00,6.00,19.30,32.48,17.07,37.07,18.39,36.05
1777937295,9.56,17.25,5.75,19.26,32.48,16.98,37.05,18.44,36.06
1777937297,9.56,16.00,6.00,19.28,32.46,16.92,37.05,18.19,36.05
1777937298,9.50,15.75,6.25,19.29,32.47,16.90,37.03,18.23,36.07
1777937300,9.50,16.25,6.25,19.41,32.49,16.84,37.03,18.08,36.07
1777937302,9.44,16.50,6.00,19.49,32.47,16.96,37.04,18.05,36.08
1777937303,9.50,16.50,6.00,18.99,32.43,16.93,37.04,17.87,36.08
1777937305,9.50,16.25,5.75,19.30,32.47,16.98,37.04,18.32,36.15
1777937306,9.44,16.50,6.00,19.14,32.44,16.94,37.07,18.35,36.16
1777937308,9.44,16.75,6.25,19.03,32.44,16.98,37.06,18.45,36.17
1777937310,9.50,17.00,6.25,19.34,32.49,16.94,37.06,17.52,36.05
1777937311,9.44,16.75,6.25,19.05,32.45,16.98,37.06,18.16,36.11
1777937313,9.44,17.00,6.00,19.11,32.47,16.99,37.08,18.66,36.14
1777937314,9.44,17.25,6.00,19.05,32.46,16.88,37.08,18.16,36.03
1777937316,9.44,17.00,5.75,19.07,32.48,16.88,37.08,18.32,36.04
1777937318,9.38,16.75,6.00,19.30,32.51,16.99,37.11,18.20,36.02
1777937319,9.38,17.00,6.00,19.26,32.49,16.90,37.11,18.22,36.02
1777937321,9.38,15.75,6.25,19.15,32.51,16.90,37.13,18.16,36.10
1777937322,9.38,16.00,6.00,19.39,32.54,16.96,37.15,17.98,36.08
1777937324,9.38,16.00,6.00,19.45,32.54,16.94,37.13,17.94,36.10
1777937326,9.44,16.00,5.75,19.21,32.52,16.96,37.16,18.05,36.14
1777937327,9.38,16.00,5.75,19.37,32.53,16.92,37.14,18.30,36.20
1777937329,9.38,16.25,6.00,19.30,32.55,16.92,37.13,17.91,36.16
1777937330,9.44,16.25,6.00,19.32,32.54,16.95,37.14,17.76,36.16
1777937332,9.38,16.00,6.25,19.37,32.52,16.94,37.13,17.93,36.17
1777937334,9.38,16.50,6.00,19.37,32.54,16.97,37.14,18.12,36.22
1777937335,9.38,16.75,6.00,19.26,32.54,17.03,37.16,18.18,36.22
1777937337,9.38,16.75,6.25,19.26,32.53,17.00,37.11,18.51,36.22
1777937338,9.38,16.00,6.25,19.34,32.54,16.92,37.10,18.19,36.14
1777937340,9.31,16.25,6.00,19.44,32.57,17.04,37.09,18.45,36.18
1777937342,9.31,17.00,6.25,19.22,32.52,17.01,37.08,18.09,36.13
1777937343,9.31,17.00,6.25,19.27,32.55,17.09,37.10,18.40,36.19
1777937345,9.31,16.75,6.25,19.46,32.59,16.90,37.07,18.50,36.16
1777937347,9.31,17.00,6.00,19.14,32.55,16.96,37.07,18.00,36.12
1777937348,9.38,16.50,6.00,19.23,32.55,16.98,37.06,18.40,36.17
1777937350,9.31,16.75,6.00,19.45,32.57,16.89,37.06,18.16,36.14
1777937351,9.38,17.00,6.00,19.29,32.54,16.97,37.07,18.23,36.17
1777937353,9.38,17.50,6.00,19.30,32.55,16.98,37.07,18.19,36.22
1777937355,9.38,17.25,6.25,19.29,32.56,16.94,37.07,17.97,36.24
1777937356,9.38,17.25,6.00,19.07,32.53,17.02,37.09,18.01,36.27
1777937358,9.44,17.25,6.00,19.02,32.51,16.96,37.08,17.89,36.25
1777937359,9.44,16.75,6.25,19.05,32.53,17.01,37.09,18.22,36.33
1777937361,9.44,17.50,6.00,19.09,32.52,16.99,37.09,18.65,36.42
1777937363,9.44,16.75,6.00,19.35,32.57,16.98,37.09,18.27,36.36
1777937364,9.44,16.75,6.00,19.13,32.55,17.08,37.12,18.04,36.35
1777937366,9.38,16.00,6.00,19.20,32.54,16.97,37.10,18.05,36.37
1777937367,9.38,16.25,6.00,19.29,32.57,16.96,37.12,18.09,36.37
1777937369,9.38,16.50,5.50,19.26,32.54,16.93,37.09,17.99,36.36
1777937371,9.44,17.00,5.50,19.18,32.56,16.98,37.11,18.19,36.40
1777937372,9.38,17.00,6.00,19.02,32.54,16.97,37.12,18.25,36.41
1777937374,9.38,17.50,6.00,19.26,32.56,16.97,37.12,18.22,36.41
1777937375,9.44,17.00,6.00,19.37,32.57,16.89,37.09,18.52,36.45
1777937377,9.38,17.00,6.00,19.01,32.53,16.97,37.11,18.40,36.44
1777937379,9.44,17.25,5.75,19.12,32.54,16.94,37.11,17.90,36.38
1777937380,9.44,17.50,5.50,19.09,32.55,16.97,37.13,17.90,36.39
1777937382,9.38,16.25,6.25,19.49,32.60,17.01,37.13,18.10,36.44
1777937383,9.44,15.75,6.00,19.30,32.58,16.92,37.11,18.46,36.50
1777937385,9.50,16.50,6.00,19.32,32.60,16.93,37.12,18.47,36.53
1777937387,9.44,16.50,6.00,19.16,32.58,16.96,37.10,18.34,36.51
1777937388,9.44,16.25,6.00,19.37,32.62,16.96,37.12,17.96,36.48
1777937390,9.44,16.75,6.25,19.17,32.59,16.98,37.11,17.82,36.47
1777937391,9.44,17.25,6.00,19.26,32.60,16.90,37.10,18.31,36.52
1777937393,9.38,17.00,6.00,19.18,32.60,16.98,37.10,18.32,36.50
1777937395,9.38,16.50,6.00,19.19,32.59,16.87,37.08,17.84,36.39
1777937396,9.38,16.25,5.75,19.21,32.59,16.94,37.09,18.16,36.44
1777937398,9.38,16.50,6.00,19.20,32.61,16.93,37.10,17.70,36.37
1777937399,9.38,17.00,5.75,19.22,32.62,16.91,37.10,17.99,36.43
1777937401,9.38,17.25,5.75,19.36,32.63,16.97,37.11,18.02,36.44
1777937403,9.38,17.50,6.00,18.95,32.57,16.89,37.12,18.02,36.43
1777937404,9.38,17.75,6.00,19.21,32.62,16.91,37.11,18.08,36.43
1777937406,9.38,17.00,6.00,19.05,32.59,16.89,37.12,18.15,36.46
1777937408,9.38,17.00,6.00,19.13,32.60,16.94,37.13,18.17,36.47
1777937409,9.38,16.25,6.00,19.30,32.63,16.87,37.13,18.36,36.54
1777937411,9.38,17.25,5.50,19.21,32.61,17.07,37.17,18.07,36.52
1777937412,9.38,17.00,6.00,19.26,32.62,16.87,37.12,18.70,36.62
1777937414,9.44,17.25,6.00,19.34,32.62,16.98,37.14,18.22,36.54
1777937416,9.44,17.25,6.00,19.34,32.63,16.83,37.12,18.08,36.54
1777937417,9.38,16.50,5.75,19.16,32.60,16.89,37.13,18.18,36.56
1777937419,9.38,16.50,6.00,19.40,32.64,16.86,37.13,18.05,36.52
1777937420,9.31,15.50,6.00,19.23,32.59,16.92,37.14,17.94,36.49
1777937422,9.38,17.00,6.25,19.18,32.61,16.82,37.17,17.73,36.47
1777937424,9.38,16.50,6.00,19.27,32.61,16.84,37.16,17.76,36.50
1777937425,9.31,16.50,5.75,19.31,32.63,16.90,37.17,18.19,36.59
1777937427,9.31,16.75,6.25,19.47,32.65,16.91,37.19,17.91,36.57
1777937428,9.38,16.75,6.00,19.21,32.61,16.82,37.15,17.65,36.54
1777937430,9.38,16.50,6.25,19.23,32.61,16.94,37.17,17.97,36.60
1777937432,9.38,16.50,6.00,19.15,32.61,16.86,37.15,17.67,36.58
1777937433,9.38,16.50,6.00,19.18,32.61,16.91,37.16,18.77,36.74
1777937435,9.44,17.00,6.00,19.31,32.63,16.93,37.16,18.13,36.64
1777937436,9.44,17.25,5.75,19.24,32.62,16.83,37.12,18.10,36.62
1777937438,9.50,17.00,6.00,19.11,32.61,17.02,37.17,17.97,36.62
1777937440,9.50,17.50,6.25,19.32,32.66,16.83,37.13,17.68,36.60
1777937441,9.56,17.25,6.00,19.31,32.65,16.86,37.12,18.16,36.67
1777937443,9.56,17.50,6.25,19.13,32.62,16.97,37.14,17.96,36.62
1777937444,9.56,17.00,6.00,19.15,32.63,16.87,37.11,17.98,36.64
1777937446,9.50,16.50,6.00,19.16,32.66,16.91,37.11,17.94,36.57
1777937448,9.50,16.75,5.50,19.23,32.66,17.04,37.14,17.86,36.53
1777937449,9.50,17.25,5.75,19.23,32.66,16.87,37.11,17.97,36.53
1777937451,9.50,17.25,6.00,19.17,32.67,16.83,37.12,18.34,36.57
1777937452,9.44,17.50,5.50,19.05,32.63,16.95,37.13,18.15,36.50
1777937454,9.44,16.75,5.75,19.12,32.65,16.94,37.13,17.66,36.39
1777937456,9.44,17.00,5.50,19.16,32.66,16.95,37.13,17.96,36.42
1777937457,9.44,17.50,6.00,19.37,32.68,16.88,37.12,18.01,36.46
1777937459,9.50,16.75,6.25,19.23,32.66,16.88,37.12,18.03,36.47
1777937461,9.50,16.50,5.75,19.02,32.63,16.99,37.14,18.54,36.58
1777937462,9.50,17.00,6.00,19.38,32.70,16.84,37.12,18.03,36.51
1777937464,9.56,17.25,6.25,19.28,32.70,17.01,37.17,17.97,36.54
1777937465,9.56,17.25,5.75,19.04,32.70,16.81,37.17,18.02,36.56
1777937467,9.56,17.00,6.00,19.20,32.72,16.94,37.18,18.10,36.59
1777937469,9.56,16.50,6.00,19.05,32.70,16.94,37.19,17.98,36.55
1777937470,9.50,17.25,6.25,19.30,32.75,16.86,37.18,17.83,36.51
1777937472,9.50,16.50,6.00,19.30,32.76,16.96,37.19,17.83,36.46
1777937473,9.50,17.00,6.00,19.20,32.73,16.98,37.18,18.44,36.52
1777937475,9.44,16.75,6.00,19.16,32.72,16.87,37.16,17.66,36.39
1777937477,9.50,17.00,6.00,19.11,32.74,16.80,37.16,17.98,36.42
1777937478,9.50,16.75,6.00,19.02,32.73,16.92,37.16,17.68,36.37
1777937480,9.44,17.00,6.00,19.13,32.73,16.83,37.17,17.65,36.37
1777937481,9.44,17.00,6.00,19.02,32.72,16.82,37.17,17.99,36.39
1777937483,9.44,17.00,6.00,19.13,32.75,16.83,37.18,17.76,36.37
1777937485,9.50,16.75,5.75,19.18,32.73,16.80,37.17,17.97,36.39
1777937486,9.44,16.50,5.25,19.25,32.76,16.93,37.21,17.91,36.35
1777937488,9.44,16.50,5.25,19.15,32.73,16.92,37.22,17.94,36.33
1777937489,9.44,16.75,6.00,19.18,32.73,16.95,37.23,18.01,36.34
1777937491,9.44,17.00,5.75,19.30,32.74,16.96,37.21,18.01,36.33
1777937493,9.38,17.25,5.75,19.06,32.70,16.82,37.22,17.83,36.29
1777937494,9.38,16.75,6.00,19.23,32.73,16.82,37.21,18.16,36.37
1777937496,9.31,17.00,5.75,19.27,32.73,16.84,37.23,18.22,36.40
1777937497,9.31,17.00,6.00,19.15,32.70,16.84,37.23,17.75,36.35
1777937499,9.25,16.50,6.25,19.10,32.70,16.86,37.23,18.19,36.43
1777937501,9.25,17.00,5.50,19.19,32.70,16.90,37.26,17.58,36.35
1777937502,9.25,16.75,5.75,19.10,32.69,16.80,37.26,18.01,36.43
1777937504,9.25,17.00,5.50,19.15,32.68,16.81,37.26,17.79,36.38
1777937505,9.19,16.25,6.00,19.44,32.73,16.79,37.26,18.11,36.43
1777937507,9.19,17.00,6.00,19.13,32.68,16.81,37.27,18.20,36.47
1777937509,9.19,17.50,5.75,19.03,32.69,16.93,37.29,17.95,36.46
1777937510,9.19,17.00,6.00,19.09,32.67,16.82,37.27,17.78,36.50
1777937512,9.19,16.75,6.00,19.03,32.67,16.82,37.25,18.10,36.56
1777937514,9.31,16.75,6.00,18.97,32.67,16.80,37.24,17.99,36.56
1777937515,9.25,16.75,5.50,19.08,32.70,16.83,37.25,18.03,36.56
1777937517,9.19,16.00,6.00,19.28,32.73,17.05,37.27,18.63,36.66
1777937518,9.25,16.50,5.75,19.06,32.70,16.76,37.24,18.84,36.70
1777937520,9.25,16.50,6.00,19.39,32.76,16.95,37.26,18.18,36.58
1777937522,9.31,16.25,6.00,19.03,32.71,16.98,37.27,18.70,36.64
1777937523,9.31,16.75,6.00,18.92,32.68,16.95,37.26,18.39,36.60
1777937525,9.25,16.00,6.00,18.92,32.70,17.10,37.28,18.35,36.59
1777937526,9.25,15.75,6.00,18.91,32.70,16.95,37.27,18.10,36.57
1777937528,9.31,16.50,5.75,19.34,32.76,16.86,37.26,17.84,36.53
1777937530,9.25,16.25,6.25,18.90,32.71,16.74,37.23,17.96,36.56
1777937531,9.31,15.50,6.00,18.88,32.71,16.94,37.26,17.80,36.54
1777937533,9.38,15.75,6.25,19.19,32.76,16.97,37.27,17.97,36.58
1777937534,9.38,16.75,6.25,19.02,32.74,16.80,37.26,17.87,36.58
1777937536,9.38,16.75,6.25,19.05,32.77,16.87,37.27,18.26,36.63
1777937538,9.38,16.75,6.25,19.35,32.79,16.87,37.25,18.19,36.61
1777937539,9.38,17.25,6.25,19.15,32.77,16.79,37.24,18.30,36.63
1777937541,9.44,16.25,6.25,19.10,32.77,16.83,37.24,18.16,36.60
1777937542,9.38,16.00,6.00,19.08,32.79,16.88,37.24,18.19,36.61
1777937544,9.38,16.50,6.00,19.01,32.78,16.83,37.25,17.91,36.53
1777937546,9.38,17.00,6.00,18.98,32.77,16.78,37.22,18.01,36.53
1777937547,9.38,17.00,6.00,19.05,32.80,16.93,37.24,18.85,36.67
1777937549,9.38,17.00,6.00,19.25,32.83,16.98,37.24,18.82,36.68
1777937550,9.31,17.00,6.25,19.23,32.83,17.06,37.26,18.05,36.57
1777937552,9.38,17.50,6.25,19.17,32.81,16.98,37.25,17.90,36.57
1777937554,9.38,16.50,6.00,18.92,32.79,16.97,37.27,18.23,36.63
1777937555,9.38,16.25,6.00,19.28,32.84,16.93,37.27,17.99,36.59
1777937557,9.31,16.25,6.25,19.19,32.82,16.88,37.25,18.16,36.64
1777937558,9.38,15.50,6.00,18.89,32.80,16.87,37.25,18.09,36.61
1777937560,9.38,16.00,6.00,19.08,32.83,16.79,37.23,17.94,36.59
1777937562,9.38,16.00,6.00,18.94,32.82,16.79,37.22,18.09,36.64
1777937563,9.44,16.00,6.00,18.87,32.80,16.85,37.22,17.97,36.61
1777937565,9.38,16.25,6.00,19.04,32.82,16.83,37.23,17.76,36.60
1777937567,9.38,16.25,6.00,19.02,32.82,16.87,37.24,17.99,36.61
1777937568,9.38,15.75,6.00,19.12,32.84,16.90,37.24,18.01,36.65
1777937570,9.31,16.50,6.00,18.95,32.81,16.92,37.26,18.62,36.77
1777937571,9.38,15.50,6.25,19.03,32.82,16.98,37.27,17.93,36.66
1777937573,9.31,15.75,5.75,18.95,32.81,17.01,37.27,18.11,36.70
1777937575,9.38,16.00,6.25,18.89,32.82,17.13,37.29,18.06,36.70
1777937576,9.38,15.75,6.00,19.04,32.85,17.02,37.28,18.05,36.68
1777937578,9.38,16.50,5.50,19.03,32.84,17.11,37.28,17.90,36.70
1777937579,9.38,16.75,6.25,18.86,32.83,16.94,37.27,17.99,36.71
1777937581,9.38,17.25,6.00,19.05,32.83,16.96,37.27,17.96,36.71
1777937583,9.38,17.00,6.25,19.20,32.86,16.95,37.28,17.97,36.71
1777937584,9.44,17.00,6.25,19.11,32.84,16.87,37.26,18.08,36.73
1777937586,9.38,16.50,6.00,18.92,32.83,16.91,37.30,18.06,36.74
1777937587,9.44,17.00,6.00,18.82,32.83,16.76,37.27,17.69,36.70
1777937589,9.44,16.50,5.75,18.89,32.84,16.76,37.27,18.07,36.74
1777937591,9.44,17.00,6.00,18.87,32.82,16.83,37.28,17.78,36.72
1777937592,9.44,17.00,5.75,18.93,32.82,16.72,37.27,18.04,36.77
1777937594,9.44,16.25,6.25,19.02,32.85,16.89,37.29,17.69,36.71
1777937595,9.44,17.25,6.00,18.99,32.84,16.89,37.30,17.77,36.73
1777937597,9.50,17.25,5.75,18.89,32.82,16.95,37.31,18.06,36.79
1777937599,9.44,17.25,6.00,19.14,32.87,16.88,37.30,17.67,36.74
1777937600,9.44,17.00,6.00,19.02,32.85,16.86,37.30,18.09,36.78
1777937602,9.44,17.00,5.50,18.92,32.83,16.82,37.29,17.77,36.72
1777937603,9.44,17.00,5.75,18.91,32.84,16.76,37.28,17.65,36.68
1777937605,9.44,17.00,6.00,19.02,32.86,16.83,37.31,17.73,36.69
1777937607,9.44,16.50,6.00,19.08,32.87,16.77,37.30,17.58,36.66
1777937608,9.38,16.75,5.75,18.98,32.86,16.83,37.33,17.50,36.65
1777937610,9.38,17.00,6.00,18.94,32.85,16.83,37.34,18.47,36.79
1777937611,9.38,16.50,6.00,19.01,32.88,16.80,37.35,18.00,36.67
1777937613,9.38,17.00,5.50,19.15,32.88,16.78,37.36,17.80,36.63
1777937615,9.31,17.00,5.75,18.98,32.87,16.90,37.41,18.15,36.72
1777937616,9.31,17.00,6.00,19.22,32.90,16.75,37.36,18.01,36.75
1777937618,9.38,17.25,6.00,18.96,32.84,16.77,37.39,17.61,36.75
1777937619,9.38,16.25,6.00,19.13,32.87,16.87,37.40,17.46,36.72
1777937621,9.38,16.25,5.75,19.06,32.85,16.76,37.39,17.99,36.83
1777937623,9.38,16.75,6.00,19.02,32.84,16.75,37.38,18.05,36.87
1777937624,9.38,16.50,6.00,18.89,32.83,16.76,37.41,17.80,36.81
1777937626,9.44,16.25,5.75,19.15,32.85,16.75,37.41,17.99,36.84
1777937628,9.44,16.00,6.00,19.17,32.87,16.80,37.42,17.95,36.84
1777937629,9.44,16.50,6.00,18.97,32.86,16.91,37.43,17.86,36.83
1777937631,9.44,16.75,6.00,19.05,32.86,16.66,37.38,18.13,36.88
1777937632,9.44,16.25,5.50,18.99,32.85,16.87,37.42,17.94,36.83
1777937634,9.44,17.25,6.00,18.84,32.82,16.74,37.40,17.84,36.80
1777937636,9.50,16.75,6.00,18.87,32.84,16.79,37.40,18.05,36.85
1777937637,9.44,16.50,5.75,19.05,32.86,16.86,37.40,18.37,36.89
1777937639,9.44,16.25,5.75,18.83,32.83,16.90,37.40,17.83,36.78
1777937640,9.38,16.25,6.00,18.87,32.83,16.91,37.39,17.78,36.75
1777937642,9.31,17.25,6.00,18.98,32.84,16.93,37.40,17.93,36.75
1777937644,9.31,17.25,6.00,19.16,32.88,16.83,37.39,18.20,36.79
1777937645,9.31,16.75,5.75,18.95,32.84,16.91,37.40,17.72,36.72
1777937647,9.31,17.00,5.75,19.06,32.86,16.82,37.39,17.97,36.75
1777937648,9.31,17.00,6.00,19.06,32.86,16.92,37.42,17.30,36.65
1777937650,9.38,16.50,5.75,19.07,32.87,16.74,37.42,17.74,36.74
1777937652,9.31,17.25,5.75,19.15,32.88,16.81,37.40,17.95,36.81
1777937653,9.38,16.75,6.00,18.99,32.85,16.84,37.44,17.70,36.80
1777937655,9.38,17.25,6.00,18.95,32.85,16.84,37.44,18.12,36.90
1777937656,9.38,17.50,5.50,18.98,32.86,16.76,37.46,17.65,36.84
1777937658,9.38,16.50,6.00,18.95,32.85,16.83,37.47,17.58,36.83
1777937660,9.38,16.00,6.00,19.06,32.88,16.87,37.48,18.05,36.91
1777937661,9.38,16.75,6.00,19.15,32.90,16.94,37.48,17.73,36.87
1777937663,9.38,16.75,6.00,19.19,32.91,16.89,37.49,17.63,36.87
1777937664,9.38,16.25,5.50,19.02,32.89,16.82,37.48,17.66,36.87
1777937666,9.38,16.75,5.75,18.83,32.86,16.76,37.47,17.74,36.85
1777937668,9.38,16.75,5.50,19.00,32.88,16.91,37.47,17.80,36.80
1777937669,9.31,17.00,5.75,18.96,32.87,16.88,37.50,17.52,36.72
1777937671,9.31,16.75,6.00,19.14,32.91,16.87,37.50,17.90,36.75
1777937672,9.31,17.25,5.75,19.02,32.88,16.81,37.52,17.87,36.71
1777937674,9.31,17.00,5.75,18.98,32.89,16.83,37.51,17.65,36.67
1777937676,9.31,17.00,5.75,18.85,32.87,16.76,37.51,18.28,36.77
1777937677,9.25,17.00,5.75,18.82,32.88,16.80,37.52,18.50,36.81
1777937679,9.25,17.00,5.75,18.86,32.89,16.83,37.52,17.71,36.74
1777937681,9.31,17.25,5.75,18.84,32.88,16.78,37.54,18.36,36.87
1777937682,9.31,16.25,6.00,18.97,32.90,16.73,37.52,18.05,36.83
1777937684,9.25,16.75,6.00,18.88,32.89,16.81,37.53,18.04,36.85
1777937685,9.25,16.50,6.25,19.13,32.92,16.79,37.50,18.09,36.87
1777937687,9.25,16.50,5.75,18.95,32.91,16.82,37.51,18.13,36.89
1777937689,9.31,16.50,5.75,19.05,32.92,16.70,37.46,18.01,36.90
1777937690,9.25,17.00,5.50,19.00,32.90,16.76,37.47,18.06,36.91
1777937692,9.25,17.25,5.75,18.95,32.90,16.83,37.47,17.45,36.80
1777937693,9.25,16.75,6.25,19.02,32.92,16.73,37.46,18.06,36.92
1777937695,9.25,16.25,6.00,18.89,32.89,16.74,37.45,18.12,36.93
1777937697,9.31,16.50,5.75,18.84,32.90,16.77,37.45,17.93,36.91
1777937698,9.25,16.50,6.00,18.98,32.91,16.81,37.47,17.60,36.86
1777937700,9.25,15.75,6.00,18.98,32.94,16.75,37.47,18.08,36.92
1777937701,9.31,16.50,6.00,18.84,32.91,16.87,37.50,17.88,36.92
1777937703,9.31,15.75,6.00,18.94,32.94,16.80,37.47,17.72,36.90
1777937705,9.31,16.25,6.25,18.85,32.91,16.76,37.47,18.11,36.98
1777937706,9.38,16.00,6.00,19.05,32.95,16.90,37.49,18.01,36.97
1777937708,9.38,15.75,5.75,19.04,32.95,16.81,37.46,17.97,36.97
1777937709,9.38,14.50,6.00,18.88,32.95,16.89,37.48,17.95,36.93
1777937711,9.38,14.25,6.00,18.94,32.95,16.76,37.45,17.95,36.90
1777937713,9.38,14.75,5.75,18.96,32.94,16.75,37.48,17.85,36.86
1777937714,9.38,15.00,6.00,18.88,32.94,16.87,37.50,17.63,36.80
1777937716,9.44,14.50,6.25,18.93,32.95,16.75,37.48,17.46,36.71
1777937717,9.44,14.50,6.00,19.10,33.00,16.88,37.51,18.23,36.82
1777937719,9.44,14.00,6.00,18.94,32.99,16.84,37.52,18.34,36.86
1777937721,9.44,13.25,6.00,18.98,33.00,16.84,37.52,17.95,36.84
1777937722,9.44,14.25,6.00,18.98,32.99,16.86,37.53,17.94,36.83
1777937724,9.44,15.00,6.25,19.09,33.00,16.82,37.51,17.58,36.79
1777937725,9.50,15.00,5.75,18.91,32.98,16.76,37.51,17.83,36.84
1777937727,9.50,14.50,6.25,19.20,33.01,16.83,37.52,18.05,36.88
1777937729,9.50,14.75,6.00,19.04,32.98,16.80,37.51,17.66,36.81
1777937730,9.50,14.50,5.75,18.78,32.94,16.70,37.51,17.44,36.77
1777937732,9.50,14.00,5.75,18.78,32.93,16.76,37.53,17.75,36.86
1777937733,9.50,14.50,5.50,18.95,32.97,16.74,37.52,18.13,36.91
1777937735,9.50,14.25,5.75,18.99,32.97,16.82,37.52,18.14,36.90
1777937737,9.56,14.25,5.75,19.16,33.01,16.73,37.53,18.40,36.94
1777937738,9.63,14.25,5.50,18.95,32.99,16.76,37.54,18.01,36.88
1777937740,9.63,14.75,6.25,19.00,33.02,16.79,37.56,17.79,36.88
1777937742,9.63,14.50,6.00,19.15,33.06,16.91,37.57,17.76,36.89
1777937743,9.63,14.75,5.75,18.87,33.03,16.88,37.55,17.94,36.93
1777937745,9.63,15.25,6.00,18.98,33.04,16.66,37.51,17.69,36.88
1777937746,9.56,14.50,5.50,18.98,33.03,16.79,37.51,18.01,36.91
1777937748,9.50,15.00,5.75,18.99,33.04,16.81,37.51,18.32,36.98
1777937750,9.56,14.50,6.00,19.01,33.03,16.91,37.51,17.94,36.91
1777937751,9.56,14.25,5.75,19.05,33.05,16.76,37.47,17.84,36.90
1777937753,9.50,15.25,6.25,18.97,33.02,16.83,37.49,17.66,36.83
1777937754,9.50,14.75,6.25,19.10,33.05,16.90,37.48,17.97,36.85
1777937756,9.44,14.50,6.25,19.04,33.03,16.96,37.49,18.00,36.87
1777937758,9.44,14.50,6.25,19.08,33.02,16.80,37.46,18.15,36.91
1777937759,9.38,15.00,6.00,18.77,33.02,16.81,37.46,18.04,36.92
1777937761,9.38,15.00,6.00,18.87,33.01,16.81,37.46,17.96,36.89
1777937762,9.31,14.75,6.00,18.90,33.01,16.80,37.44,17.96,36.87
1777937764,9.31,14.25,6.00,18.92,33.05,16.78,37.45,17.67,36.81
1777937766,9.38,14.75,6.00,19.13,33.06,16.89,37.47,18.01,36.83
1777937767,9.31,14.75,5.75,18.98,33.04,16.79,37.46,17.86,36.81
1777937769,9.31,14.00,5.75,18.91,33.04,16.81,37.46,17.80,36.84
1777937770,9.38,14.00,6.00,18.77,33.03,16.87,37.45,17.60,36.86
1777937772,9.38,14.00,6.00,19.10,33.08,16.84,37.43,17.94,36.93
1777937774,9.38,14.50,6.00,18.89,33.06,16.84,37.43,18.24,36.98
1777937775,9.38,14.75,6.00,18.97,33.05,16.76,37.39,17.74,36.92
1777937777,9.44,14.50,6.00,19.04,33.06,16.76,37.40,18.33,37.03
1777937778,9.44,14.75,6.25,18.83,33.04,16.78,37.38,17.65,36.95
1777937780,9.44,14.50,6.00,19.04,33.06,16.97,37.42,17.68,36.98
1777937782,9.44,14.25,6.00,19.18,33.08,16.87,37.42,17.62,36.94
1777937783,9.44,15.00,5.50,18.94,33.04,16.91,37.44,17.97,36.96
1777937785,9.44,15.00,6.25,18.93,33.04,16.84,37.43,18.24,36.93
1777937786,9.44,14.75,5.50,19.07,33.07,16.89,37.43,18.11,36.90
1777937788,9.50,15.00,5.50,19.02,33.06,16.87,37.46,17.59,36.78
1777937790,9.56,14.25,6.00,19.01,33.05,16.77,37.45,17.67,36.75
1777937791,9.50,14.50,5.25,18.94,33.06,16.83,37.46,17.74,36.75
1777937793,9.50,14.50,6.00,18.72,33.02,16.80,37.45,17.78,36.80
1777937795,9.50,14.50,5.75,18.98,33.06,16.88,37.47,17.32,36.75
1777937796,9.50,15.00,5.75,18.97,33.06,16.73,37.44,18.23,36.90
1777937798,9.50,14.75,5.75,18.96,33.05,16.72,37.44,18.08,36.89
1777937799,9.44,14.75,5.50,19.03,33.05,16.93,37.46,18.48,36.95
1777937801,9.50,14.75,5.75,18.96,33.05,16.91,37.45,17.80,36.83
1777937803,9.44,14.50,5.75,18.96,33.05,16.78,37.43,17.87,36.83
1777937804,9.44,14.75,5.75,19.22,33.12,16.78,37.42,17.64,36.77
1777937806,9.44,14.50,5.75,18.72,33.02,16.82,37.41,18.08,36.84
1777937807,9.38,14.75,5.50,18.80,33.04,16.73,37.39,18.57,36.90
1777937809,9.38,14.75,5.75,19.09,33.07,16.80,37.39,17.33,36.73
1777937811,9.44,14.75,5.50,18.95,33.07,16.83,37.37,17.99,36.85
1777937812,9.44,14.75,5.75,19.09,33.07,16.74,37.37,18.02,36.89
1777937814,9.44,14.25,6.00,18.92,33.06,16.81,37.37,18.56,36.97
1777937815,9.44,15.00,6.00,19.12,33.10,16.79,37.34,18.15,36.93
1777937817,9.44,14.75,6.00,18.99,33.07,16.79,37.34,17.84,36.92
1777937819,9.44,14.50,5.50,18.98,33.08,17.04,37.37,17.77,36.93
1777937820,9.38,14.75,5.75,19.20,33.10,16.92,37.34,18.01,36.97
1777937822,9.38,15.00,5.50,19.19,33.10,16.87,37.33,17.70,36.94
1777937823,9.50,14.75,5.75,19.15,33.11,16.76,37.31,17.93,36.98
1777937825,9.44,14.75,5.75,18.84,33.06,16.96,37.37,17.94,36.96
1777937827,9.44,14.75,5.50,18.91,33.08,16.87,37.34,17.98,36.98
1777937828,9.38,14.50,5.50,18.72,33.05,16.89,37.35,18.05,36.96
1777937830,9.44,15.00,5.50,19.04,33.07,16.91,37.35,18.10,36.93
1777937831,9.44,14.50,5.50,19.13,33.11,16.87,37.34,18.41,36.96
1777937833,9.38,14.50,5.75,18.81,33.07,16.80,37.32,17.77,36.83
1777937835,9.38,14.50,5.50,18.91,33.09,16.91,37.33,17.61,36.77
1777937836,9.38,14.75,6.00,19.00,33.11,16.85,37.32,18.01,36.81
1777937838,9.38,15.25,6.00,19.09,33.11,16.94,37.32,17.65,36.78
1777937839,9.38,14.75,5.50,18.94,33.10,16.78,37.27,18.13,36.86
1777937841,9.44,15.00,6.00,18.80,33.07,16.75,37.27,18.03,36.88
1777937843,9.38,14.75,6.00,19.06,33.12,16.76,37.28,17.83,36.88
1777937844,9.38,15.00,6.00,18.78,33.09,16.76,37.28,18.19,36.99
1777937846,9.38,15.00,6.00,19.03,33.11,16.79,37.28,17.68,36.94
1777937848,9.38,14.75,6.00,19.01,33.12,16.84,37.28,17.97,36.99
1777937849,9.44,14.00,6.25,18.88,33.09,17.07,37.31,18.14,37.05
1777937851,9.38,14.75,6.00,18.94,33.12,16.94,37.29,18.29,37.08
1777937852,9.38,15.00,6.00,18.88,33.11,16.87,37.28,17.79,37.02
1777937854,9.38,15.00,6.25,19.20,33.18,16.70,37.24,17.62,37.01
1777937856,9.38,14.25,5.50,18.92,33.14,16.83,37.25,18.25,37.13
1777937857,9.38,14.50,5.75,18.85,33.13,16.88,37.26,17.98,37.08
1777937859,9.31,14.00,6.00,18.86,33.16,16.94,37.26,17.99,37.11
1777937860,9.31,14.25,5.75,18.88,33.15,16.92,37.25,17.82,37.11
1777937862,9.31,14.25,6.25,18.95,33.16,16.87,37.25,17.73,37.10
1777937864,9.31,14.75,6.00,18.91,33.16,16.86,37.27,17.54,37.10
1777937865,9.25,14.75,6.00,18.99,33.19,16.89,37.29,17.53,37.10
1777937867,9.31,14.75,5.75,18.89,33.13,16.87,37.31,17.78,37.15
1777937868,9.25,14.75,5.50,18.75,33.13,16.82,37.30,17.58,37.13
1777937870,9.31,14.25,5.50,18.94,33.19,16.83,37.29,17.84,37.19
1777937872,9.38,13.75,6.00,18.89,33.16,16.87,37.31,17.94,37.20
1777937873,9.38,13.50,5.50,18.76,33.14,16.72,37.27,17.42,37.14
1777937875,9.31,14.25,5.75,19.03,33.19,16.87,37.31,17.30,37.14
1777937876,9.31,14.50,5.75,18.95,33.17,16.76,37.30,17.76,37.21
1777937878,9.38,14.75,5.50,18.80,33.15,16.75,37.28,17.73,37.22
1777937880,9.31,14.50,5.50,19.07,33.19,16.80,37.28,17.48,37.18
1777937881,9.31,14.75,6.00,18.92,33.16,16.87,37.28,17.48,37.20
1777937883,9.31,14.75,6.00,18.95,33.17,16.95,37.30,17.84,37.23
1777937884,9.31,14.25,5.75,18.86,33.15,17.10,37.32,17.86,37.20
1777937886,9.38,14.75,6.00,18.93,33.18,16.94,37.32,17.71,37.15
1777937888,9.38,14.25,5.75,19.00,33.18,16.91,37.31,17.78,37.14
1777937889,9.31,15.00,6.00,18.87,33.16,16.79,37.29,18.15,37.18
1777937891,9.25,14.75,6.00,18.64,33.13,16.88,37.31,17.79,37.17
1777937892,9.31,14.25,6.00,18.85,33.15,16.80,37.29,17.69,37.17
1777937894,9.31,14.50,6.00,18.99,33.19,16.91,37.30,17.80,37.21
1777937896,9.31,15.00,6.00,18.82,33.14,16.93,37.32,17.79,37.22
1777937897,9.31,15.25,5.50,18.78,33.15,16.79,37.28,17.94,37.27
1777937899,9.31,14.50,5.75,19.07,33.20,16.81,37.30,18.40,37.36
1777937901,9.31,13.75,5.75,19.08,33.20,16.79,37.28,17.79,37.31
1777937902,9.31,14.25,5.75,18.94,33.17,16.76,37.28,17.97,37.34
1777937904,9.38,14.00,5.75,19.11,33.23,16.78,37.30,17.87,37.36
1777937905,9.31,14.75,6.00,18.83,33.18,16.90,37.32,17.49,37.30
1777937907,9.31,14.75,5.75,19.15,33.23,16.78,37.29,17.47,37.31
1777937909,9.38,14.75,6.00,19.05,33.19,16.76,37.31,17.62,37.35
1777937910,9.38,14.50,6.00,18.98,33.19,16.91,37.32,17.73,37.38
1777937912,9.31,14.50,5.75,18.91,33.16,16.98,37.33,17.80,37.37
1777937913,9.38,15.00,6.00,18.83,33.17,16.72,37.32,17.73,37.31
1777937915,9.38,15.00,6.00,18.91,33.20,16.96,37.36,17.77,37.31
1777937917,9.38,15.00,6.00,18.68,33.17,16.91,37.38,18.25,37.32
1777937918,9.31,14.75,6.00,19.09,33.23,16.76,37.33,18.01,37.26
1777937920,9.38,15.50,5.75,18.72,33.19,16.78,37.37,17.12,37.15
1777937921,9.31,14.75,5.50,18.92,33.20,16.83,37.38,17.10,37.18
1777937923,9.38,15.00,6.00,18.92,33.21,16.76,37.35,18.41,37.41
1777937925,9.38,15.00,6.00,18.98,33.23,16.80,37.34,17.97,37.37
1777937926,9.38,14.75,5.75,18.99,33.21,16.83,37.36,17.91,37.39
1777937928,9.31,14.75,6.00,18.94,33.21,16.77,37.37,18.07,37.43
1777937929,9.38,14.75,6.00,18.80,33.18,16.75,37.37,18.32,37.51
1777937931,9.38,14.50,5.75,19.10,33.22,16.80,37.39,18.04,37.48
1777937933,9.31,14.75,5.50,18.79,33.19,16.76,37.36,18.05,37.47
1777937934,9.38,15.00,6.25,18.87,33.21,16.87,37.38,17.58,37.37
1777937936,9.31,15.00,6.00,19.13,33.26,16.80,37.37,17.35,37.30
1777937937,9.31,15.00,6.00,18.93,33.21,16.83,37.40,17.97,37.38
1777937939,9.38,14.75,5.75,18.94,33.20,17.00,37.41,17.98,37.36
1777937941,9.31,15.25,5.50,19.07,33.24,16.89,37.39,17.66,37.27
1777937942,9.31,15.00,5.50,18.99,33.23,16.92,37.41,17.69,37.25
1777937944,9.25,14.50,5.50,19.05,33.22,16.94,37.41,17.32,37.22
1777937945,9.25,14.75,5.75,18.80,33.18,16.99,37.43,17.79,37.34
1777937947,9.31,14.75,5.50,18.90,33.21,16.80,37.40,17.66,37.34
1777937949,9.31,15.25,5.75,18.92,33.20,16.81,37.40,17.98,37.41
1777937950,9.31,14.75,6.00,19.02,33.22,16.71,37.39,17.70,37.38
1777937952,9.25,15.00,6.00,18.80,33.19,16.87,37.44,17.55,37.33
1777937953,9.25,14.25,6.00,18.91,33.21,16.83,37.44,17.89,37.37
1777937955,9.25,14.50,5.50,18.89,33.19,16.75,37.42,17.90,37.35
1777937957,9.25,15.25,6.00,18.77,33.19,16.80,37.44,17.69,37.29
1777937958,9.25,15.25,6.00,18.85,33.21,16.75,37.44,18.28,37.37
1777937960,9.25,14.75,5.75,19.00,33.23,16.82,37.42,18.23,37.33
1777937962,9.25,15.25,5.75,18.85,33.21,16.73,37.42,17.39,37.23
1777937963,9.25,15.00,6.00,18.87,33.22,16.93,37.45,18.05,37.36
1777937965,9.25,15.00,5.75,18.86,33.21,16.80,37.44,18.01,37.37
1777937966,9.25,15.25,5.75,18.84,33.19,16.88,37.45,18.00,37.38
1777937968,9.19,15.00,6.00,19.00,33.22,16.79,37.43,17.98,37.36
1777937970,9.19,14.50,6.00,18.96,33.21,16.83,37.44,18.08,37.37
1777937971,9.06,14.50,5.75,19.16,33.24,16.91,37.44,18.01,37.32
1777937973,9.19,15.00,5.50,19.03,33.22,16.89,37.43,17.80,37.30
1777937974,9.13,15.25,6.00,18.83,33.20,16.87,37.44,17.97,37.33
1777937976,9.13,15.00,5.50,19.13,33.24,16.84,37.43,17.96,37.33
1777937978,9.06,14.50,5.25,19.07,33.25,16.80,37.44,17.71,37.28
1777937979,9.06,15.25,6.00,18.94,33.21,16.88,37.42,17.50,37.24
1777937981,9.06,15.00,5.75,18.88,33.22,16.82,37.43,18.12,37.36
1777937982,9.13,15.25,5.50,18.94,33.21,16.82,37.43,17.73,37.34
1777937984,9.13,14.25,5.50,18.95,33.21,16.86,37.43,18.09,37.43
1777937986,9.19,14.25,5.75,18.97,33.18,16.91,37.44,17.73,37.39
1777937987,9.13,14.25,5.75,18.80,33.19,16.76,37.43,17.66,37.38
1777937989,9.19,14.50,5.50,19.07,33.24,16.94,37.44,17.76,37.41
1777937990,9.19,14.25,5.50,19.10,33.21,16.96,37.45,18.02,37.44
1777937992,9.19,14.00,5.75,18.94,33.20,16.90,37.41,17.78,37.42
1777937994,9.19,14.75,5.75,18.88,33.19,16.76,37.41,17.55,37.37
1777937995,9.19,14.75,5.75,19.01,33.23,16.91,37.44,17.34,37.37
1777937997,9.19,15.25,5.75,18.90,33.21,16.97,37.45,17.62,37.42
1777937998,9.19,15.00,6.00,18.86,33.21,16.76,37.41,17.57,37.41
1777938000,9.25,15.00,6.00,18.88,33.16,16.70,37.39,17.74,37.43
1777938002,9.31,15.00,5.75,18.79,33.18,16.84,37.42,17.53,37.42
1777938003,9.25,14.75,5.50,18.79,33.20,16.83,37.39,17.45,37.40
1777938005,9.31,15.25,5.50,19.20,33.25,16.77,37.37,17.32,37.38
1777938006,9.38,15.00,5.75,18.86,33.22,16.86,37.40,17.76,37.43
1777938008,9.38,15.00,5.75,19.11,33.24,16.79,37.40,17.13,37.38
1777938010,9.38,14.75,5.50,18.91,33.21,16.76,37.38,17.57,37.42
1777938011,9.31,14.25,5.50,19.01,33.23,16.72,37.39,17.75,37.43
1777938013,9.38,14.50,5.50,19.05,33.24,16.78,37.38,17.86,37.43
1777938015,9.38,14.75,6.00,18.92,33.24,16.87,37.37,17.77,37.41
1777938016,9.38,14.50,6.00,18.81,33.22,16.74,37.35,17.55,37.38
1777938018,9.44,14.75,6.00,18.86,33.24,16.79,37.33,17.46,37.35
1777938019,9.44,15.25,6.00,18.92,33.25,16.80,37.32,17.60,37.38
1777938021,9.44,14.50,6.00,18.80,33.23,16.94,37.34,17.56,37.37
1777938023,9.31,15.25,6.00,18.87,33.25,16.76,37.29,17.60,37.39
1777938024,9.38,15.25,5.75,19.05,33.28,16.72,37.28,17.43,37.32
1777938026,9.38,15.00,6.00,18.88,33.26,16.79,37.29,17.42,37.28
1777938027,9.38,15.25,5.75,18.84,33.26,16.89,37.33,17.89,37.34
1777938029,9.38,15.50,6.00,18.87,33.24,16.81,37.33,17.81,37.29
1777938031,9.38,15.75,5.50,18.78,33.27,16.76,37.34,17.49,37.25
1777938032,9.38,15.00,6.00,18.80,33.24,16.78,37.36,17.66,37.29
1777938034,9.38,15.25,6.25,18.84,33.26,16.73,37.35,17.98,37.36
1777938035,9.44,15.50,5.50,19.05,33.29,16.88,37.35,18.22,37.44
1777938037,9.38,14.50,6.00,18.91,33.27,16.76,37.36,17.84,37.43
1777938039,9.38,14.25,5.50,18.78,33.25,16.73,37.36,17.35,37.36
1777938040,9.38,14.50,6.00,18.86,33.27,16.78,37.38,18.34,37.54
1777938042,9.38,14.50,5.75,18.94,33.28,16.72,37.38,18.18,37.52
1777938043,9.44,14.25,6.00,19.02,33.29,16.94,37.36,17.78,37.49
1777938045,9.38,14.25,5.50,18.97,33.29,16.86,37.36,17.99,37.52
1777938047,9.38,14.50,6.25,18.98,33.30,16.92,37.36,17.95,37.50
1777938048,9.38,14.75,5.75,18.81,33.28,17.16,37.39,17.76,37.45
1777938050,9.31,15.00,5.75,18.99,33.31,17.11,37.37,17.87,37.47
1777938051,9.38,15.00,5.75,18.97,33.32,16.98,37.34,17.83,37.47
1777938053,9.38,14.25,6.00,18.72,33.28,17.04,37.32,17.49,37.44
1777938055,9.38,14.75,6.00,18.94,33.30,16.83,37.29,17.48,37.42
1777938056,9.31,15.25,6.00,18.96,33.30,16.87,37.29,17.85,37.47
1777938058,9.31,14.50,6.00,19.04,33.32,16.93,37.32,17.82,37.44
1777938059,9.38,15.25,6.00,18.98,33.31,16.80,37.29,18.01,37.45
1777938061,9.38,14.25,5.75,19.05,33.33,16.98,37.31,17.55,37.40
1777938063,9.38,15.00,5.75,18.94,33.31,16.80,37.29,17.44,37.41
1777938064,9.38,15.00,5.75,19.12,33.35,16.97,37.31,17.49,37.42
1777938066,9.38,15.00,5.50,18.89,33.31,16.94,37.32,17.44,37.39
1777938068,9.31,14.75,6.00,18.94,33.34,16.83,37.30,17.99,37.45
1777938069,9.31,14.75,5.75,19.09,33.35,16.80,37.32,18.05,37.43
1777938071,9.31,14.75,6.00,18.80,33.31,16.80,37.32,17.39,37.33
1777938072,9.25,15.00,6.00,18.84,33.28,16.82,37.34,17.36,37.32
1777938074,9.19,15.00,5.50,18.92,33.34,16.77,37.33,17.48,37.35
1777938076,9.19,15.00,5.25,18.84,33.31,16.87,37.36,17.84,37.42
1777938077,9.19,15.00,5.75,18.81,33.33,16.79,37.32,17.97,37.47
1777938079,9.19,14.75,6.00,19.02,33.35,16.72,37.33,17.86,37.45
1777938080,9.19,15.25,6.00,18.94,33.34,16.78,37.36,17.84,37.43
1777938082,9.19,15.00,5.75,18.87,33.33,16.77,37.37,17.90,37.48
1777938084,9.19,14.75,5.75,19.05,33.35,16.77,37.37,17.31,37.43
1777938085,9.19,14.75,6.00,18.97,33.33,16.77,37.37,17.54,37.52
1777938087,9.19,14.50,6.00,18.98,33.35,16.81,37.38,17.69,37.57
1777938088,9.25,14.50,6.00,18.92,33.33,16.86,37.40,17.53,37.58
1777938090,9.25,14.50,5.50,18.87,33.33,16.76,37.42,17.48,37.57
1777938092,9.25,14.50,6.00,18.97,33.34,16.76,37.41,17.73,37.64
1777938093,9.19,14.50,6.00,18.95,33.35,16.86,37.43,17.66,37.65
1777938095,9.25,15.00,5.75,18.74,33.32,16.88,37.43,17.84,37.69
1777938096,9.19,15.00,6.00,18.97,33.35,16.88,37.43,17.94,37.73
1777938098,9.19,15.25,6.00,19.15,33.37,16.74,37.41,17.69,37.68
1777938100,9.25,15.00,6.00,19.19,33.38,16.80,37.39,17.45,37.67
1777938101,9.25,14.75,6.00,18.87,33.33,16.77,37.40,17.89,37.73
1777938103,9.25,15.25,6.25,18.91,33.34,16.79,37.39,17.66,37.71
1777938104,9.19,15.00,5.25,18.80,33.33,16.78,37.40,17.55,37.69
1777938106,9.25,15.00,5.75,18.92,33.33,16.72,37.41,17.34,37.65
1777938108,9.31,14.75,6.00,18.91,33.35,16.83,37.40,17.42,37.67
1777938109,9.25,15.00,5.75,18.90,33.35,16.96,37.42,17.37,37.67
1777938111,9.25,14.50,6.00,18.85,33.33,16.87,37.41,17.35,37.67
1777938112,9.25,15.00,5.75,18.85,33.35,16.89,37.40,17.34,37.67
1777938114,9.25,15.25,6.00,18.76,33.33,16.81,37.36,17.80,37.72
1777938116,9.25,15.25,6.00,18.81,33.33,16.75,37.34,17.74,37.72
1777938117,9.31,15.00,6.00,18.72,33.33,16.83,37.37,17.67,37.70
1777938119,9.25,15.00,5.75,18.75,33.31,16.74,37.35,17.38,37.68
1777938120,9.31,14.25,6.00,18.77,33.32,16.75,37.35,17.45,37.67
1777938122,9.25,14.50,5.75,18.75,33.32,16.71,37.31,17.55,37.66
1777938124,9.31,14.50,5.75,18.86,33.35,16.77,37.33,17.44,37.63
1777938125,9.31,14.50,6.00,18.91,33.34,16.91,37.36,17.47,37.64
1777938127,9.31,14.75,5.75,19.00,33.34,16.81,37.33,17.49,37.64
1777938129,9.25,15.25,6.25,18.94,33.35,16.78,37.35,17.48,37.66
1777938130,9.25,14.50,6.00,18.85,33.33,16.75,37.35,17.31,37.60
1777938132,9.25,14.75,5.50,18.99,33.36,16.76,37.34,17.35,37.59
1777938133,9.25,15.00,5.25,19.07,33.37,16.87,37.37,17.47,37.61
1777938135,9.25,14.50,5.75,19.01,33.35,16.83,37.35,17.07,37.51
1777938137,9.25,15.25,5.75,18.85,33.34,16.87,37.39,17.57,37.57
1777938138,9.25,14.75,6.00,18.85,33.35,16.88,37.42,17.45,37.52
1777938140,9.25,15.00,6.00,18.93,33.35,16.90,37.43,17.61,37.53
1777938141,9.19,15.25,6.00,18.74,33.33,16.91,37.44,17.40,37.53
1777938143,9.25,14.75,6.00,18.91,33.35,16.79,37.43,17.76,37.62
1777938145,9.25,14.50,6.00,18.87,33.36,16.91,37.47,17.28,37.60
1777938146,9.25,14.50,6.00,18.83,33.35,16.79,37.45,17.32,37.61
1777938148,9.25,14.25,6.00,18.88,33.36,16.77,37.43,17.45,37.63
1777938149,9.25,13.75,6.00,19.02,33.40,16.94,37.47,17.30,37.61
1777938151,9.25,14.25,6.00,19.07,33.39,16.79,37.44,17.37,37.62
1777938153,9.25,15.00,6.00,18.78,33.36,16.94,37.48,17.32,37.61
1777938154,9.25,15.00,6.00,18.74,33.34,16.78,37.47,17.34,37.61
1777938156,9.31,15.00,6.00,18.89,33.37,16.97,37.50,17.35,37.62
1777938157,9.38,14.75,5.75,18.76,33.35,16.83,37.48,17.76,37.69
1777938159,9.38,14.50,5.75,18.72,33.35,16.88,37.48,17.62,37.70
1777938161,9.44,14.50,5.75,18.76,33.37,16.79,37.49,17.77,37.74
1777938162,9.38,15.00,6.00,18.93,33.38,16.91,37.53,17.45,37.69
1777938164,9.44,14.75,6.25,18.88,33.38,16.76,37.53,17.52,37.70
1777938165,9.44,15.25,5.75,18.85,33.39,16.90,37.55,17.58,37.74
1777938167,9.44,14.50,6.00,18.88,33.38,16.87,37.54,18.00,37.77
1777938169,9.50,15.00,5.75,18.93,33.39,16.82,37.52,17.61,37.72
1777938170,9.50,15.00,6.00,18.85,33.39,16.91,37.52,18.01,37.75
1777938172,9.50,15.25,5.75,19.00,33.42,16.87,37.53,17.99,37.74
1777938173,9.56,14.50,5.25,18.92,33.43,16.76,37.50,17.77,37.69
1777938175,9.56,15.00,6.00,18.92,33.41,16.87,37.55,17.26,37.61
1777938177,9.56,14.25,5.50,18.79,33.40,16.95,37.56,17.80,37.68
1777938178,9.63,15.50,5.75,18.84,33.41,16.71,37.51,17.95,37.67
1777938180,9.56,15.00,5.50,19.05,33.45,16.77,37.51,17.47,37.60
1777938182,9.63,14.75,6.00,18.87,33.41,16.74,37.51,17.84,37.66
1777938183,9.56,15.25,6.00,18.95,33.45,16.76,37.51,17.58,37.61
1777938185,9.63,15.50,5.50,19.02,33.45,16.82,37.51,17.50,37.62
1777938186,9.63,14.75,6.00,18.69,33.40,16.87,37.51,17.68,37.64
1777938188,9.63,14.25,5.75,18.81,33.43,16.79,37.51,17.37,37.61
1777938190,9.69,13.75,5.50,18.78,33.43,16.84,37.53,17.34,37.58
1777938191,9.69,14.00,5.75,18.67,33.39,16.91,37.54,17.48,37.58
1777938193,9.63,14.00,5.75,18.80,33.41,16.69,37.49,17.74,37.61
1777938194,9.63,14.50,5.25,18.84,33.42,16.83,37.52,17.46,37.55
1777938196,9.63,15.00,5.75,18.79,33.38,16.74,37.52,17.43,37.52
1777938198,9.63,15.00,5.50,18.87,33.40,16.91,37.55,17.50,37.48
1777938199,9.63,14.75,5.25,18.70,33.38,16.76,37.52,18.30,37.55
1777938201,9.56,14.75,5.75,18.83,33.40,16.87,37.54,17.57,37.41
1777938202,9.56,14.75,5.75,18.73,33.40,16.91,37.58,17.48,37.40
1777938204,9.56,15.50,5.75,18.71,33.38,16.79,37.57,17.56,37.41
1777938206,9.56,14.75,6.00,18.78,33.39,16.83,37.57,17.24,37.36
1777938207,9.56,15.00,6.00,18.67,33.38,16.72,37.58,17.35,37.35
1777938209,9.50,15.25,5.00,18.75,33.40,16.69,37.60,17.47,37.39
1777938210,9.56,14.00,5.75,18.71,33.36,16.88,37.62,17.76,37.45
1777938212,9.50,14.50,6.00,18.72,33.40,16.97,37.64,17.39,37.45
1777938214,9.50,15.25,6.00,18.88,33.40,16.70,37.60,17.29,37.45
1777938215,9.50,15.25,6.00,18.90,33.41,16.84,37.61,18.06,37.59
1777938217,9.56,15.50,5.75,18.72,33.36,16.75,37.59,18.04,37.59
1777938218,9.50,15.00,6.00,18.83,33.41,16.89,37.62,17.52,37.51
1777938220,9.44,15.50,5.75,18.84,33.41,16.77,37.61,17.71,37.53
1777938222,9.50,15.25,5.75,18.83,33.41,16.88,37.63,17.54,37.49
1777938223,9.44,15.25,6.00,18.80,33.42,16.87,37.61,17.50,37.48
1777938225,9.44,15.00,6.00,18.83,33.43,16.77,37.63,17.66,37.45
1777938226,9.44,14.75,5.75,18.94,33.46,16.73,37.62,17.41,37.38
1777938228,9.38,15.50,5.50,18.79,33.44,16.69,37.60,17.46,37.37
1777938230,9.38,15.00,5.75,18.83,33.45,16.70,37.57,17.57,37.36
1777938231,9.38,14.75,5.75,18.76,33.42,16.67,37.61,17.35,37.30
1777938233,9.38,15.50,5.75,18.79,33.45,16.93,37.65,17.67,37.34
1777938235,9.38,15.50,6.00,19.02,33.48,16.69,37.62,17.96,37.38
1777938236,9.38,15.00,6.00,18.77,33.44,16.92,37.64,17.36,37.34
1777938238,9.38,15.25,6.00,19.01,33.47,16.70,37.62,17.33,37.36
1777938239,9.38,15.00,6.00,18.70,33.42,16.73,37.63,17.69,37.48
1777938241,9.38,15.00,5.25,18.87,33.46,16.72,37.62,17.97,37.55
1777938243,9.38,14.75,5.25,18.68,33.44,16.86,37.64,17.90,37.58
1777938244,9.38,14.75,5.75,18.77,33.46,16.66,37.62,17.44,37.52
1777938246,9.38,14.50,5.75,18.78,33.45,16.74,37.65,17.62,37.57
1777938247,9.38,15.50,5.50,18.94,33.49,16.73,37.65,17.55,37.53
1777938249,9.38,14.75,5.75,18.80,33.48,16.84,37.66,17.58,37.54
1777938251,9.38,14.75,5.50,18.84,33.49,16.71,37.64,17.60,37.54
1777938252,9.38,15.50,5.50,19.04,33.51,16.77,37.64,17.46,37.53
1777938254,9.38,15.25,5.75,18.79,33.47,16.87,37.65,17.78,37.59
1777938255,9.38,14.50,5.75,18.70,33.46,16.86,37.67,17.74,37.59
1777938257,9.31,14.75,5.50,18.82,33.47,16.58,37.62,17.62,37.59
1777938259,9.31,14.75,6.25,18.83,33.47,16.71,37.68,17.97,37.63
1777938260,9.31,15.25,5.75,18.77,33.47,16.81,37.67,18.04,37.63
1777938262,9.31,14.50,6.25,18.83,33.46,16.79,37.67,17.60,37.57
1777938263,9.31,15.25,5.25,18.70,33.44,16.80,37.67,17.73,37.58
1777938265,9.31,15.25,5.50,18.77,33.47,16.87,37.67,17.83,37.59
1777938267,9.31,15.00,6.00,18.95,33.49,16.69,37.64,17.47,37.53
1777938268,9.25,15.00,5.75,18.65,33.43,16.69,37.65,17.70,37.53
1777938270,9.25,15.00,5.75,18.84,33.46,16.81,37.67,17.74,37.52
1777938271,9.19,15.25,5.75,18.81,33.47,16.76,37.67,17.38,37.44
1777938273,9.19,15.50,5.75,18.73,33.46,16.78,37.67,17.59,37.47
1777938275,9.19,14.75,6.00,18.76,33.45,16.81,37.67,17.53,37.45
1777938276,9.19,15.25,6.00,18.82,33.49,16.72,37.66,17.90,37.48
1777938278,9.19,15.50,6.00,18.88,33.50,16.76,37.68,17.70,37.42
1777938279,9.19,14.75,5.50,18.81,33.48,16.73,37.67,17.42,37.34
1777938281,9.19,14.75,5.75,18.77,33.47,16.70,37.68,17.82,37.41
1777938283,9.19,15.25,5.75,18.73,33.48,16.70,37.69,17.47,37.38
1777938284,9.19,14.75,5.50,18.71,33.47,16.64,37.70,17.42,37.42
1777938286,9.19,15.00,6.00,18.72,33.48,16.68,37.72,17.55,37.47
1777938288,9.25,14.75,5.75,18.77,33.49,16.87,37.76,17.46,37.49
1777938289,9.19,15.50,5.75,18.76,33.49,16.71,37.73,17.75,37.55
1777938291,9.19,14.75,5.75,18.77,33.49,16.64,37.74,17.35,37.49
1777938292,9.25,15.25,5.75,18.60,33.47,16.73,37.76,17.74,37.53
1777938294,9.19,15.25,5.75,18.93,33.50,16.66,37.75,17.86,37.52
1777938296,9.19,15.25,5.75,19.12,33.53,16.71,37.76,17.45,37.46
1777938297,9.19,15.25,6.00,18.76,33.49,16.61,37.74,17.47,37.46
1777938299,9.19,15.50,5.50,18.84,33.51,16.64,37.75,17.64,37.47
1777938300,9.19,15.00,6.00,18.68,33.50,16.62,37.76,17.37,37.43
1777938302,9.19,15.25,5.25,18.87,33.53,16.67,37.76,17.67,37.44
1777938304,9.13,15.25,5.75,18.51,33.46,16.68,37.77,17.35,37.39
1777938305,9.13,15.25,5.75,18.99,33.54,16.72,37.77,17.14,37.35
1777938307,9.13,15.25,5.75,18.84,33.53,16.60,37.77,17.94,37.46
1777938308,9.13,15.00,6.00,18.54,33.47,16.64,37.77,17.56,37.42
1777938310,9.06,15.00,5.50,18.50,33.45,16.72,37.79,17.34,37.36
1777938312,9.13,14.75,5.75,18.76,33.48,16.71,37.80,17.15,37.31
1777938313,9.13,15.25,5.75,18.51,33.45,16.72,37.80,17.39,37.35
1777938315,9.13,14.75,6.00,18.51,33.44,16.72,37.80,17.38,37.33
1777938316,9.13,15.00,5.25,18.76,33.47,16.66,37.80,17.70,37.36
1777938318,9.13,15.25,6.00,18.68,33.47,16.69,37.77,17.97,37.40
1777938320,9.13,15.75,6.00,18.76,33.48,16.69,37.77,17.52,37.35
1777938321,9.13,15.50,6.00,18.73,33.49,16.70,37.78,17.88,37.42
1777938323,9.13,14.75,6.00,18.74,33.49,16.66,37.77,17.75,37.41
1777938324,9.13,15.25,5.25,18.70,33.47,16.62,37.74,18.03,37.45
1777938326,9.19,15.00,5.75,18.66,33.47,16.72,37.77,17.98,37.44
1777938328,9.25,15.50,5.75,18.65,33.46,16.67,37.76,17.36,37.34
1777938329,9.25,15.25,5.00,18.78,33.48,16.65,37.74,17.67,37.36
1777938331,9.19,15.50,5.75,18.68,33.47,16.64,37.72,17.94,37.39
1777938332,9.19,16.00,5.75,18.79,33.49,16.81,37.79,18.05,37.40
1777938334,9.25,15.75,5.75,18.72,33.48,16.67,37.78,17.55,37.35
1777938336,9.25,15.50,5.75,18.70,33.47,16.70,37.76,17.70,37.38
1777938337,9.31,15.75,5.75,18.91,33.50,16.75,37.78,18.03,37.45
1777938339,9.31,15.75,5.75,18.77,33.48,16.62,37.76,17.52,37.39
1777938340,9.25,16.00,5.50,18.81,33.50,16.74,37.77,17.93,37.46
1777938342,9.31,15.50,5.75,18.89,33.51,16.70,37.76,18.55,37.55
1777938344,9.25,15.00,5.75,18.66,33.49,16.69,37.77,18.05,37.47
1777938345,9.31,16.00,5.50,18.70,33.48,16.70,37.78,17.97,37.48
1777938347,9.38,16.00,5.50,18.88,33.52,16.79,37.80,17.90,37.47
1777938349,9.38,16.00,5.50,18.72,33.48,16.66,37.77,17.74,37.43
1777938350,9.31,16.25,5.75,18.68,33.47,16.68,37.79,17.55,37.42
1777938352,9.31,16.50,5.75,18.80,33.51,16.62,37.79,17.82,37.47
1777938353,9.31,16.75,6.00,18.56,33.45,16.72,37.81,17.70,37.44
1777938355,9.31,17.00,5.75,18.77,33.50,16.75,37.79,17.76,37.45
1777938357,9.38,17.00,5.75,19.05,33.54,16.74,37.80,17.76,37.47
1777938358,9.31,17.00,6.00,18.71,33.48,16.76,37.79,17.58,37.42
1777938360,9.31,16.75,5.75,18.74,33.48,16.77,37.79,17.26,37.38
1777938361,9.31,17.25,6.00,18.76,33.49,16.74,37.78,17.67,37.43
1777938363,9.31,17.00,5.75,18.66,33.48,16.74,37.76,18.00,37.50
1777938365,9.31,17.00,6.00,18.72,33.49,16.73,37.77,17.70,37.43
1777938366,9.38,16.75,5.50,18.94,33.52,16.66,37.75,17.97,37.50
1777938368,9.31,17.00,6.00,18.91,33.52,16.86,37.77,17.94,37.51
1777938369,9.31,17.25,5.50,18.74,33.50,16.80,37.76,17.67,37.49
1777938371,9.31,17.25,5.75,18.78,33.50,16.72,37.74,17.84,37.51
1777938373,9.31,16.50,5.75,18.81,33.50,16.70,37.72,18.31,37.59
1777938374,9.31,16.75,5.25,18.80,33.50,16.82,37.74,18.05,37.56
1777938376,9.25,16.25,5.75,18.71,33.49,16.71,37.71,17.80,37.54
1777938377,9.31,16.75,5.75,18.75,33.50,16.73,37.69,17.70,37.52
1777938379,9.25,16.75,5.75,18.83,33.53,16.76,37.67,17.76,37.53
1777938381,9.31,16.50,5.75,18.72,33.49,16.76,37.66,17.81,37.56
1777938382,9.31,16.75,5.75,18.69,33.49,16.80,37.64,17.94,37.57
1777938384,9.31,17.25,5.75,18.98,33.54,16.79,37.63,17.35,37.50
1777938385,9.31,17.25,5.75,18.62,33.51,16.91,37.63,17.66,37.57
1777938387,9.31,17.00,5.75,18.84,33.53,16.87,37.63,17.76,37.59
1777938389,9.31,17.00,5.75,18.67,33.52,16.74,37.57,17.90,37.62
1777938390,9.31,16.50,5.50,18.76,33.52,16.75,37.54,17.37,37.55
1777938392,9.31,17.25,5.75,18.57,33.51,16.87,37.60,17.76,37.63
1777938393,9.38,17.25,5.75,18.71,33.51,16.79,37.59,17.97,37.65
1777938395,9.31,17.00,6.00,18.75,33.54,16.75,37.56,17.63,37.60
1777938397,9.31,17.00,6.00,18.85,33.54,16.90,37.61,17.83,37.59
1777938398,9.31,16.50,5.75,18.72,33.53,16.72,37.57,17.54,37.52
1777938400,9.31,17.00,6.00,18.56,33.50,16.77,37.60,17.31,37.45
1777938402,9.31,16.75,5.75,18.74,33.54,16.76,37.60,17.40,37.47
1777938403,9.25,16.25,5.75,18.72,33.54,16.73,37.63,17.31,37.47
1777938405,9.25,17.25,5.50,18.65,33.53,16.69,37.62,17.42,37.52
1777938406,9.25,17.00,6.00,18.97,33.58,16.87,37.65,17.51,37.57
1777938408,9.25,17.25,5.75,18.83,33.54,16.83,37.68,17.55,37.62
1777938410,9.25,16.50,5.75,18.83,33.56,16.78,37.67,17.58,37.65
1777938411,9.31,16.25,5.75,18.60,33.51,16.84,37.68,17.07,37.59
1777938413,9.25,16.00,6.00,18.56,33.53,16.87,37.67,17.26,37.64
1777938414,9.25,16.00,6.00,18.74,33.56,16.87,37.66,17.45,37.67
1777938416,9.31,16.00,6.00,18.57,33.53,16.81,37.66,17.02,37.61
1777938418,9.31,16.00,5.75,18.81,33.57,16.77,37.64,17.54,37.67
1777938419,9.31,15.75,5.75,18.91,33.56,16.83,37.64,17.27,37.65
1777938421,9.31,16.25,5.50,18.72,33.55,16.74,37.63,17.46,37.65
1777938422,9.25,15.75,6.00,18.48,33.53,16.78,37.64,17.26,37.64
1777938424,9.25,16.00,5.75,18.61,33.55,16.96,37.68,17.39,37.67
1777938426,9.25,16.00,6.00,18.59,33.53,16.73,37.64,17.80,37.75
1777938427,9.25,16.75,5.75,18.78,33.57,16.84,37.63,17.42,37.70
1777938429,9.25,16.75,6.00,18.62,33.55,16.81,37.62,17.55,37.73
1777938430,9.19,16.75,6.00,18.87,33.59,16.87,37.62,16.99,37.63
1777938432,9.25,16.25,5.75,18.64,33.55,16.83,37.62,17.11,37.67
1777938434,9.25,16.50,5.75,18.82,33.57,16.71,37.60,17.07,37.66
1777938435,9.25,16.50,6.00,18.60,33.56,16.66,37.61,17.82,37.78
1777938437,9.19,17.25,6.00,18.55,33.55,16.74,37.62,17.66,37.73
1777938438,9.19,17.00,5.50,18.55,33.57,16.72,37.61,17.81,37.72
1777938440,9.25,16.50,6.00,18.59,33.57,16.76,37.63,17.48,37.67
1777938442,9.19,16.75,5.50,18.68,33.60,16.72,37.63,17.33,37.64
1777938443,9.25,17.00,5.75,18.75,33.60,16.66,37.64,17.67,37.72
1777938445,9.25,16.50,6.00,19.07,33.67,16.72,37.66,17.49,37.72
1777938446,9.25,17.00,5.75,18.76,33.59,16.73,37.65,17.44,37.74
1777938448,9.25,17.00,6.00,18.70,33.59,16.76,37.67,17.30,37.75
1777938450,9.25,16.75,6.00,18.54,33.57,16.66,37.65,17.52,37.81
1777938451,9.25,16.50,5.75,18.78,33.59,16.70,37.66,17.82,37.88
1777938453,9.25,16.00,5.50,18.54,33.55,16.80,37.69,17.68,37.87
1777938455,9.25,16.75,6.00,18.67,33.59,16.72,37.66,17.56,37.82
1777938456,9.19,16.00,5.75,18.91,33.60,16.72,37.66,17.52,37.78
1777938458,9.19,16.75,6.00,18.66,33.57,16.73,37.67,17.87,37.82
1777938459,9.19,16.75,6.00,18.70,33.57,16.68,37.64,17.77,37.79
1777938461,9.19,16.75,5.75,18.81,33.60,16.66,37.63,17.45,37.72
1777938463,9.25,16.75,5.75,18.87,33.62,16.79,37.64,17.58,37.75
1777938464,9.25,16.50,5.75,18.70,33.57,16.79,37.65,17.47,37.76
1777938466,9.19,15.25,6.00,18.70,33.58,16.75,37.65,17.77,37.83
1777938467,9.19,16.25,5.50,18.65,33.57,16.76,37.65,17.89,37.87
1777938469,9.19,15.75,5.25,18.71,33.59,16.74,37.65,17.97,37.92
1777938471,9.19,15.75,5.75,18.65,33.57,16.70,37.64,17.77,37.91
1777938472,9.19,15.75,5.50,18.51,33.53,16.83,37.64,17.97,37.95
1777938474,9.25,15.50,5.50,18.65,33.56,16.63,37.62,17.60,37.90
1777938475,9.19,15.50,5.50,18.55,33.55,16.70,37.64,17.53,37.91
1777938477,9.19,16.00,5.75,18.70,33.57,16.76,37.64,17.49,37.93
1777938479,9.25,16.50,5.75,18.76,33.59,16.70,37.64,17.52,37.93
1777938480,9.19,16.75,5.75,18.93,33.62,16.72,37.64,17.53,37.91
1777938482,9.19,16.50,5.50,18.60,33.56,16.76,37.65,17.37,37.92
1777938483,9.25,16.25,5.50,19.06,33.63,16.65,37.64,17.48,37.93
1777938485,9.19,16.75,6.25,18.59,33.55,16.70,37.66,17.52,37.91
1777938487,9.19,16.75,6.25,18.66,33.57,16.70,37.66,17.45,37.88
1777938488,9.25,17.25,6.00,18.69,33.58,16.80,37.69,17.68,37.88
1777938490,9.13,17.00,5.75,18.82,33.60,16.65,37.67,17.25,37.79
1777938491,9.19,16.75,5.75,18.76,33.59,16.62,37.67,17.71,37.82
1777938493,9.19,17.25,5.75,18.80,33.59,16.70,37.67,17.72,37.82
1777938495,9.13,16.75,6.00,18.60,33.57,16.77,37.68,17.09,37.72
1777938496,9.19,17.00,5.50,18.61,33.56,16.76,37.67,17.30,37.78
1777938498,9.13,16.25,5.75,18.71,33.59,16.72,37.68,17.76,37.90
1777938499,9.19,16.75,5.75,18.95,33.61,16.74,37.64,17.53,37.89
1777938501,9.19,16.75,5.50,18.85,33.59,16.75,37.65,17.63,37.91
1777938503,9.19,16.75,5.25,18.70,33.60,16.68,37.64,17.77,37.97
1777938504,9.19,16.75,6.00,18.69,33.57,16.74,37.66,17.88,37.99
1777938506,9.19,16.75,5.50,18.81,33.60,16.72,37.65,17.09,37.87
1777938508,9.19,17.50,5.75,18.69,33.58,16.91,37.66,17.51,37.94
1777938509,9.13,17.25,5.75,18.74,33.60,16.63,37.60,17.49,37.96
1777938511,9.13,16.50,5.75,18.80,33.59,16.75,37.63,17.36,37.95
1777938512,9.19,17.00,5.75,18.63,33.55,16.72,37.63,17.61,38.00
1777938514,9.19,16.75,5.50,18.73,33.56,16.76,37.63,17.55,37.99
1777938516,9.13,17.00,5.50,18.72,33.59,16.82,37.64,17.43,37.97
1777938517,9.13,17.25,5.50,18.66,33.57,16.80,37.63,17.63,38.01
1777938519,9.13,17.25,5.75,18.66,33.57,16.79,37.63,17.69,38.04
1777938520,9.13,16.50,5.75,18.70,33.58,16.84,37.63,17.37,37.97
1777938522,9.13,17.00,5.75,18.68,33.59,16.95,37.64,17.66,38.04
1777938524,9.06,17.00,5.75,18.66,33.59,16.77,37.63,17.68,38.03
1777938525,9.13,16.25,6.00,18.91,33.63,16.91,37.66,17.45,38.00
1777938527,9.13,16.00,5.75,18.71,33.59,16.73,37.63,17.55,38.01
1777938528,9.13,16.25,6.00,18.71,33.59,16.60,37.64,17.68,38.04
1777938530,9.06,16.25,5.50,18.65,33.58,16.61,37.65,17.47,38.00
1777938532,9.13,16.25,5.75,18.81,33.61,16.62,37.65,17.62,38.05
1777938533,9.19,17.00,6.00,18.62,33.59,16.68,37.66,17.28,37.99
1777938535,9.13,17.00,5.75,18.68,33.58,16.65,37.66,17.50,38.06
1777938536,9.13,16.50,5.50,18.71,33.59,16.77,37.69,17.19,38.02
1777938538,9.19,17.00,5.75,18.83,33.62,16.87,37.69,17.26,38.04
1777938540,9.19,16.75,5.75,18.88,33.64,16.80,37.69,17.86,38.16
1777938541,9.19,17.25,5.75,18.46,33.55,16.70,37.68,17.23,38.06
1777938543,9.13,17.00,6.00,18.74,33.59,16.91,37.71,17.30,38.06
1777938544,9.13,17.00,5.50,18.43,33.54,16.81,37.69,17.74,38.14
1777938546,9.13,17.25,5.75,18.73,33.61,16.74,37.69,17.41,38.08
1777938548,9.13,16.75,5.75,18.76,33.60,16.65,37.68,17.42,38.07
1777938549,9.19,17.25,5.25,18.67,33.59,16.71,37.72,16.90,37.97
1777938551,9.13,16.50,5.75,18.71,33.61,16.65,37.72,17.86,38.10
1777938552,9.25,16.75,5.75,18.76,33.61,16.65,37.73,17.18,38.00
1777938554,9.13,17.25,5.00,18.59,33.58,16.75,37.76,17.44,38.07
1777938556,9.19,17.25,6.00,19.12,33.66,16.63,37.73,17.77,38.13
1777938557,9.19,16.75,5.75,18.78,33.62,16.65,37.73,17.26,38.08
1777938559,9.19,16.25,5.75,18.71,33.61,16.75,37.76,17.58,38.14
1777938560,9.19,16.00,5.75,18.86,33.63,16.60,37.73,17.52,38.14
1777938562,9.19,16.00,5.50,18.76,33.62,16.66,37.74,17.39,38.10
1777938564,9.19,16.00,6.00,18.68,33.62,16.68,37.76,17.55,38.13
1777938565,9.19,15.75,5.50,18.70,33.61,16.69,37.78,17.01,38.04
1777938567,9.19,16.25,6.00,18.65,33.62,16.64,37.78,17.32,38.10
1777938569,9.13,15.75,6.25,18.64,33.62,16.76,37.81,17.28,38.10
1777938570,9.19,15.75,6.25,18.85,33.66,16.63,37.79,17.30,38.09
1777938572,9.19,16.00,5.75,18.69,33.64,16.66,37.78,17.35,38.10
1777938573,9.13,16.50,5.75,18.62,33.63,16.65,37.77,17.58,38.15
1777938575,9.19,17.25,5.75,18.59,33.61,16.76,37.80,17.90,38.20
1777938577,9.19,16.75,6.00,18.64,33.63,16.78,37.78,17.13,38.07
1777938578,9.13,17.00,5.75,19.01,33.70,16.76,37.77,17.83,38.21
1777938580,9.13,17.00,6.25,18.72,33.66,16.87,37.76,17.26,38.12
1777938581,9.19,17.25,6.00,18.62,33.63,16.72,37.75,17.60,38.15
1777938583,9.19,17.25,5.50,19.16,33.73,16.66,37.74,17.34,38.14
1777938585,9.25,16.75,5.75,18.51,33.64,16.70,37.74,17.73,38.21
1777938586,9.19,16.00,5.50,18.55,33.66,16.76,37.72,17.14,38.11
1777938588,9.19,16.00,5.25,18.56,33.67,16.66,37.71,17.82,38.25
1777938589,9.19,15.75,5.75,18.84,33.70,16.65,37.70,17.22,38.16
1777938591,9.19,16.75,5.75,18.76,33.70,16.94,37.75,17.46,38.19
1777938593,9.13,16.75,5.75,18.93,33.74,16.82,37.75,17.00,38.13
1777938594,9.13,16.25,5.75,18.66,33.69,16.70,37.74,17.62,38.21
1777938596,9.13,16.75,5.75,18.70,33.73,16.73,37.72,17.76,38.20
1777938597,9.06,16.25,5.75,18.64,33.70,16.91,37.73,17.08,38.10
1777938599,9.13,17.00,5.50,18.66,33.70,16.79,37.74,17.33,38.10
1777938601,9.06,16.75,5.75,18.62,33.69,16.71,37.71,17.28,38.08
1777938602,9.13,16.50,5.75,18.60,33.69,16.72,37.73,17.56,38.14
1777938604,9.06,17.00,6.00,18.66,33.69,16.70,37.74,16.89,38.06
1777938605,9.13,17.00,5.50,18.80,33.72,16.79,37.73,17.44,38.14
1777938607,9.13,17.00,5.75,18.70,33.69,16.84,37.73,17.30,38.14
1777938609,9.13,16.75,5.75,18.72,33.72,16.66,37.71,17.22,38.15
1777938610,9.13,16.75,5.75,18.68,33.70,16.70,37.69,17.31,38.18
1777938612,9.13,16.25,5.75,18.65,33.70,16.76,37.69,17.32,38.19
1777938613,9.19,16.75,5.75,18.52,33.67,16.70,37.69,17.06,38.14
1777938615,9.19,17.00,5.25,18.66,33.68,16.83,37.70,17.42,38.19
1777938617,9.19,16.50,5.50,18.88,33.70,16.68,37.67,17.62,38.22
1777938618,9.19,16.25,5.25,18.53,33.66,16.72,37.66,17.37,38.19
1777938620,9.19,16.25,5.50,18.70,33.68,17.01,37.69,17.11,38.13
1777938622,9.19,17.25,5.75,18.62,33.70,16.70,37.62,17.05,38.11
1777938623,9.25,16.75,5.25,18.59,33.69,16.72,37.61,17.34,38.17
1777938625,9.19,16.50,6.00,18.56,33.68,16.80,37.60,17.14,38.13
1777938626,9.25,17.00,5.50,18.64,33.69,16.76,37.57,16.98,38.11
1777938628,9.31,16.50,6.00,18.69,33.70,16.80,37.60,17.51,38.18
1777938630,9.25,16.75,6.00,18.76,33.71,16.80,37.58,17.55,38.15
1777938631,9.25,16.75,6.00,18.84,33.71,16.83,37.58,17.02,38.05
1777938633,9.19,16.00,5.50,18.69,33.70,16.87,37.59,17.49,38.09
1777938634,9.19,16.75,5.75,18.72,33.69,16.87,37.63,17.22,38.06
1777938636,9.13,16.50,5.75,18.57,33.67,16.83,37.63,17.31,38.07
1777938638,9.19,16.50,6.00,18.67,33.68,16.72,37.62,17.75,38.12
1777938639,9.13,17.00,5.50,18.92,33.72,16.88,37.63,17.19,38.00
1777938641,9.19,16.50,5.75,18.83,33.71,16.64,37.60,17.30,37.97
1777938642,9.13,17.25,5.50,18.81,33.73,16.68,37.61,17.52,37.99
1777938644,9.13,17.00,5.75,18.84,33.73,16.62,37.61,17.05,37.92
1777938646,9.13,17.00,5.75,18.84,33.72,16.69,37.61,17.49,37.98
1777938647,9.06,16.75,6.00,18.70,33.68,16.76,37.63,17.54,37.98
1777938649,9.13,17.25,5.75,18.83,33.71,16.67,37.60,17.87,38.06
1777938650,9.06,16.50,5.75,18.75,33.69,16.66,37.62,17.23,38.01
1777938652,9.13,16.75,5.50,18.82,33.70,16.68,37.65,17.64,38.10
1777938654,9.13,16.75,5.50,18.69,33.67,16.65,37.66,17.56,38.11
1777938655,9.19,17.00,6.00,18.70,33.67,16.70,37.67,17.34,38.12
1777938657,9.13,17.25,5.50,19.01,33.71,16.65,37.66,17.63,38.16
1777938658,9.19,16.50,5.75,18.87,33.70,16.62,37.66,17.82,38.18
1777938660,9.19,16.00,5.75,18.80,33.69,16.64,37.68,17.53,38.16
1777938662,9.13,15.50,5.50,18.55,33.66,16.72,37.72,17.58,38.16
1777938663,9.13,17.25,6.00,18.71,33.68,16.75,37.73,17.32,38.14
1777938665,9.13,16.25,5.75,19.02,33.72,16.76,37.73,17.15,38.13
1777938666,9.19,15.75,5.75,18.71,33.68,16.76,37.71,17.82,38.24
1777938668,9.19,16.50,5.75,18.61,33.66,16.77,37.71,17.29,38.14
1777938670,9.19,16.00,5.75,19.01,33.74,16.70,37.71,17.30,38.14
1777938671,9.25,16.50,5.75,18.62,33.70,16.76,37.70,17.28,38.15
1777938673,9.25,15.75,5.50,18.69,33.70,16.87,37.72,17.74,38.23
1777938675,9.25,16.00,6.00,18.62,33.71,16.84,37.71,17.27,38.16
1777938676,9.25,17.25,6.00,18.56,33.69,16.75,37.69,17.32,38.16
1777938678,9.25,17.25,5.75,18.61,33.71,16.94,37.70,17.33,38.15
1777938679,9.31,16.50,6.00,18.77,33.73,16.91,37.69,17.33,38.17
1777938681,9.25,16.75,5.75,19.05,33.79,16.65,37.62,17.34,38.18
1777938683,9.31,16.75,6.00,18.68,33.76,16.68,37.63,16.95,38.12
1777938684,9.31,16.50,6.00,18.52,33.74,16.76,37.63,17.30,38.18
1777938686,9.25,16.25,5.75,18.73,33.77,16.73,37.62,17.20,38.18
1777938687,9.31,15.00,5.50,18.71,33.78,16.81,37.62,17.30,38.20
1777938689,9.31,16.00,5.50,18.66,33.77,16.91,37.64,17.32,38.21
1777938691,9.31,15.50,5.75,18.72,33.78,16.83,37.64,17.34,38.20
1777938692,9.31,16.00,5.75,18.66,33.79,16.87,37.66,17.37,38.20
1777938694,9.31,16.00,5.75,18.75,33.79,16.80,37.63,17.24,38.17
1777938695,9.31,15.25,5.75,18.76,33.80,16.76,37.63,17.25,38.17
1777938697,9.31,15.75,5.50,18.84,33.80,16.80,37.62,17.24,38.19
1777938699,9.31,15.75,5.25,18.77,33.79,16.86,37.63,17.27,38.18
1777938700,9.31,15.25,5.75,18.71,33.78,16.84,37.61,17.28,38.19
1777938702,9.31,15.25,5.75,18.89,33.81,16.74,37.56,17.07,38.14
1777938703,9.25,15.00,5.25,18.87,33.82,16.83,37.57,17.80,38.25
1777938705,9.31,15.50,5.75,18.79,33.82,16.80,37.56,17.26,38.17
1777938707,9.31,16.25,5.50,18.80,33.80,16.84,37.57,17.71,38.27
1777938708,9.31,16.50,5.50,18.79,33.83,17.06,37.59,17.45,38.23
1777938710,9.31,15.75,6.00,18.78,33.81,16.82,37.54,17.55,38.27
1777938711,9.31,16.25,5.50,18.55,33.79,16.90,37.53,17.68,38.30
1777938713,9.31,16.50,5.50,18.73,33.82,16.87,37.51,17.30,38.25
1777938715,9.31,16.25,5.75,18.66,33.82,16.87,37.51,17.54,38.28
1777938716,9.25,17.00,6.00,18.76,33.83,16.81,37.50,16.99,38.21
1777938718,9.25,17.25,5.75,18.77,33.82,16.83,37.50,17.02,38.22
1777938719,9.25,16.75,5.50,18.68,33.81,16.82,37.49,17.73,38.33
1777938721,9.25,16.50,5.75,18.54,33.79,16.86,37.48,17.40,38.25
1777938723,9.25,16.25,5.75,18.76,33.82,16.80,37.48,17.80,38.27
1777938724,9.25,16.50,5.75,18.80,33.83,16.91,37.51,17.33,38.15
1777938726,9.25,16.25,5.25,18.82,33.83,16.87,37.49,17.32,38.13
1777938728,9.19,16.50,5.75,19.05,33.86,16.78,37.49,17.15,38.10
1777938729,9.25,17.00,5.75,18.75,33.82,16.78,37.48,17.38,38.13
1777938731,9.19,16.25,6.00,18.60,33.78,16.87,37.50,17.30,38.15
1777938732,9.25,17.00,6.00,18.74,33.82,16.82,37.51,17.30,38.15
1777938734,9.25,15.75,6.00,18.88,33.84,16.74,37.48,17.37,38.17
1777938736,9.25,15.25,5.75,19.12,33.87,16.83,37.51,17.61,38.22
1777938737,9.25,16.00,6.00,18.72,33.81,16.75,37.51,17.45,38.22
1777938739,9.31,16.50,6.00,18.39,33.77,16.72,37.50,17.14,38.18
1777938740,9.31,16.75,5.50,18.56,33.77,16.76,37.52,17.55,38.23
1777938742,9.25,16.75,5.75,18.61,33.77,16.82,37.52,17.28,38.16
1777938744,9.31,16.75,6.00,18.62,33.79,16.83,37.52,17.55,38.17
1777938745,9.31,17.00,5.50,18.67,33.78,16.71,37.51,17.28,38.11
1777938747,9.31,16.75,5.75,18.69,33.80,16.87,37.54,17.46,38.16
1777938748,9.31,16.25,6.00,18.59,33.80,16.81,37.53,17.09,38.11
1777938750,9.25,16.75,5.75,18.59,33.80,16.78,37.53,17.57,38.21
1777938752,9.25,16.50,5.75,18.59,33.80,16.74,37.51,17.28,38.19
1777938753,9.31,17.00,5.75,18.60,33.80,16.74,37.53,17.54,38.23
1777938755,9.25,16.75,5.25,18.66,33.82,16.75,37.54,17.38,38.22
1777938756,9.25,17.00,5.50,18.64,33.83,16.74,37.54,17.03,38.17
1777938758,9.19,17.00,5.75,18.62,33.80,16.87,37.58,16.99,38.20
1777938760,9.25,16.25,5.75,18.59,33.80,16.79,37.56,17.34,38.26
1777938761,9.25,16.50,5.50,18.61,33.80,16.78,37.58,17.37,38.26
1777938763,9.31,16.50,5.50,18.62,33.80,16.79,37.57,17.39,38.27
1777938764,9.31,16.75,5.25,18.65,33.81,16.80,37.58,17.13,38.23
1777938766,9.31,16.25,5.75,18.66,33.83,16.68,37.55,16.91,38.18
1777938768,9.25,16.75,5.50,18.92,33.84,16.77,37.57,17.34,38.23
1777938769,9.25,17.00,5.75,18.65,33.82,16.82,37.56,17.48,38.22
1777938771,9.25,16.50,5.75,18.59,33.80,16.77,37.56,17.51,38.18
1777938772,9.19,16.75,5.75,18.68,33.83,16.68,37.58,17.50,38.16
1777938774,9.13,16.75,5.75,18.68,33.84,16.90,37.62,17.54,38.16
1777938776,9.19,16.25,5.50,18.68,33.84,16.79,37.62,17.28,38.18
1777938777,9.19,16.50,5.75,18.69,33.84,16.81,37.62,17.78,38.29
1777938779,9.19,16.75,5.75,18.55,33.81,16.79,37.62,17.25,38.22
1777938780,9.19,17.00,5.50,18.65,33.84,16.83,37.64,17.78,38.31
1777938782,9.19,17.00,6.00,18.66,33.86,16.87,37.64,17.23,38.26
1777938784,9.19,17.00,5.75,18.67,33.86,16.79,37.64,17.73,38.37
1777938785,9.25,16.50,6.00,18.57,33.84,16.80,37.64,17.59,38.38
1777938787,9.25,16.75,5.75,18.67,33.87,16.74,37.65,17.31,38.33
1777938789,9.19,17.00,5.75,18.80,33.89,16.79,37.64,17.58,38.39
1777938790,9.19,16.75,5.75,18.70,33.87,16.81,37.65,17.22,38.34
1777938792,9.19,16.75,5.75,18.58,33.85,16.76,37.64,17.44,38.38
1777938793,9.31,17.25,5.75,18.55,33.86,16.81,37.66,16.87,38.30
1777938795,9.31,16.25,5.25,18.67,33.88,16.76,37.65,17.30,38.36
1777938797,9.25,15.75,6.00,18.55,33.85,16.79,37.66,17.62,38.41
1777938798,9.25,16.25,5.75,18.53,33.87,16.89,37.67,17.54,38.39
1777938800,9.25,15.50,6.00,18.53,33.87,16.96,37.69,17.51,38.41
1777938801,9.25,16.00,5.75,18.56,33.86,16.66,37.65,17.37,38.38
1777938803,9.31,15.50,6.00,18.70,33.91,16.80,37.69,17.41,38.39
1777938805,9.25,15.50,5.75,18.76,33.91,16.66,37.69,17.37,38.37
1777938806,9.25,16.00,5.75,18.55,33.88,16.70,37.71,17.58,38.39
1777938808,9.25,16.00,6.00,18.80,33.91,16.77,37.72,17.37,38.35
1777938809,9.19,15.50,5.75,18.50,33.87,16.87,37.72,17.43,38.35
1777938811,9.25,15.50,6.00,18.52,33.89,16.78,37.68,17.37,38.35
1777938813,9.25,16.25,5.50,18.76,33.91,16.78,37.70,17.32,38.34
1777938814,9.25,16.25,6.00,18.51,33.89,16.74,37.70,17.36,38.37
1777938816,9.25,16.75,6.00,18.75,33.92,16.76,37.71,17.34,38.37
1777938817,9.19,17.00,6.00,18.74,33.92,16.70,37.69,17.50,38.41
1777938819,9.19,16.50,6.00,18.75,33.92,16.76,37.71,17.38,38.39
1777938821,9.19,16.50,5.75,18.60,33.91,16.68,37.69,17.44,38.37
1777938822,9.19,17.00,6.00,18.79,33.94,16.73,37.70,17.30,38.32
1777938824,9.19,16.50,5.50,18.52,33.90,16.72,37.71,17.14,38.30
1777938825,9.19,16.75,5.50,18.76,33.93,16.66,37.71,17.08,38.31
1777938827,9.19,17.00,5.75,18.70,33.93,16.69,37.71,17.30,38.33
1777938829,9.25,17.25,6.00,18.76,33.94,16.66,37.74,16.88,38.28
1777938830,9.19,16.25,5.50,18.57,33.91,16.74,37.75,17.48,38.38
1777938832,9.19,16.25,6.00,18.50,33.90,16.70,37.73,17.30,38.36
1777938833,9.19,15.75,6.00,18.59,33.93,16.91,37.77,16.87,38.31
1777938835,9.13,15.75,5.75,18.63,33.94,16.65,37.74,17.04,38.34
1777938837,9.25,16.75,5.50,18.44,33.90,16.72,37.76,17.14,38.38
1777938838,9.25,16.75,5.50,18.65,33.93,16.63,37.74,16.94,38.34
1777938840,9.19,16.25,5.50,18.66,33.93,16.75,37.77,17.20,38.41
1777938842,9.19,16.75,6.00,18.62,33.92,16.70,37.78,17.26,38.44
1777938843,9.19,17.00,6.00,18.64,33.94,16.77,37.79,17.30,38.45
1777938845,9.25,16.25,5.75,18.54,33.91,16.71,37.80,17.09,38.44
1777938846,9.19,16.75,5.75,18.59,33.92,16.68,37.81,17.52,38.51
1777938848,9.19,15.75,6.00,18.54,33.90,16.77,37.81,17.64,38.52
1777938850,9.25,15.75,6.00,18.48,33.91,16.70,37.81,17.24,38.48
1777938851,9.25,15.00,6.00,18.59,33.91,16.67,37.78,17.35,38.46
1777938853,9.25,16.00,5.75,18.72,33.94,16.71,37.79,17.58,38.50
1777938854,9.25,15.75,5.75,18.55,33.90,16.62,37.77,17.31,38.44
1777938856,9.31,15.75,5.50,18.83,33.97,16.87,37.82,17.43,38.44
1777938858,9.25,15.50,5.50,18.54,33.93,16.62,37.77,17.26,38.42
1777938859,9.31,15.50,5.00,18.54,33.92,16.61,37.78,17.31,38.43
1777938861,9.25,15.75,6.25,18.56,33.93,16.66,37.79,17.32,38.44
1777938862,9.31,15.50,5.75,18.55,33.93,16.68,37.80,17.28,38.42
1777938864,9.25,15.75,6.00,18.60,33.94,16.83,37.82,17.45,38.44
1777938866,9.25,15.50,6.25,18.76,33.96,16.66,37.81,17.28,38.46
1777938867,9.25,15.50,5.50,18.68,33.93,16.63,37.82,17.21,38.43
1777938869,9.25,15.25,5.75,18.49,33.91,16.63,37.81,17.42,38.48
1777938870,9.25,15.75,6.00,18.51,33.91,16.66,37.82,17.04,38.39
1777938872,9.25,15.50,6.00,18.63,33.93,16.70,37.81,17.20,38.41
1777938874,9.25,15.25,5.75,18.66,33.93,16.69,37.80,17.52,38.46
1777938875,9.25,15.75,5.75,18.55,33.92,16.66,37.78,17.49,38.44
1777938877,9.25,15.00,5.75,18.76,33.95,16.75,37.80,17.52,38.45
1777938878,9.25,15.25,6.00,18.50,33.93,16.62,37.77,17.30,38.40
1777938880,9.25,15.25,5.75,18.40,33.91,16.66,37.78,17.20,38.37
1777938882,9.31,16.00,5.75,18.76,33.96,16.74,37.78,17.50,38.42
1777938883,9.25,16.00,5.75,18.42,33.91,16.69,37.76,17.30,38.39
1777938885,9.19,16.00,5.75,18.54,33.96,16.66,37.75,17.27,38.35
1777938886,9.19,16.50,5.75,18.66,33.96,16.80,37.77,17.25,38.33
1777938888,9.19,17.00,6.00,18.59,33.95,16.62,37.76,17.31,38.30
1777938890,9.13,17.00,5.50,18.37,33.91,16.69,37.77,17.35,38.31
1777938891,9.13,16.75,6.00,18.61,33.96,16.66,37.76,17.27,38.30
1777938893,9.13,15.50,5.75,18.46,33.91,16.74,37.79,17.03,38.28
1777938895,9.06,15.75,5.75,18.50,33.93,16.72,37.76,17.02,38.30
1777938896,9.06,16.25,6.00,18.54,33.94,16.74,37.76,17.20,38.31
1777938898,9.06,16.25,5.75,18.57,33.94,16.83,37.79,17.15,38.27
1777938899,9.00,16.50,6.00,18.86,33.98,16.67,37.76,17.33,38.30
1777938901,9.00,16.50,5.75,18.55,33.94,16.74,37.79,17.20,38.31
1777938903,9.00,16.50,5.75,18.59,33.94,16.73,37.77,16.98,38.29
1777938904,9.00,16.50,6.00,18.40,33.92,16.74,37.78,16.96,38.34
1777938906,9.00,16.75,5.75,18.53,33.93,16.73,37.78,16.98,38.36
1777938907,9.00,15.50,6.00,18.72,33.96,16.92,37.81,17.09,38.42
1777938909,9.06,13.75,6.00,18.51,33.95,16.58,37.78,17.21,38.46
1777938911,9.06,13.50,6.00,18.74,33.97,16.66,37.82,17.02,38.46
1777938912,9.00,13.75,6.00,18.69,33.97,16.66,37.83,17.26,38.47
1777938914,8.94,14.00,5.75,18.75,33.97,16.68,37.83,17.35,38.51
1777938915,9.00,14.25,5.00,18.50,33.95,16.54,37.83,17.27,38.48
1777938917,9.00,14.25,6.00,18.60,33.97,16.62,37.86,17.04,38.43
1777938919,8.94,14.75,6.00,18.45,33.95,16.72,37.87,17.17,38.42
1777938920,8.94,14.00,5.75,18.55,33.95,16.59,37.87,17.21,38.43
1777938922,8.94,14.00,6.00,18.51,33.95,16.63,37.87,17.20,38.44
1777938923,8.94,13.75,5.75,18.54,33.96,16.63,37.87,17.38,38.49
1777938925,9.00,14.50,5.75,18.54,33.97,16.72,37.87,17.27,38.49
1777938927,8.94,14.00,6.00,18.54,33.97,16.65,37.87,17.03,38.47
1777938928,9.00,13.75,6.00,18.56,33.96,16.71,37.86,17.28,38.52
1777938930,9.00,13.25,5.50,18.73,34.01,16.86,37.85,17.14,38.52
1777938931,9.00,13.50,5.75,18.64,33.97,16.68,37.82,17.59,38.58
1777938933,9.00,13.00,5.50,18.52,33.96,16.65,37.82,17.28,38.53
1777938935,9.00,13.25,5.75,18.44,33.97,16.80,37.83,17.33,38.51
1777938936,9.00,13.50,6.00,18.49,33.97,16.72,37.80,17.29,38.50
1777938938,9.06,13.75,6.00,18.50,33.98,16.75,37.81,17.34,38.50
1777938939,9.00,13.50,5.50,18.47,33.98,16.87,37.81,17.45,38.51
1777938941,9.06,13.50,5.75,18.62,34.01,16.83,37.81,17.26,38.46
1777938943,8.94,13.25,5.75,18.48,33.99,16.81,37.80,17.01,38.44
1777938944,9.00,13.00,6.00,18.67,34.02,16.71,37.78,17.35,38.47
1777938946,9.00,13.50,5.75,18.56,34.01,17.09,37.83,17.26,38.44
1777938948,9.00,13.50,5.25,18.60,34.00,16.87,37.79,17.29,38.44
1777938949,9.00,13.50,5.25,18.54,34.00,16.73,37.77,17.28,38.45
1777938951,9.06,13.50,6.00,18.71,34.03,16.64,37.77,17.34,38.46
1777938952,9.00,13.75,5.75,18.50,33.99,16.63,37.76,17.37,38.46
1777938954,9.06,13.25,6.00,18.57,34.00,16.76,37.77,17.29,38.47
1777938956,9.06,13.50,6.00,18.48,34.01,16.69,37.76,17.57,38.51
1777938957,9.00,13.25,5.75,18.43,33.98,16.62,37.76,17.13,38.46
1777938959,9.06,13.25,5.75,18.47,33.99,16.66,37.77,17.13,38.45
1777938960,9.00,12.75,5.50,18.72,34.04,16.71,37.77,17.14,38.44
1777938962,9.06,12.50,5.75,18.37,33.97,16.78,37.79,17.26,38.44
1777938964,9.00,12.25,6.00,18.38,33.96,16.66,37.78,17.11,38.41
1777938965,8.94,12.25,5.75,18.46,34.00,16.70,37.80,17.65,38.45
1777938967,8.94,12.25,6.00,18.53,34.00,16.74,37.79,17.31,38.41
1777938968,8.94,12.50,5.75,18.37,33.98,16.72,37.77,17.05,38.35
1777938970,8.94,12.25,5.75,18.74,34.02,16.72,37.79,17.41,38.43
1777938972,8.88,12.50,6.00,18.72,34.02,16.64,37.78,16.94,38.35
1777938973,8.94,11.75,6.00,18.48,33.97,16.70,37.80,16.80,38.32
1777938975,8.94,12.25,5.75,18.84,34.02,16.68,37.80,16.81,38.34
1777938976,8.88,12.00,5.50,18.62,34.00,16.67,37.79,16.98,38.37
1777938978,8.94,12.50,5.50,18.65,33.99,16.74,37.80,16.98,38.41
1777938980,8.94,12.25,5.75,18.59,33.98,16.75,37.83,17.15,38.46
1777938981,8.88,12.00,5.75,18.50,33.97,16.67,37.83,17.12,38.47
1777938983,8.88,12.25,6.00,18.48,33.97,16.72,37.82,17.22,38.48
1777938984,8.94,12.25,6.00,18.49,33.97,16.63,37.82,16.99,38.41
1777938986,8.88,11.75,5.75,18.66,33.99,16.67,37.86,17.31,38.43
1777938988,8.81,12.25,5.75,18.68,34.01,16.72,37.86,17.23,38.39
1777938989,8.81,12.50,6.00,18.52,33.99,16.75,37.87,17.15,38.36
1777938991,8.88,12.00,6.00,18.55,34.00,16.80,37.88,17.04,38.33
1777938992,8.88,12.50,6.25,18.44,33.99,16.63,37.85,17.18,38.34
1777938994,8.88,12.50,5.50,18.55,34.00,16.67,37.85,17.01,38.32
1777938996,8.88,12.25,5.75,18.75,34.04,16.65,37.86,17.11,38.37
1777938997,8.88,12.25,6.00,18.59,34.01,16.80,37.87,16.82,38.34
1777938999,8.88,12.50,5.75,18.80,34.04,16.86,37.90,17.45,38.45
1777939000,8.94,11.50,5.50,18.62,34.01,16.66,37.85,17.40,38.47
1777939002,8.94,11.50,5.75,18.44,33.98,16.72,37.86,17.23,38.50
1777939004,8.94,11.75,6.00,18.77,34.04,16.72,37.83,17.19,38.51
1777939005,8.88,11.75,5.75,18.37,33.98,16.81,37.83,17.27,38.54
1777939007,8.94,11.50,6.25,18.44,33.98,16.82,37.86,17.44,38.57
1777939009,8.88,11.50,6.00,18.57,34.00,16.74,37.84,17.19,38.55
1777939010,8.94,11.75,5.25,18.70,34.03,16.74,37.83,17.37,38.57
1777939012,8.88,12.00,5.75,18.54,34.00,16.76,37.84,17.23,38.55
1777939013,8.94,12.00,5.50,18.74,34.02,16.76,37.82,17.21,38.55
1777939015,8.88,12.25,5.75,18.61,34.01,16.80,37.83,17.04,38.53
1777939017,8.88,12.00,5.50,18.45,33.99,16.72,37.80,16.99,38.51
1777939018,8.88,12.25,6.00,18.54,34.01,16.66,37.77,17.01,38.51
1777939020,8.88,12.25,5.50,18.66,34.01,16.66,37.77,17.10,38.55
1777939021,8.88,12.50,5.75,18.51,33.98,16.90,37.79,17.00,38.53
1777939023,8.94,12.00,5.75,18.59,34.01,16.75,37.76,17.21,38.57
1777939025,8.94,12.25,5.50,18.48,33.99,16.65,37.74,17.04,38.54
1777939026,8.94,12.25,5.50,18.44,34.00,16.67,37.73,16.99,38.52
1777939028,8.94,12.00,5.50,18.50,34.00,16.64,37.73,17.19,38.55
1777939029,8.94,12.00,6.00,18.55,34.00,16.81,37.75,17.23,38.55
1777939031,8.94,11.75,5.75,18.47,33.98,16.68,37.75,17.12,38.54
1777939033,8.94,11.00,5.25,18.53,33.99,16.62,37.74,17.20,38.55
1777939034,8.88,12.00,5.50,18.71,34.04,16.67,37.76,17.18,38.56
1777939036,8.94,11.75,5.50,18.55,34.01,16.70,37.76,17.21,38.56
1777939037,8.94,12.00,5.50,18.63,34.00,16.82,37.79,16.96,38.53
1777939039,8.94,12.25,5.25,18.60,34.01,16.76,37.76,16.98,38.55
1777939041,8.94,12.00,5.00,18.51,33.99,16.67,37.75,17.02,38.56
1777939042,8.94,11.75,5.25,18.63,34.01,16.66,37.72,17.30,38.61
1777939044,8.94,12.00,6.00,18.59,34.01,16.94,37.76,17.03,38.58
1777939045,8.94,12.00,5.75,18.66,34.03,16.80,37.72,17.25,38.63
1777939047,8.94,11.75,5.50,18.65,34.03,16.66,37.70,16.96,38.58
1777939049,8.94,11.75,5.75,18.69,34.04,16.73,37.71,16.95,38.57
1777939050,8.94,12.00,5.75,18.45,33.97,16.78,37.72,16.83,38.55
1777939052,8.88,11.75,5.75,18.53,33.98,16.89,37.75,16.73,38.51
1777939053,8.88,12.25,5.75,18.83,34.03,16.72,37.72,16.88,38.55
1777939055,8.94,11.75,5.50,18.70,34.03,16.75,37.75,16.71,38.52
1777939057,8.94,11.75,6.00,18.55,33.99,16.66,37.74,16.72,38.52
1777939058,8.88,11.50,5.25,18.65,34.02,16.70,37.75,16.92,38.52
1777939060,8.94,11.75,6.00,18.45,33.98,16.84,37.78,17.19,38.57
1777939062,8.88,11.25,5.25,18.51,33.99,16.59,37.72,17.15,38.54
1777939063,8.88,12.00,5.75,18.70,34.01,16.74,37.76,17.01,38.51
1777939065,8.94,12.00,5.75,18.44,33.97,16.73,37.74,16.87,38.47
1777939066,8.94,11.75,5.75,18.79,34.02,16.71,37.76,17.23,38.57
1777939068,8.88,11.50,5.75,18.56,33.99,16.90,37.76,16.94,38.53
1777939070,8.88,11.75,6.00,18.76,34.00,16.75,37.76,17.05,38.56
1777939071,8.94,11.75,5.75,18.59,33.98,16.82,37.76,16.89,38.58
1777939073,8.88,11.50,5.75,18.48,33.97,16.64,37.73,17.12,38.67
1777939074,8.94,11.75,5.75,18.45,33.98,16.83,37.74,16.95,38.69
1777939076,9.00,11.25,5.50,18.45,33.98,16.77,37.73,16.96,38.68
1777939078,8.94,11.25,5.25,18.50,33.98,16.63,37.71,17.01,38.68
1777939079,9.00,11.25,5.75,18.55,33.99,16.78,37.73,16.96,38.68
1777939081,9.00,11.50,5.25,18.65,34.02,16.73,37.71,17.08,38.64
1777939082,9.00,11.00,6.00,18.56,33.99,16.72,37.71,16.84,38.61
1777939084,9.00,11.50,5.75,18.37,33.97,16.90,37.73,17.20,38.64
1777939086,9.00,11.25,5.75,18.23,33.95,16.82,37.72,17.28,38.66
1777939087,8.94,11.50,5.75,18.35,33.98,16.76,37.71,17.05,38.63
1777939089,9.00,11.25,5.25,18.48,34.01,16.83,37.72,16.95,38.61
1777939090,9.00,11.75,5.75,18.41,34.00,16.76,37.70,16.85,38.59
1777939092,8.94,11.75,5.75,18.34,33.99,16.80,37.70,17.07,38.64
1777939094,8.94,11.25,5.50,18.74,34.06,16.70,37.70,17.09,38.65
1777939095,8.94,11.50,5.75,18.51,34.00,16.70,37.68,17.05,38.66
1777939097,8.94,11.75,5.75,18.60,34.03,16.73,37.69,17.14,38.65
1777939098,8.94,11.25,5.25,18.22,33.98,16.80,37.70,17.67,38.75
1777939100,8.94,12.00,5.50,18.40,34.01,16.72,37.70,16.96,38.63
1777939102,8.94,11.75,5.75,18.55,34.03,16.86,37.73,16.98,38.65
1777939103,8.88,11.75,6.00,18.51,34.03,16.71,37.72,16.88,38.64
1777939105,8.88,11.75,5.50,18.67,34.06,16.66,37.70,17.30,38.71
1777939106,8.94,12.25,6.00,18.59,34.04,16.78,37.70,16.91,38.66
1777939108,8.88,11.75,5.75,18.59,34.03,16.87,37.72,16.86,38.67
1777939110,8.88,11.75,5.75,18.62,34.06,16.91,37.73,17.18,38.70
1777939111,8.94,11.75,5.50,18.62,34.07,16.70,37.70,17.38,38.75
1777939113,8.94,11.50,5.50,18.64,34.07,16.73,37.69,16.67,38.61
1777939115,8.88,11.50,5.75,18.53,34.05,16.89,37.73,17.23,38.68
1777939116,8.94,11.75,5.50,18.48,34.04,16.81,37.71,17.25,38.68
1777939118,8.94,11.50,5.50,18.46,34.02,16.79,37.71,16.75,38.59
1777939119,8.94,11.50,5.75,18.60,34.05,16.75,37.73,16.98,38.63
1777939121,8.94,12.00,5.50,18.55,34.07,16.79,37.73,17.15,38.66
1777939123,9.00,11.25,6.00,18.62,34.07,16.67,37.72,16.83,38.61
1777939124,8.94,11.50,5.25,18.60,34.09,16.62,37.73,17.52,38.74
1777939126,8.94,11.00,6.00,18.55,34.07,16.79,37.77,16.83,38.65
1777939127,8.94,11.75,5.50,18.56,34.07,16.89,37.80,16.76,38.66
1777939129,9.00,11.50,5.25,18.47,34.07,16.69,37.80,17.60,38.81
1777939131,9.00,11.75,5.75,18.61,34.10,16.81,37.83,16.85,38.71
1777939132,9.00,11.75,5.75,18.66,34.11,16.84,37.82,16.81,38.71
1777939134,8.94,11.75,5.25,18.64,34.10,16.65,37.80,17.59,38.84
1777939135,9.00,12.00,5.75,18.52,34.10,16.63,37.81,17.29,38.78
1777939137,8.94,12.00,5.25,18.50,34.08,16.62,37.81,17.30,38.78
1777939139,9.00,11.75,5.50,18.61,34.10,16.84,37.81,17.40,38.82
1777939140,8.94,11.75,6.00,18.63,34.10,16.66,37.80,17.61,38.81
1777939142,8.88,11.25,5.50,18.57,34.10,16.72,37.82,17.49,38.78
1777939143,8.88,12.00,5.25,18.44,34.08,16.72,37.81,17.18,38.70
1777939145,8.94,10.75,5.50,18.42,34.08,16.71,37.80,17.36,38.71
1777939147,8.94,11.50,5.75,18.20,34.05,16.65,37.80,17.21,38.70
1777939148,8.94,11.00,5.50,18.27,34.06,16.66,37.80,17.21,38.72
1777939150,8.88,11.00,5.75,18.34,34.08,16.62,37.81,17.25,38.75
1777939151,8.88,11.00,5.50,18.41,34.10,16.73,37.81,17.68,38.84
1777939153,8.88,11.00,6.00,18.38,34.09,16.63,37.81,17.55,38.84
1777939155,8.88,11.25,6.00,18.28,34.08,16.70,37.82,17.37,38.83
1777939156,8.94,11.25,5.50,18.31,34.07,16.72,37.82,17.15,38.80
1777939158,8.94,11.25,6.00,18.42,34.09,16.66,37.82,17.42,38.85
1777939159,8.88,11.00,5.75,18.69,34.14,16.78,37.83,17.09,38.83
1777939161,8.94,11.75,6.00,18.39,34.10,16.67,37.81,17.18,38.86
1777939163,8.94,11.75,6.00,18.47,34.13,16.76,37.83,17.13,38.88
1777939164,9.00,12.00,5.75,18.51,34.14,16.71,37.84,17.37,38.93
1777939166,8.94,11.25,6.00,18.39,34.15,16.75,37.85,17.26,38.92
1777939168,9.00,11.50,5.75,18.40,34.15,16.93,37.88,17.13,38.88
1777939169,8.94,11.50,5.75,18.39,34.16,16.76,37.84,17.17,38.92
1777939171,9.06,11.75,5.25,18.40,34.16,16.78,37.83,17.38,38.92
1777939172,9.06,11.25,5.25,18.59,34.20,16.73,37.80,17.31,38.92
1777939174,9.06,11.75,6.00,18.38,34.18,16.83,37.81,16.72,38.79
1777939176,9.06,11.75,6.00,18.37,34.18,16.72,37.79,17.48,38.91
1777939177,9.13,11.50,6.00,18.49,34.19,16.72,37.78,16.62,38.77
1777939179,9.19,11.25,6.00,18.41,34.20,16.70,37.80,17.62,38.93
1777939180,9.13,11.25,5.50,18.34,34.18,16.82,37.80,17.35,38.89
1777939182,9.13,11.25,5.00,18.40,34.22,16.72,37.83,17.30,38.89
1777939184,9.13,11.25,5.50,18.50,34.23,16.90,37.85,17.37,38.89
1777939185,9.19,11.50,5.50,18.53,34.24,16.72,37.84,17.32,38.88
1777939187,9.19,12.00,5.75,18.44,34.24,16.79,37.83,17.13,38.82
1777939188,9.13,11.75,5.75,18.50,34.26,16.81,37.83,17.26,38.83
1777939190,9.13,11.25,6.00,18.50,34.24,16.81,37.83,17.15,38.78
1777939192,9.13,11.50,6.00,18.51,34.25,16.78,37.79,17.17,38.75
1777939193,9.06,11.50,5.50,18.31,34.22,16.80,37.78,17.34,38.77
1777939195,9.13,11.00,6.00,18.34,34.22,16.63,37.76,17.34,38.75
1777939196,9.06,11.75,5.50,18.49,34.23,16.76,37.77,17.35,38.74
1777939198,9.06,11.50,5.75,18.37,34.22,16.72,37.75,17.22,38.71
1777939200,9.06,12.00,5.75,18.53,34.24,16.70,37.75,17.05,38.68
1777939201,9.00,12.00,5.75,18.38,34.22,16.75,37.76,17.33,38.71
1777939203,9.00,11.75,5.75,18.69,34.26,16.72,37.75,17.51,38.74
1777939204,8.94,11.50,5.75,18.56,34.23,16.71,37.74,17.55,38.76
1777939206,8.94,11.75,6.00,18.62,34.24,16.72,37.73,17.08,38.71
1777939208,8.88,11.50,6.00,18.55,34.22,16.71,37.71,17.08,38.69
1777939209,8.94,11.25,5.75,18.60,34.23,16.72,37.74,17.05,38.72
1777939211,8.94,11.50,5.75,18.35,34.17,16.72,37.73,17.07,38.73
1777939212,8.94,11.75,6.00,18.59,34.21,16.73,37.74,16.82,38.70
1777939214,8.88,12.25,6.00,18.24,34.15,16.75,37.77,17.39,38.79
1777939216,8.88,11.25,5.75,18.48,34.17,16.65,37.76,16.95,38.73
1777939217,8.88,11.00,5.75,18.44,34.18,16.61,37.76,16.87,38.73
1777939219,8.81,11.50,6.00,18.63,34.20,16.73,37.79,17.15,38.79
1777939221,8.88,11.00,5.75,18.56,34.19,16.82,37.80,17.09,38.80
1777939222,8.81,11.50,6.00,18.56,34.20,16.73,37.80,17.56,38.87
1777939224,8.88,12.00,5.75,18.48,34.18,16.63,37.79,17.27,38.83
1777939225,8.81,11.00,5.50,18.63,34.21,16.76,37.80,16.87,38.78
1777939227,8.75,11.75,6.00,18.70,34.21,16.83,37.81,16.95,38.77
1777939229,8.81,11.25,5.50,18.87,34.23,16.69,37.79,17.23,38.79
1777939230,8.81,11.50,5.75,18.37,34.16,16.83,37.79,17.18,38.76
1777939232,8.81,11.50,6.00,18.29,34.16,16.76,37.79,17.34,38.77
1777939233,8.81,12.00,5.75,18.76,34.20,16.72,37.77,17.23,38.80
1777939235,8.81,11.25,5.75,18.36,34.15,16.78,37.78,17.43,38.84
1777939237,8.81,11.75,5.75,18.29,34.15,16.72,37.76,17.03,38.78
1777939238,8.88,10.75,5.50,18.75,34.20,16.70,37.76,17.18,38.80
1777939240,8.81,11.00,5.50,18.53,34.17,16.73,37.74,17.08,38.79
1777939241,8.88,11.75,5.75,18.61,34.18,16.75,37.74,17.14,38.81
1777939243,8.88,11.50,5.75,18.71,34.23,16.90,37.74,16.92,38.76
1777939245,8.94,11.75,5.50,18.59,34.21,16.80,37.73,17.29,38.78
1777939246,8.88,11.50,6.00,18.67,34.23,16.79,37.72,17.13,38.76
1777939248,8.88,11.50,6.00,18.52,34.21,16.86,37.71,16.69,38.69
1777939249,8.88,11.25,6.00,18.55,34.22,16.75,37.68,17.19,38.76
1777939251,8.88,11.75,5.25,18.37,34.21,16.96,37.71,17.26,38.75
1777939253,8.81,11.50,5.75,18.49,34.23,16.84,37.70,17.39,38.77
1777939254,8.88,11.75,5.50,18.55,34.23,16.82,37.68,17.02,38.70
1777939256,8.88,11.50,5.50,18.44,34.22,16.72,37.68,16.89,38.67
1777939257,8.88,11.50,5.75,18.41,34.22,16.70,37.65,17.13,38.72
1777939259,8.88,11.50,5.75,18.55,34.25,16.72,37.64,17.50,38.76
1777939261,8.94,11.25,5.50,18.63,34.25,16.83,37.64,17.23,38.72
1777939262,8.94,11.50,5.75,18.34,34.21,16.80,37.64,16.59,38.63
1777939264,8.88,11.50,5.75,18.26,34.20,16.71,37.59,17.35,38.73
1777939265,8.88,11.25,5.75,18.47,34.24,16.80,37.58,17.48,38.77
1777939267,8.88,11.25,6.00,18.66,34.26,16.76,37.57,16.52,38.63
1777939269,8.88,11.50,5.75,18.51,34.25,16.76,37.55,16.77,38.66
1777939270,8.88,11.75,5.75,18.66,34.27,16.75,37.57,17.50,38.77
1777939272,8.88,11.50,5.75,18.53,34.24,16.80,37.58,16.71,38.67
1777939273,8.88,11.50,5.50,18.66,34.26,16.71,37.56,17.35,38.78
1777939275,8.88,11.50,6.00,18.59,34.25,16.83,37.58,17.26,38.80
1777939277,8.88,12.00,5.25,18.49,34.25,16.83,37.56,17.46,38.84
1777939278,8.88,11.50,5.75,18.31,34.21,16.74,37.52,17.42,38.84
1777939280,8.94,11.75,5.75,18.41,34.23,16.91,37.53,16.72,38.75
1777939282,8.94,11.50,5.75,18.61,34.27,16.88,37.50,17.45,38.84
1777939283,8.88,11.50,5.50,18.59,34.28,16.76,37.46,17.27,38.80
1777939285,8.94,11.50,5.75,18.30,34.24,16.86,37.45,17.36,38.81
1777939286,8.94,11.50,6.00,18.45,34.26,16.76,37.43,17.09,38.78
1777939288,9.00,11.50,5.50,18.59,34.28,16.90,37.46,17.14,38.77
1777939290,8.94,11.75,6.00,18.31,34.23,16.87,37.44,17.44,38.78
1777939291,9.00,11.00,5.75,18.51,34.27,16.75,37.43,17.43,38.79
1777939293,9.00,11.50,5.50,18.44,34.24,16.71,37.42,17.40,38.82
1777939294,9.00,11.50,5.75,18.33,34.24,16.83,37.44,17.34,38.79
1777939296,9.00,11.75,5.50,18.48,34.25,16.87,37.43,17.11,38.77
1777939298,8.94,11.75,5.50,18.55,34.26,16.76,37.41,17.41,38.81
1777939299,8.94,11.25,5.50,18.61,34.26,16.76,37.39,17.27,38.79
1777939301,8.94,11.25,5.75,18.56,34.26,16.83,37.39,17.18,38.76
1777939302,8.94,11.25,5.50,18.54,34.25,16.73,37.38,17.27,38.77
1777939304,8.94,11.00,5.50,18.48,34.26,16.73,37.39,17.47,38.79
1777939306,8.94,11.50,5.75,18.51,34.25,16.78,37.39,17.13,38.72
1777939307,8.94,11.50,5.50,18.47,34.25,16.82,37.41,16.73,38.66
1777939309,8.88,11.25,6.00,18.49,34.26,16.84,37.41,17.28,38.73
1777939310,8.94,11.50,5.75,18.48,34.26,16.85,37.40,17.51,38.80
1777939312,8.94,11.50,5.75,18.46,34.29,16.87,37.39,17.26,38.77
1777939314,8.88,11.50,6.00,18.50,34.29,16.87,37.38,17.54,38.81
1777939315,8.81,11.50,5.75,18.48,34.27,16.84,37.37,17.51,38.79
1777939317,8.81,11.75,5.75,18.48,34.28,16.87,37.36,17.23,38.76
1777939318,8.81,11.50,5.75,18.59,34.29,16.92,37.37,17.40,38.75
1777939320,8.81,12.00,5.75,18.41,34.28,16.89,37.35,17.29,38.72
1777939322,8.81,11.75,6.00,18.56,34.29,16.86,37.33,17.33,38.73
1777939323,8.88,12.00,5.75,18.59,34.30,16.87,37.34,17.32,38.76
1777939325,8.94,11.75,5.75,18.46,34.29,16.82,37.33,17.42,38.81
1777939326,8.88,11.00,5.75,18.47,34.30,16.88,37.34,17.27,38.84
1777939328,8.88,11.50,5.25,18.66,34.32,16.87,37.34,16.97,38.81
1777939330,8.88,11.00,5.75,18.63,34.30,16.83,37.34,17.49,38.89
1777939331,8.88,11.50,5.75,18.49,34.28,16.82,37.34,17.25,38.89
1777939333,8.94,11.75,5.25,18.24,34.25,16.88,37.35,17.26,38.90
1777939335,8.94,11.75,5.75,18.48,34.30,16.89,37.35,17.45,38.92
1777939336,8.94,11.50,6.00,18.42,34.28,16.94,37.35,17.41,38.90
1777939338,9.00,11.75,5.75,18.29,34.28,16.91,37.35,17.03,38.85
1777939339,8.94,11.50,5.75,18.34,34.30,16.83,37.34,17.07,38.84
1777939341,9.00,11.25,5.75,18.36,34.31,16.94,37.36,17.24,38.86
1777939343,9.00,11.75,5.50,18.42,34.31,16.93,37.37,17.72,38.93
1777939344,9.06,11.75,6.00,18.44,34.32,16.82,37.36,17.12,38.79
1777939346,9.06,11.50,5.25,18.37,34.30,16.87,37.33,17.14,38.78
1777939347,9.06,11.25,5.50,18.30,34.29,16.95,37.36,17.43,38.81
1777939349,9.06,11.50,5.50,18.38,34.31,16.94,37.34,17.03,38.72
1777939351,9.06,11.50,5.50,18.33,34.29,16.96,37.32,16.85,38.69
1777939352,9.06,11.75,5.75,18.29,34.29,16.91,37.30,17.13,38.73
1777939354,9.06,11.75,5.75,18.25,34.28,17.07,37.31,16.64,38.65
1777939355,9.06,11.50,6.00,18.37,34.30,17.00,37.28,17.44,38.78
1777939357,9.06,11.50,5.75,18.32,34.27,16.96,37.25,16.81,38.69
1777939359,9.06,11.50,5.50,18.56,34.32,16.94,37.26,17.11,38.73
1777939360,9.13,11.50,5.75,18.46,34.31,16.94,37.24,17.19,38.76
1777939362,9.06,11.50,5.25,18.30,34.30,16.91,37.23,17.28,38.79
1777939363,9.06,11.75,6.00,18.59,34.35,16.84,37.21,17.55,38.84
1777939365,9.06,11.50,5.75,18.56,34.35,16.97,37.23,17.53,38.86
1777939367,9.06,11.75,6.00,18.37,34.31,16.84,37.23,17.31,38.82
1777939368,9.13,11.25,5.50,18.53,34.34,16.84,37.22,17.18,38.81
1777939370,9.06,11.50,5.75,18.10,34.26,16.94,37.26,17.40,38.85
1777939371,9.06,11.75,5.50,18.55,34.36,16.94,37.27,17.55,38.90
1777939373,9.13,11.25,5.25,18.59,34.35,16.91,37.29,17.26,38.85
1777939375,9.13,11.75,5.25,18.37,34.32,16.81,37.27,17.15,38.84
1777939376,9.13,11.25,5.75,18.30,34.31,16.78,37.29,16.99,38.79
1777939378,9.13,11.25,5.50,18.36,34.29,16.83,37.29,17.17,38.80
1777939379,9.13,11.75,5.25,18.71,34.35,16.81,37.30,17.09,38.77
1777939381,9.13,11.50,5.75,18.39,34.30,16.83,37.32,17.18,38.80
1777939383,9.13,11.25,5.50,18.55,34.33,16.80,37.32,17.05,38.77
1777939384,9.13,11.00,5.75,18.44,34.31,16.76,37.32,17.13,38.78
1777939386,9.19,11.25,5.25,18.59,34.34,16.81,37.34,17.14,38.79
1777939388,9.13,11.50,5.50,18.66,34.34,16.77,37.34,17.38,38.81
1777939389,9.06,11.50,5.50,18.61,34.32,16.98,37.38,17.00,38.76
1777939391,9.13,11.75,5.50,18.45,34.31,16.91,37.38,17.55,38.85
1777939392,9.13,11.75,5.25,18.35,34.29,16.77,37.35,17.13,38.80
1777939394,9.13,11.75,5.75,18.28,34.28,16.96,37.36,17.33,38.84
1777939396,9.06,11.00,5.75,18.31,34.28,16.87,37.37,17.13,38.82
1777939397,9.00,10.75,5.75,18.24,34.27,16.87,37.36,17.14,38.83
1777939399,9.06,11.00,5.75,18.58,34.32,16.76,37.33,17.17,38.84
1777939400,9.06,10.75,5.25,18.66,34.33,16.81,37.36,17.33,38.87
1777939402,8.94,11.25,5.25,18.62,34.34,16.77,37.33,17.23,38.86
1777939404,9.00,11.75,5.75,18.44,34.31,16.80,37.36,16.90,38.81
1777939405,9.00,11.50,5.50,18.12,34.25,16.82,37.37,17.15,38.86
1777939407,8.94,11.75,5.75,18.33,34.29,16.86,37.40,16.87,38.82
1777939408,9.00,11.75,6.00,18.53,34.32,16.80,37.40,17.13,38.89
1777939410,8.94,11.25,5.75,18.19,34.28,16.80,37.40,17.24,38.92
1777939412,8.94,11.25,5.75,18.36,34.30,16.95,37.45,17.18,38.91
1777939413,9.00,11.50,5.50,18.35,34.31,16.80,37.44,16.71,38.86
1777939415,9.00,11.75,5.75,18.36,34.30,16.74,37.43,16.72,38.87
1777939416,9.00,11.75,5.75,18.35,34.33,16.82,37.44,17.10,38.93
1777939418,8.94,11.75,5.25,18.44,34.35,16.75,37.43,17.19,38.96
1777939420,9.00,11.50,5.75,18.42,34.33,16.79,37.42,16.88,38.94
1777939421,9.00,11.25,5.75,18.59,34.36,16.84,37.41,17.07,38.99
1777939423,8.94,11.25,5.25,18.57,34.35,16.81,37.38,17.12,39.00
1777939424,8.94,11.50,5.75,18.12,34.29,16.89,37.39,17.11,39.01
1777939426,8.94,11.25,5.50,18.57,34.37,16.98,37.39,17.30,39.06
1777939428,8.94,11.25,5.75,18.47,34.33,16.95,37.37,17.05,39.02
1777939429,8.94,11.75,5.75,18.44,34.33,16.78,37.34,16.79,39.01
1777939431,8.94,11.25,5.75,18.25,34.31,16.79,37.32,16.55,38.98
1777939432,8.94,11.50,5.75,18.25,34.32,16.79,37.31,16.99,39.06
1777939434,8.94,11.75,5.75,18.59,34.36,16.80,37.32,16.90,39.05
1777939436,8.94,11.25,5.75,18.27,34.31,16.76,37.31,16.91,39.04
1777939437,8.94,11.25,5.75,18.27,34.33,16.87,37.32,17.14,39.08
1777939439,8.94,11.75,5.75,18.63,34.37,16.86,37.30,17.05,39.06
1777939441,8.94,11.00,5.25,18.17,34.28,16.93,37.30,16.92,39.05
1777939442,8.94,11.25,5.50,18.19,34.31,16.88,37.31,16.73,39.03
1777939444,8.94,11.25,5.25,18.25,34.32,16.81,37.30,16.83,39.06
1777939445,8.94,11.50,5.50,18.49,34.37,16.89,37.32,16.54,39.00
1777939447,8.94,11.50,5.75,18.69,34.39,16.82,37.33,17.37,39.15
1777939449,8.88,11.50,5.75,18.44,34.37,16.80,37.31,16.72,39.04
1777939450,8.88,11.00,5.75,18.56,34.36,16.92,37.33,16.84,39.06
1777939452,8.88,11.25,5.25,18.31,34.34,16.79,37.30,17.29,39.11
1777939453,8.81,12.00,6.00,18.27,34.35,16.87,37.29,16.98,39.05
1777939455,8.81,11.50,5.50,18.59,34.40,16.91,37.30,16.89,39.03
1777939457,8.81,11.50,5.25,18.40,34.36,16.92,37.29,16.63,38.97
1777939458,8.81,10.75,5.75,18.66,34.39,16.76,37.27,17.04,39.04
1777939460,8.75,10.75,5.75,18.25,34.32,16.80,37.27,17.05,39.08
1777939461,8.75,11.25,6.00,18.70,34.40,16.92,37.29,16.83,39.07
1777939463,8.81,11.25,5.75,18.62,34.40,16.80,37.28,16.76,39.06
1777939465,8.81,11.00,6.00,18.44,34.35,16.76,37.26,16.79,39.07
1777939466,8.88,11.25,5.75,18.37,34.34,16.88,37.29,16.47,39.02
1777939468,8.81,10.50,5.50,18.40,34.35,16.77,37.29,17.19,39.14
1777939469,8.81,11.25,5.75,18.42,34.37,16.84,37.31,16.49,39.06
1777939471,8.88,11.75,5.75,18.62,34.39,16.87,37.31,17.29,39.16
1777939473,8.88,11.25,6.00,18.26,34.33,16.79,37.29,16.91,39.11
1777939474,8.94,11.25,5.50,18.37,34.35,16.76,37.30,16.82,39.12
1777939476,8.94,11.25,5.50,18.48,34.36,16.79,37.28,16.91,39.13
1777939477,8.88,11.00,5.75,18.48,34.36,16.83,37.31,16.88,39.12
1777939479,9.00,11.50,5.75,18.36,34.32,16.81,37.31,16.56,39.07
1777939481,9.00,11.25,5.75,18.62,34.37,16.87,37.31,16.83,39.10
1777939482,8.94,11.25,5.75,18.31,34.34,16.75,37.30,16.76,39.06
1777939484,9.00,11.50,5.75,18.23,34.32,16.76,37.29,17.02,39.09
1777939485,9.06,11.75,5.00,18.55,34.39,16.92,37.31,17.05,39.09
1777939487,9.00,11.25,5.75,18.32,34.34,16.92,37.27,16.67,39.00
1777939489,9.00,12.00,5.75,18.27,34.32,16.91,37.27,16.89,39.06
1777939490,9.00,11.50,5.75,18.31,34.33,16.96,37.27,16.92,39.09
1777939492,8.94,11.25,5.75,18.52,34.39,16.91,37.25,17.12,39.12
1777939494,9.00,12.00,5.50,18.34,34.35,16.94,37.26,16.79,39.07
1777939495,9.00,10.75,5.75,18.50,34.36,16.86,37.23,16.65,39.01
1777939497,9.00,11.50,5.75,18.40,34.36,16.94,37.23,16.65,38.96
1777939498,9.06,11.50,5.75,18.61,34.38,16.84,37.23,16.57,38.94
1777939500,9.06,11.25,5.75,18.46,34.35,16.96,37.24,16.96,38.95
1777939502,9.00,11.50,5.50,18.31,34.34,16.88,37.22,17.15,38.98
1777939503,9.06,11.75,5.75,18.33,34.35,16.78,37.21,16.56,38.88
1777939505,9.06,11.50,5.75,18.20,34.33,16.81,37.22,16.73,38.94
1777939506,9.00,11.50,5.75,18.37,34.35,16.92,37.25,16.85,38.98
1777939508,9.00,11.75,5.75,18.29,34.34,16.93,37.26,17.20,39.05
1777939510,8.94,11.00,5.75,18.28,34.35,16.83,37.22,16.83,39.01
1777939511,8.94,11.25,5.75,18.42,34.38,16.94,37.25,17.12,39.06
1777939513,8.94,11.75,5.75,18.18,34.35,16.99,37.24,17.10,39.08
1777939514,9.00,11.25,5.75,18.66,34.41,16.97,37.24,16.99,39.07
1777939516,9.00,11.75,5.75,18.25,34.37,16.94,37.22,17.10,39.10
1777939518,8.94,11.50,5.50,18.40,34.37,16.92,37.20,16.88,39.05
1777939519,8.94,11.25,5.75,18.73,34.42,16.97,37.20,16.66,39.02
1777939521,9.00,11.50,5.25,18.27,34.35,16.94,37.19,17.02,39.08
1777939522,8.94,11.00,5.75,18.66,34.41,16.83,37.18,16.93,39.07
1777939524,8.94,11.25,5.25,18.44,34.39,16.94,37.20,16.69,39.05
1777939526,9.00,11.25,5.25,18.40,34.37,16.86,37.20,16.96,39.08
1777939527,9.00,11.25,5.25,18.33,34.36,16.94,37.22,17.07,39.12
1777939529,9.00,11.25,5.75,18.33,34.37,16.99,37.23,16.94,39.10
1777939530,8.94,11.50,5.50,18.65,34.43,17.05,37.23,16.75,39.08
1777939532,8.94,11.50,5.75,18.43,34.38,17.02,37.22,16.89,39.12
1777939534,8.88,11.25,5.50,18.49,34.41,16.93,37.20,16.88,39.12
1777939535,8.88,12.00,5.75,18.51,34.40,16.91,37.17,17.16,39.16
1777939537,8.94,11.25,5.75,18.37,34.39,16.98,37.18,16.47,39.04
1777939538,8.94,11.75,5.75,18.33,34.38,17.00,37.18,17.06,39.13
1777939540,8.88,11.25,5.75,18.52,34.42,17.01,37.18,17.27,39.14
1777939542,8.94,11.25,5.75,18.31,34.38,17.03,37.18,17.11,39.14
1777939543,8.88,11.75,5.50,18.31,34.39,16.98,37.17,16.88,39.11
1777939545,8.94,11.75,5.75,18.47,34.42,17.01,37.19,17.10,39.16
1777939546,8.88,10.75,5.75,18.36,34.42,16.98,37.16,16.87,39.14
1777939548,8.94,10.75,5.75,18.43,34.43,16.94,37.18,16.96,39.19
1777939550,8.94,11.25,5.75,18.25,34.42,16.98,37.19,16.76,39.16
1777939551,9.00,11.25,5.75,18.45,34.46,16.94,37.17,17.03,39.23
1777939553,9.00,11.00,5.75,18.26,34.45,17.05,37.15,16.99,39.21
1777939555,9.00,11.25,5.75,18.38,34.47,17.05,37.16,17.02,39.21
1777939556,9.06,11.00,5.75,18.26,34.47,17.02,37.18,16.77,39.18
1777939558,9.06,11.50,5.75,18.43,34.50,17.09,37.17,16.80,39.19
1777939559,9.00,11.50,5.75,18.23,34.46,17.00,37.12,16.90,39.22
1777939561,9.00,11.50,5.50,18.45,34.52,17.02,37.15,16.83,39.21
1777939563,9.00,11.25,5.25,18.10,34.44,16.98,37.13,17.19,39.24
1777939564,8.94,11.25,5.75,18.48,34.50,16.94,37.12,16.97,39.20
1777939566,9.00,11.25,6.00,18.40,34.47,17.03,37.12,16.69,39.14
1777939567,9.00,11.00,5.50,18.34,34.49,16.97,37.10,16.69,39.14
1777939569,9.00,11.25,5.75,18.46,34.49,16.96,37.12,16.68,39.14
1777939571,9.00,11.50,5.75,18.46,34.50,16.94,37.12,16.68,39.11
1777939572,9.00,11.50,5.75,18.38,34.47,16.96,37.14,16.64,39.10
1777939574,9.06,11.00,5.25,18.34,34.49,16.97,37.14,16.99,39.14
1777939575,9.06,11.50,5.75,18.31,34.48,16.90,37.16,16.81,39.13
1777939577,9.06,11.75,5.75,18.37,34.47,16.97,37.17,16.94,39.13
1777939579,9.06,11.50,5.75,18.50,34.51,16.91,37.16,16.66,39.08
1777939580,9.00,11.25,5.50,18.18,34.44,16.92,37.15,16.78,39.08
1777939582,9.00,10.75,5.75,18.42,34.47,16.81,37.17,16.83,39.07
1777939583,9.00,11.25,5.75,18.44,34.47,16.94,37.19,16.70,39.02
1777939585,9.00,11.00,5.75,18.27,34.45,16.91,37.21,16.72,39.05
1777939587,9.00,11.00,5.75,18.55,34.47,16.82,37.21,17.29,39.14
1777939588,8.94,11.75,5.50,18.27,34.44,16.84,37.21,17.04,39.10
1777939590,8.94,11.50,5.25,18.33,34.45,16.98,37.25,16.86,39.10
1777939591,8.94,11.25,5.25,18.47,34.47,17.03,37.23,17.02,39.11
1777939593,9.00,10.50,5.50,18.24,34.45,16.97,37.18,16.58,39.08
1777939595,9.00,11.50,5.75,18.29,34.43,16.96,37.18,17.04,39.14
1777939596,8.94,10.75,5.50,18.40,34.46,16.99,37.17,16.44,39.05
1777939598,8.94,11.50,5.75,18.50,34.46,16.97,37.13,16.80,39.13
1777939599,8.94,11.00,5.75,18.55,34.49,16.97,37.14,16.55,39.10
1777939601,8.94,11.75,5.50,18.12,34.41,16.98,37.14,16.76,39.13
1777939603,8.94,11.25,5.75,18.52,34.47,16.99,37.14,17.14,39.18
1777939604,8.94,11.25,5.50,18.19,34.46,16.98,37.13,16.76,39.11
1777939606,8.88,11.00,5.50,18.17,34.44,17.01,37.14,16.70,39.11
1777939608,8.88,11.50,5.25,18.40,34.49,17.02,37.14,17.09,39.15
1777939609,8.88,11.50,5.75,18.40,34.49,17.04,37.12,17.09,39.14
1777939611,8.88,11.25,5.75,18.39,34.48,16.91,37.10,17.01,39.13
1777939612,8.88,11.25,5.50,18.15,34.45,17.06,37.11,17.15,39.16
1777939614,8.81,10.50,5.00,18.38,34.50,17.00,37.09,16.85,39.15
1777939616,8.81,11.25,5.75,18.50,34.51,17.10,37.08,17.54,39.26
1777939617,8.88,11.50,5.75,18.27,34.47,17.07,37.07,16.91,39.19
1777939619,8.88,11.75,5.50,18.23,34.47,17.08,37.05,16.54,39.17
1777939620,8.88,11.75,5.50,18.28,34.50,17.12,37.04,16.79,39.20
1777939622,8.81,11.25,5.50,18.35,34.50,17.04,36.99,16.47,39.17
1777939624,8.75,11.75,5.75,18.29,34.50,17.14,37.00,16.76,39.22
1777939625,8.81,11.00,5.50,18.45,34.51,17.23,36.99,16.94,39.25
1777939627,8.81,11.00,5.50,18.68,34.55,17.12,36.99,17.08,39.30
1777939628,8.81,10.75,5.50,18.59,34.53,17.12,37.00,17.08,39.32
1777939630,8.81,11.50,5.75,18.59,34.54,17.09,37.01,16.74,39.28
1777939632,8.81,11.25,5.50,18.47,34.53,17.02,37.01,16.80,39.30
1777939633,8.81,10.75,5.50,18.36,34.50,16.97,36.99,16.66,39.30
1777939635,8.75,11.50,5.75,18.44,34.50,16.96,37.01,16.98,39.35
1777939636,8.75,11.00,5.50,18.55,34.53,17.02,37.02,16.51,39.29
1777939638,8.81,11.50,6.00,18.54,34.54,16.97,37.05,16.76,39.34
1777939640,8.81,11.75,5.50,18.46,34.53,16.89,37.04,17.05,39.37
1777939641,8.81,11.25,5.50,18.51,34.53,16.97,37.06,16.72,39.32
1777939643,8.81,11.50,5.75,18.41,34.50,16.95,37.07,17.37,39.41
1777939644,8.88,11.50,5.75,18.43,34.53,17.05,37.10,17.02,39.37
1777939646,8.81,11.25,5.75,18.42,34.52,16.95,37.10,16.94,39.37
1777939648,8.81,11.50,6.00,18.37,34.52,16.83,37.10,16.94,39.35
1777939649,8.81,11.50,5.75,18.61,34.56,16.96,37.12,16.70,39.32
1777939651,8.75,11.75,5.75,18.65,34.56,16.93,37.15,17.16,39.40
1777939652,8.75,11.25,5.75,18.42,34.52,17.02,37.15,17.10,39.40
1777939654,8.81,11.50,6.00,18.29,34.53,16.93,37.15,16.46,39.31
1777939656,8.75,11.75,5.75,18.44,34.54,16.96,37.17,16.54,39.34
1777939657,8.75,11.25,5.75,18.23,34.51,16.88,37.16,16.66,39.38
1777939659,8.75,10.75,5.75,18.53,34.55,17.02,37.17,16.80,39.42
1777939661,8.75,11.50,5.50,18.25,34.50,17.05,37.20,16.83,39.43
1777939662,8.69,11.50,5.75,18.46,34.54,17.00,37.20,16.29,39.35
1777939664,8.69,11.50,5.50,18.38,34.53,16.94,37.18,16.78,39.42
1777939665,8.75,11.25,5.75,18.39,34.52,16.95,37.19,16.82,39.42
1777939667,8.75,11.25,5.75,18.36,34.54,16.98,37.18,16.92,39.43
1777939669,8.81,11.75,5.75,18.19,34.50,16.93,37.17,16.79,39.43
1777939670,8.81,11.25,5.25,18.24,34.54,16.92,37.16,16.98,39.48
1777939672,8.88,11.50,5.25,18.34,34.59,16.90,37.13,16.91,39.50
1777939673,8.94,11.50,5.50,18.09,34.60,16.94,37.14,17.23,39.57
1777939675,8.94,11.00,5.75,18.05,34.64,17.05,37.18,16.89,39.52
1777939677,8.94,11.75,5.50,18.13,34.67,16.98,37.14,16.72,39.45
1777939678,8.94,11.25,5.75,18.13,34.71,16.98,37.13,16.85,39.43
1777939680,9.00,11.50,5.50,18.45,34.74,16.92,37.13,17.19,39.42
1777939681,9.00,11.00,5.75,18.22,34.71,17.06,37.14,16.75,39.31
1777939683,8.88,11.50,5.75,18.18,34.70,16.93,37.12,16.74,39.27
1777939685,9.00,11.75,5.75,18.47,34.73,16.94,37.11,16.82,39.26
1777939686,8.94,11.25,5.75,18.20,34.70,17.00,37.12,16.73,39.22
1777939688,8.94,11.25,6.00,18.25,34.69,16.96,37.14,16.95,39.24
1777939689,8.88,11.25,5.75,18.29,34.71,16.95,37.11,16.74,39.20
1777939691,8.94,11.25,5.50,18.50,34.74,16.93,37.10,16.74,39.16
1777939693,8.94,11.25,5.75,18.16,34.67,16.94,37.11,16.55,39.14
1777939694,8.94,11.25,5.25,18.07,34.65,16.95,37.12,16.43,39.12
1777939696,9.00,11.25,5.75,18.26,34.69,16.84,37.12,17.20,39.24
1777939697,9.00,11.00,5.75,18.17,34.65,16.94,37.15,17.45,39.30
1777939699,8.94,11.75,5.25,18.01,34.67,16.82,37.16,17.15,39.27
1777939701,9.00,11.25,5.75,18.08,34.66,16.80,37.17,17.07,39.30
1777939702,9.06,10.75,5.75,17.99,34.68,16.94,37.23,17.18,39.30
1777939704,9.06,11.00,5.50,18.20,34.71,16.84,37.22,16.98,39.21
1777939705,9.00,11.25,5.75,18.22,34.71,16.93,37.22,17.08,39.22
1777939707,9.06,11.25,5.50,18.14,34.69,16.82,37.22,16.87,39.15
1777939709,9.06,11.50,5.50,18.27,34.72,16.80,37.20,16.69,39.13
1777939710,9.00,11.50,5.50,18.26,34.71,16.79,37.22,17.07,39.18
1777939712,9.00,11.25,5.50,18.08,34.67,16.78,37.23,17.08,39.17
1777939714,9.06,11.50,5.75,18.20,34.69,16.72,37.23,16.80,39.12
1777939715,9.00,11.75,5.25,18.42,34.71,16.87,37.26,16.75,39.08
1777939717,9.00,11.00,5.50,18.11,34.68,16.79,37.26,16.78,39.09
1777939718,9.00,11.75,5.75,18.46,34.72,16.76,37.26,16.76,39.08
1777939720,9.00,10.75,6.00,18.30,34.67,16.73,37.25,17.11,39.13
1777939722,9.00,11.75,5.50,18.09,34.63,16.82,37.27,16.93,39.10
1777939723,9.00,11.75,5.75,18.29,34.67,16.81,37.27,16.66,39.09
1777939725,8.94,11.00,5.25,18.20,34.65,16.76,37.28,16.92,39.14
1777939726,9.00,11.50,5.75,18.31,34.67,16.95,37.30,16.63,39.10
1777939728,8.94,11.50,5.75,18.26,34.66,16.80,37.30,16.75,39.10
1777939730,9.00,11.25,5.75,18.11,34.63,16.90,37.34,16.82,39.05
1777939731,8.94,11.75,5.75,18.32,34.66,16.68,37.30,17.32,39.11
1777939733,8.88,11.75,5.75,18.17,34.62,16.81,37.32,16.62,39.02
1777939734,8.94,11.75,5.75,18.25,34.63,16.74,37.31,16.66,39.00
1777939736,8.94,11.75,5.75,18.03,34.60,16.80,37.33,17.27,39.10
1777939738,8.94,11.75,5.50,18.33,34.64,16.77,37.31,16.90,39.06
1777939739,8.94,11.50,5.00,18.08,34.58,16.75,37.31,17.03,39.09
1777939741,8.88,11.50,5.25,18.05,34.60,16.86,37.39,16.82,39.07
1777939742,8.88,11.50,5.50,18.23,34.62,16.75,37.36,17.00,39.10
1777939744,8.94,11.25,6.00,18.19,34.63,16.87,37.41,17.46,39.16
1777939746,8.88,11.50,5.50,18.23,34.60,16.83,37.43,16.82,39.07
1777939747,8.88,11.50,5.25,17.98,34.59,16.91,37.45,17.41,39.17
1777939749,8.94,11.50,5.75,18.11,34.60,16.87,37.45,17.04,39.10
1777939750,8.88,11.75,5.75,18.15,34.62,16.87,37.44,16.76,39.07
1777939752,8.88,11.50,5.50,18.17,34.61,16.70,37.44,16.98,39.10
1777939754,8.81,11.75,5.75,18.21,34.63,16.83,37.46,16.63,39.04
1777939755,8.81,11.50,5.50,18.22,34.64,16.83,37.47,17.21,39.11
1777939757,8.81,11.25,5.75,18.62,34.71,16.72,37.47,16.63,39.03
1777939758,8.81,11.00,5.25,18.36,34.68,16.94,37.50,16.94,39.07
1777939760,8.81,11.25,5.75,18.19,34.66,16.83,37.49,16.40,38.98
1777939762,8.88,11.25,5.75,18.15,34.64,16.90,37.48,16.46,38.97
1777939763,8.88,11.00,5.50,18.12,34.63,16.91,37.48,17.02,39.07
1777939765,8.81,11.25,5.75,18.05,34.64,16.89,37.45,16.44,38.98
1777939766,8.75,11.25,5.50,18.14,34.66,16.74,37.43,16.91,39.06
1777939768,8.75,11.25,5.50,18.09,34.63,16.82,37.43,16.73,39.04
1777939770,8.75,11.00,5.25,18.12,34.64,16.74,37.42,16.90,39.03
1777939771,8.75,10.50,6.00,18.25,34.65,16.81,37.45,16.76,39.00
1777939773,8.75,11.50,5.75,18.10,34.63,16.78,37.42,16.87,39.01
1777939775,8.75,11.25,5.25,18.27,34.65,16.91,37.45,16.77,38.97
1777939776,8.69,11.50,5.50,18.40,34.66,16.74,37.42,17.06,39.04
1777939778,8.69,11.75,6.00,17.98,34.61,16.87,37.43,16.80,39.01
1777939779,8.69,11.50,5.75,18.23,34.65,16.82,37.41,16.86,39.06
1777939781,8.69,11.00,5.50,18.13,34.64,16.72,37.38,16.98,39.06
1777939783,8.69,12.00,5.25,18.24,34.64,16.91,37.40,16.80,39.05
1777939784,8.69,11.50,5.75,18.43,34.67,16.80,37.39,17.19,39.13
1777939786,8.69,11.75,5.50,18.03,34.61,16.83,37.39,17.11,39.11
1777939787,8.63,11.75,5.50,18.16,34.64,16.86,37.40,17.15,39.10
1777939789,8.63,11.75,5.25,18.25,34.65,16.82,37.40,16.99,39.06
1777939791,8.63,11.00,5.25,18.07,34.63,16.68,37.37,17.26,39.08
1777939792,8.63,12.00,5.25,18.19,34.64,16.80,37.42,16.92,39.02
1777939794,8.63,11.50,5.50,18.27,34.65,16.82,37.41,16.81,39.02
1777939795,8.63,11.75,5.75,18.16,34.65,16.78,37.42,17.06,39.09
1777939797,8.63,11.50,5.75,18.27,34.66,16.75,37.40,16.59,39.04
1777939799,8.63,11.50,5.50,18.26,34.66,16.76,37.41,16.59,39.06
1777939800,8.63,11.50,5.75,18.21,34.66,16.70,37.41,16.96,39.12
1777939802,8.63,11.25,5.75,18.35,34.67,16.74,37.42,17.02,39.13
1777939803,8.63,11.25,5.75,18.16,34.64,16.73,37.43,17.28,39.19
1777939805,8.63,11.00,5.50,18.27,34.67,16.84,37.45,16.83,39.14
1777939807,8.63,11.50,5.75,18.30,34.66,16.89,37.47,16.79,39.12
1777939808,8.69,11.50,5.75,18.27,34.65,16.70,37.41,16.55,39.09
1777939810,8.69,10.75,5.75,18.15,34.63,16.89,37.45,16.62,39.10
1777939811,8.75,11.50,5.75,18.17,34.63,16.80,37.45,16.86,39.14
1777939813,8.75,11.75,5.50,18.40,34.67,16.89,37.46,16.77,39.11
1777939815,8.75,11.50,5.75,18.02,34.62,16.82,37.45,16.98,39.14
1777939816,8.69,11.00,5.75,18.12,34.63,16.75,37.42,17.04,39.14
1777939818,8.69,11.75,6.00,18.07,34.63,16.81,37.41,17.21,39.16
1777939819,8.69,11.75,5.25,18.08,34.63,16.87,37.42,16.96,39.10
1777939821,8.69,11.00,5.75,18.16,34.64,16.68,37.40,17.05,39.06
1777939823,8.69,11.25,5.25,18.20,34.65,16.72,37.40,17.02,39.06
1777939824,8.69,11.75,5.75,18.45,34.69,16.76,37.42,17.27,39.10
1777939826,8.69,11.25,5.75,18.18,34.65,16.82,37.41,16.87,39.04
1777939828,8.69,11.25,5.75,18.02,34.62,16.74,37.38,16.69,39.03
1777939829,8.75,11.25,5.75,17.96,34.60,16.78,37.40,17.14,39.11
1777939831,8.75,11.25,5.75,18.30,34.66,16.89,37.41,16.74,39.06
1777939832,8.75,11.50,5.50,18.17,34.63,16.87,37.41,17.19,39.11
1777939834,8.75,11.50,5.75,18.40,34.67,16.84,37.41,16.66,39.07
1777939836,8.81,11.75,5.25,18.05,34.61,16.82,37.40,17.09,39.14
1777939837,8.81,11.50,5.50,18.39,34.65,16.93,37.40,16.98,39.09
1777939839,8.75,11.00,5.75,18.16,34.63,16.76,37.38,16.66,39.05
1777939840,8.81,11.00,5.50,17.99,34.60,16.87,37.39,17.44,39.16
1777939842,8.75,11.00,5.50,18.31,34.66,16.76,37.38,16.80,39.06
1777939844,8.75,11.50,5.50,18.29,34.65,16.78,37.38,17.19,39.10
1777939845,8.75,11.00,5.50,18.28,34.64,16.80,37.35,17.30,39.10
1777939847,8.75,11.25,5.75,18.18,34.64,16.76,37.37,17.09,39.06
1777939848,8.75,10.50,5.75,18.25,34.66,16.74,37.34,16.97,39.05
1777939850,8.75,10.50,5.50,17.98,34.60,16.81,37.36,17.24,39.08
1777939852,8.75,10.75,5.50,18.07,34.62,16.82,37.36,16.52,38.95
1777939853,8.75,10.50,5.75,18.33,34.64,16.88,37.37,17.09,39.04
1777939855,8.75,11.25,5.25,18.18,34.63,16.86,37.37,17.44,39.11
1777939856,8.75,11.00,5.75,18.23,34.64,16.81,37.34,16.75,39.00
1777939858,8.69,11.00,5.50,18.09,34.61,16.89,37.38,16.72,38.99
1777939860,8.75,11.00,5.75,18.19,34.63,16.86,37.40,16.96,39.03
1777939861,8.75,11.25,5.25,18.05,34.60,16.87,37.41,16.76,39.01
1777939863,8.75,10.75,5.75,18.10,34.62,16.89,37.41,16.79,39.03
1777939864,8.81,11.50,5.25,18.20,34.62,16.86,37.41,16.76,39.03
1777939866,8.75,10.75,5.75,18.08,34.60,16.75,37.38,16.75,39.00
1777939868,8.75,11.25,5.50,18.06,34.60,16.71,37.36,16.75,39.01
1777939869,8.69,11.75,5.50,18.17,34.61,16.83,37.39,16.71,39.01
1777939871,8.75,11.75,6.00,18.12,34.60,16.83,37.40,17.24,39.08
1777939872,8.69,11.25,5.75,18.06,34.60,16.79,37.40,17.17,39.10
1777939874,8.69,11.50,5.25,18.12,34.62,16.86,37.39,17.07,39.06
1777939876,8.69,10.75,5.50,18.14,34.61,16.77,37.37,16.87,39.04
1777939877,8.69,11.50,5.50,18.23,34.62,16.98,37.41,17.05,39.10
1777939879,8.69,11.25,5.25,18.05,34.60,16.98,37.42,16.75,39.08
1777939881,8.69,11.75,5.25,18.02,34.58,16.91,37.42,16.52,39.08
1777939882,8.69,11.75,5.50,18.03,34.59,16.98,37.43,16.73,39.11
1777939884,8.75,11.50,5.50,18.07,34.61,16.79,37.39,16.82,39.16
1777939885,8.69,11.25,5.75,18.12,34.59,16.73,37.38,16.83,39.16
1777939887,8.75,11.25,5.25,18.25,34.64,16.87,37.41,17.48,39.33
1777939889,8.69,11.50,5.50,18.12,34.63,16.76,37.38,16.89,39.23
1777939890,8.69,10.50,5.00,18.09,34.62,16.90,37.40,17.18,39.30
1777939892,8.75,11.25,5.50,18.16,34.64,16.76,37.36,17.19,39.31
1777939893,8.69,11.00,5.75,18.21,34.63,16.89,37.39,16.87,39.26
1777939895,8.69,11.50,5.75,18.08,34.61,16.81,37.39,16.84,39.27
1777939897,8.63,11.50,5.50,17.94,34.60,16.82,37.40,17.11,39.28
1777939898,8.75,11.00,5.50,18.19,34.62,16.81,37.38,16.73,39.22
1777939900,8.69,11.75,5.50,18.29,34.63,16.71,37.37,16.40,39.16
1777939901,8.69,11.25,5.50,17.98,34.59,16.74,37.39,16.73,39.24
1777939903,8.63,11.50,5.25,18.20,34.61,16.83,37.41,16.43,39.20
1777939905,8.63,11.00,5.25,18.10,34.61,16.80,37.42,16.76,39.27
1777939906,8.63,11.50,5.50,18.08,34.61,16.74,37.40,16.81,39.27
1777939908,8.63,11.50,5.50,18.20,34.64,16.91,37.42,17.06,39.34
1777939909,8.63,11.25,5.25,18.21,34.63,16.83,37.41,16.83,39.29
1777939911,8.63,11.25,5.50,18.15,34.62,16.88,37.40,16.95,39.34
1777939913,8.63,11.25,6.00,18.25,34.64,16.94,37.40,16.87,39.34
1777939914,8.69,11.50,5.75,18.20,34.62,16.73,37.36,16.44,39.30
1777939916,8.69,10.75,5.75,18.03,34.60,16.91,37.38,16.71,39.33
1777939917,8.69,11.25,5.25,18.07,34.62,16.72,37.31,16.83,39.40
1777939919,8.69,11.50,5.00,18.02,34.62,16.82,37.31,16.64,39.37
1777939921,8.69,11.00,5.75,18.05,34.61,16.91,37.29,16.69,39.38
1777939922,8.69,11.25,5.25,18.14,34.63,16.92,37.27,16.63,39.38
1777939924,8.63,11.50,5.00,18.11,34.62,16.88,37.29,16.70,39.39
1777939925,8.63,11.50,5.50,18.16,34.63,16.88,37.28,16.60,39.36
1777939927,8.63,11.75,5.50,18.06,34.62,16.77,37.26,16.62,39.34
1777939929,8.69,11.50,5.50,17.98,34.61,16.79,37.26,16.72,39.37
1777939930,8.63,11.50,5.50,18.05,34.62,16.83,37.28,16.36,39.33
1777939932,8.63,11.25,5.25,17.98,34.61,16.83,37.27,16.43,39.33
1777939934,8.63,11.50,5.50,17.93,34.61,16.72,37.25,16.51,39.32
1777939935,8.56,11.00,5.50,18.25,34.64,16.75,37.26,16.44,39.34
1777939937,8.63,11.25,5.50,18.16,34.63,16.85,37.29,16.54,39.34
1777939938,8.63,11.00,5.50,17.97,34.59,16.87,37.30,16.32,39.31
1777939940,8.63,11.50,5.50,18.26,34.64,16.82,37.29,16.95,39.42
1777939942,8.63,11.50,5.50,18.16,34.63,16.75,37.30,16.70,39.40
1777939943,8.56,11.50,5.50,18.11,34.62,16.79,37.32,16.45,39.36
1777939945,8.63,11.50,5.50,18.02,34.62,16.89,37.34,16.83,39.43
1777939946,8.63,11.25,5.50,18.17,34.64,16.87,37.33,16.67,39.41
1777939948,8.63,11.50,5.75,18.05,34.62,16.90,37.32,16.51,39.39
1777939950,8.63,11.50,5.75,18.15,34.61,16.80,37.29,16.83,39.42
1777939951,8.63,11.50,5.75,18.11,34.63,16.76,37.28,16.66,39.41
1777939953,8.63,11.50,5.75,18.01,34.62,16.76,37.28,16.94,39.45
1777939954,8.56,11.00,5.50,17.87,34.59,16.81,37.28,16.51,39.39
1777939956,8.56,11.25,5.25,18.12,34.65,16.89,37.28,16.66,39.43
1777939958,8.56,11.00,5.75,18.21,34.67,16.84,37.31,16.66,39.47
1777939959,8.63,11.25,5.50,18.01,34.63,16.70,37.27,16.66,39.49
1777939961,8.63,11.00,5.75,18.03,34.64,16.83,37.32,16.62,39.50
1777939962,8.56,11.50,5.25,18.24,34.67,16.68,37.31,16.62,39.48
1777939964,8.56,11.50,5.50,18.21,34.67,16.72,37.35,16.40,39.45
1777939966,8.56,11.50,5.75,18.18,34.68,16.76,37.39,16.18,39.40
1777939967,8.56,11.50,5.25,18.04,34.67,16.80,37.43,16.61,39.44
1777939969,8.56,11.00,5.50,18.11,34.68,16.83,37.44,16.74,39.44
1777939970,8.50,11.25,5.00,18.26,34.70,16.83,37.46,16.68,39.45
1777939972,8.50,11.25,5.50,18.15,34.67,16.68,37.43,16.67,39.47
1777939974,8.56,11.50,5.50,18.07,34.67,16.69,37.43,17.08,39.57
1777939975,8.56,11.50,5.25,18.31,34.71,16.70,37.46,16.86,39.55
1777939977,8.56,10.75,5.50,18.02,34.66,16.66,37.46,16.71,39.56
1777939978,8.56,11.00,5.50,18.11,34.67,16.68,37.47,16.71,39.54
1777939980,8.56,10.75,5.50,18.13,34.67,16.87,37.50,16.60,39.52
1777939982,8.56,11.00,5.50,18.05,34.67,16.64,37.49,16.59,39.53
1777939983,8.63,11.00,5.25,18.16,34.69,16.66,37.49,16.48,39.51
1777939985,8.63,11.25,5.00,17.97,34.66,16.70,37.48,16.12,39.44
1777939987,8.69,11.50,5.50,18.15,34.69,16.83,37.50,16.70,39.55
1777939988,8.63,11.25,5.75,18.18,34.69,16.67,37.46,16.48,39.49
1777939990,8.63,11.00,5.75,18.12,34.69,16.68,37.45,16.67,39.49
1777939991,8.63,11.25,5.50,18.00,34.65,16.74,37.46,16.79,39.47
1777939993,8.56,11.50,5.50,17.98,34.66,16.77,37.50,16.54,39.40
1777939995,8.63,11.00,5.50,18.48,34.73,16.66,37.51,16.94,39.44
1777939996,8.63,11.50,5.50,18.15,34.70,16.70,37.52,16.47,39.36
1777939998,8.56,11.00,5.75,18.11,34.68,16.62,37.51,16.70,39.39
1777939999,8.50,11.50,5.50,17.98,34.65,16.72,37.53,16.64,39.35
1777940001,8.50,11.25,6.00,17.99,34.66,16.88,37.56,16.77,39.38
1777940003,8.56,11.75,5.50,18.28,34.71,16.76,37.53,16.87,39.39
1777940004,8.50,11.00,5.25,18.26,34.71,16.66,37.56,16.54,39.35
1777940006,8.50,10.50,5.50,17.98,34.67,16.82,37.58,16.75,39.42
1777940007,8.50,10.75,5.50,17.94,34.63,16.76,37.57,16.58,39.44
1777940009,8.50,11.25,5.50,18.36,34.71,16.74,37.55,16.50,39.41
1777940011,8.50,10.50,5.25,18.04,34.65,16.65,37.52,16.70,39.45
1777940012,8.50,10.25,5.50,18.05,34.65,16.89,37.54,16.62,39.44
1777940014,8.50,10.25,5.75,18.07,34.65,16.83,37.54,16.70,39.46
1777940015,8.50,11.00,5.75,18.09,34.67,16.76,37.52,16.78,39.47
1777940017,8.50,11.00,5.50,18.08,34.67,16.70,37.50,16.60,39.43
1777940019,8.56,10.75,5.50,18.14,34.68,16.73,37.51,16.62,39.44
1777940020,8.56,10.75,5.50,18.05,34.67,16.66,37.50,16.74,39.45
1777940022,8.56,10.50,5.75,18.02,34.66,16.87,37.53,16.55,39.41
1777940023,8.56,10.50,5.50,18.02,34.67,16.62,37.52,16.81,39.45
1777940025,8.56,11.00,5.50,17.98,34.67,16.67,37.52,16.49,39.40
1777940027,8.63,10.75,5.75,18.10,34.68,16.77,37.56,16.77,39.45
1777940028,8.50,10.75,5.50,18.26,34.71,16.66,37.55,16.81,39.45
1777940030,8.56,11.00,5.50,18.01,34.67,16.61,37.54,17.01,39.48
1777940031,8.56,11.00,5.50,18.03,34.67,16.70,37.56,16.12,39.35
1777940033,8.56,11.75,5.25,18.12,34.70,16.70,37.54,16.85,39.46
1777940035,8.50,11.25,5.75,18.03,34.68,16.72,37.58,16.92,39.44
1777940036,8.63,11.00,5.25,18.24,34.71,16.66,37.56,16.28,39.34
1777940038,8.50,11.00,5.50,18.23,34.72,16.64,37.56,16.33,39.38
1777940040,8.56,11.25,5.75,17.98,34.69,16.59,37.58,16.54,39.39
1777940041,8.50,11.25,5.50,18.29,34.72,16.57,37.59,16.59,39.37
1777940043,8.56,11.25,5.75,18.03,34.68,16.66,37.61,16.64,39.39
1777940044,8.56,11.00,5.50,18.11,34.69,16.64,37.61,16.75,39.39
1777940046,8.50,11.50,5.50,18.05,34.71,16.59,37.61,16.94,39.43
1777940048,8.50,10.75,5.75,17.97,34.70,16.51,37.61,16.53,39.36
1777940049,8.50,11.25,5.75,17.93,34.70,16.66,37.63,16.46,39.36
1777940051,8.56,10.75,5.50,18.03,34.69,16.51,37.61,16.93,39.43
1777940052,8.56,10.75,5.75,18.30,34.74,16.57,37.63,16.67,39.41
1777940054,8.56,11.00,5.75,18.21,34.73,16.59,37.63,16.34,39.33
1777940056,8.56,10.75,5.50,18.12,34.70,16.61,37.63,16.78,39.40
1777940057,8.56,11.00,5.50,18.00,34.70,16.56,37.63,16.26,39.30
1777940059,8.56,11.00,5.75,18.12,34.72,16.59,37.64,16.52,39.35
1777940060,8.56,11.00,5.50,18.05,34.71,16.69,37.67,16.46,39.31
1777940062,8.50,11.50,5.75,18.33,34.77,16.62,37.65,16.60,39.32
1777940064,8.56,10.50,5.25,18.31,34.76,16.67,37.67,16.48,39.28
1777940065,8.50,11.75,5.25,17.88,34.70,16.70,37.69,16.58,39.27
1777940067,8.56,11.25,5.25,17.94,34.70,16.56,37.68,16.44,39.26
1777940068,8.50,11.00,5.75,18.24,34.74,16.50,37.67,16.16,39.25
1777940070,8.50,11.25,5.50,17.93,34.71,16.63,37.71,16.32,39.30
1777940072,8.50,11.25,5.50,17.94,34.71,16.72,37.72,16.26,39.30
1777940073,8.50,10.75,5.50,17.94,34.71,16.64,37.69,16.27,39.29
1777940075,8.50,11.25,5.25,18.21,34.73,16.63,37.68,16.39,39.33
1777940076,8.50,11.25,5.50,18.23,34.74,16.62,37.67,16.39,39.32
1777940078,8.50,11.50,5.75,17.84,34.68,16.58,37.65,16.40,39.33
1777940080,8.50,11.00,5.75,18.05,34.72,16.74,37.68,16.67,39.37
1777940081,8.44,10.75,5.50,18.29,34.74,16.53,37.64,16.44,39.34
1777940083,8.50,11.25,5.25,18.03,34.71,16.71,37.69,16.19,39.32
1777940084,8.56,10.75,5.50,18.20,34.71,16.68,37.69,16.19,39.31
1777940086,8.50,10.50,5.25,18.11,34.71,16.66,37.70,16.61,39.37
1777940088,8.56,11.25,5.75,17.98,34.70,16.62,37.66,16.72,39.38
1777940089,8.56,10.50,5.75,17.91,34.68,16.66,37.67,16.59,39.34
1777940091,8.63,11.00,5.25,18.26,34.72,16.58,37.65,16.29,39.28
1777940092,8.56,11.00,5.50,17.91,34.67,16.66,37.66,16.46,39.29
1777940094,8.69,10.75,5.50,17.91,34.68,16.53,37.63,16.45,39.26
1777940096,8.69,10.75,5.50,17.94,34.67,16.52,37.61,16.35,39.23
1777940097,8.63,11.00,5.50,18.27,34.74,16.60,37.62,16.52,39.25
1777940099,8.63,11.25,5.25,17.93,34.66,16.76,37.62,16.51,39.23
1777940101,8.69,11.25,5.25,18.12,34.70,16.59,37.57,16.79,39.27
1777940102,8.69,11.50,5.50,17.98,34.68,16.61,37.56,16.58,39.22
1777940104,8.75,11.00,5.25,18.01,34.69,16.60,37.56,16.98,39.30
1777940105,8.69,11.50,5.50,18.00,34.69,16.56,37.57,17.09,39.33
1777940107,8.69,10.75,5.75,18.18,34.71,16.66,37.59,16.67,39.26
1777940109,8.69,10.75,5.25,18.30,34.72,16.66,37.60,17.13,39.32
1777940110,8.75,10.25,5.50,17.93,34.66,16.62,37.59,16.99,39.32
1777940112,8.75,10.50,5.25,17.97,34.67,16.63,37.59,16.93,39.32
1777940113,8.69,11.00,5.50,18.33,34.72,16.65,37.59,16.27,39.23
1777940115,8.75,10.75,5.75,18.03,34.71,16.50,37.57,16.48,39.25
1777940117,8.75,11.00,5.50,17.87,34.67,16.63,37.60,16.87,39.31
1777940118,8.69,10.75,5.25,18.00,34.69,16.65,37.60,16.27,39.21
1777940120,8.69,11.00,5.25,17.89,34.68,16.74,37.62,16.95,39.28
1777940121,8.75,11.50,5.50,18.03,34.71,16.62,37.59,17.18,39.31
1777940123,8.69,11.00,5.50,17.87,34.68,16.62,37.59,16.50,39.18
1777940125,8.75,11.25,5.50,18.05,34.70,16.69,37.59,16.62,39.20
1777940126,8.75,11.00,5.25,18.20,34.73,16.66,37.57,16.82,39.21
1777940128,8.75,11.25,5.50,17.97,34.69,16.57,37.54,16.50,39.17
1777940129,8.75,11.00,5.50,18.01,34.70,16.62,37.57,16.47,39.16
1777940131,8.75,11.00,5.00,18.15,34.74,16.69,37.60,16.63,39.17
1777940133,8.69,11.00,5.50,17.84,34.69,16.69,37.57,16.48,39.15
1777940134,8.69,11.50,4.75,17.98,34.70,16.69,37.58,16.74,39.18
1777940136,8.75,11.25,5.50,17.87,34.71,16.62,37.58,16.82,39.19
1777940137,8.75,11.00,5.75,18.05,34.74,16.71,37.59,16.70,39.18
1777940139,8.75,10.75,5.25,18.31,34.76,16.59,37.58,16.56,39.15
1777940141,8.75,11.00,5.50,18.04,34.73,16.62,37.58,16.65,39.17
1777940142,8.81,11.25,5.50,18.37,34.77,16.67,37.60,16.44,39.14
1777940144,8.75,11.25,5.75,18.23,34.76,16.66,37.58,16.71,39.20
1777940145,8.75,11.25,5.50,17.91,34.72,16.72,37.62,16.66,39.20
1777940147,8.81,11.00,5.25,18.18,34.75,16.66,37.60,16.70,39.22
1777940149,8.75,11.00,5.25,17.87,34.71,16.70,37.57,16.59,39.23
1777940150,8.81,11.00,5.50,18.23,34.76,16.57,37.57,16.77,39.26
1777940152,8.75,11.25,5.50,17.88,34.72,16.52,37.54,16.38,39.21
1777940154,8.69,11.25,5.25,17.94,34.72,16.66,37.57,16.27,39.17
1777940155,8.69,11.25,4.75,18.25,34.76,16.66,37.56,16.26,39.18
1777940157,8.63,10.75,5.25,17.94,34.72,16.65,37.56,16.74,39.26
1777940158,8.63,11.75,5.75,18.08,34.74,16.73,37.56,16.47,39.20
1777940160,8.63,11.25,5.25,18.10,34.75,16.77,37.56,16.36,39.21
1777940162,8.63,11.00,5.25,17.94,34.73,16.48,37.50,16.65,39.26
1777940163,8.56,11.25,5.50,18.10,34.76,16.55,37.53,16.54,39.26
1777940165,8.56,11.25,5.00,18.20,34.76,16.58,37.55,16.59,39.30
1777940166,8.56,11.25,5.00,17.86,34.73,16.74,37.58,16.48,39.29
1777940168,8.63,10.50,5.50,17.87,34.72,16.57,37.56,16.40,39.29
1777940170,8.63,10.50,5.50,18.02,34.75,16.68,37.57,16.52,39.32
1777940171,8.63,10.75,5.50,18.29,34.80,16.56,37.58,16.66,39.34
1777940173,8.63,10.50,5.50,17.88,34.75,16.62,37.57,16.62,39.33
1777940174,8.63,11.25,5.25,18.27,34.78,16.59,37.57,16.99,39.37
1777940176,8.69,11.25,5.00,18.05,34.80,16.70,37.55,16.60,39.30
1777940178,8.81,11.25,5.75,17.87,34.77,16.59,37.53,16.70,39.30
1777940179,8.75,11.00,5.25,17.99,34.81,16.62,37.55,16.63,39.27
1777940181,8.81,10.75,5.00,17.96,34.83,16.67,37.54,17.01,39.32
1777940182,8.81,11.25,5.50,17.88,34.85,16.66,37.55,16.27,39.18
1777940184,8.94,11.25,4.75,18.17,34.92,16.70,37.56,16.79,39.23
1777940186,8.88,11.25,5.50,17.99,34.90,16.68,37.54,16.35,39.15
1777940187,8.94,10.75,5.25,17.92,34.92,16.70,37.54,16.79,39.19
1777940189,8.94,11.00,5.50,17.94,34.93,16.83,37.54,16.80,39.20
1777940190,8.88,11.00,5.50,17.97,34.94,16.73,37.52,16.74,39.20
1777940192,8.94,11.00,5.25,17.93,34.93,16.65,37.50,16.42,39.13
1777940194,9.00,11.25,5.75,18.10,34.96,16.65,37.48,16.47,39.10
1777940195,8.88,11.25,5.50,18.06,34.96,16.81,37.52,16.71,39.10
1777940197,8.94,11.25,5.50,17.90,34.93,16.70,37.48,16.53,39.07
1777940198,8.94,11.00,5.75,17.90,34.93,16.77,37.47,17.10,39.15
1777940200,8.88,11.25,5.75,18.00,34.94,16.72,37.45,16.80,39.11
1777940202,8.81,11.00,5.50,17.90,34.93,16.64,37.42,16.51,39.07
1777940203,8.75,11.25,5.50,18.03,34.95,16.72,37.42,16.39,39.05
1777940205,8.75,11.00,5.50,17.90,34.93,16.64,37.41,16.80,39.13
1777940207,8.81,11.25,5.50,18.20,34.96,16.66,37.42,16.46,39.13
1777940208,8.69,11.25,5.75,17.97,34.93,16.58,37.44,16.92,39.21
1777940210,8.75,11.25,5.25,17.93,34.92,16.65,37.44,16.38,39.13
1777940211,8.69,11.50,5.25,18.05,34.93,16.62,37.44,16.94,39.21
1777940213,8.69,11.00,5.50,17.99,34.92,16.70,37.48,16.84,39.20
1777940215,8.69,11.50,5.50,18.05,34.92,16.68,37.48,16.68,39.21
1777940216,8.69,11.50,5.50,17.87,34.88,16.65,37.45,16.69,39.25
1777940218,8.63,11.75,5.25,17.95,34.89,16.84,37.47,16.49,39.23
1777940219,8.63,11.50,5.75,18.04,34.91,16.80,37.46,16.48,39.24
1777940221,8.63,11.50,5.00,17.96,34.91,16.67,37.44,16.44,39.23
1777940223,8.63,10.75,5.50,17.99,34.91,16.82,37.44,16.90,39.31
1777940224,8.56,11.25,5.25,17.97,34.89,16.87,37.43,16.63,39.28
1777940226,8.50,10.50,5.75,18.05,34.92,16.66,37.37,16.62,39.27
1777940227,8.56,10.50,5.50,17.94,34.90,16.93,37.40,16.69,39.29
1777940229,8.56,11.00,5.50,17.94,34.91,16.74,37.36,16.34,39.25
1777940231,8.56,11.25,5.25,17.97,34.93,16.64,37.35,16.46,39.26
1777940232,8.63,11.00,5.50,17.96,34.92,16.82,37.36,16.40,39.25
1777940234,8.56,11.25,5.50,18.23,34.94,16.80,37.36,16.19,39.21
1777940235,8.63,11.25,5.75,17.92,34.91,16.70,37.33,16.69,39.32
1777940237,8.63,11.25,5.25,17.87,34.90,16.81,37.33,16.20,39.24
1777940239,8.56,11.50,5.25,17.94,34.91,16.83,37.35,16.48,39.27
1777940240,8.56,11.00,5.75,17.90,34.90,16.85,37.34,16.50,39.25
1777940242,8.63,11.25,5.50,17.92,34.91,16.77,37.35,16.80,39.31
1777940243,8.63,11.25,5.50,17.88,34.90,16.77,37.35,17.07,39.33
1777940245,8.56,11.25,5.50,18.04,34.91,16.75,37.34,16.40,39.23
1777940247,8.63,11.00,5.50,17.90,34.89,16.87,37.37,16.60,39.28
1777940248,8.63,10.75,5.00,17.94,34.90,16.74,37.37,16.68,39.33
1777940250,8.56,11.25,5.50,18.05,34.92,16.62,37.35,16.93,39.36
1777940251,8.56,11.00,4.75,18.24,34.94,16.60,37.34,16.11,39.25
1777940253,8.56,11.00,5.50,18.21,34.93,16.72,37.37,16.68,39.33
1777940255,8.56,11.00,5.25,17.87,34.88,16.64,37.35,16.70,39.34
1777940256,8.56,11.25,4.75,17.82,34.87,16.80,37.37,16.51,39.30
1777940258,8.56,11.25,5.50,17.88,34.88,16.69,37.37,16.43,39.28
1777940260,8.56,11.25,5.50,17.86,34.89,16.61,37.35,16.26,39.27
1777940261,8.56,11.25,5.75,17.86,34.89,16.62,37.38,16.61,39.34
1777940263,8.56,11.50,5.50,17.90,34.89,16.70,37.38,16.61,39.36
1777940264,8.56,11.50,5.50,18.00,34.92,16.66,37.37,16.87,39.39
1777940266,8.63,11.75,5.25,17.90,34.91,16.73,37.38,16.65,39.39
1777940268,8.56,10.75,5.25,17.99,34.93,16.70,37.37,16.70,39.39
1777940269,8.56,11.00,5.50,17.92,34.92,16.73,37.40,16.40,39.34
1777940271,8.63,11.75,5.50,18.01,34.94,16.73,37.40,16.68,39.39
1777940272,8.63,11.00,5.50,17.88,34.91,16.74,37.42,16.67,39.39
1777940274,8.56,11.25,5.25,17.95,34.92,16.72,37.43,16.93,39.43
1777940276,8.63,11.50,5.50,18.18,34.96,16.72,37.43,16.62,39.38
1777940277,8.56,10.75,5.00,17.74,34.89,16.69,37.42,16.46,39.37
1777940279,8.63,11.25,5.50,17.96,34.91,16.65,37.42,16.36,39.34
1777940280,8.56,11.50,5.25,17.80,34.90,16.79,37.43,16.36,39.32
1777940282,8.56,11.75,5.75,17.84,34.89,16.70,37.44,16.48,39.34
1777940284,8.56,10.50,5.50,18.12,34.95,16.80,37.43,16.66,39.39
1777940285,8.56,11.00,5.75,17.87,34.91,16.79,37.41,16.60,39.41
1777940287,8.50,11.75,5.25,17.96,34.93,16.76,37.39,16.52,39.40
1777940288,8.50,11.25,5.50,17.76,34.89,16.69,37.34,17.05,39.49
1777940290,8.50,11.25,5.50,17.78,34.90,16.71,37.32,16.90,39.50
1777940292,8.50,11.50,5.50,17.90,34.92,16.88,37.32,16.66,39.48
1777940293,8.50,11.50,5.50,17.98,34.94,16.87,37.31,16.70,39.49
1777940295,8.50,11.50,5.25,18.02,34.96,16.85,37.28,16.23,39.44
1777940296,8.56,11.25,5.50,17.91,34.93,16.80,37.24,16.35,39.46
1777940298,8.50,11.00,5.00,17.92,34.92,16.79,37.23,16.44,39.48
1777940300,8.50,11.25,5.50,18.21,34.97,16.81,37.22,16.37,39.48
1777940301,8.50,11.50,5.25,17.90,34.92,16.87,37.20,16.45,39.50
1777940303,8.56,11.50,5.50,17.85,34.92,16.80,37.17,16.40,39.51
1777940304,8.50,11.25,5.25,17.92,34.93,16.83,37.17,16.67,39.55
1777940306,8.56,11.75,4.75,18.01,34.94,16.86,37.20,16.51,39.53
1777940308,8.50,10.50,5.50,17.86,34.92,16.82,37.18,16.93,39.57
1777940309,8.50,10.75,5.50,17.90,34.92,16.81,37.20,16.87,39.57
1777940311,8.50,10.75,5.25,17.78,34.90,16.80,37.20,16.81,39.55
1777940313,8.56,10.50,5.75,17.91,34.92,16.76,37.20,17.09,39.59
1777940314,8.56,10.50,5.50,17.91,34.92,16.89,37.24,16.43,39.47
1777940316,8.56,10.75,5.75,17.91,34.92,16.77,37.24,16.36,39.46
1777940317,8.63,11.00,5.25,17.87,34.91,16.62,37.24,16.12,39.43
1777940319,8.56,11.25,5.25,17.87,34.92,16.80,37.29,16.36,39.48
1777940321,8.63,11.50,5.50,17.92,34.91,16.78,37.32,17.08,39.60
1777940322,8.56,11.00,5.50,17.85,34.89,16.66,37.32,16.94,39.60
1777940324,8.56,11.25,5.50,17.90,34.93,16.65,37.34,16.40,39.52
1777940325,8.63,10.75,5.75,18.01,34.94,16.76,37.40,16.43,39.55
1777940327,8.63,11.50,5.75,17.91,34.93,16.53,37.39,16.51,39.59
1777940329,8.56,11.50,5.50,17.88,34.92,16.70,37.43,16.72,39.64
1777940330,8.69,10.75,5.50,17.87,34.93,16.66,37.45,17.01,39.68
1777940332,8.56,11.25,5.25,17.93,34.94,16.68,37.46,16.64,39.61
1777940333,8.63,11.00,5.50,18.12,34.97,16.65,37.48,16.68,39.61
1777940335,8.63,10.50,5.50,17.88,34.94,16.54,37.45,16.64,39.60
1777940337,8.63,11.50,5.50,17.66,34.90,16.71,37.50,15.99,39.52
1777940338,8.63,11.00,5.50,17.67,34.92,16.71,37.53,16.08,39.56
1777940340,8.63,11.50,5.50,17.87,34.96,16.63,37.50,16.48,39.62
1777940341,8.63,11.25,5.50,17.89,34.95,16.75,37.53,16.89,39.68
1777940343,8.63,11.25,5.50,17.93,34.95,16.71,37.53,16.67,39.66
1777940345,8.56,11.25,5.50,18.24,35.01,16.68,37.54,16.55,39.64
1777940346,8.56,10.75,5.50,18.01,34.98,16.66,37.55,16.53,39.66
1777940348,8.56,11.75,5.50,18.01,34.96,16.68,37.57,16.99,39.74
1777940349,8.56,11.00,5.00,17.82,34.95,16.53,37.55,17.03,39.75
1777940351,8.63,11.00,5.25,17.89,34.94,16.59,37.55,16.72,39.72
1777940353,8.56,10.50,5.00,17.99,34.96,16.59,37.59,16.71,39.72
1777940354,8.56,10.75,5.50,17.91,34.94,16.63,37.60,16.58,39.71
1777940356,8.50,10.50,5.50,17.90,34.96,16.55,37.60,16.76,39.77
1777940357,8.50,10.75,5.50,17.86,34.94,16.62,37.61,15.92,39.63
1777940359,8.56,11.50,5.75,17.97,34.96,16.65,37.65,16.80,39.79
1777940361,8.56,11.00,5.50,17.94,34.96,16.72,37.65,16.15,39.68
1777940362,8.63,11.25,5.25,18.10,34.97,16.55,37.62,16.62,39.78
1777940364,8.63,11.00,5.50,17.82,34.95,16.69,37.63,16.22,39.73
1777940365,8.69,11.00,5.50,17.79,34.93,16.50,37.60,16.56,39.80
1777940367,8.63,11.50,5.50,17.88,34.94,16.76,37.63,16.02,39.73
1777940369,8.69,11.00,5.50,17.87,34.94,16.70,37.64,16.63,39.85
1777940370,8.63,11.50,5.75,17.76,34.94,16.50,37.59,17.03,39.92
1777940372,8.63,11.25,5.25,17.89,34.94,16.69,37.63,16.25,39.80
1777940374,8.63,11.00,5.50,17.99,34.96,16.72,37.62,16.26,39.81
1777940375,8.56,10.75,5.50,17.86,34.94,16.74,37.62,16.98,39.88
1777940377,8.56,11.50,5.75,17.98,34.96,16.53,37.55,16.59,39.81
1777940378,8.56,11.25,5.25,17.85,34.94,16.60,37.57,16.63,39.80
1777940380,8.50,11.25,5.25,17.89,34.95,16.56,37.56,16.76,39.79
1777940382,8.50,11.00,5.50,17.89,34.96,16.60,37.55,16.49,39.71
1777940383,8.50,11.50,5.25,17.87,34.95,16.72,37.56,16.39,39.69
1777940385,8.44,11.00,5.25,17.87,34.95,16.75,37.52,16.42,39.69
1777940386,8.44,11.00,5.25,17.88,34.96,16.62,37.48,16.16,39.65
1777940388,8.44,11.00,5.50,17.92,34.97,16.62,37.50,16.44,39.71
1777940390,8.38,10.75,5.25,17.85,34.95,16.54,37.47,17.01,39.82
1777940391,8.44,11.00,5.50,17.88,34.95,16.55,37.48,16.88,39.82
1777940393,8.50,10.50,5.50,17.87,34.95,16.64,37.49,16.47,39.79
1777940394,8.38,11.00,5.50,17.87,34.95,16.69,37.50,16.46,39.78
1777940396,8.44,11.00,5.50,17.90,34.96,16.61,37.50,16.63,39.82
1777940398,8.44,10.75,5.25,18.01,34.98,16.64,37.49,16.70,39.84
1777940399,8.44,10.75,5.25,17.85,34.95,16.62,37.50,16.54,39.83
1777940401,8.38,11.00,5.50,17.90,34.94,16.66,37.51,16.33,39.81
1777940402,8.38,11.25,5.25,17.88,34.97,16.65,37.51,16.51,39.82
1777940404,8.38,11.00,5.50,17.88,34.96,16.56,37.52,16.57,39.84
1777940406,8.38,11.00,5.25,18.00,34.96,16.72,37.56,16.55,39.85
1777940407,8.44,11.00,5.00,17.92,34.94,16.72,37.56,16.33,39.81
1777940409,8.44,10.75,5.25,17.87,34.93,16.62,37.56,16.00,39.78
1777940410,8.44,11.00,5.25,17.87,34.94,16.57,37.56,16.53,39.87
1777940412,8.50,11.00,5.25,17.85,34.93,16.59,37.56,16.29,39.83
1777940414,8.50,11.00,5.50,17.80,34.93,16.57,37.59,16.49,39.88
1777940415,8.50,11.25,5.50,17.88,34.94,16.66,37.61,16.91,39.94
1777940417,8.50,11.25,5.00,18.04,34.97,16.58,37.61,16.48,39.87
1777940419,8.50,11.00,5.25,17.81,34.94,16.51,37.62,16.51,39.88
1777940420,8.50,10.75,5.25,17.86,34.93,16.77,37.67,16.98,39.97
1777940422,8.50,11.00,5.25,17.90,34.94,16.59,37.65,16.35,39.86
1777940423,8.56,11.00,5.25,17.97,34.96,16.49,37.63,16.60,39.91
1777940425,8.50,10.25,5.00,17.88,34.94,16.61,37.67,16.48,39.88
1777940427,8.56,11.00,5.25,17.80,34.93,16.61,37.66,16.60,39.90
1777940428,8.56,10.50,5.25,17.77,34.94,16.52,37.67,16.46,39.89
1777940430,8.56,10.50,5.50,17.90,34.96,16.68,37.69,16.03,39.83
1777940431,8.56,11.75,5.50,17.81,34.96,16.61,37.71,16.49,39.90
1777940433,8.56,11.00,5.75,17.88,34.96,16.61,37.72,17.21,40.02
1777940435,8.56,11.25,5.25,17.84,34.96,16.57,37.69,16.38,39.87
1777940436,8.50,11.00,5.25,17.94,34.98,16.55,37.71,16.92,39.95
1777940438,8.56,11.00,5.50,17.88,34.96,16.51,37.71,16.40,39.89
1777940439,8.56,11.00,5.75,17.55,34.93,16.58,37.73,16.47,39.89
1777940441,8.50,11.00,5.25,17.76,34.95,16.51,37.74,16.37,39.87
1777940443,8.50,11.00,5.25,17.80,34.96,16.73,37.77,16.39,39.88
1777940444,8.50,11.00,5.25,18.04,34.99,16.38,37.73,16.49,39.91
1777940446,8.44,11.00,5.50,17.86,34.96,16.49,37.75,16.51,39.93
1777940447,8.44,11.25,5.75,17.97,34.98,16.51,37.75,16.45,39.94
1777940449,8.44,11.00,5.50,17.66,34.94,16.55,37.75,16.27,39.91
1777940451,8.50,11.00,5.50,17.98,34.99,16.56,37.76,16.24,39.92
1777940452,8.44,11.00,5.50,17.79,34.99,16.55,37.77,16.50,39.97
1777940454,8.50,10.75,5.25,17.94,34.99,16.55,37.76,16.42,39.97
1777940455,8.44,11.00,5.00,18.01,35.00,16.48,37.74,16.31,39.96
1777940457,8.44,11.00,5.25,17.94,35.00,16.65,37.78,16.44,39.99
1777940459,8.44,11.00,5.50,17.97,35.02,16.61,37.78,16.53,40.01
1777940460,8.44,11.00,5.50,17.89,35.00,16.56,37.78,16.06,39.96
1777940462,8.44,11.00,5.50,17.76,34.99,16.58,37.80,16.37,40.03
1777940463,8.38,11.00,5.50,17.94,35.02,16.52,37.79,16.12,39.98
1777940465,8.44,11.25,5.50,17.92,35.00,16.60,37.79,16.42,40.02
1777940467,8.44,10.75,5.50,17.76,34.99,16.50,37.79,16.27,40.01
1777940468,8.38,11.25,5.25,17.79,34.98,16.59,37.81,16.31,40.04
1777940470,8.44,11.50,5.25,17.93,35.02,16.51,37.80,16.56,40.08
1777940471,8.44,10.75,5.50,17.94,35.00,16.59,37.80,16.30,40.05
1777940473,8.38,10.75,5.50,17.84,34.97,16.51,37.78,16.15,40.02
1777940475,8.38,11.00,5.75,17.92,35.03,16.66,37.78,16.40,40.09
1777940476,8.44,10.75,5.25,17.88,35.02,16.57,37.79,16.34,40.08
1777940478,8.38,11.00,5.50,17.86,35.01,16.62,37.77,16.41,40.10
1777940480,8.38,11.50,5.50,17.66,34.98,16.52,37.76,16.08,40.04
1777940481,8.44,11.00,5.50,17.84,35.00,16.54,37.75,16.27,40.07
1777940483,8.38,11.25,4.75,17.97,35.01,16.59,37.77,16.37,40.09
1777940484,8.38,11.25,5.50,17.97,35.00,16.61,37.77,16.27,40.07
1777940486,8.44,11.00,5.50,17.97,35.01,16.49,37.75,16.47,40.09
1777940488,8.38,11.00,5.25,17.94,35.01,16.52,37.76,16.07,40.04
1777940489,8.38,11.00,5.00,17.88,35.00,16.48,37.74,16.52,40.11
1777940491,8.38,11.25,5.25,17.89,35.00,16.51,37.78,16.34,40.09
1777940492,8.38,11.50,5.00,18.05,35.03,16.62,37.78,16.23,40.07
1777940494,8.38,10.75,5.25,18.13,35.05,16.53,37.77,16.65,40.14
1777940496,8.38,11.25,5.00,17.90,35.02,16.58,37.76,17.09,40.24
1777940497,8.44,11.00,5.75,17.99,35.04,16.69,37.78,16.19,40.10
1777940499,8.44,11.25,5.25,17.54,34.97,16.48,37.75,15.82,40.05
1777940500,8.44,10.75,5.00,17.86,35.02,16.50,37.75,16.33,40.14
1777940502,8.44,11.25,5.00,17.96,35.03,16.59,37.74,16.54,40.17
1777940504,8.44,11.00,5.25,17.96,35.04,16.58,37.72,16.33,40.15
1777940505,8.44,11.00,5.50,17.87,35.02,16.62,37.71,16.22,40.13
1777940507,8.44,10.50,5.25,17.84,35.03,16.59,37.70,16.80,40.22
1777940508,8.50,10.75,5.50,17.91,35.04,16.72,37.71,16.51,40.18
1777940510,8.44,11.25,5.50,17.73,35.01,16.61,37.67,16.50,40.19
1777940512,8.44,11.25,5.50,18.01,35.05,16.57,37.65,16.23,40.14
1777940513,8.38,11.00,5.25,17.80,35.00,16.61,37.65,16.39,40.17
1777940515,8.44,11.00,5.25,17.75,35.03,16.56,37.62,16.21,40.15
1777940516,8.44,11.00,5.50,17.79,35.02,16.57,37.64,16.70,40.22
1777940518,8.44,10.25,5.00,17.84,35.01,16.53,37.64,16.55,40.20
1777940520,8.44,10.75,5.25,17.84,35.04,16.64,37.65,16.32,40.16
1777940521,8.44,11.25,5.25,17.64,35.00,16.56,37.64,16.51,40.17
1777940523,8.50,11.00,5.50,17.77,35.01,16.55,37.65,16.59,40.18
1777940524,8.50,11.00,5.50,18.00,35.05,16.48,37.64,16.62,40.20
1777940526,8.44,11.25,5.25,17.84,35.04,16.59,37.68,16.51,40.18
1777940528,8.50,11.00,5.50,17.78,35.03,16.55,37.68,16.08,40.10
1777940529,8.50,11.25,5.25,17.87,35.05,16.59,37.70,16.50,40.18
1777940531,8.50,11.00,5.25,17.92,35.08,16.54,37.69,16.39,40.17
1777940533,8.50,11.00,5.25,17.89,35.06,16.58,37.71,16.66,40.21
1777940534,8.56,10.75,5.00,17.86,35.06,16.58,37.71,16.69,40.21
1777940536,8.63,11.00,5.00,17.89,35.08,16.55,37.68,16.18,40.16
1777940537,8.56,10.50,5.00,18.00,35.10,16.71,37.69,16.33,40.16
1777940539,8.56,10.75,5.50,17.84,35.07,16.55,37.66,16.52,40.22
1777940541,8.56,10.50,5.50,17.93,35.09,16.66,37.65,16.84,40.28
1777940542,8.50,10.50,5.50,17.95,35.09,16.55,37.64,16.37,40.21
1777940544,8.56,10.75,5.50,17.73,35.07,16.58,37.66,16.63,40.26
1777940545,8.56,10.75,5.25,17.72,35.06,16.62,37.65,16.35,40.23
1777940547,8.56,11.00,5.50,17.87,35.09,16.72,37.66,16.48,40.24
1777940549,8.56,11.25,5.25,17.99,35.10,16.56,37.64,15.98,40.15
1777940550,8.56,11.25,5.25,17.66,35.05,16.62,37.66,16.58,40.28
1777940552,8.56,11.00,5.25,17.80,35.08,16.54,37.67,16.36,40.26
1777940553,8.50,11.25,5.50,17.94,35.11,16.53,37.69,16.09,40.24
1777940555,8.56,11.00,5.25,17.85,35.09,16.64,37.70,15.93,40.20
1777940557,8.56,11.50,5.25,17.97,35.10,16.54,37.71,16.24,40.24
1777940558,8.63,11.25,5.25,18.04,35.12,16.61,37.71,16.13,40.22
1777940560,8.56,10.75,5.25,17.95,35.11,16.55,37.68,16.58,40.26
1777940561,8.56,11.00,5.25,17.66,35.07,16.66,37.72,16.13,40.18
1777940563,8.56,11.00,5.50,17.92,35.09,16.65,37.71,16.33,40.22
1777940565,8.56,11.00,5.25,17.94,35.11,16.70,37.71,16.66,40.24
1777940566,8.56,11.25,5.25,17.93,35.09,16.64,37.66,16.87,40.28
1777940568,8.56,11.50,5.50,17.88,35.10,16.50,37.60,17.19,40.32
1777940569,8.56,11.00,5.50,17.82,35.09,16.67,37.63,16.55,40.22
1777940571,8.56,10.75,5.50,18.05,35.13,16.67,37.61,16.56,40.22
1777940573,8.56,11.50,5.25,17.97,35.11,16.66,37.61,16.56,40.23
1777940574,8.50,11.25,5.25,17.73,35.06,16.62,37.60,16.48,40.20
1777940576,8.56,10.50,5.25,17.87,35.09,16.65,37.59,16.06,40.15
1777940577,8.56,11.00,5.25,18.01,35.13,16.66,37.57,16.07,40.15
1777940579,8.56,11.25,5.50,17.51,35.05,16.53,37.54,16.24,40.18
1777940581,8.56,11.00,5.50,17.97,35.14,16.47,37.54,16.37,40.18
1777940582,8.63,10.75,5.25,17.58,35.08,16.56,37.55,16.30,40.17
1777940584,8.63,11.00,5.75,17.96,35.13,16.62,37.56,16.16,40.16
1777940586,8.63,11.25,5.25,17.78,35.11,16.57,37.56,16.40,40.19
1777940587,8.63,11.25,5.25,18.08,35.15,16.65,37.55,16.22,40.17
1777940589,8.56,11.25,5.50,18.01,35.13,16.65,37.57,16.32,40.18
1777940590,8.63,11.25,5.25,17.76,35.11,16.66,37.58,16.36,40.19
1777940592,8.56,11.00,5.25,17.74,35.11,16.61,37.60,17.19,40.32
1777940594,8.56,10.75,5.50,18.10,35.16,16.62,37.60,16.24,40.18
1777940595,8.56,10.25,5.25,17.93,35.14,16.58,37.61,16.69,40.26
1777940597,8.56,11.00,5.50,17.88,35.12,16.52,37.62,16.33,40.20
1777940598,8.56,11.25,5.50,17.78,35.11,16.54,37.64,16.40,40.21
1777940600,8.56,10.50,5.25,17.84,35.12,16.64,37.67,16.31,40.20
1777940602,8.56,11.00,5.50,17.81,35.13,16.69,37.69,16.49,40.23
1777940603,8.56,10.75,5.25,17.91,35.14,16.65,37.69,15.89,40.15
1777940605,8.56,11.00,5.50,17.86,35.15,16.59,37.69,16.29,40.20
1777940606,8.56,10.75,5.50,17.84,35.14,16.55,37.69,17.02,40.33
1777940608,8.56,11.00,5.25,18.01,35.18,16.54,37.70,17.00,40.33
1777940610,8.56,11.50,5.50,17.70,35.12,16.62,37.72,16.13,40.18
1777940611,8.56,11.00,5.50,17.75,35.15,16.55,37.71,16.78,40.29
1777940613,8.50,11.00,5.50,17.58,35.11,16.59,37.71,16.72,40.27
1777940614,8.56,11.00,5.50,17.63,35.13,16.59,37.71,16.33,40.23
1777940616,8.50,11.50,5.50,17.76,35.16,16.63,37.69,16.59,40.27
1777940618,8.56,10.75,5.50,17.98,35.18,16.59,37.69,16.59,40.28
1777940619,8.56,11.00,5.50,18.16,35.21,16.67,37.67,16.58,40.30
1777940621,8.50,11.25,5.00,18.01,35.19,16.66,37.67,16.12,40.21
1777940622,8.50,11.00,5.50,17.58,35.14,16.64,37.67,16.62,40.27
1777940624,8.50,11.50,5.50,17.87,35.18,16.53,37.66,16.25,40.20
1777940626,8.44,11.00,5.25,18.00,35.20,16.73,37.70,16.09,40.18
1777940627,8.44,10.75,5.25,17.54,35.14,16.58,37.69,16.25,40.17
1777940629,8.44,11.25,5.25,17.62,35.14,16.62,37.70,16.16,40.15
1777940630,8.44,10.75,5.75,17.76,35.13,16.59,37.72,16.16,40.17
1777940632,8.44,11.25,5.50,17.94,35.16,16.66,37.74,17.05,40.33
1777940634,8.44,11.00,5.75,17.96,35.16,16.56,37.72,16.26,40.22
1777940635,8.50,11.25,5.75,17.64,35.12,16.62,37.72,16.44,40.29
1777940637,8.50,11.25,5.50,17.99,35.18,16.55,37.71,16.57,40.32
1777940639,8.44,11.25,5.25,17.80,35.16,16.72,37.76,16.50,40.32
1777940640,8.50,11.00,5.25,18.00,35.20,16.50,37.73,16.40,40.30
1777940642,8.44,11.00,5.50,17.53,35.12,16.61,37.74,16.29,40.31
1777940643,8.50,11.25,5.75,17.70,35.15,16.59,37.76,16.10,40.29
1777940645,8.50,11.00,5.50,17.63,35.14,16.62,37.75,16.72,40.38
1777940647,8.50,11.00,5.75,17.74,35.17,16.59,37.73,16.29,40.33
1777940648,8.44,11.00,5.50,17.85,35.19,16.67,37.76,16.10,40.32
1777940650,8.50,11.25,5.00,17.75,35.18,16.81,37.77,16.57,40.39
1777940651,8.50,10.00,5.50,17.66,35.14,16.53,37.74,16.39,40.38
1777940653,8.50,10.50,5.75,17.90,35.23,16.61,37.75,16.36,40.35
1777940655,8.50,11.00,5.50,17.85,35.20,16.49,37.74,16.33,40.36
1777940656,8.50,11.50,5.75,17.76,35.17,16.62,37.75,16.14,40.32
1777940658,8.50,11.00,5.75,17.62,35.16,16.51,37.75,16.10,40.31
1777940659,8.50,10.75,5.25,18.04,35.22,16.64,37.77,16.21,40.31
1777940661,8.50,11.25,5.50,17.74,35.16,16.71,37.78,16.40,40.34
1777940663,8.50,10.75,5.75,17.86,35.19,16.43,37.74,16.57,40.36
1777940664,8.50,10.75,5.00,18.02,35.23,16.50,37.76,16.40,40.33
1777940666,8.50,10.50,5.50,18.00,35.23,16.66,37.79,16.39,40.32
1777940667,8.50,10.25,5.50,17.55,35.14,16.58,37.79,16.33,40.32
1777940669,8.50,10.75,5.75,17.62,35.18,16.59,37.80,16.44,40.34
1777940671,8.56,11.25,5.50,17.82,35.20,16.48,37.79,16.23,40.30
1777940672,8.50,11.00,5.25,18.01,35.23,16.58,37.78,16.08,40.27
1777940674,8.56,10.75,5.50,17.65,35.18,16.58,37.80,16.20,40.29
1777940675,8.50,11.00,5.25,17.66,35.19,16.50,37.78,17.01,40.42
1777940677,8.56,11.00,5.50,17.85,35.20,16.59,37.82,16.66,40.37
1777940679,8.56,10.50,5.50,17.81,35.19,16.57,37.82,17.09,40.43
1777940680,8.50,11.00,5.25,18.04,35.25,16.44,37.82,16.50,40.36
1777940682,8.50,11.25,5.75,17.77,35.22,16.48,37.84,16.60,40.37
1777940683,8.50,10.75,5.50,17.91,35.22,16.47,37.83,16.38,40.35
1777940685,8.56,10.25,5.50,18.05,35.25,16.53,37.86,16.12,40.31
1777940687,8.50,10.25,5.75,17.59,35.20,16.59,37.87,16.37,40.33
1777940688,8.50,10.75,5.25,17.80,35.22,16.59,37.89,16.27,40.31
1777940690,8.50,10.50,5.00,17.62,35.21,16.45,37.86,16.33,40.32
1777940692,8.50,10.50,5.25,17.80,35.21,16.58,37.87,16.66,40.36
1777940693,8.50,11.25,5.50,17.81,35.23,16.53,37.84,17.03,40.41
1777940695,8.50,11.25,5.75,18.03,35.27,16.52,37.83,16.33,40.31
1777940696,8.56,11.00,5.50,18.17,35.28,16.64,37.83,16.54,40.32
1777940698,8.56,11.00,5.50,17.62,35.20,16.57,37.81,16.72,40.36
1777940700,8.50,10.50,5.50,17.56,35.19,16.63,37.83,16.43,40.30
1777940701,8.50,10.75,5.50,17.68,35.22,16.61,37.80,16.01,40.23
1777940703,8.50,11.00,5.50,17.69,35.21,16.70,37.81,16.22,40.25
1777940704,8.56,10.75,5.00,17.67,35.21,16.59,37.81,16.07,40.24
1777940706,8.50,10.75,5.00,17.96,35.25,16.64,37.82,16.12,40.20
1777940708,8.50,10.50,5.50,18.00,35.26,16.54,37.78,16.33,40.24
1777940709,8.56,10.25,5.50,17.98,35.26,16.60,37.81,17.13,40.34
1777940711,8.56,10.75,5.00,17.77,35.22,16.51,37.78,17.09,40.35
1777940712,8.50,11.00,5.25,17.67,35.21,16.61,37.81,16.33,40.22
1777940714,8.50,11.00,5.75,18.05,35.27,16.61,37.82,16.59,40.24
1777940716,8.44,11.25,4.50,17.72,35.22,16.52,37.80,16.64,40.24
1777940717,8.44,10.75,5.50,17.76,35.22,16.62,37.83,16.44,40.19
1777940719,8.44,10.50,5.75,17.70,35.20,16.42,37.78,16.92,40.26
1777940720,8.44,11.25,5.50,17.94,35.23,16.55,37.82,16.19,40.13
1777940722,8.44,11.00,5.25,17.72,35.21,16.60,37.83,16.04,40.07
1777940724,8.44,10.75,5.25,17.73,35.21,16.55,37.81,16.94,40.21
1777940725,8.44,11.50,5.50,17.67,35.18,16.54,37.83,16.68,40.17
1777940727,8.38,10.75,5.25,18.05,35.25,16.50,37.84,16.79,40.18
1777940728,8.38,10.25,5.00,17.69,35.20,16.57,37.84,16.49,40.13
1777940730,8.44,10.50,5.50,17.95,35.21,16.37,37.82,16.52,40.13
1777940732,8.38,10.75,5.75,17.98,35.24,16.58,37.86,16.15,40.04
1777940733,8.38,11.00,5.50,17.73,35.20,16.65,37.87,16.49,40.07
1777940735,8.38,11.25,5.75,17.99,35.22,16.54,37.86,16.51,40.05
1777940736,8.38,11.00,5.25,17.91,35.21,16.60,37.85,16.55,40.09
1777940738,8.44,10.75,5.50,17.97,35.21,16.55,37.84,16.62,40.11
1777940740,8.38,10.75,5.50,17.73,35.18,16.50,37.84,16.20,40.07
1777940741,8.44,11.00,5.50,18.13,35.25,16.61,37.83,16.40,40.13
1777940743,8.50,11.00,5.50,18.00,35.25,16.59,37.86,16.55,40.22
1777940745,8.50,10.75,5.25,17.80,35.25,16.54,37.86,16.01,40.18
1777940746,8.56,11.00,5.50,17.70,35.23,16.46,37.84,16.08,40.20
1777940748,8.44,11.25,5.25,17.96,35.27,16.52,37.85,16.30,40.21
1777940749,8.44,11.00,5.50,17.80,35.24,16.59,37.84,16.13,40.13
1777940751,8.44,10.25,5.50,17.63,35.21,16.59,37.84,16.48,40.14
1777940753,8.44,10.50,5.50,17.67,35.21,16.57,37.80,16.37,40.06
1777940754,8.38,10.50,5.50,17.70,35.22,16.52,37.81,16.67,40.09
1777940756,8.44,10.75,5.25,17.67,35.20,16.82,37.84,16.53,40.03
1777940757,8.38,10.50,5.00,18.03,35.26,16.69,37.80,16.70,40.02
1777940759,8.38,11.00,5.25,17.84,35.22,16.59,37.79,16.13,39.88
1777940761,8.38,11.25,5.50,17.66,35.19,16.59,37.77,16.50,39.93
1777940762,8.38,11.00,5.25,17.66,35.20,16.59,37.76,16.42,39.90
1777940764,8.38,11.25,5.75,17.66,35.19,16.56,37.73,16.49,39.93
1777940765,8.38,10.75,5.50,17.69,35.21,16.56,37.76,16.79,39.97
1777940767,8.38,10.25,5.25,17.67,35.20,16.72,37.76,16.66,39.96
1777940769,8.38,10.50,5.25,18.05,35.24,16.59,37.72,16.65,39.98
1777940770,8.38,11.25,5.25,18.06,35.26,16.69,37.69,16.62,39.96
1777940772,8.38,11.00,5.25,17.99,35.24,16.59,37.68,16.51,39.93
1777940773,8.38,11.00,5.25,17.73,35.20,16.55,37.65,16.46,39.91
1777940775,8.38,11.25,5.25,17.75,35.21,16.63,37.64,16.85,39.96
1777940777,8.38,10.75,5.50,17.80,35.22,16.63,37.63,16.49,39.90
1777940778,8.38,11.25,5.00,17.84,35.21,16.57,37.59,16.79,39.95
1777940780,8.38,11.50,5.50,17.62,35.19,16.60,37.60,16.71,39.96
1777940781,8.44,11.25,5.50,17.97,35.26,16.62,37.60,16.66,39.96
1777940783,8.44,11.25,5.50,18.01,35.24,16.61,37.59,16.65,39.97
1777940785,8.38,11.25,5.75,18.05,35.26,16.71,37.57,16.48,39.95
1777940786,8.44,11.25,5.25,17.78,35.22,16.66,37.58,16.23,39.91
1777940788,8.50,11.00,5.50,17.72,35.19,16.70,37.59,16.04,39.86
1777940789,8.56,10.25,5.50,17.74,35.19,16.59,37.55,16.40,39.91
1777940791,8.50,10.75,5.25,17.90,35.21,16.70,37.60,16.55,39.91
1777940793,8.50,11.00,5.25,17.92,35.22,16.64,37.55,16.51,39.90
1777940794,8.44,11.00,5.75,17.97,35.23,16.58,37.55,16.29,39.87
1777940796,8.50,10.50,5.25,17.96,35.21,16.59,37.56,17.01,39.98
1777940798,8.50,11.00,5.00,17.76,35.22,16.77,37.59,16.04,39.81
1777940799,8.44,10.50,5.25,18.02,35.26,16.70,37.58,16.54,39.88
1777940801,8.44,10.50,5.25,18.03,35.25,16.72,37.57,16.10,39.78
1777940802,8.44,11.00,5.00,17.67,35.20,16.67,37.55,16.62,39.87
1777940804,8.44,11.00,5.25,18.01,35.25,16.66,37.51,16.51,39.79
1777940806,8.44,11.00,5.50,17.55,35.18,16.74,37.49,16.62,39.80
1777940807,8.44,11.00,5.25,17.72,35.22,16.68,37.47,16.64,39.80
1777940809,8.44,11.00,5.25,17.63,35.19,16.79,37.48,16.68,39.82
1777940810,8.44,10.75,5.25,17.63,35.19,16.64,37.46,16.80,39.86
1777940812,8.44,11.00,5.00,17.94,35.23,16.68,37.44,16.70,39.83
1777940814,8.44,10.75,5.25,17.82,35.23,16.72,37.47,17.02,39.90
1777940815,8.44,10.75,5.00,17.82,35.23,16.63,37.46,16.64,39.83
1777940817,8.50,11.00,5.75,17.65,35.20,16.63,37.45,16.55,39.81
1777940818,8.50,11.00,5.50,17.64,35.20,16.70,37.47,16.51,39.82
1777940820,8.44,11.00,5.50,17.65,35.19,16.75,37.47,16.66,39.85
1777940822,8.44,10.00,5.50,17.71,35.22,16.70,37.46,16.00,39.76
1777940823,8.44,10.75,5.75,18.05,35.27,16.62,37.45,16.72,39.88
1777940825,8.50,10.75,5.50,17.88,35.25,16.70,37.46,16.46,39.84
1777940826,8.50,11.00,5.25,17.73,35.24,16.70,37.47,16.36,39.82
1777940828,8.56,10.50,5.50,18.01,35.28,16.76,37.49,16.66,39.88
1777940830,8.50,10.75,5.50,17.80,35.26,16.67,37.48,16.21,39.82
1777940831,8.50,10.75,5.50,17.84,35.26,16.84,37.49,16.32,39.85
1777940833,8.50,11.00,5.00,17.97,35.27,16.66,37.45,16.02,39.82
1777940834,8.50,10.75,5.50,17.94,35.28,16.73,37.43,15.98,39.81
1777940836,8.44,11.00,5.25,17.78,35.27,16.71,37.45,16.47,39.89
1777940838,8.50,10.25,6.00,17.85,35.25,16.64,37.46,16.23,39.84
1777940839,8.50,10.00,5.75,17.94,35.29,16.77,37.49,16.59,39.91
1777940841,8.56,10.75,5.50,17.74,35.25,16.76,37.49,16.60,39.91
1777940842,8.50,11.00,5.00,17.75,35.27,16.63,37.47,16.56,39.90
1777940844,8.50,10.75,5.75,17.80,35.26,16.62,37.49,16.59,39.91
1777940846,8.50,10.75,5.50,17.98,35.29,16.71,37.48,16.64,39.91
1777940847,8.50,10.50,5.50,17.77,35.25,16.67,37.48,16.87,39.94
1777940849,8.50,10.50,5.25,17.66,35.24,16.71,37.50,15.95,39.80
1777940851,8.56,10.75,5.50,17.80,35.27,16.65,37.47,17.03,39.96
1777940852,8.56,11.25,5.50,17.79,35.27,16.60,37.48,16.49,39.86
1777940854,8.56,10.75,5.50,18.11,35.32,16.66,37.50,15.99,39.80
1777940855,8.56,11.00,5.25,17.97,35.32,16.70,37.50,16.50,39.89
1777940857,8.50,11.00,5.25,17.58,35.26,16.73,37.50,16.64,39.92
1777940859,8.50,11.25,5.25,17.72,35.27,16.87,37.50,16.56,39.87
1777940860,8.56,10.50,5.25,17.59,35.26,16.72,37.48,16.44,39.84
1777940862,8.44,11.00,5.25,17.68,35.27,16.64,37.45,16.48,39.84
1777940863,8.50,10.75,5.25,17.96,35.30,16.77,37.46,16.62,39.88
1777940865,8.50,10.75,5.75,17.89,35.28,16.62,37.45,16.54,39.86
1777940867,8.50,10.75,5.50,17.67,35.25,16.81,37.47,16.94,39.93
1777940868,8.50,11.25,5.25,17.96,35.29,16.66,37.45,16.52,39.88
1777940870,8.50,10.75,4.75,17.86,35.28,16.81,37.47,16.94,39.96
1777940871,8.50,10.75,5.25,18.06,35.30,16.65,37.46,16.48,39.90
1777940873,8.50,10.75,5.25,17.94,35.31,16.63,37.45,16.35,39.93
1777940875,8.50,10.75,5.50,17.87,35.30,16.69,37.47,16.44,39.96
1777940876,8.44,10.50,5.00,17.59,35.26,16.65,37.46,16.51,39.97
1777940878,8.44,10.75,5.00,17.66,35.27,16.66,37.45,16.76,40.01
1777940879,8.44,10.75,5.00,17.73,35.29,16.86,37.47,16.48,39.94
1777940881,8.44,11.00,5.25,18.05,35.34,16.68,37.44,15.93,39.87
1777940883,8.38,11.00,5.25,17.80,35.30,16.72,37.42,16.58,39.94
1777940884,8.38,11.00,5.25,17.96,35.32,16.84,37.41,16.23,39.89
1777940886,8.44,11.00,5.25,17.63,35.29,16.80,37.37,16.22,39.88
1777940887,8.38,11.00,5.50,17.92,35.31,16.73,37.35,16.48,39.93
1777940889,8.44,10.75,5.25,17.84,35.29,16.83,37.37,16.76,40.01
1777940891,8.44,11.25,5.25,18.11,35.34,16.87,37.37,16.70,40.01
1777940892,8.44,11.00,5.25,17.84,35.28,16.80,37.37,16.49,39.98
1777940894,8.38,11.00,5.00,17.80,35.29,16.75,37.38,16.32,39.95
1777940895,8.44,10.75,5.50,17.76,35.26,16.89,37.41,16.33,39.96
1777940897,8.44,11.00,5.50,17.94,35.31,16.86,37.40,16.42,39.99
1777940899,8.38,11.25,5.25,17.89,35.31,16.87,37.40,16.42,40.00
1777940900,8.44,11.00,5.25,17.77,35.29,16.67,37.36,16.33,39.98
1777940902,8.38,10.75,5.25,18.17,35.36,16.83,37.37,16.62,40.04
1777940903,8.38,11.00,5.00,18.16,35.35,16.84,37.41,16.31,40.01
1777940905,8.44,11.00,5.50,17.55,35.25,16.80,37.40,16.34,40.02
1777940907,8.44,11.00,5.25,17.80,35.30,16.89,37.41,16.25,40.02
1777940908,8.44,10.75,5.50,17.65,35.26,16.92,37.39,16.45,40.05
1777940910,8.44,10.50,5.25,17.66,35.28,16.76,37.40,16.47,40.06
1777940912,8.44,10.75,5.25,17.97,35.32,16.70,37.38,16.56,40.07
1777940913,8.44,10.75,5.25,17.70,35.29,16.83,37.40,16.44,40.06
1777940915,8.38,11.25,5.50,17.73,35.30,16.68,37.37,17.06,40.16
1777940916,8.38,10.75,5.25,18.19,35.36,16.81,37.39,16.63,40.09
1777940918,8.38,10.75,5.25,17.80,35.31,16.87,37.38,16.25,40.05
1777940920,8.38,10.50,5.00,17.75,35.30,16.80,37.37,16.20,40.06
1777940921,8.31,11.00,5.25,17.74,35.30,16.75,37.36,16.33,40.07
1777940923,8.38,11.25,5.25,17.80,35.32,16.85,37.37,16.00,40.00
1777940924,8.38,11.00,5.50,17.67,35.31,16.72,37.36,16.13,40.02
1777940926,8.31,11.00,5.25,17.94,35.33,16.71,37.37,16.39,40.08
1777940928,8.31,10.75,5.25,17.84,35.32,16.84,37.41,16.61,40.14
1777940929,8.31,11.00,5.25,18.19,35.39,16.67,37.39,16.27,40.10
1777940931,8.38,10.75,5.50,17.80,35.34,16.86,37.43,16.55,40.17
1777940932,8.38,11.00,5.50,18.03,35.38,16.87,37.42,16.25,40.13
1777940934,8.38,10.75,5.50,17.68,35.30,16.72,37.35,16.54,40.19
1777940936,8.31,10.75,5.00,17.88,35.36,16.90,37.40,15.97,40.12
1777940937,8.38,10.75,5.25,17.84,35.35,16.86,37.36,15.93,40.13
1777940939,8.38,10.75,5.00,17.97,35.38,16.70,37.35,16.48,40.22
1777940940,8.31,10.75,5.50,17.79,35.37,16.83,37.39,16.35,40.21
1777940942,8.38,10.50,5.25,17.77,35.37,16.67,37.34,16.23,40.20
1777940944,8.38,9.75,5.25,17.75,35.35,16.66,37.37,16.36,40.22
1777940945,8.44,10.75,5.50,17.77,35.36,16.82,37.40,16.55,40.26
1777940947,8.38,10.00,5.50,17.73,35.36,16.79,37.40,16.57,40.25
1777940948,8.38,10.25,5.00,17.84,35.37,16.83,37.42,16.12,40.18
1777940950,8.44,10.50,5.25,17.70,35.35,16.82,37.44,16.02,40.16
1777940952,8.44,10.50,5.50,17.74,35.35,16.87,37.43,16.04,40.16
1777940953,8.44,10.50,5.50,17.88,35.39,16.66,37.42,16.05,40.16
1777940955,8.50,10.50,5.25,17.68,35.36,16.68,37.42,16.33,40.22
1777940957,8.44,10.50,5.00,17.66,35.36,16.67,37.42,16.43,40.23
1777940958,8.50,11.00,5.50,17.97,35.41,16.80,37.44,16.53,40.24
1777940960,8.50,11.00,5.50,17.78,35.37,16.83,37.45,16.62,40.23
1777940961,8.50,11.25,5.25,17.69,35.34,16.91,37.44,16.79,40.26
1777940963,8.50,11.00,5.00,17.76,35.37,16.65,37.42,16.59,40.24
1777940965,8.56,10.50,5.00,17.94,35.39,16.69,37.43,16.88,40.27
1777940966,8.50,10.75,5.25,17.76,35.35,16.94,37.47,16.51,40.22
1777940968,8.44,11.00,5.25,17.74,35.38,16.64,37.41,16.34,40.20
1777940969,8.50,11.00,5.50,17.69,35.36,16.64,37.41,16.40,40.20
1777940971,8.50,11.00,5.25,17.73,35.37,16.68,37.45,16.19,40.16
1777940973,8.50,10.50,5.50,17.86,35.41,16.76,37.47,16.37,40.19
1777940974,8.50,9.75,5.00,17.78,35.39,16.65,37.44,16.38,40.20
1777940976,8.50,10.75,5.25,17.80,35.39,16.74,37.48,16.44,40.23
1777940977,8.50,10.25,5.25,17.92,35.43,16.69,37.48,16.55,40.22
1777940979,8.44,10.25,5.50,17.75,35.41,16.67,37.50,16.51,40.22
1777940981,8.50,10.25,5.50,17.70,35.41,16.66,37.51,16.55,40.21
1777940982,8.50,10.25,5.50,17.69,35.40,16.62,37.54,16.48,40.20
1777940984,8.50,10.00,5.25,18.00,35.45,16.67,37.54,16.29,40.18
1777940985,8.50,10.00,5.50,17.61,35.39,16.59,37.54,16.30,40.19
1777940987,8.56,9.75,5.50,17.54,35.40,16.66,37.57,16.13,40.16
1777940989,8.50,10.50,5.50,17.70,35.41,16.68,37.58,16.05,40.16
1777940990,8.44,10.50,5.25,17.72,35.43,16.80,37.60,16.23,40.18
1777940992,8.50,10.50,5.50,17.66,35.43,16.87,37.61,16.50,40.25
1777940993,8.50,11.00,5.50,17.64,35.43,16.59,37.57,16.37,40.21
1777940995,8.44,10.75,5.25,17.69,35.43,16.67,37.56,16.39,40.21
1777940997,8.44,10.50,5.25,17.76,35.44,16.62,37.56,16.51,40.24
1777940998,8.50,10.50,5.50,17.78,35.45,16.62,37.57,16.40,40.24
1777941000,8.50,10.75,5.00,17.91,35.49,16.69,37.56,16.55,40.28
1777941001,8.44,10.25,5.50,17.87,35.47,16.59,37.55,16.58,40.28
1777941003,8.44,10.50,5.50,17.77,35.47,16.78,37.58,16.34,40.24
1777941005,8.44,10.50,5.25,17.87,35.49,16.69,37.59,16.48,40.27
1777941006,8.50,10.50,5.50,17.78,35.50,16.72,37.61,16.42,40.35
1777941008,8.50,10.50,5.25,17.84,35.53,16.71,37.62,16.33,40.45
1777941009,8.50,11.25,5.25,17.79,35.55,16.64,37.61,16.33,40.48
1777941011,8.56,11.00,5.50,17.81,35.54,16.63,37.61,16.19,40.44
1777941013,8.50,10.75,5.00,17.89,35.56,16.76,37.66,16.43,40.43
1777941014,8.44,10.50,5.25,18.05,35.59,16.74,37.66,16.50,40.42
1777941016,8.50,10.50,5.00,17.73,35.54,16.76,37.64,16.30,40.35
1777941018,8.50,10.50,5.25,17.59,35.53,16.69,37.63,16.02,40.30
1777941019,8.50,10.25,5.50,17.74,35.55,16.67,37.63,16.37,40.31
1777941021,8.44,11.25,5.00,17.67,35.52,16.69,37.62,16.35,40.32
1777941022,8.50,10.75,5.50,17.80,35.55,16.63,37.64,16.37,40.31
1777941024,8.44,11.00,5.25,17.80,35.55,16.61,37.65,16.46,40.33
1777941026,8.44,11.00,5.00,17.85,35.54,16.66,37.69,16.31,40.31
1777941027,8.50,11.00,5.25,17.63,35.53,16.49,37.67,16.50,40.34
1777941029,8.50,10.75,5.50,17.94,35.59,16.56,37.69,16.28,40.27
1777941030,8.50,10.75,5.25,17.73,35.54,16.63,37.74,16.39,40.28
1777941032,8.44,11.25,5.25,17.70,35.54,16.62,37.74,16.76,40.36
1777941034,8.50,10.50,5.00,17.66,35.54,16.72,37.77,16.67,40.35
1777941035,8.50,11.00,5.50,17.93,35.58,16.70,37.77,16.30,40.30
1777941037,8.44,11.00,5.25,17.84,35.55,16.72,37.78,16.36,40.33
1777941038,8.44,11.00,5.25,17.76,35.57,16.69,37.77,16.64,40.38
1777941040,8.50,11.00,5.00,17.78,35.56,16.64,37.77,16.05,40.30
1777941042,8.44,10.75,5.25,17.66,35.55,16.64,37.78,16.29,40.33
1777941043,8.44,10.50,5.25,17.80,35.58,16.55,37.76,16.37,40.33
1777941045,8.44,10.00,5.25,17.76,35.57,16.63,37.79,16.26,40.30
1777941046,8.44,11.25,5.50,17.81,35.57,16.70,37.80,16.31,40.28
1777941048,8.38,10.25,5.00,17.77,35.59,16.59,37.81,16.51,40.30
1777941050,8.44,11.00,5.50,17.69,35.56,16.71,37.82,16.37,40.26
1777941051,8.31,10.25,5.00,17.90,35.60,16.60,37.81,16.99,40.35
1777941053,8.38,10.50,5.50,17.73,35.57,16.56,37.82,16.53,40.28
1777941054,8.38,10.75,5.25,17.84,35.60,16.51,37.82,15.87,40.18
1777941056,8.44,11.00,5.50,17.65,35.57,16.64,37.85,16.27,40.24
1777941058,8.38,11.00,5.25,17.66,35.57,16.48,37.82,16.93,40.34
1777941059,8.31,11.25,5.50,17.85,35.60,16.68,37.87,16.30,40.22
1777941061,8.31,11.00,5.00,17.70,35.59,16.65,37.86,16.74,40.29
1777941062,8.38,11.25,5.50,17.72,35.59,16.61,37.84,16.85,40.29
1777941064,8.38,11.00,5.50,17.90,35.61,16.64,37.88,16.63,40.29
1777941066,8.38,11.00,5.50,17.66,35.57,16.63,37.89,16.39,40.26
1777941067,8.38,10.75,5.50,17.80,35.60,16.55,37.87,16.16,40.25
1777941069,8.38,10.75,5.25,17.71,35.59,16.55,37.88,16.29,40.29
1777941071,8.38,10.75,5.50,17.80,35.59,16.58,37.90,16.17,40.29
1777941072,8.38,11.00,5.00,17.73,35.59,16.50,37.91,16.16,40.30
1777941074,8.38,10.75,5.50,17.77,35.60,16.61,37.94,16.33,40.32
1777941075,8.38,10.75,5.25,17.72,35.58,16.48,37.92,16.29,40.32
1777941077,8.38,11.00,5.25,17.58,35.57,16.61,37.96,16.51,40.36
1777941079,8.38,10.75,5.25,17.66,35.59,16.65,37.97,16.51,40.36
1777941080,8.38,10.75,5.00,17.62,35.60,16.54,37.96,16.33,40.31
1777941082,8.38,11.00,5.50,17.75,35.62,16.62,37.98,16.42,40.31
1777941083,8.31,10.75,5.50,17.93,35.65,16.55,37.98,16.38,40.31
1777941085,8.38,10.75,5.25,17.80,35.62,16.65,37.99,16.16,40.26
1777941087,8.31,10.50,5.25,17.77,35.63,16.60,37.96,16.33,40.29
1777941088,8.31,10.75,5.25,17.73,35.63,16.53,37.95,16.33,40.28
1777941090,8.31,10.25,5.25,17.59,35.62,16.73,37.95,16.52,40.29
1777941091,8.25,10.75,5.25,17.87,35.65,16.59,37.92,16.48,40.29
1777941093,8.25,10.25,5.50,17.70,35.61,16.62,37.93,16.78,40.37
1777941095,8.31,10.25,5.50,17.81,35.63,16.55,37.93,16.47,40.32
1777941096,8.25,10.75,5.50,17.66,35.62,16.66,37.94,15.94,40.26
1777941098,8.31,10.50,5.25,17.82,35.65,16.46,37.91,16.82,40.40
1777941099,8.38,10.25,5.00,17.76,35.62,16.59,37.92,16.43,40.34
1777941101,8.31,10.75,5.00,17.84,35.63,16.59,37.92,16.51,40.36
1777941103,8.31,11.00,5.50,17.64,35.61,16.62,37.92,16.44,40.33
1777941104,8.38,11.00,5.00,17.92,35.65,16.51,37.91,16.48,40.34
1777941106,8.38,11.00,5.50,17.56,35.61,16.50,37.91,16.18,40.30
1777941107,8.31,10.75,5.25,17.61,35.62,16.66,37.96,16.38,40.35
1777941109,8.38,10.75,5.25,17.74,35.63,16.54,37.94,16.35,40.33
1777941111,8.38,10.50,5.25,17.66,35.63,16.64,37.97,16.44,40.34
1777941112,8.38,10.50,5.00,17.83,35.67,16.64,37.97,16.59,40.35
1777941114,8.38,10.00,5.25,17.84,35.66,16.59,37.98,16.54,40.34
1777941115,8.38,10.25,5.25,17.57,35.63,16.69,37.97,16.41,40.31
1777941117,8.44,10.75,5.25,17.80,35.67,16.63,37.96,16.58,40.41
1777941119,8.44,11.00,5.25,17.56,35.66,16.58,37.96,16.40,40.45
1777941120,8.44,11.00,5.25,17.63,35.68,16.52,37.95,16.06,40.48
1777941122,8.44,11.00,5.25,17.89,35.71,16.67,37.97,16.32,40.50
1777941124,8.50,10.75,5.00,17.80,35.71,16.59,37.95,16.56,40.53
1777941125,8.44,10.25,5.50,17.72,35.69,16.66,37.94,16.94,40.56
1777941127,8.50,10.50,4.75,17.80,35.70,16.55,37.88,16.51,40.45
1777941128,8.50,10.75,5.25,17.82,35.71,16.62,37.86,16.58,40.41
1777941130,8.50,10.50,5.50,17.76,35.69,16.64,37.85,16.29,40.34
1777941132,8.50,10.50,5.25,17.80,35.69,16.76,37.82,16.32,40.32
1777941133,8.44,10.75,5.25,17.84,35.72,16.63,37.79,16.50,40.34
1777941135,8.50,11.00,5.25,17.68,35.69,16.71,37.80,16.49,40.31
1777941136,8.44,10.75,5.25,17.76,35.69,16.59,37.76,16.60,40.33
1777941138,8.44,10.50,5.25,17.66,35.68,16.67,37.78,15.99,40.24
1777941140,8.44,10.75,5.25,17.62,35.68,16.80,37.79,16.33,40.28
1777941141,8.50,10.75,5.50,17.75,35.71,16.70,37.78,16.12,40.24
1777941143,8.38,11.00,5.25,17.69,35.70,16.73,37.78,16.44,40.27
1777941144,8.44,11.00,5.50,17.72,35.71,16.72,37.77,16.35,40.23
1777941146,8.38,11.00,5.50,17.80,35.72,16.80,37.75,16.43,40.23
1777941148,8.44,11.00,5.25,17.56,35.69,16.61,37.70,16.40,40.21
1777941149,8.44,11.00,5.25,17.76,35.72,16.62,37.71,16.50,40.24
1777941151,8.44,10.75,5.50,17.67,35.72,16.66,37.71,16.20,40.21
1777941152,8.44,10.50,5.00,17.68,35.72,16.72,37.72,16.33,40.23
1777941154,8.44,11.00,5.25,17.61,35.70,16.63,37.70,16.12,40.19
1777941156,8.44,10.75,5.75,17.65,35.71,16.65,37.74,16.31,40.22
1777941157,8.38,10.75,5.25,17.64,35.70,16.70,37.77,16.48,40.23
1777941159,8.38,11.25,5.25,17.77,35.74,16.70,37.79,16.40,40.22
1777941160,8.44,10.75,5.50,17.55,35.68,16.57,37.76,16.31,40.20
1777941162,8.44,11.00,5.25,17.80,35.75,16.88,37.83,16.35,40.23
1777941164,8.44,10.75,5.25,17.90,35.76,16.62,37.79,16.36,40.24
1777941165,8.50,10.75,5.25,17.59,35.70,16.56,37.82,16.04,40.21
1777941167,8.44,10.75,5.00,17.67,35.72,16.57,37.86,15.98,40.22
1777941168,8.44,10.75,5.00,17.82,35.75,16.61,37.88,16.33,40.27
1777941170,8.44,11.25,5.25,17.70,35.72,16.48,37.87,16.70,40.33
1777941172,8.44,10.75,5.50,17.71,35.73,16.51,37.87,16.40,40.24
1777941173,8.44,10.50,5.50,17.53,35.69,16.54,37.92,16.71,40.31
1777941175,8.44,10.75,5.25,17.76,35.74,16.51,37.96,16.35,40.26
1777941177,8.38,10.75,5.25,17.79,35.76,16.61,37.99,16.40,40.27
1777941178,8.44,10.50,5.50,17.80,35.77,16.55,38.00,16.40,40.27
1777941180,8.38,11.00,5.25,17.77,35.76,16.52,38.00,16.03,40.21
1777941181,8.38,10.50,5.00,17.84,35.76,16.59,38.03,15.97,40.19
1777941183,8.31,11.00,5.25,17.78,35.76,16.55,38.02,16.48,40.23
1777941185,8.38,11.00,5.25,17.75,35.75,16.56,38.02,16.67,40.24
1777941186,8.38,11.25,5.50,17.84,35.76,16.62,38.06,16.11,40.15
1777941188,8.38,10.75,5.25,17.80,35.77,16.73,38.07,16.49,40.24
1777941189,8.44,11.00,5.25,17.82,35.76,16.61,38.05,16.26,40.19
1777941191,8.31,11.25,5.00,17.69,35.76,16.66,38.04,16.26,40.20
1777941193,8.38,10.75,5.25,17.65,35.75,16.70,38.04,16.40,40.24
1777941194,8.31,11.25,5.50,17.76,35.76,16.55,38.02,16.17,40.20
1777941196,8.25,10.50,5.00,17.58,35.74,16.65,38.02,16.26,40.21
1777941197,8.31,11.25,5.75,17.74,35.76,16.48,37.99,16.27,40.19
1777941199,8.31,10.75,5.25,17.71,35.77,16.70,38.05,16.34,40.20
1777941201,8.31,10.25,5.00,17.76,35.78,16.55,38.02,16.48,40.20
1777941202,8.25,10.75,5.25,17.66,35.75,16.52,38.02,16.46,40.21
1777941204,8.25,10.75,5.25,17.76,35.78,16.54,38.04,16.58,40.23
1777941205,8.25,10.00,5.25,17.80,35.77,16.44,38.03,16.78,40.25
1777941207,8.25,10.75,5.50,17.73,35.75,16.53,38.06,16.44,40.22
1777941209,8.25,10.75,5.50,17.78,35.76,16.48,38.05,16.19,40.20
1777941210,8.25,11.00,5.50,17.61,35.73,16.44,38.07,16.64,40.28
1777941212,8.25,10.75,5.25,17.58,35.74,16.49,38.12,16.45,40.25
1777941213,8.25,10.75,5.25,17.95,35.80,16.64,38.15,16.35,40.25
1777941215,8.31,11.00,5.00,17.71,35.76,16.51,38.14,16.38,40.25
1777941217,8.31,11.00,5.50,17.85,35.78,16.44,38.15,16.45,40.27
1777941218,8.31,11.00,5.50,17.81,35.79,16.53,38.18,16.32,40.24
1777941220,8.31,11.50,5.50,18.08,35.82,16.52,38.17,16.27,40.24
1777941221,8.31,11.50,5.25,17.91,35.81,16.55,38.18,16.19,40.21
1777941223,8.31,11.00,4.75,17.75,35.79,16.67,38.20,16.33,40.25
1777941225,8.31,11.00,5.25,17.80,35.79,16.55,38.17,16.55,40.28
1777941226,8.31,11.25,4.75,17.50,35.76,16.59,38.18,16.58,40.27
1777941228,8.31,11.00,5.25,17.58,35.76,16.48,38.15,16.27,40.23
1777941230,8.38,10.75,5.25,17.77,35.80,16.48,38.13,16.66,40.29
1777941231,8.38,11.00,5.25,17.64,35.77,16.57,38.15,16.44,40.24
1777941233,8.38,11.25,5.25,17.69,35.78,16.59,38.16,16.33,40.22
1777941234,8.38,11.00,5.25,17.69,35.79,16.57,38.14,16.03,40.20
1777941236,8.38,10.75,5.25,17.75,35.80,16.69,38.13,16.37,40.24
1777941238,8.44,10.50,5.00,17.78,35.81,16.65,38.08,16.53,40.25
1777941239,8.44,10.75,5.25,17.58,35.76,16.55,38.05,16.29,40.21
1777941241,8.38,10.50,5.25,17.78,35.80,16.64,38.06,16.37,40.25
1777941242,8.38,11.00,5.00,17.52,35.79,16.63,38.02,16.59,40.33
1777941244,8.44,10.75,5.25,17.80,35.82,16.55,37.99,16.44,40.31
1777941246,8.44,11.25,5.25,17.93,35.87,16.64,37.98,16.29,40.27
1777941247,8.44,10.75,5.50,17.69,35.83,16.56,37.96,16.31,40.28
1777941249,8.38,11.25,5.50,17.73,35.83,16.57,37.95,16.38,40.25
1777941250,8.44,11.00,5.25,17.85,35.85,16.66,37.95,16.83,40.30
1777941252,8.44,10.50,4.75,17.71,35.81,16.70,37.94,16.59,40.24
1777941254,8.38,11.00,5.25,17.80,35.86,16.64,37.94,16.39,40.19
1777941255,8.38,11.00,5.50,17.76,35.86,16.60,37.92,16.27,40.17
1777941257,8.38,11.00,5.25,17.66,35.83,16.59,37.92,16.47,40.24
1777941258,8.31,10.50,4.75,17.73,35.83,16.67,37.92,16.23,40.19
1777941260,8.38,10.75,5.25,17.69,35.85,16.66,37.92,16.01,40.19
1777941262,8.38,11.00,5.25,17.54,35.83,16.68,37.92,16.25,40.21
1777941263,8.38,11.00,5.25,17.76,35.86,16.63,37.89,16.72,40.29
1777941265,8.38,11.00,5.50,17.72,35.85,16.64,37.87,16.65,40.30
1777941266,8.44,10.50,5.25,17.76,35.88,16.61,37.84,16.44,40.25
1777941268,8.44,10.75,5.00,17.76,35.87,16.70,37.85,16.47,40.27
1777941270,8.38,10.75,5.25,17.80,35.86,16.56,37.86,16.36,40.25
1777941271,8.44,11.00,5.25,17.71,35.86,16.62,37.86,16.79,40.34
1777941273,8.38,11.25,5.25,17.80,35.87,16.62,37.89,16.47,40.29
1777941274,8.38,10.75,5.25,17.58,35.84,16.61,37.89,16.34,40.29
1777941276,8.38,10.75,5.25,17.91,35.90,16.55,37.90,16.14,40.25
1777941278,8.38,10.75,5.50,17.84,35.88,16.55,37.92,16.30,40.28
1777941279,8.44,11.00,5.25,17.58,35.86,16.56,37.94,16.37,40.31
1777941281,8.38,11.25,5.25,17.73,35.89,16.51,37.97,16.59,40.34
1777941282,8.44,11.25,5.25,17.68,35.89,16.57,37.99,16.60,40.36
1777941284,8.38,10.75,5.25,17.78,35.92,16.63,38.00,16.81,40.41
1777941286,8.44,10.75,5.50,17.63,35.88,16.61,38.01,16.55,40.37
1777941287,8.44,11.00,5.25,17.73,35.91,16.52,38.01,16.05,40.28
1777941289,8.44,11.25,5.25,17.66,35.90,16.57,38.03,16.06,40.28
1777941291,8.44,10.75,5.25,17.76,35.93,16.59,38.06,16.55,40.37
1777941292,8.38,11.25,5.25,17.80,35.93,16.59,38.06,16.65,40.38
1777941294,8.38,11.25,5.25,17.64,35.90,16.54,38.03,16.71,40.39
1777941295,8.44,10.50,4.75,17.75,35.93,16.59,38.06,16.66,40.40
1777941297,8.50,10.75,5.50,17.73,35.92,16.67,38.08,16.27,40.33
1777941299,8.44,11.25,5.00,17.40,35.88,16.56,38.07,16.32,40.36
1777941300,8.50,10.50,5.25,17.58,35.90,16.59,38.07,16.50,40.38
1777941302,8.50,10.50,5.50,17.55,35.90,16.54,38.07,16.15,40.32
1777941303,8.50,11.00,5.25,17.59,35.92,16.59,38.09,16.36,40.34
1777941305,8.50,11.00,5.25,17.90,35.97,16.54,38.08,16.02,40.30
1777941307,8.50,11.00,5.50,17.87,35.97,16.59,38.10,16.44,40.32
1777941308,8.44,10.75,5.25,17.80,35.95,16.58,38.12,16.18,40.27
1777941310,8.38,10.50,5.25,17.55,35.91,16.55,38.12,16.30,40.29
1777941311,8.38,11.00,5.25,17.70,35.93,16.59,38.14,16.44,40.31
1777941313,8.38,10.50,5.25,17.74,35.94,16.51,38.13,16.88,40.37
1777941315,8.38,11.25,5.25,17.67,35.94,16.48,38.14,16.50,40.33
1777941316,8.31,11.00,5.00,17.73,35.92,16.54,38.16,16.50,40.30
1777941318,8.31,11.00,5.25,17.77,35.95,16.58,38.18,16.42,40.28
1777941319,8.31,10.75,5.25,17.55,35.92,16.50,38.17,16.40,40.31
1777941321,8.38,10.75,5.25,17.59,35.92,16.55,38.20,15.92,40.25
1777941323,8.38,11.00,5.25,17.77,35.96,16.55,38.20,16.08,40.30
1777941324,8.38,11.00,5.25,17.56,35.93,16.55,38.20,16.71,40.42
1777941326,8.38,10.75,4.75,17.52,35.93,16.52,38.21,16.23,40.35
1777941327,8.31,10.75,5.25,17.45,35.91,16.48,38.18,16.33,40.38
1777941329,8.44,10.75,5.25,17.97,35.99,16.54,38.19,16.29,40.37
1777941331,8.44,10.75,5.50,17.35,35.91,16.63,38.20,16.40,40.40
1777941332,8.44,10.75,5.25,17.90,35.99,16.50,38.18,16.45,40.40
1777941334,8.44,10.75,5.25,17.86,35.99,16.48,38.17,16.16,40.35
1777941336,8.44,11.00,5.50,17.55,35.94,16.40,38.18,16.15,40.36
1777941337,8.50,11.00,5.25,17.92,35.99,16.58,38.23,16.44,40.41
1777941339,8.44,10.50,5.25,17.59,35.94,16.57,38.23,16.23,40.38
1777941340,8.50,11.00,5.25,17.67,35.97,16.53,38.23,16.44,40.42
1777941342,8.50,11.00,4.75,17.75,35.99,16.53,38.21,16.60,40.45
1777941344,8.50,10.75,5.25,17.49,35.96,16.57,38.21,16.40,40.43
1777941345,8.50,11.00,5.50,17.66,35.97,16.55,38.21,16.39,40.43
1777941347,8.50,11.00,5.25,17.69,35.99,16.51,38.18,16.05,40.34
1777941348,8.56,10.75,5.25,17.61,35.96,16.51,38.17,16.34,40.41
1777941350,8.56,10.50,5.25,17.87,35.99,16.50,38.16,16.61,40.42
1777941352,8.56,11.25,5.50,17.66,35.98,16.75,38.19,16.64,40.42
1777941353,8.63,11.00,5.00,17.34,35.92,16.48,38.15,16.58,40.41
1777941355,8.56,10.50,5.50,17.40,35.91,16.63,38.18,16.51,40.40
1777941356,8.56,10.75,5.25,17.82,36.00,16.66,38.17,16.10,40.31
1777941358,8.56,11.00,5.25,17.84,36.00,16.70,38.17,16.55,40.38
1777941360,8.56,10.25,5.25,17.91,36.00,16.63,38.16,16.40,40.37
1777941361,8.56,10.75,5.25,17.42,35.94,16.59,38.12,16.35,40.34
1777941363,8.56,10.50,4.75,17.53,35.95,16.57,38.11,16.33,40.34
1777941364,8.50,11.00,5.25,17.77,35.97,16.76,38.11,16.70,40.40
1777941366,8.56,10.75,5.25,17.62,35.97,16.64,38.05,16.29,40.32
1777941368,8.56,10.75,5.00,17.90,36.02,16.56,38.05,16.55,40.34
1777941369,8.50,10.50,5.50,17.64,35.96,16.58,38.03,16.13,40.27
1777941371,8.50,10.50,5.25,17.89,36.01,16.65,38.02,16.12,40.29
1777941372,8.50,10.75,5.50,17.61,35.98,16.62,38.05,16.37,40.32
1777941374,8.50,11.00,5.00,17.75,36.00,16.64,38.03,16.04,40.26
1777941376,8.50,10.50,5.25,17.73,35.98,16.72,38.05,16.60,40.36
1777941377,8.50,10.50,5.50,17.66,35.97,16.55,38.05,16.37,40.31
1777941379,8.50,11.00,5.25,17.78,36.01,16.56,38.06,16.10,40.28
1777941380,8.50,11.00,5.25,17.63,35.98,16.63,38.07,16.14,40.28
1777941382,8.50,11.00,5.50,17.76,36.01,16.72,38.09,16.62,40.38
1777941384,8.50,11.00,5.25,17.52,35.98,16.66,38.09,16.64,40.40
1777941385,8.50,11.25,5.00,17.66,36.01,16.61,38.08,16.33,40.37
1777941387,8.50,11.00,5.25,17.92,36.07,16.71,38.10,16.47,40.40
1777941388,8.44,11.00,5.25,17.93,36.06,16.62,38.07,16.25,40.42
1777941390,8.50,11.00,5.25,17.55,36.01,16.59,38.05,16.19,40.42
1777941392,8.50,11.00,5.00,17.63,36.03,16.74,38.05,16.59,40.49
1777941393,8.50,11.00,5.50,17.69,36.05,16.63,38.03,16.66,40.52
1777941395,8.44,10.50,5.00,17.69,36.05,16.62,38.01,16.12,40.45
1777941397,8.44,10.75,5.25,17.76,36.06,16.67,38.00,16.53,40.54
1777941398,8.44,11.00,5.25,17.54,36.03,16.72,38.00,16.51,40.53
1777941400,8.44,11.00,5.25,17.67,36.04,16.63,37.97,16.46,40.52
1777941401,8.44,11.50,5.25,17.93,36.09,16.67,37.97,16.08,40.48
1777941403,8.44,11.00,5.25,17.55,36.04,16.62,37.95,16.11,40.50
1777941405,8.44,10.75,5.00,17.58,36.03,16.66,37.91,16.26,40.50
1777941406,8.50,11.00,5.00,17.84,36.06,16.76,37.94,16.32,40.52
1777941408,8.50,11.00,5.00,17.63,36.03,16.68,37.91,16.19,40.51
1777941409,8.50,10.75,5.25,17.58,36.01,16.62,37.90,16.10,40.50
1777941411,8.44,11.25,5.00,17.63,36.03,16.76,37.90,17.08,40.66
1777941413,8.50,11.00,5.00,17.45,35.99,16.67,37.91,16.63,40.59
1777941414,8.44,11.00,5.75,17.56,36.01,16.61,37.90,16.40,40.57
1777941416,8.44,11.00,5.50,17.52,35.99,16.62,37.90,16.39,40.57
1777941417,8.44,11.00,5.00,17.55,36.00,16.62,37.90,16.37,40.57
1777941419,8.44,11.25,5.25,17.68,36.02,16.53,37.91,16.27,40.56
1777941421,8.44,10.50,5.25,17.80,36.06,16.66,37.92,16.27,40.53
1777941422,8.44,11.00,5.25,17.49,36.01,16.64,37.93,16.50,40.58
1777941424,8.50,10.75,5.25,17.67,36.01,16.59,37.94,16.31,40.53
1777941425,8.50,11.25,5.75,17.69,36.02,16.55,37.94,16.31,40.53
1777941427,8.44,11.00,5.75,17.62,36.01,16.55,37.96,16.16,40.50
1777941429,8.44,11.25,5.25,17.84,36.03,16.63,38.00,16.33,40.53
1777941430,8.44,10.75,5.50,17.70,36.01,16.54,38.00,16.61,40.57
1777941432,8.44,10.00,5.25,17.95,36.04,16.52,38.01,16.27,40.53
1777941433,8.38,11.25,5.25,17.59,36.01,16.54,38.03,16.37,40.57
1777941435,8.38,10.50,5.50,17.82,36.05,16.55,38.06,16.14,40.56
1777941437,8.38,11.00,5.50,17.74,36.04,16.62,38.09,16.14,40.56
1777941438,8.38,10.75,5.50,17.90,36.05,16.55,38.13,15.94,40.55
1777941440,8.38,11.25,5.25,17.58,36.02,16.45,38.13,16.39,40.61
1777941441,8.38,11.00,5.25,17.79,36.05,16.50,38.15,16.26,40.60
1777941443,8.31,10.75,4.75,17.66,36.03,16.50,38.19,16.08,40.58
1777941445,8.38,11.00,5.25,17.66,36.04,16.48,38.20,16.58,40.67
1777941446,8.38,11.00,5.25,17.48,35.99,16.42,38.22,15.93,40.57
1777941448,8.31,11.50,5.50,17.52,36.00,16.59,38.25,16.55,40.67
1777941450,8.31,11.00,5.25,17.55,36.01,16.44,38.24,16.24,40.63
1777941451,8.38,10.50,5.25,17.84,36.04,16.47,38.26,16.15,40.62
1777941453,8.31,10.75,5.50,17.59,36.01,16.51,38.26,16.30,40.64
1777941454,8.31,10.75,4.75,17.73,36.03,16.46,38.27,16.29,40.63
1777941456,8.31,11.00,5.50,17.61,36.00,16.53,38.30,16.37,40.65
1777941458,8.31,10.25,5.00,17.66,36.03,16.44,38.29,16.56,40.69
1777941459,8.31,10.75,5.50,17.31,35.96,16.48,38.30,16.62,40.69
1777941461,8.31,10.50,5.25,17.63,36.03,16.51,38.32,15.91,40.58
1777941462,8.31,11.00,5.25,17.69,36.03,16.59,38.32,16.59,40.68
1777941464,8.31,11.00,5.25,17.76,36.05,16.56,38.33,16.27,40.64
1777941466,8.31,10.50,5.00,17.52,36.01,16.57,38.33,16.27,40.64
1777941467,8.31,11.25,5.00,17.55,36.03,16.54,38.33,16.24,40.65
1777941469,8.25,10.75,5.25,17.67,36.04,16.62,38.36,16.30,40.67
1777941470,8.31,11.00,5.25,17.79,36.07,16.48,38.34,15.77,40.58
1777941472,8.25,10.50,5.50,17.70,36.05,16.62,38.39,16.15,40.65
1777941474,8.25,11.00,5.25,17.89,36.08,16.40,38.34,16.33,40.69
1777941475,8.25,11.25,5.50,17.58,36.05,16.50,38.36,16.33,40.71
1777941477,8.25,11.25,5.75,17.48,36.01,16.36,38.35,16.44,40.74
1777941478,8.25,11.00,5.50,17.80,36.09,16.58,38.39,16.37,40.75
1777941480,8.25,11.00,5.50,17.69,36.06,16.55,38.39,16.34,40.77
1777941482,8.25,10.75,5.00,17.69,36.07,16.44,38.39,16.37,40.78
1777941483,8.25,11.00,5.25,17.84,36.10,16.58,38.43,16.28,40.78
1777941485,8.25,10.25,5.50,17.67,36.08,16.52,38.43,16.32,40.80
1777941486,8.31,10.75,5.25,17.38,36.04,16.40,38.41,15.70,40.71
1777941488,8.25,10.75,5.50,17.95,36.13,16.42,38.43,16.12,40.79
1777941490,8.31,11.00,5.25,17.76,36.10,16.62,38.48,16.20,40.82
1777941491,8.25,11.00,5.50,17.94,36.16,16.46,38.46,16.27,40.83
1777941493,8.25,10.75,5.25,17.64,36.10,16.44,38.46,15.84,40.76
1777941494,8.25,10.75,5.75,17.64,36.10,16.47,38.47,16.26,40.82
1777941496,8.25,11.00,5.50,17.73,36.12,16.37,38.49,15.94,40.77
1777941498,8.25,11.25,5.75,17.42,36.07,16.48,38.48,16.78,40.91
1777941499,8.25,10.50,5.75,17.84,36.13,16.39,38.46,16.40,40.85
1777941501,8.19,10.75,5.75,17.54,36.08,16.39,38.47,16.00,40.79
1777941503,8.25,11.00,5.75,17.80,36.11,16.44,38.48,16.04,40.80
1777941504,8.31,10.50,5.50,17.75,36.10,16.46,38.49,16.26,40.85
1777941506,8.25,10.00,5.75,17.52,36.07,16.51,38.49,16.22,40.82
1777941507,8.31,10.25,5.75,17.58,36.09,16.47,38.49,16.27,40.83
1777941509,8.19,10.25,5.75,17.71,36.10,16.42,38.49,16.31,40.84
1777941511,8.25,10.50,5.75,17.40,36.05,16.45,38.50,16.48,40.87
1777941512,8.25,10.75,5.50,17.94,36.13,16.33,38.49,16.37,40.85
1777941514,8.19,10.75,5.75,17.54,36.08,16.60,38.52,16.05,40.79
1777941515,8.19,10.50,5.25,17.69,36.08,16.48,38.52,16.10,40.79
1777941517,8.19,10.50,5.75,17.52,36.04,16.43,38.53,15.64,40.70
1777941519,8.25,10.75,6.00,17.56,36.07,16.42,38.54,16.08,40.78
1777941520,8.19,10.75,5.25,17.65,36.08,16.43,38.55,16.48,40.85
1777941522,8.19,11.00,5.75,17.95,36.12,16.48,38.55,16.63,40.86
1777941523,8.25,11.00,5.50,17.69,36.11,16.47,38.56,16.00,40.78
1777941525,8.19,11.00,5.50,17.70,36.08,16.45,38.54,16.27,40.83
1777941527,8.19,11.00,5.75,17.69,36.10,16.47,38.55,16.27,40.85
1777941528,8.25,11.00,5.75,17.73,36.08,16.45,38.53,16.71,40.90
1777941530,8.19,11.25,5.50,17.37,36.04,16.51,38.55,15.86,40.77
1777941531,8.25,11.00,5.50,17.55,36.08,16.52,38.55,16.34,40.87
1777941533,8.19,10.50,5.75,17.63,36.08,16.48,38.52,16.18,40.85
1777941535,8.19,11.00,5.25,17.62,36.07,16.57,38.53,16.04,40.83
1777941536,8.19,11.25,5.00,17.53,36.07,16.46,38.51,16.32,40.88
1777941538,8.19,11.00,5.50,17.62,36.07,16.33,38.46,15.73,40.81
1777941539,8.19,11.00,5.75,17.39,36.04,16.48,38.48,15.87,40.84
1777941541,8.19,11.25,5.50,17.54,36.06,16.52,38.48,16.29,40.90
1777941543,8.19,11.50,5.50,17.76,36.10,16.61,38.48,16.37,40.91
1777941544,8.25,11.25,5.75,17.78,36.10,16.59,38.49,15.69,40.79
1777941546,8.25,11.25,5.50,17.58,36.06,16.51,38.47,16.64,40.96
1777941547,8.19,11.00,5.00,17.76,36.08,16.61,38.49,16.29,40.90
1777941549,8.19,11.00,5.50,17.59,36.04,16.55,38.46,16.61,40.95
1777941551,8.19,11.00,5.50,17.55,36.06,16.55,38.44,16.05,40.87
1777941552,8.19,10.75,5.50,17.93,36.10,16.53,38.42,15.77,40.81
1777941554,8.13,11.00,5.50,17.76,36.04,16.49,38.41,16.08,40.85
1777941556,8.13,10.75,5.50,17.69,36.06,16.43,38.40,16.60,40.92
1777941557,8.13,11.00,5.50,17.69,36.05,16.37,38.40,16.52,40.90
1777941559,8.13,11.25,5.50,17.61,36.03,16.38,38.39,16.16,40.84
1777941560,8.19,11.50,5.75,17.81,36.05,16.49,38.41,16.06,40.81
1777941562,8.13,11.00,5.50,17.62,36.02,16.47,38.41,16.19,40.85
1777941564,8.19,11.00,5.50,17.75,36.04,16.48,38.41,16.08,40.84
1777941565,8.19,11.25,5.50,17.58,36.01,16.48,38.42,16.53,40.94
1777941567,8.19,11.00,5.50,17.37,35.98,16.42,38.40,16.06,40.88
1777941568,8.25,11.25,5.75,17.66,36.00,16.45,38.40,15.92,40.88
1777941570,8.25,10.75,5.25,17.84,36.03,16.51,38.41,16.15,40.91
1777941572,8.19,11.25,5.25,17.55,36.00,16.58,38.42,16.61,40.99
1777941573,8.25,11.00,5.25,17.72,36.02,16.57,38.42,15.59,40.84
1777941575,8.19,11.25,5.50,17.55,36.01,16.54,38.41,15.72,40.86
1777941576,8.19,11.00,5.25,17.59,35.99,16.40,38.40,16.28,40.94
1777941578,8.19,11.25,5.50,17.93,36.03,16.50,38.39,16.18,40.91
1777941580,8.19,10.75,5.50,17.69,36.00,16.57,38.38,15.98,40.88
1777941581,8.19,11.00,5.25,17.68,36.00,16.51,38.37,16.57,40.94
1777941583,8.19,10.75,5.75,17.67,36.01,16.49,38.35,16.27,40.87
1777941584,8.19,11.50,5.00,17.78,36.03,16.48,38.34,16.50,40.86
1777941586,8.19,11.50,5.50,17.58,35.97,16.52,38.33,15.88,40.77
1777941588,8.19,11.50,5.50,17.81,36.02,16.55,38.32,16.01,40.78
1777941589,8.25,10.75,4.75,17.76,35.99,16.56,38.32,16.32,40.82
1777941591,8.25,11.00,5.25,17.66,35.97,16.56,38.27,16.13,40.80
1777941592,8.25,11.00,5.25,17.73,35.98,16.48,38.25,16.25,40.84
1777941594,8.25,11.00,5.50,17.90,36.01,16.53,38.28,16.10,40.79
1777941596,8.19,11.00,5.50,17.62,35.94,16.53,38.26,15.78,40.75
1777941597,8.19,10.25,5.50,17.89,36.01,16.52,38.29,16.39,40.84
1777941599,8.25,10.75,5.50,17.61,35.95,16.49,38.29,16.23,40.82
1777941600,8.19,11.25,5.50,17.65,35.93,16.48,38.30,15.83,40.75
1777941602,8.19,11.00,5.25,17.79,36.00,16.56,38.33,16.27,40.80
1777941604,8.19,10.50,5.50,17.67,35.96,16.51,38.32,16.24,40.82
1777941605,8.19,11.00,5.25,17.67,35.97,16.48,38.34,16.38,40.84
1777941607,8.19,11.25,5.50,17.58,35.95,16.59,38.35,16.17,40.80
1777941609,8.19,11.25,5.50,17.69,35.98,16.56,38.33,15.95,40.76
1777941610,8.06,10.75,5.75,17.57,35.94,16.58,38.32,16.57,40.82
1777941612,8.06,11.00,5.50,17.73,36.00,16.58,38.33,15.89,40.73
1777941613,8.13,11.25,5.50,17.80,35.99,16.51,38.33,16.44,40.83
1777941615,8.13,11.00,5.50,17.96,36.01,16.56,38.34,16.52,40.84
1777941617,8.13,11.25,5.50,17.58,35.95,16.53,38.35,16.70,40.87
1777941618,8.13,11.00,5.50,17.84,35.99,16.51,38.36,16.05,40.78
1777941620,8.13,10.75,5.50,17.66,35.96,16.43,38.35,15.66,40.72
1777941621,8.13,11.25,5.75,17.73,35.96,16.55,38.39,16.27,40.81
1777941623,8.13,10.75,5.25,17.64,35.96,16.48,38.38,16.27,40.80
1777941625,8.06,11.25,5.25,17.73,35.97,16.51,38.38,15.91,40.76
1777941626,8.06,10.50,5.50,17.68,35.95,16.48,38.38,16.21,40.78
1777941628,8.06,10.50,5.50,17.70,35.96,16.48,38.37,16.26,40.77
1777941629,8.06,11.00,5.50,17.76,35.98,16.48,38.38,16.29,40.79
1777941631,8.00,10.75,5.50,17.80,35.97,16.63,38.39,16.49,40.80
1777941633,8.06,11.00,5.50,17.55,35.92,16.40,38.36,16.48,40.78
1777941634,8.06,11.50,5.50,17.83,35.98,16.58,38.37,16.07,40.72
1777941636,8.06,10.25,5.50,17.73,35.95,16.65,38.38,16.10,40.71
1777941637,8.06,11.25,5.50,17.47,35.92,16.53,38.36,15.88,40.69
1777941639,8.13,11.00,5.50,17.75,35.95,16.54,38.37,16.38,40.78
1777941641,8.13,11.25,5.50,17.76,35.96,16.61,38.37,16.26,40.77
1777941642,8.13,10.75,5.50,17.54,35.94,16.59,38.36,16.23,40.76
1777941644,8.13,11.00,5.50,17.79,35.96,16.59,38.34,16.18,40.78
1777941645,8.06,10.75,5.00,17.77,35.97,16.49,38.29,16.82,40.86
1777941647,8.13,11.25,5.50,17.84,35.95,16.45,38.26,16.57,40.82
1777941649,8.13,11.00,5.00,17.82,35.95,16.54,38.25,16.56,40.81
1777941650,8.13,10.50,5.50,17.53,35.91,16.59,38.24,16.16,40.72
1777941652,8.13,11.50,5.50,17.77,35.95,16.63,38.25,15.91,40.67
1777941653,8.13,11.00,5.50,17.76,35.93,16.68,38.26,16.30,40.72
1777941655,8.13,10.75,5.50,17.62,35.91,16.62,38.23,16.55,40.76
1777941657,8.13,10.75,5.50,17.81,35.93,16.59,38.23,16.57,40.76
1777941658,8.06,11.00,5.50,17.69,35.91,16.55,38.22,16.46,40.74
1777941660,8.13,10.25,5.50,17.90,35.93,16.55,38.19,16.40,40.71
1777941662,8.06,10.75,5.25,17.76,35.90,16.60,38.22,16.16,40.68
1777941663,8.06,11.00,5.75,17.68,35.89,16.70,38.23,16.12,40.67
1777941665,8.13,11.00,5.00,17.74,35.91,16.51,38.19,16.62,40.75
1777941666,8.13,11.00,5.50,17.75,35.90,16.63,38.21,16.12,40.67
1777941668,8.06,10.50,5.00,17.67,35.86,16.47,38.20,16.13,40.65
1777941670,8.06,10.25,5.00,17.64,35.87,16.61,38.23,16.54,40.71
1777941671,8.06,10.75,5.50,17.80,35.90,16.52,38.22,16.13,40.63
1777941673,8.06,11.00,5.50,17.79,35.89,16.59,38.24,16.22,40.62
1777941674,8.06,11.25,5.25,17.84,35.90,16.55,38.25,15.90,40.56
1777941676,8.06,10.75,5.50,17.80,35.90,16.58,38.28,16.21,40.62
1777941678,8.06,11.25,5.50,17.87,35.90,16.40,38.26,16.16,40.57
1777941679,8.06,11.00,5.25,17.69,35.88,16.43,38.29,16.50,40.65
1777941681,8.06,10.25,5.50,17.69,35.88,16.47,38.33,16.27,40.59
1777941682,8.00,11.25,5.50,17.66,35.87,16.37,38.35,16.44,40.60
1777941684,8.00,10.75,5.50,17.58,35.87,16.56,38.42,16.29,40.57
1777941686,8.06,10.50,5.50,17.54,35.86,16.43,38.39,16.98,40.66
1777941687,8.06,11.00,5.50,17.73,35.88,16.43,38.43,16.12,40.55
1777941689,8.06,11.25,5.50,17.78,35.88,16.46,38.43,16.50,40.62
1777941690,8.06,10.50,5.50,17.75,35.90,16.52,38.47,16.36,40.60
1777941692,8.06,11.25,5.50,17.94,35.92,16.48,38.47,16.19,40.58
1777941694,8.13,10.75,5.50,17.57,35.85,16.40,38.46,16.52,40.63
1777941695,8.13,10.75,5.50,17.72,35.88,16.60,38.48,16.55,40.62
1777941697,8.13,11.25,5.25,17.73,35.88,16.44,38.47,16.25,40.58
1777941698,8.13,11.00,5.50,17.87,35.90,16.44,38.47,16.38,40.59
1777941700,8.13,11.00,5.50,17.92,35.88,16.62,38.49,16.40,40.58
1777941702,8.19,11.25,5.50,17.87,35.89,16.44,38.45,16.44,40.58
1777941703,8.19,11.50,5.50,17.66,35.84,16.48,38.46,16.40,40.57
1777941705,8.19,11.00,5.50,17.89,35.89,16.52,38.46,16.20,40.53
1777941706,8.25,10.50,5.25,17.87,35.88,16.48,38.43,16.33,40.54
1777941708,8.25,11.25,5.25,17.63,35.86,16.56,38.45,16.28,40.53
1777941710,8.19,10.75,5.50,17.67,35.86,16.48,38.44,16.23,40.51
1777941711,8.19,11.25,5.50,17.73,35.87,16.48,38.44,16.32,40.52
1777941713,8.25,11.00,5.50,18.12,35.93,16.38,38.42,16.66,40.56
1777941715,8.19,11.00,5.50,17.73,35.86,16.53,38.45,16.48,40.52
1777941716,8.19,10.75,5.50,17.74,35.86,16.44,38.44,16.21,40.47
1777941718,8.19,11.00,5.00,17.82,35.88,16.56,38.46,16.29,40.47
1777941719,8.19,10.75,5.25,17.65,35.85,16.58,38.47,16.59,40.48
1777941721,8.19,11.00,5.50,17.76,35.86,16.54,38.46,16.37,40.47
1777941723,8.19,10.75,5.50,17.69,35.85,16.51,38.47,16.48,40.49
1777941724,8.19,10.25,5.50,17.74,35.85,16.48,38.47,16.61,40.48
1777941726,8.19,10.75,5.50,17.69,35.86,16.59,38.48,16.29,40.42
1777941727,8.25,10.75,5.25,17.93,35.87,16.48,38.46,16.22,40.43
1777941729,8.31,11.00,5.50,17.65,35.84,16.51,38.46,16.07,40.42
1777941731,8.31,10.75,5.50,17.85,35.87,16.48,38.44,16.57,40.47
1777941732,8.31,10.75,5.25,17.76,35.85,16.62,38.44,16.45,40.45
1777941734,8.31,11.00,5.50,17.62,35.83,16.43,38.40,16.53,40.45
1777941735,8.25,10.75,5.25,17.97,35.88,16.50,38.40,15.94,40.33
1777941737,8.25,10.50,5.75,17.70,35.85,16.53,38.40,16.42,40.41
1777941739,8.25,11.00,5.75,17.68,35.84,16.49,38.37,16.46,40.41
1777941740,8.25,10.75,4.50,17.80,35.85,16.50,38.37,16.60,40.43
1777941742,8.25,11.25,5.50,17.87,35.86,16.48,38.36,16.51,40.41
1777941743,8.19,11.25,5.50,17.77,35.85,16.41,38.34,16.78,40.44
1777941745,8.19,11.50,5.50,17.89,35.87,16.40,38.37,16.62,40.41
1777941747,8.25,11.00,5.25,17.79,35.84,16.54,38.39,16.25,40.33
1777941748,8.19,11.00,5.50,17.69,35.84,16.57,38.42,16.39,40.37
1777941750,8.25,11.00,5.00,17.82,35.85,16.44,38.39,16.62,40.38
1777941751,8.19,10.50,5.25,17.87,35.87,16.51,38.40,16.60,40.37
1777941753,8.25,11.00,5.50,17.69,35.84,16.43,38.40,16.44,40.33
1777941755,8.13,11.00,5.50,17.70,35.83,16.38,38.38,16.61,40.34
1777941756,8.13,10.50,5.50,17.94,35.86,16.40,38.38,16.25,40.26
1777941758,8.13,10.75,5.25,17.73,35.82,16.58,38.42,15.92,40.20
1777941759,8.13,10.75,5.50,17.89,35.84,16.55,38.42,16.42,40.26
1777941761,8.13,11.00,5.50,17.76,35.83,16.58,38.43,16.33,40.27
1777941763,8.13,11.00,5.50,17.76,35.84,16.46,38.41,16.67,40.31
1777941764,8.13,10.50,5.50,17.85,35.86,16.55,38.44,16.48,40.32
1777941766,8.13,11.25,5.50,17.65,35.82,16.44,38.41,16.37,40.32
1777941768,8.13,11.25,5.00,17.77,35.84,16.52,38.40,16.45,40.34
1777941769,8.13,10.75,5.00,17.77,35.85,16.59,38.41,16.40,40.36
1777941771,8.13,11.00,5.50,17.74,35.84,16.46,38.40,16.45,40.37
1777941772,8.13,10.50,5.50,17.75,35.87,16.51,38.39,16.73,40.42
1777941774,8.13,10.50,5.50,17.82,35.87,16.48,38.39,16.75,40.44
1777941776,8.19,11.00,5.50,17.67,35.84,16.43,38.39,16.47,40.42
1777941777,8.13,10.75,5.25,17.73,35.86,16.57,38.41,16.58,40.42
1777941779,8.13,11.00,5.50,17.86,35.86,16.52,38.42,16.44,40.42
1777941780,8.13,11.00,5.25,17.86,35.86,16.44,38.41,16.15,40.35
1777941782,8.13,11.00,5.75,17.75,35.85,16.50,38.42,16.51,40.40
1777941784,8.13,10.75,5.50,17.80,35.86,16.49,38.44,16.52,40.41
1777941785,8.13,11.00,5.00,17.85,35.86,16.44,38.45,17.00,40.47
1777941787,8.13,11.25,5.00,17.91,35.85,16.42,38.45,16.53,40.40
1777941788,8.13,10.75,5.50,17.80,35.86,16.52,38.49,16.44,40.39
1777941790,8.13,10.50,5.00,17.66,35.82,16.48,38.49,16.23,40.36
1777941792,8.13,10.75,5.25,17.70,35.83,16.50,38.53,16.67,40.44
1777941793,8.06,10.75,5.00,17.64,35.82,16.53,38.55,16.24,40.39
1777941795,8.13,11.00,5.50,17.55,35.82,16.50,38.56,16.91,40.50
1777941796,8.13,11.00,5.75,17.73,35.85,16.49,38.55,16.50,40.42
1777941798,8.06,10.75,5.25,17.74,35.84,16.38,38.53,16.43,40.42
1777941800,8.06,10.50,5.50,17.69,35.85,16.44,38.56,16.73,40.47
1777941801,8.06,11.25,5.50,17.80,35.86,16.43,38.53,16.47,40.44
1777941803,8.06,10.75,5.50,17.75,35.84,16.48,38.54,16.09,40.36
1777941804,8.06,11.00,5.50,17.72,35.83,16.53,38.54,16.40,40.42
1777941806,8.06,10.75,5.25,17.74,35.83,16.47,38.51,16.73,40.45
1777941808,8.06,11.00,5.25,17.65,35.80,16.36,38.48,16.59,40.44
1777941809,8.06,11.00,5.50,17.61,35.81,16.44,38.51,16.68,40.47
1777941811,8.13,10.75,5.50,17.93,35.86,16.51,38.48,16.44,40.43
1777941812,8.06,10.75,5.50,18.10,35.88,16.49,38.51,16.40,40.43
1777941814,8.13,10.50,5.50,17.71,35.81,16.45,38.51,16.23,40.40
1777941816,8.06,11.50,5.25,17.80,35.82,16.54,38.53,16.72,40.45
1777941817,8.13,11.25,5.50,17.64,35.77,16.43,38.52,16.75,40.46
1777941819,8.13,11.25,5.50,17.70,35.81,16.44,38.53,16.17,40.37
1777941821,8.13,11.00,5.50,17.79,35.81,16.48,38.53,16.66,40.43
1777941822,8.13,11.00,5.50,17.76,35.80,16.47,38.53,16.55,40.44
1777941824,8.13,11.25,5.50,17.78,35.81,16.49,38.55,16.11,40.36
1777941825,8.13,11.50,5.50,17.75,35.80,16.51,38.56,16.32,40.40
1777941827,8.06,11.50,5.50,17.80,35.82,16.47,38.57,17.13,40.51
1777941829,8.06,11.00,5.25,17.94,35.83,16.46,38.56,16.59,40.44
1777941830,8.06,11.00,5.75,17.67,35.80,16.49,38.58,16.48,40.42
1777941832,8.06,11.50,5.50,17.80,35.84,16.49,38.56,16.40,40.39
1777941833,8.13,11.25,5.50,17.96,35.86,16.51,38.53,16.22,40.37
1777941835,8.13,10.50,5.50,17.70,35.81,16.53,38.54,16.70,40.44
1777941837,8.13,10.50,5.25,17.87,35.83,16.48,38.50,16.44,40.42
1777941838,8.06,10.75,5.25,17.67,35.80,16.44,38.48,16.65,40.45
1777941840,8.13,11.00,5.00,17.76,35.82,16.51,38.47,16.25,40.42
1777941841,8.06,10.75,5.25,17.82,35.83,16.53,38.44,15.96,40.37
1777941843,8.13,11.25,5.50,17.84,35.83,16.48,38.41,16.23,40.42
1777941845,8.13,11.25,5.50,17.79,35.83,16.58,38.41,16.16,40.39
1777941846,8.06,11.00,5.50,17.80,35.82,16.55,38.40,16.51,40.47
1777941848,8.13,11.25,5.50,17.94,35.84,16.69,38.39,16.55,40.49
1777941849,8.13,11.00,5.25,17.80,35.85,16.59,38.36,16.33,40.45
1777941851,8.13,11.25,5.50,17.73,35.82,16.57,38.34,16.25,40.45
1777941853,8.19,10.75,5.00,17.63,35.79,16.50,38.34,16.08,40.40
1777941854,8.13,11.25,5.50,17.82,35.85,16.58,38.35,16.40,40.47
1777941856,8.19,11.25,5.50,17.69,35.84,16.61,38.35,16.44,40.47
1777941857,8.19,10.50,5.25,17.62,35.82,16.52,38.34,16.40,40.46
1777941859,8.13,11.25,5.25,17.78,35.85,16.54,38.36,16.42,40.43
1777941861,8.13,10.75,5.25,17.94,35.88,16.50,38.36,16.46,40.47
1777941862,8.19,10.75,5.50,17.78,35.85,16.44,38.37,16.46,40.45
1777941864,8.19,11.00,5.25,17.70,35.84,16.53,38.38,16.73,40.50
1777941865,8.13,10.75,5.25,17.71,35.84,16.50,38.40,16.64,40.47
1777941867,8.13,10.75,5.25,17.92,35.85,16.44,38.41,16.44,40.46
1777941869,8.13,10.75,5.00,17.77,35.86,16.49,38.43,16.43,40.45
1777941870,8.13,11.00,5.25,17.62,35.84,16.55,38.43,16.74,40.49
1777941872,8.19,11.25,5.50,17.65,35.84,16.52,38.43,16.14,40.40
1777941874,8.13,10.75,5.25,17.76,35.85,16.55,38.44,16.62,40.48
1777941875,8.13,10.75,5.50,17.97,35.87,16.51,38.45,16.58,40.47
1777941877,8.13,10.75,5.25,17.86,35.87,16.61,38.47,16.25,40.42
1777941878,8.13,10.75,5.50,17.76,35.84,16.58,38.48,16.42,40.45
1777941880,8.13,11.00,5.50,17.72,35.85,16.52,38.46,16.57,40.47
1777941882,8.19,11.00,5.00,17.65,35.84,16.40,38.45,16.60,40.46
1777941883,8.13,10.75,5.50,17.64,35.84,16.59,38.48,16.48,40.46
1777941885,8.19,11.25,5.25,17.74,35.85,16.56,38.47,16.17,40.40
1777941886,8.13,11.00,5.50,17.74,35.86,16.55,38.46,16.55,40.48
1777941888,8.13,11.25,5.50,17.72,35.86,16.55,38.45,16.51,40.45
1777941890,8.13,11.00,5.00,17.78,35.85,16.60,38.47,16.48,40.45
1777941891,8.13,11.25,5.25,17.77,35.85,16.40,38.44,16.31,40.43
1777941893,8.19,11.25,5.50,17.90,35.86,16.42,38.43,16.37,40.43
1777941894,8.13,11.00,5.50,17.79,35.85,16.45,38.44,16.42,40.45
1777941896,8.19,11.00,5.50,17.80,35.88,16.55,38.46,16.34,40.43
1777941898,8.13,11.25,5.50,17.65,35.85,16.53,38.45,16.35,40.43
1777941899,8.13,10.75,5.25,17.74,35.85,16.56,38.46,16.40,40.45
1777941901,8.13,10.50,5.75,17.75,35.86,16.40,38.44,16.58,40.49
1777941902,8.13,10.50,5.00,17.69,35.84,16.49,38.44,16.17,40.42
1777941904,8.06,10.75,5.50,17.73,35.87,16.59,38.45,16.37,40.46
1777941906,8.06,10.50,5.50,17.76,35.85,16.55,38.47,16.47,40.47
1777941907,8.13,10.50,5.75,17.69,35.86,16.58,38.46,16.40,40.45
1777941909,8.13,11.00,5.50,17.85,35.87,16.58,38.48,16.55,40.47
1777941910,8.13,10.75,5.00,17.89,35.88,16.43,38.45,16.24,40.43
1777941912,8.13,10.75,5.50,17.89,35.90,16.55,38.49,16.36,40.44
1777941914,8.06,10.75,5.50,17.87,35.89,16.46,38.48,16.51,40.46
1777941915,8.06,10.50,5.50,17.77,35.86,16.52,38.49,16.46,40.48
1777941917,8.13,10.75,4.50,17.70,35.86,16.53,38.51,16.61,40.50
1777941918,8.06,11.75,5.00,17.77,35.88,16.44,38.48,16.14,40.46
1777941920,8.06,11.25,5.50,17.84,35.89,16.59,38.49,16.37,40.49
1777941922,8.13,11.25,5.25,17.76,35.88,16.60,38.49,16.31,40.47
1777941923,8.06,11.00,5.50,17.71,35.90,16.51,38.46,16.51,40.49
1777941925,8.06,11.00,5.50,17.77,35.90,16.64,38.46,16.16,40.46
1777941927,8.06,11.00,5.50,17.74,35.89,16.56,38.44,16.17,40.47
1777941928,8.06,11.00,5.50,17.69,35.89,16.54,38.43,16.36,40.51
1777941930,8.06,11.25,4.75,17.64,35.87,16.52,38.43,16.44,40.50
1777941931,8.06,11.00,5.50,17.80,35.91,16.52,38.44,16.30,40.48
1777941933,8.06,10.25,5.00,17.66,35.88,16.44,38.43,16.33,40.49
1777941935,8.00,10.50,5.00,17.76,35.89,16.50,38.46,16.29,40.49
1777941936,8.06,9.75,5.50,17.84,35.89,16.55,38.46,16.36,40.53
1777941938,8.06,10.50,5.00,17.73,35.88,16.48,38.46,16.31,40.52
1777941939,8.00,10.50,5.25,17.62,35.86,16.49,38.49,16.36,40.54
1777941941,8.00,10.50,5.50,17.77,35.90,16.38,38.48,16.83,40.63
1777941943,8.06,10.75,5.50,17.74,35.88,16.44,38.52,16.16,40.52
1777941944,8.00,10.25,5.50,17.88,35.91,16.40,38.51,16.33,40.56
1777941946,8.13,10.00,5.00,17.85,35.93,16.44,38.53,16.19,40.53
1777941947,8.06,10.75,5.50,17.84,35.92,16.51,38.55,16.40,40.59
1777941949,8.06,10.75,5.25,17.84,35.92,16.45,38.55,16.51,40.57
1777941951,8.06,11.00,5.50,17.89,35.92,16.41,38.56,16.46,40.57
1777941952,8.00,10.75,5.00,17.69,35.90,16.59,38.59,16.37,40.55
1777941954,8.00,11.25,5.50,17.65,35.89,16.48,38.61,16.34,40.56
1777941955,8.00,11.00,5.75,17.84,35.89,16.44,38.61,16.47,40.58
1777941957,8.06,11.25,5.75,17.71,35.87,16.34,38.62,16.35,40.55
1777941959,8.06,11.25,5.75,17.80,35.89,16.45,38.65,16.43,40.60
1777941960,8.06,10.50,5.50,17.64,35.87,16.36,38.63,16.89,40.67
1777941962,8.00,11.25,5.50,17.79,35.88,16.33,38.64,16.23,40.57
1777941963,8.06,11.00,5.50,18.15,35.94,16.54,38.68,16.44,40.58
1777941965,8.06,11.50,5.00,17.94,35.91,16.37,38.67,16.44,40.59
1777941967,8.00,11.00,5.25,17.69,35.87,16.29,38.68,16.72,40.59
1777941968,8.00,10.75,5.25,17.78,35.88,16.44,38.71,16.11,40.51
1777941970,8.06,10.75,5.50,17.98,35.89,16.44,38.72,16.66,40.59
1777941971,8.06,11.25,5.50,17.61,35.84,16.41,38.74,16.77,40.61
1777941973,8.00,11.00,5.50,17.68,35.86,16.36,38.74,16.25,40.53
1777941975,8.00,10.75,5.50,17.70,35.87,16.34,38.76,15.90,40.50
1777941976,8.06,11.25,5.25,17.69,35.87,16.28,38.74,16.41,40.60
1777941978,8.06,11.00,5.25,17.62,35.86,16.48,38.79,16.26,40.55
1777941980,8.00,10.75,5.50,17.59,35.86,16.50,38.81,16.24,40.57
1777941981,8.06,10.50,5.50,17.87,35.92,16.33,38.78,16.44,40.58
1777941983,8.06,10.75,5.25,17.70,35.87,16.39,38.79,16.17,40.53
1777941984,8.06,10.75,5.50,17.84,35.92,16.44,38.78,16.44,40.58
1777941986,8.06,11.00,5.50,17.57,35.85,16.36,38.75,16.76,40.62
1777941988,8.00,11.25,5.50,17.80,35.90,16.43,38.75,16.30,40.56
1777941989,8.06,11.00,5.00,17.69,35.89,16.43,38.74,16.21,40.54
1777941991,8.06,11.25,5.00,17.74,35.91,16.48,38.75,16.37,40.56
1777941992,8.06,11.00,5.50,17.76,35.90,16.56,38.77,16.63,40.58
1777941994,8.06,11.00,5.50,17.64,35.87,16.39,38.73,16.43,40.53
1777941996,8.06,11.00,5.25,17.65,35.89,16.33,38.73,16.21,40.49
1777941997,8.06,11.25,5.50,17.75,35.90,16.39,38.73,16.27,40.50
1777941999,8.06,10.75,5.50,17.56,35.89,16.37,38.74,16.60,40.54
1777942000,8.13,10.75,5.50,17.77,35.90,16.40,38.74,16.61,40.57
1777942002,8.06,10.75,5.50,17.73,35.89,16.36,38.75,16.55,40.55
1777942004,8.13,10.75,5.50,17.84,35.91,16.38,38.76,16.09,40.53
1777942005,8.13,10.50,5.50,17.77,35.91,16.39,38.77,16.43,40.56
1777942007,8.13,10.50,5.50,17.67,35.89,16.42,38.77,16.70,40.59
1777942008,8.13,11.25,5.25,17.78,35.92,16.41,38.79,16.43,40.56
1777942010,8.13,10.75,5.25,17.71,35.91,16.28,38.78,16.51,40.59
1777942012,8.13,10.75,5.50,17.90,35.93,16.37,38.80,16.35,40.56
1777942013,8.13,11.25,5.00,17.74,35.90,16.31,38.79,16.16,40.51
1777942015,8.13,11.25,5.50,17.79,35.91,16.32,38.79,16.40,40.54
1777942016,8.13,11.00,5.50,17.58,35.88,16.48,38.84,16.19,40.51
1777942018,8.13,11.25,5.25,17.86,35.94,16.40,38.82,16.41,40.56
1777942020,8.19,11.25,5.50,17.84,35.91,16.32,38.82,16.26,40.51
1777942021,8.19,10.75,5.50,17.84,35.92,16.29,38.82,16.11,40.51
1777942023,8.13,11.25,5.25,17.91,35.94,16.29,38.82,16.10,40.51
1777942024,8.13,11.25,5.50,17.62,35.90,16.26,38.82,16.61,40.61
1777942026,8.13,11.25,5.50,17.88,35.93,16.30,38.83,16.31,40.55
1777942028,8.13,11.25,5.50,17.62,35.87,16.30,38.83,16.45,40.57
1777942029,8.13,11.25,5.50,17.61,35.90,16.25,38.82,16.31,40.54
1777942031,8.13,10.50,5.50,17.76,35.94,16.30,38.83,16.23,40.52
1777942033,8.13,11.25,5.50,17.67,35.90,16.27,38.83,16.19,40.52
1777942034,8.13,10.75,5.50,17.70,35.92,16.34,38.85,16.41,40.56
1777942036,8.19,10.50,5.50,17.68,35.91,16.29,38.83,16.64,40.59
1777942037,8.13,11.50,5.25,17.86,35.93,16.51,38.86,15.90,40.49
1777942039,8.13,10.75,5.25,17.80,35.93,16.37,38.83,16.33,40.56
1777942041,8.13,11.25,5.25,17.69,35.94,16.31,38.83,16.27,40.54
1777942042,8.13,10.75,5.50,17.76,35.93,16.24,38.83,16.13,40.54
1777942044,8.13,10.75,5.00,17.89,35.93,16.29,38.84,16.40,40.58
1777942045,8.13,10.75,5.50,17.78,35.90,16.26,38.82,16.53,40.58
1777942047,8.13,11.00,5.50,17.89,35.92,16.33,38.85,15.97,40.51
1777942049,8.13,11.00,5.50,17.77,35.91,16.37,38.84,16.15,40.55
1777942050,8.13,10.50,5.25,17.79,35.91,16.48,38.88,16.08,40.53
1777942052,8.13,10.50,5.50,17.70,35.89,16.55,38.85,16.70,40.65
1777942053,8.06,11.50,5.75,17.64,35.89,16.36,38.84,16.43,40.60
1777942055,8.13,10.50,5.25,17.74,35.90,16.42,38.84,15.97,40.53
1777942057,8.13,11.25,5.50,17.79,35.93,16.40,38.81,15.95,40.56
1777942058,8.13,11.00,5.50,17.88,35.93,16.33,38.81,16.33,40.61
1777942060,8.13,10.75,5.25,17.94,35.95,16.37,38.81,16.44,40.65
1777942061,8.13,11.50,5.25,17.86,35.93,16.36,38.79,17.06,40.75
1777942063,8.06,11.00,5.25,17.82,35.94,16.52,38.81,16.37,40.65
1777942065,8.06,10.75,5.50,17.80,35.92,16.42,38.79,16.17,40.61
1777942066,8.13,11.00,5.50,17.61,35.89,16.34,38.78,16.18,40.63
1777942068,8.13,11.25,5.50,17.71,35.91,16.48,38.78,16.80,40.72
1777942069,8.13,11.25,5.50,17.77,35.91,16.37,38.77,15.96,40.60
1777942071,8.13,11.00,5.50,17.80,35.95,16.44,38.79,16.17,40.63
1777942073,8.13,11.00,5.50,17.62,35.91,16.38,38.79,16.14,40.65
1777942074,8.13,11.00,5.50,17.64,35.92,16.40,38.80,16.19,40.65
1777942076,8.13,10.50,5.50,17.69,35.94,16.46,38.83,16.45,40.69
1777942077,8.06,10.75,5.50,17.85,35.95,16.41,38.81,16.46,40.70
1777942079,8.13,10.50,5.50,17.65,35.92,16.40,38.82,15.91,40.61
1777942081,8.06,10.75,5.50,17.78,35.94,16.33,38.81,16.33,40.68
1777942082,8.13,10.50,5.75,17.69,35.91,16.37,38.82,15.94,40.63
1777942084,8.06,10.50,5.25,17.84,35.94,16.31,38.82,16.19,40.67
1777942086,8.13,11.00,5.75,17.92,35.95,16.46,38.86,16.15,40.66
1777942087,8.06,11.50,5.50,17.90,35.95,16.52,38.88,16.22,40.68
1777942089,8.13,10.75,5.50,17.96,35.95,16.37,38.85,16.15,40.69
1777942090,8.06,11.00,5.00,17.71,35.94,16.41,38.84,16.18,40.70
1777942092,8.13,10.75,5.50,17.80,35.94,16.38,38.83,16.70,40.79
1777942094,8.06,11.00,5.25,17.84,35.92,16.40,38.85,16.10,40.70
1777942095,8.06,10.75,5.00,17.99,35.97,16.41,38.83,16.16,40.70
1777942097,8.06,10.75,5.50,17.64,35.92,16.38,38.83,16.33,40.74
1777942098,8.06,10.75,5.00,17.87,35.96,16.37,38.81,16.22,40.74
1777942100,8.06,11.25,5.50,17.65,35.92,16.45,38.84,16.85,40.84
1777942102,8.06,11.25,5.25,17.55,35.92,16.34,38.83,16.16,40.75
1777942103,8.06,11.00,5.50,17.65,35.94,16.44,38.82,16.48,40.81
1777942105,8.06,10.75,5.50,17.59,35.91,16.27,38.79,16.56,40.82
1777942106,8.06,11.00,5.50,17.69,35.93,16.44,38.82,16.28,40.79
1777942108,8.06,11.00,5.50,17.84,35.95,16.46,38.80,16.19,40.77
1777942110,8.06,10.75,5.25,17.79,35.95,16.46,38.77,16.16,40.75
1777942111,8.06,11.00,5.50,17.86,35.95,16.42,38.75,16.27,40.77
1777942113,8.06,10.75,5.50,17.85,35.94,16.54,38.78,16.48,40.81
1777942114,8.06,11.25,5.50,17.76,35.92,16.50,38.76,16.05,40.73
1777942116,8.06,11.00,5.50,17.82,35.95,16.55,38.76,16.32,40.78
1777942118,8.06,11.00,5.50,17.87,35.96,16.52,38.75,16.85,40.85
1777942119,8.00,10.75,5.50,17.86,35.95,16.48,38.73,16.14,40.74
1777942121,8.06,11.00,5.50,17.74,35.93,16.46,38.73,16.37,40.78
1777942122,8.00,11.00,5.50,17.87,35.95,16.51,38.70,16.37,40.76
1777942124,8.00,11.00,5.75,17.90,35.95,16.47,38.70,16.51,40.77
1777942126,8.00,10.75,5.50,17.76,35.94,16.49,38.69,16.22,40.73
1777942127,8.06,10.50,5.50,17.88,35.96,16.43,38.66,16.24,40.76
1777942129,8.00,10.50,5.50,17.94,35.95,16.43,38.66,16.12,40.74
1777942130,8.00,10.50,5.50,17.95,35.94,16.51,38.64,16.23,40.78
1777942132,8.06,10.50,5.25,17.73,35.92,16.57,38.64,16.19,40.79
1777942134,8.06,10.75,5.50,17.80,35.94,16.49,38.63,16.66,40.87
1777942135,8.06,11.00,5.50,17.87,35.95,16.62,38.63,16.15,40.78
1777942137,8.06,10.75,5.00,18.13,35.98,16.57,38.62,16.12,40.80
1777942139,8.06,10.25,5.50,18.14,35.98,16.46,38.63,16.32,40.84
1777942140,8.06,10.50,5.25,17.68,35.92,16.57,38.63,16.14,40.82
1777942142,8.06,10.75,5.25,17.62,35.90,16.59,38.65,16.37,40.85
1777942143,8.06,11.00,5.25,17.84,35.93,16.65,38.65,16.12,40.83
1777942145,8.06,10.75,5.50,17.78,35.93,16.55,38.62,16.28,40.84
1777942147,8.06,11.25,5.50,17.66,35.91,16.60,38.61,16.43,40.85
1777942148,8.00,10.75,5.25,17.94,35.95,16.44,38.58,16.40,40.86
1777942150,8.06,11.25,5.25,17.77,35.92,16.48,38.57,16.08,40.82
1777942151,8.06,10.50,5.50,17.79,35.93,16.64,38.59,16.58,40.89
1777942153,8.00,10.75,5.50,17.87,35.94,16.55,38.55,16.12,40.82
1777942155,8.00,11.50,5.50,17.73,35.92,16.63,38.55,16.38,40.87
1777942156,8.00,11.00,5.25,17.91,35.94,16.66,38.54,16.33,40.86
1777942158,8.00,10.50,5.50,17.55,35.90,16.57,38.49,16.33,40.86
1777942159,8.06,11.50,5.50,17.61,35.91,16.55,38.48,16.29,40.86
1777942161,8.00,10.75,5.25,17.97,35.95,16.44,38.46,16.59,40.88
1777942163,8.00,11.25,5.50,17.80,35.93,16.52,38.46,16.05,40.81
1777942164,8.00,11.00,5.25,17.94,35.94,16.56,38.46,16.39,40.85
1777942166,8.00,10.75,5.50,17.80,35.93,16.49,38.47,16.79,40.90
1777942167,8.00,11.25,5.50,17.80,35.93,16.59,38.48,16.37,40.87
1777942169,8.00,11.25,5.50,17.78,35.94,16.44,38.49,16.26,40.82
1777942171,8.00,11.50,5.25,17.82,35.93,16.51,38.52,16.06,40.82
1777942172,8.00,11.00,5.50,17.86,35.94,16.58,38.50,16.21,40.85
1777942174,8.00,11.50,5.50,17.78,35.93,16.61,38.53,16.31,40.88
1777942175,8.00,11.50,5.25,17.64,35.91,16.52,38.53,16.19,40.87
1777942177,7.94,11.25,5.25,17.77,35.93,16.50,38.53,15.94,40.87
1777942179,8.06,11.00,5.50,17.82,35.92,16.59,38.54,16.22,40.90
1777942180,8.00,11.25,5.50,17.87,35.95,16.55,38.52,16.23,40.90
1777942182,8.00,10.75,5.50,17.91,35.96,16.57,38.54,16.15,40.90
1777942183,8.06,10.50,5.50,17.73,35.93,16.44,38.52,16.22,40.94
1777942185,8.06,11.25,5.50,17.97,35.97,16.47,38.53,16.12,40.92
1777942187,8.06,11.25,5.50,17.84,35.96,16.45,38.54,16.16,40.92
1777942188,8.06,11.25,5.50,17.69,35.93,16.48,38.53,16.09,40.91
1777942190,8.13,11.00,5.25,17.76,35.94,16.48,38.53,16.35,40.96
1777942192,8.06,10.50,5.50,17.89,35.96,16.48,38.55,16.87,41.03
1777942193,8.06,11.50,5.25,17.86,35.94,16.50,38.55,16.33,40.94
1777942195,8.06,11.00,5.25,17.73,35.93,16.45,38.56,16.61,40.99
1777942196,8.13,11.25,5.25,18.01,35.96,16.58,38.59,16.31,40.93
1777942198,8.06,11.25,5.25,17.86,35.93,16.58,38.59,16.16,40.91
1777942200,8.06,11.00,5.00,17.84,35.92,16.53,38.59,16.66,40.97
1777942201,8.06,10.75,5.75,17.97,35.95,16.55,38.60,16.63,40.98
1777942203,8.06,10.50,5.25,17.96,35.93,16.59,38.61,16.23,40.90
1777942204,8.13,11.00,5.75,17.76,35.91,16.58,38.59,16.40,40.92
1777942206,8.06,10.50,5.75,17.79,35.93,16.55,38.58,16.05,40.87
1777942208,8.13,10.50,5.50,17.80,35.92,16.59,38.60,16.36,40.92
1777942209,8.13,11.25,5.50,17.95,35.95,16.51,38.56,16.30,40.90
1777942211,8.13,11.00,5.25,17.69,35.91,16.60,38.58,16.53,40.93
1777942212,8.13,11.25,5.25,18.06,35.96,16.40,38.56,16.54,40.94
1777942214,8.13,11.00,5.50,17.85,35.93,16.43,38.55,16.33,40.90
1777942216,8.13,10.50,5.75,17.75,35.92,16.52,38.55,16.06,40.88
1777942217,8.13,10.75,5.50,17.73,35.93,16.51,38.56,16.57,40.95
1777942219,8.06,11.00,5.25,17.85,35.94,16.48,38.52,16.56,40.96
1777942220,8.06,11.25,5.50,17.69,35.92,16.48,38.51,16.60,40.97
1777942222,8.13,11.50,5.50,17.94,35.95,16.63,38.52,16.14,40.88
1777942224,8.13,11.00,5.50,17.69,35.92,16.46,38.48,16.59,40.96
1777942225,8.06,11.25,5.25,17.76,35.92,16.45,38.46,16.31,40.92
1777942227,8.00,10.75,5.50,17.93,35.95,16.61,38.47,16.18,40.88
1777942228,8.00,10.75,5.50,17.73,35.90,16.55,38.48,16.17,40.87
1777942230,8.00,10.75,5.00,17.90,35.93,16.49,38.46,16.29,40.88
1777942232,8.00,10.50,5.50,17.80,35.93,16.55,38.48,16.87,40.99
1777942233,8.00,11.25,5.25,17.73,35.91,16.44,38.46,16.39,40.91
1777942235,8.00,11.25,5.75,17.90,35.92,16.58,38.48,16.03,40.87
1777942236,8.00,11.25,5.50,17.96,35.94,16.58,38.48,16.27,40.91
1777942238,7.94,10.75,5.75,17.70,35.88,16.59,38.47,15.73,40.81
1777942240,8.00,11.25,5.50,17.83,35.92,16.70,38.48,16.44,40.92
1777942241,8.00,10.75,5.50,17.82,35.92,16.54,38.43,17.09,41.00
1777942243,8.00,10.75,5.50,17.94,35.93,16.63,38.43,16.17,40.87
1777942245,8.00,10.75,5.50,18.10,35.96,16.56,38.41,16.51,40.92
1777942246,8.00,11.00,5.50,17.85,35.92,16.59,38.40,16.42,40.93
1777942248,8.00,10.50,5.25,17.84,35.92,16.59,38.40,16.29,40.91
1777942249,8.06,10.50,5.50,17.86,35.92,16.56,38.39,17.05,41.03
1777942251,8.00,11.00,5.50,17.87,35.93,16.54,38.38,17.10,41.04
1777942253,8.06,10.25,5.50,17.70,35.91,16.57,38.37,16.46,40.95
1777942254,8.00,10.75,5.25,17.74,35.91,16.59,38.37,16.27,40.91
1777942256,8.00,10.75,5.25,17.67,35.91,16.62,38.37,15.82,40.84
1777942257,8.06,11.00,5.50,17.85,35.92,16.61,38.34,16.08,40.88
1777942259,8.06,11.25,4.75,17.89,35.94,16.51,38.32,16.25,40.94
1777942261,8.13,10.75,5.50,17.77,35.93,16.75,38.32,17.10,41.09
1777942262,8.13,10.50,5.50,17.93,35.95,16.61,38.31,16.39,40.98
1777942264,8.13,11.25,5.50,17.87,35.95,16.55,38.31,16.77,41.04
1777942265,8.13,11.00,5.50,17.97,35.95,16.65,38.29,16.23,40.93
1777942267,8.13,10.00,5.50,17.67,35.92,16.59,38.27,16.16,40.88
1777942269,8.13,11.00,5.50,17.80,35.94,16.56,38.27,16.76,40.96
1777942270,8.13,11.00,5.00,17.87,35.93,16.66,38.28,16.17,40.84
1777942272,8.19,11.00,5.25,17.67,35.91,16.61,38.26,16.17,40.83
1777942273,8.19,10.75,5.50,17.94,35.94,16.76,38.26,16.31,40.83
1777942275,8.19,11.00,5.50,17.81,35.94,16.57,38.22,16.30,40.83
1777942277,8.19,11.00,5.25,17.80,35.92,16.62,38.23,16.43,40.86
1777942278,8.19,11.00,5.25,17.88,35.94,16.70,38.23,16.20,40.83
1777942280,8.13,10.75,5.50,17.87,35.93,16.62,38.22,16.07,40.81
1777942281,8.06,11.00,5.50,17.79,35.93,16.70,38.22,16.55,40.88
1777942283,8.06,11.00,5.50,17.97,35.94,16.87,38.22,16.85,40.92
1777942285,8.06,11.00,5.00,17.99,35.95,16.64,38.20,16.56,40.84
1777942286,8.00,10.75,5.50,17.73,35.92,16.62,38.19,16.12,40.75
1777942288,8.06,11.00,5.50,17.86,35.95,16.70,38.20,16.17,40.76
1777942289,8.00,11.00,5.50,17.78,35.94,16.69,38.19,16.27,40.77
1777942291,7.94,10.75,5.25,17.64,35.90,16.72,38.19,16.59,40.84
1777942293,8.00,11.00,5.25,17.74,35.91,16.66,38.17,16.40,40.81
1777942294,7.94,10.50,5.50,17.83,35.94,16.66,38.18,16.48,40.83
1777942296,7.94,11.00,5.00,17.71,35.92,16.75,38.19,16.50,40.83
1777942298,7.88,11.00,5.25,17.77,35.92,16.57,38.15,16.40,40.81
1777942299,7.81,11.50,5.50,17.97,35.95,16.62,38.13,16.16,40.77
1777942301,7.81,10.75,5.25,18.11,35.96,16.63,38.13,16.53,40.81
1777942302,7.75,11.00,5.75,17.84,35.93,16.63,38.12,15.91,40.68
1777942304,7.75,11.00,5.25,17.87,35.93,16.65,38.10,16.59,40.77
1777942306,7.69,11.25,4.75,17.85,35.93,16.91,38.14,16.87,40.79
1777942307,7.69,10.75,5.50,17.77,35.91,16.71,38.08,16.31,40.67
1777942309,7.63,11.25,5.50,17.73,35.91,16.76,38.09,16.29,40.66
1777942310,7.56,11.00,5.50,17.49,35.87,16.72,38.09,16.29,40.69
1777942312,7.56,11.00,5.25,17.90,35.91,16.75,38.08,16.32,40.69
1777942314,7.63,11.25,5.75,17.90,35.93,16.75,38.08,16.29,40.70
1777942315,7.56,10.75,5.50,17.87,35.91,16.65,38.08,16.12,40.69
1777942317,7.56,10.75,5.25,17.76,35.89,16.70,38.10,15.84,40.67
1777942318,7.56,11.50,5.50,17.88,35.92,16.70,38.10,16.17,40.70
1777942320,7.56,10.75,5.50,17.94,35.93,16.62,38.08,16.79,40.83
1777942322,7.50,11.00,5.50,17.88,35.92,16.72,38.09,16.10,40.72
1777942323,7.56,10.75,5.50,18.02,35.94,16.72,38.10,16.40,40.78
1777942325,7.56,11.00,5.50,17.85,35.92,16.76,38.09,16.33,40.75
1777942326,7.56,10.75,5.50,17.76,35.92,16.72,38.09,16.58,40.79
1777942328,7.50,11.00,5.50,17.95,35.93,16.70,38.11,16.19,40.74
1777942330,7.50,11.00,5.50,17.96,35.96,16.77,38.14,16.33,40.75
1777942331,7.50,11.25,5.25,17.76,35.93,16.69,38.14,16.31,40.76
1777942333,7.50,11.25,5.50,17.73,35.93,16.70,38.11,16.59,40.79
1777942334,7.50,10.75,5.50,17.82,35.95,16.79,38.13,15.88,40.69
1777942336,7.50,11.00,5.50,18.00,35.98,16.80,38.14,16.34,40.76
1777942338,7.50,11.25,5.50,17.70,35.93,16.67,38.12,16.60,40.78
1777942339,7.50,10.75,5.50,17.72,35.94,16.66,38.08,16.54,40.80
1777942341,7.50,11.00,5.50,17.90,35.97,16.62,38.07,16.52,40.78
1777942342,7.50,11.00,5.25,17.77,35.94,16.80,38.10,16.51,40.78
1777942344,7.50,11.25,5.50,17.88,35.96,16.72,38.09,16.24,40.73
1777942346,7.44,11.00,5.50,17.73,35.96,16.75,38.06,16.40,40.75
1777942347,7.50,10.50,5.25,17.72,35.95,16.62,38.06,16.23,40.69
1777942349,7.44,11.25,5.00,17.76,35.95,16.77,38.10,16.43,40.70
1777942351,7.44,11.25,5.50,17.70,35.94,16.66,38.09,16.18,40.65
1777942352,7.50,10.75,5.25,17.76,35.93,16.62,38.08,16.02,40.63
1777942354,7.44,10.75,5.50,17.85,35.96,16.76,38.09,15.94,40.61
1777942355,7.44,11.25,5.25,17.85,35.96,16.70,38.10,16.14,40.65
1777942357,7.44,10.75,5.50,17.78,35.95,16.61,38.10,16.40,40.69
1777942359,7.44,10.50,5.75,17.85,35.97,16.70,38.12,16.07,40.64
1777942360,7.44,11.00,5.25,17.87,35.97,16.63,38.13,16.37,40.70
1777942362,7.50,11.00,5.50,17.75,35.95,16.78,38.15,16.45,40.69
1777942363,7.50,11.25,4.75,18.03,35.98,16.64,38.14,16.32,40.68
1777942365,7.50,10.75,5.00,17.69,35.93,16.69,38.16,16.23,40.67
1777942367,7.50,10.75,5.50,17.84,35.95,16.75,38.15,16.51,40.69
1777942368,7.50,11.00,5.50,17.75,35.94,16.83,38.16,16.44,40.68
1777942370,7.50,10.50,5.25,17.86,35.96,16.70,38.14,16.44,40.68
1777942371,7.50,11.00,5.50,17.69,35.92,16.70,38.15,15.95,40.59
1777942373,7.50,11.00,5.50,17.84,35.95,16.75,38.13,16.15,40.62
1777942375,7.50,10.75,5.25,17.78,35.93,16.72,38.13,16.62,40.69
1777942376,7.44,10.50,5.50,17.81,35.92,16.66,38.08,16.29,40.61
1777942378,7.44,11.00,5.50,17.79,35.94,16.80,38.12,16.29,40.61
1777942379,7.38,11.00,5.50,17.87,35.94,16.82,38.10,16.35,40.61
1777942381,7.31,10.75,5.25,17.84,35.95,16.71,38.08,16.36,40.62
1777942383,7.38,11.00,5.25,17.72,35.93,16.78,38.09,16.37,40.61
1777942384,7.38,11.00,5.50,17.97,35.96,16.70,38.10,16.35,40.61
1777942386,7.31,11.25,5.25,17.78,35.92,16.66,38.10,16.41,40.64
1777942387,7.31,11.00,5.50,17.80,35.95,16.76,38.12,16.15,40.59
1777942389,7.31,11.00,5.50,17.82,35.96,16.80,38.13,16.29,40.63
1777942391,7.25,11.00,5.25,17.64,35.92,16.69,38.10,16.23,40.64
1777942392,7.31,11.00,5.00,17.81,35.95,16.76,38.12,16.44,40.70
1777942394,7.25,11.00,5.25,17.67,35.94,16.79,38.12,16.09,40.65
1777942395,7.25,10.75,5.50,17.80,35.96,16.72,38.13,16.72,40.77
1777942397,7.31,11.00,5.25,17.75,35.97,16.64,38.12,16.25,40.70
1777942399,7.31,11.50,5.50,17.87,35.99,16.91,38.17,16.09,40.67
1777942400,7.31,11.00,5.50,17.79,36.00,16.72,38.12,16.54,40.77
1777942402,7.31,11.00,5.50,17.78,35.98,16.83,38.12,16.59,40.79
1777942404,7.31,10.50,5.50,17.73,35.99,16.67,38.10,16.47,40.76
1777942405,7.31,11.25,5.50,17.81,35.99,16.66,38.11,16.92,40.84
1777942407,7.31,11.00,5.25,17.69,35.99,16.65,38.09,17.19,40.88
1777942408,7.31,11.00,5.00,17.80,36.01,16.65,38.09,16.20,40.72
1777942410,7.31,10.50,5.50,17.97,36.04,16.66,38.09,16.24,40.73
1777942412,7.31,11.00,5.50,17.84,36.00,16.76,38.13,16.62,40.78
1777942413,7.31,11.25,4.75,17.96,36.02,16.73,38.11,16.39,40.74
1777942415,7.31,10.50,5.50,17.80,36.01,16.80,38.11,15.91,40.67
1777942416,7.31,10.25,5.50,18.05,36.04,16.83,38.10,16.72,40.78
1777942418,7.31,11.00,5.50,17.67,35.99,16.81,38.10,16.19,40.72
1777942420,7.31,11.25,5.50,17.90,36.01,16.76,38.10,16.32,40.74
1777942421,7.31,10.75,5.25,17.88,36.01,16.81,38.08,16.35,40.75
1777942423,7.31,11.00,5.00,17.77,35.99,16.80,38.05,16.18,40.72
1777942424,7.38,11.50,5.25,17.67,35.97,16.76,38.06,16.44,40.76
1777942426,7.38,11.25,5.50,17.92,35.99,16.66,38.05,16.33,40.75
1777942428,7.31,11.25,5.00,17.63,35.96,16.66,38.06,16.66,40.81
1777942429,7.38,11.50,5.25,17.79,35.97,16.79,38.08,15.90,40.69
1777942431,7.31,11.00,5.50,17.79,35.99,16.68,38.07,16.31,40.77
1777942432,7.25,11.00,5.25,17.66,35.95,16.67,38.07,16.16,40.75
1777942434,7.25,11.00,5.25,17.97,36.01,16.59,38.06,16.43,40.79
1777942436,7.25,11.25,5.25,17.67,35.94,16.60,38.10,16.35,40.77
1777942437,7.19,11.00,5.50,17.72,35.96,16.64,38.12,16.59,40.81
1777942439,7.06,11.25,5.50,17.72,35.95,16.65,38.14,16.69,40.83
1777942440,6.94,11.00,5.00,17.87,35.97,16.68,38.16,16.29,40.78
1777942442,6.81,10.50,4.75,17.76,35.96,16.63,38.19,17.15,40.91
1777942444,6.63,10.75,5.25,17.84,35.99,16.69,38.19,15.85,40.74
1777942445,6.50,10.75,5.25,17.82,36.00,16.66,38.20,16.29,40.81
1777942447,6.44,10.75,5.50,17.82,35.99,16.74,38.22,16.48,40.83
1777942448,6.31,10.75,5.00,18.00,36.01,16.64,38.21,16.34,40.83
1777942450,6.19,11.00,5.50,17.77,35.97,16.62,38.21,16.43,40.88
1777942452,6.06,10.25,5.50,17.94,35.99,16.48,38.19,16.28,40.85
1777942453,6.00,10.75,5.75,17.84,35.98,16.55,38.23,16.88,40.95
1777942455,5.88,10.25,5.50,17.81,35.95,16.69,38.26,16.19,40.85
1777942457,5.88,11.25,5.50,17.87,35.97,16.53,38.25,16.21,40.85
1777942458,5.75,11.00,5.00,17.87,35.99,16.66,38.28,16.71,40.94
1777942460,5.75,11.00,5.25,17.85,36.00,16.55,38.28,16.05,40.82
1777942461,5.69,10.50,5.50,17.94,35.99,16.59,38.29,15.95,40.81
1777942463,5.69,11.00,5.50,17.80,36.00,16.69,38.28,16.35,40.88
1777942465,5.63,11.25,5.25,17.93,36.00,16.65,38.30,16.44,40.89
1777942466,5.56,10.50,5.50,17.81,35.99,16.56,38.30,16.27,40.86
1777942468,5.56,10.75,5.50,17.67,35.98,16.59,38.34,15.98,40.84
1777942469,5.50,11.00,5.25,18.16,36.04,16.66,38.36,16.54,40.96
1777942471,5.44,11.50,5.00,17.86,36.01,16.64,38.36,15.85,40.83
1777942473,5.44,11.25,5.25,17.79,35.99,16.62,38.37,16.31,40.92
1777942474,5.44,11.00,5.25,17.84,36.00,16.48,38.36,15.89,40.85
1777942476,5.38,11.00,5.50,17.69,35.98,16.59,38.41,16.13,40.91
1777942477,5.44,11.25,5.25,17.80,36.00,16.64,38.42,16.58,40.96
1777942479,5.38,11.00,5.25,17.96,36.01,16.48,38.41,16.58,40.99
1777942481,5.38,11.00,5.50,17.86,36.00,16.61,38.45,16.27,40.94
1777942482,5.38,10.50,5.50,17.81,35.99,16.49,38.44,16.16,40.91
1777942484,5.38,11.25,5.50,17.80,35.98,16.51,38.47,16.24,40.94
1777942485,5.38,10.75,5.50,17.98,36.01,16.62,38.50,16.30,40.96
1777942487,5.31,10.75,5.50,18.05,36.02,16.53,38.49,16.25,40.96
1777942489,5.38,11.00,5.25,17.76,36.00,16.44,38.49,16.52,41.01
1777942490,5.31,11.00,5.50,17.90,35.99,16.55,38.53,15.87,40.91
1777942492,5.38,11.00,5.25,17.76,35.98,16.50,38.53,16.00,40.92
1777942493,5.38,10.75,5.25,17.74,35.98,16.60,38.54,16.55,41.00
1777942495,5.31,10.50,5.25,17.80,35.99,16.55,38.54,16.29,40.96
1777942497,5.38,10.25,5.25,17.84,36.00,16.50,38.57,16.19,40.92
1777942498,5.38,10.75,5.25,17.97,36.02,16.55,38.58,16.50,40.98
1777942500,5.38,10.75,5.50,17.80,36.00,16.53,38.60,15.88,40.90
1777942501,5.38,10.50,5.25,17.73,35.99,16.54,38.62,16.18,40.93
1777942503,5.31,10.75,5.25,17.85,36.01,16.55,38.61,16.43,40.96
1777942505,5.44,11.00,5.75,17.86,36.00,16.51,38.62,16.42,40.95
1777942506,5.44,11.25,5.50,17.78,35.98,16.41,38.62,16.33,40.94
1777942508,5.38,11.00,5.25,17.79,36.00,16.53,38.66,17.09,41.07
1777942510,5.38,10.75,5.50,17.87,36.00,16.53,38.66,16.05,40.90
1777942511,5.44,10.75,5.25,17.93,36.00,16.57,38.70,16.35,40.94
1777942513,5.38,10.75,5.25,17.88,36.02,16.48,38.66,16.24,40.92
1777942514,5.44,11.00,5.25,17.87,36.02,16.40,38.66,16.29,40.94
1777942516,5.38,10.75,5.25,18.17,36.08,16.54,38.70,16.48,40.96
1777942518,5.44,10.50,5.50,17.61,36.00,16.43,38.69,16.69,40.98
1777942519,5.44,10.50,5.25,17.80,36.03,16.58,38.74,16.07,40.91
1777942521,5.44,11.25,5.25,17.76,36.02,16.38,38.70,16.14,40.91
1777942522,5.38,11.25,5.25,17.80,36.03,16.51,38.73,16.70,40.99
1777942524,5.44,11.00,5.25,17.84,36.02,16.55,38.73,16.20,40.93
1777942526,5.38,11.00,5.25,17.76,36.04,16.49,38.73,16.15,40.91
1777942527,5.44,11.00,5.50,17.76,36.04,16.50,38.75,16.11,40.89
1777942529,5.44,10.75,5.50,17.70,36.05,16.37,38.73,16.20,40.90
1777942530,5.44,11.25,5.50,17.64,36.04,16.44,38.78,16.18,40.90
1777942532,5.38,11.00,5.50,17.70,36.04,16.56,38.79,16.54,40.96
1777942534,5.44,11.25,5.50,17.84,36.07,16.39,38.78,16.29,40.92
1777942535,5.44,10.50,5.50,17.81,36.08,16.51,38.79,16.37,40.94
1777942537,5.44,11.25,5.25,17.80,36.05,16.33,38.77,16.17,40.91
1777942538,5.44,11.00,5.25,17.71,36.08,16.49,38.80,16.33,40.93
1777942540,5.44,11.00,5.00,17.79,36.08,16.59,38.82,16.08,40.90
1777942542,5.44,11.00,5.00,17.91,36.10,16.58,38.81,16.06,40.90
1777942543,5.44,11.00,4.75,17.91,36.10,16.40,38.78,16.39,40.96
1777942545,5.38,10.75,5.50,17.90,36.09,16.45,38.77,16.27,40.93
1777942546,5.44,10.25,5.00,17.76,36.09,16.48,38.77,16.13,40.90
1777942548,5.38,11.00,5.75,17.89,36.11,16.55,38.78,16.47,40.95
1777942550,5.38,10.75,5.50,17.80,36.10,16.50,38.78,16.67,40.98
1777942551,5.31,11.00,5.25,17.68,36.07,16.44,38.78,16.55,40.96
1777942553,5.31,11.00,5.25,17.80,36.10,16.47,38.78,16.45,40.97
1777942555,5.31,10.75,5.75,17.88,36.10,16.59,38.79,16.11,40.92
1777942556,5.38,11.00,5.50,17.65,36.07,16.52,38.81,16.64,41.01
1777942558,5.38,10.75,5.00,17.71,36.09,16.48,38.79,16.61,41.01
1777942559,5.38,10.75,5.50,17.93,36.13,16.48,38.80,16.12,40.94
1777942561,5.38,10.50,5.50,17.85,36.11,16.43,38.81,16.01,40.95
1777942563,5.31,11.00,5.25,17.84,36.10,16.40,38.81,16.34,40.98
1777942564,5.38,10.75,5.50,17.91,36.10,16.47,38.82,15.99,40.91
1777942566,5.38,11.25,5.25,17.75,36.09,16.41,38.83,16.12,40.94
1777942567,5.38,10.75,5.25,17.76,36.10,16.48,38.86,16.12,40.94
1777942569,5.38,10.75,5.50,17.88,36.11,16.54,38.88,16.34,40.97
1777942571,5.38,10.75,5.25,17.78,36.09,16.40,38.88,16.62,41.02
1777942572,5.38,11.00,5.50,17.77,36.08,16.48,38.90,16.28,40.98
1777942574,5.38,11.00,5.50,17.90,36.10,16.43,38.88,16.33,40.99
1777942575,5.31,10.75,5.50,17.77,36.09,16.45,38.88,16.19,41.00
1777942577,5.31,10.50,5.00,17.89,36.10,16.51,38.89,15.80,40.92
1777942579,5.25,11.00,5.50,17.94,36.11,16.32,38.87,16.55,41.03
1777942580,5.31,11.00,5.50,17.80,36.08,16.39,38.88,16.25,40.96
1777942582,5.31,10.75,4.75,17.87,36.11,16.42,38.90,16.44,40.98
1777942583,5.31,10.75,5.50,17.98,36.11,16.42,38.90,16.13,40.95
1777942585,5.38,11.00,5.50,17.67,36.08,16.55,38.93,16.18,40.95
1777942587,5.31,11.00,5.50,18.11,36.13,16.39,38.90,16.59,41.01
1777942588,5.38,11.25,5.00,17.86,36.10,16.39,38.91,16.12,40.96
1777942590,5.38,10.50,5.50,17.79,36.10,16.37,38.92,16.06,40.95
1777942591,5.38,11.00,5.50,17.84,36.10,16.52,38.96,16.43,41.01
1777942593,5.38,11.25,5.00,17.72,36.10,16.45,38.97,16.48,41.03
1777942595,5.38,10.75,5.00,17.75,36.10,16.37,38.95,16.19,40.99
1777942596,5.44,10.50,4.75,17.72,36.12,16.41,38.98,16.27,41.02
1777942598,5.44,11.00,5.50,17.75,36.11,16.40,38.98,17.04,41.15
1777942599,5.44,11.00,5.25,17.66,36.10,16.42,39.01,16.06,41.00
1777942601,5.44,11.25,5.75,17.91,36.14,16.37,39.00,16.37,41.05
1777942603,5.50,11.00,5.00,17.82,36.15,16.43,39.01,16.11,41.00
1777942604,5.44,11.00,5.50,17.76,36.13,16.40,39.02,16.16,41.01
1777942606,5.44,11.00,5.00,17.89,36.14,16.40,39.02,16.03,40.97
1777942608,5.44,11.00,5.25,17.66,36.12,16.47,39.02,16.16,41.00
1777942609,5.44,11.00,5.50,17.55,36.10,16.34,39.01,16.23,41.00
1777942611,5.44,10.75,5.00,17.63,36.12,16.62,39.03,15.89,40.94
1777942612,5.44,11.25,5.50,17.76,36.13,16.55,39.04,16.72,41.07
1777942614,5.44,11.00,5.00,17.88,36.16,16.52,39.00,16.13,40.99
1777942616,5.44,11.25,5.25,17.68,36.13,16.51,38.98,16.30,40.99
1777942617,5.44,11.00,5.25,17.58,36.12,16.50,38.94,16.20,40.97
1777942619,5.44,10.75,5.50,17.97,36.19,16.45,38.94,16.15,40.97
1777942620,5.44,10.50,4.75,17.85,36.16,16.42,38.93,16.18,40.96
1777942622,5.44,10.50,5.25,17.90,36.17,16.46,38.91,16.37,40.97
1777942624,5.44,10.75,5.50,17.80,36.15,16.40,38.91,16.44,40.98
1777942625,5.44,11.00,5.00,17.73,36.15,16.38,38.91,16.65,41.01
1777942627,5.38,10.75,5.25,17.79,36.14,16.37,38.92,16.35,40.95
1777942628,5.44,10.75,5.50,17.90,36.15,16.59,38.95,16.21,40.94
1777942630,5.38,10.75,5.50,17.71,36.15,16.53,38.97,16.37,40.96
1777942632,5.44,11.00,5.25,17.68,36.14,16.46,38.96,16.61,41.01
1777942633,5.44,10.50,5.50,17.74,36.14,16.47,38.97,16.52,40.99
1777942635,5.38,10.50,5.50,17.80,36.16,16.53,38.98,16.46,40.99
1777942636,5.44,10.75,5.25,17.66,36.11,16.43,38.96,16.62,40.99
1777942638,5.38,10.50,5.50,17.84,36.16,16.55,38.99,16.28,40.95
1777942640,5.38,10.50,5.50,17.63,36.13,16.38,38.96,16.05,40.92
1777942641,5.38,10.75,5.50,17.90,36.17,16.38,39.00,16.20,40.93
1777942643,5.38,11.00,5.50,17.61,36.13,16.39,39.00,16.19,40.94
1777942644,5.38,10.75,5.50,17.80,36.15,16.42,39.00,16.47,41.00
1777942646,5.38,11.25,5.25,17.78,36.13,16.50,39.03,16.08,40.94
1777942648,5.38,10.25,5.50,17.63,36.12,16.37,39.00,16.12,40.95
1777942649,5.38,10.00,4.75,17.90,36.16,16.37,39.02,16.27,40.98
1777942651,5.38,10.75,5.50,17.77,36.17,16.56,39.05,16.05,40.96
1777942653,5.38,10.25,5.50,17.68,36.16,16.46,39.04,16.67,41.06
1777942654,5.38,10.25,5.25,17.82,36.16,16.46,39.02,17.07,41.12
1777942656,5.38,10.50,5.50,17.97,36.19,16.44,39.02,16.27,41.01
1777942657,5.38,10.75,5.25,17.64,36.13,16.33,39.02,16.13,40.96
1777942659,5.31,10.75,5.50,17.80,36.16,16.44,39.05,16.10,40.96
1777942661,5.38,10.00,5.75,17.80,36.16,16.47,39.06,15.98,40.95
1777942662,5.38,10.50,5.50,17.89,36.19,16.38,39.02,16.44,41.05
1777942664,5.38,10.25,5.75,17.73,36.17,16.43,39.04,16.85,41.13
1777942665,5.38,10.75,5.75,17.64,36.15,16.56,39.07,16.22,41.02
1777942667,5.38,11.00,5.50,18.11,36.19,16.40,39.03,16.64,41.11
1777942669,5.44,10.50,5.50,17.80,36.16,16.34,39.04,16.56,41.11
1777942670,5.44,10.25,5.50,17.77,36.15,16.44,39.05,16.37,41.08
1777942672,5.38,10.75,5.75,17.73,36.16,16.29,39.03,16.51,41.12
1777942673,5.38,10.25,5.50,17.58,36.14,16.32,39.05,16.16,41.08
1777942675,5.38,11.00,5.50,17.80,36.19,16.30,39.04,16.28,41.10
1777942677,5.38,11.25,5.50,17.87,36.19,16.42,39.05,15.94,41.05
1777942678,5.38,10.75,5.50,17.69,36.17,16.43,39.07,15.84,41.03
1777942680,5.44,10.75,5.50,17.85,36.20,16.44,39.07,16.27,41.10
1777942681,5.38,11.00,5.50,17.89,36.20,16.54,39.07,16.38,41.14
1777942683,5.38,10.75,5.50,17.73,36.17,16.37,39.05,16.32,41.14
1777942685,5.38,11.25,5.75,17.62,36.17,16.40,39.03,16.44,41.17
1777942686,5.44,11.00,5.50,17.69,36.17,16.44,39.04,16.26,41.15
1777942688,5.38,11.25,5.50,17.64,36.17,16.42,39.00,16.23,41.16
1777942689,5.38,11.25,5.50,17.76,36.18,16.52,38.97,16.12,41.13
1777942691,5.38,11.00,5.50,17.81,36.21,16.49,38.94,16.27,41.17
1777942693,5.44,10.00,5.00,17.87,36.20,16.46,38.93,16.18,41.16
1777942694,5.38,10.75,5.50,17.66,36.16,16.37,38.89,16.53,41.23
1777942696,5.44,11.25,5.25,17.84,36.21,16.52,38.90,16.74,41.25
1777942698,5.44,11.00,5.50,17.79,36.22,16.50,38.91,15.99,41.13
1777942699,5.38,10.75,5.00,17.80,36.18,16.44,38.90,16.21,41.15
1777942701,5.38,10.75,5.00,17.94,36.21,16.49,38.92,16.31,41.16
1777942702,5.31,10.75,5.50,17.72,36.18,16.54,38.93,16.05,41.12
1777942704,5.31,10.75,5.50,17.94,36.22,16.37,38.92,15.86,41.08
1777942706,5.31,10.75,5.00,17.84,36.19,16.44,38.93,16.31,41.14
1777942707,5.25,11.00,4.75,17.81,36.19,16.38,38.96,16.26,41.14
1777942709,5.25,10.75,5.25,17.97,36.19,16.47,38.99,15.87,41.08
1777942710,5.31,11.25,5.50,17.77,36.17,16.40,38.99,16.54,41.19
1777942712,5.31,11.25,5.25,17.81,36.19,16.48,39.00,16.24,41.15
1777942714,5.31,10.25,5.50,17.94,36.21,16.47,39.03,16.07,41.14
1777942715,5.31,10.75,5.50,17.80,36.17,16.42,39.02,16.01,41.14
1777942717,5.38,10.00,5.50,17.62,36.15,16.46,39.02,16.27,41.19
1777942718,5.31,10.25,5.75,17.64,36.15,16.31,39.02,16.28,41.21
1777942720,5.31,9.75,5.50,17.80,36.17,16.36,39.02,16.06,41.19
1777942722,5.38,10.50,5.25,17.58,36.16,16.31,39.03,16.80,41.29
1777942723,5.38,10.75,5.50,17.80,36.18,16.37,39.06,16.37,41.25
1777942725,5.38,10.50,5.50,17.61,36.15,16.50,39.05,16.08,41.19
1777942726,5.31,10.50,5.00,17.56,36.15,16.36,39.02,16.48,41.23
1777942728,5.38,10.25,5.50,17.87,36.20,16.40,39.06,15.70,41.11
1777942730,5.31,10.75,5.50,17.69,36.17,16.48,39.08,16.12,41.18
1777942731,5.38,10.50,5.25,17.67,36.17,16.33,39.07,16.56,41.23
1777942733,5.38,10.50,5.00,17.70,36.17,16.46,39.09,16.29,41.16
1777942734,5.38,11.00,5.25,17.70,36.18,16.31,39.05,16.19,41.14
1777942736,5.38,11.00,5.25,18.03,36.23,16.55,39.10,16.28,41.16
1777942738,5.31,11.00,5.50,17.87,36.20,16.38,39.06,16.36,41.15
1777942739,5.38,10.75,5.25,17.90,36.22,16.33,39.07,16.27,41.14
1777942741,5.38,10.75,5.50,17.81,36.20,16.33,39.07,16.62,41.19
1777942742,5.38,10.75,5.50,17.87,36.22,16.57,39.09,15.73,41.03
1777942744,5.38,11.00,5.50,17.81,36.20,16.42,39.04,16.43,41.16
1777942746,5.38,10.75,5.50,17.74,36.21,16.46,39.06,16.53,41.18
1777942747,5.38,11.75,5.00,17.76,36.21,16.58,39.05,16.27,41.12
1777942749,5.31,11.25,5.50,17.94,36.24,16.58,39.04,16.38,41.14
1777942751,5.38,10.50,5.50,17.97,36.25,16.52,39.02,16.27,41.14
1777942752,5.31,11.50,5.50,17.90,36.23,16.48,39.02,16.30,41.14
1777942754,5.38,11.25,5.50,17.97,36.24,16.52,39.03,16.61,41.18
1777942755,5.38,10.75,5.50,17.63,36.20,16.45,39.00,16.11,41.11
1777942757,5.38,11.25,5.25,17.87,36.24,16.44,39.01,16.58,41.17
1777942759,5.38,11.00,5.75,17.94,36.23,16.59,39.04,16.37,41.15
1777942760,5.38,11.50,5.50,17.66,36.18,16.48,39.00,16.03,41.09
1777942762,5.38,11.00,5.25,17.57,36.17,16.40,38.99,16.34,41.15
1777942763,5.38,10.75,5.50,17.76,36.21,16.41,38.98,16.60,41.19
1777942765,5.38,11.00,5.00,17.84,36.21,16.41,38.98,16.52,41.18
1777942767,5.38,11.00,5.50,17.84,36.21,16.40,38.96,16.40,41.16
1777942768,5.38,10.50,5.00,17.71,36.17,16.48,38.97,16.16,41.12
1777942770,5.44,10.75,5.25,17.71,36.20,16.44,38.95,17.09,41.27
1777942771,5.38,10.75,5.50,17.66,36.19,16.47,38.94,16.40,41.19
1777942773,5.38,10.50,5.25,17.76,36.19,16.37,38.93,16.16,41.16
1777942775,5.38,10.50,5.50,17.81,36.20,16.55,38.94,16.08,41.14
1777942776,5.38,11.00,5.25,17.66,36.17,16.53,38.94,16.23,41.16
1777942778,5.38,10.50,5.50,17.91,36.23,16.49,38.95,15.77,41.09
1777942779,5.31,11.00,5.00,17.70,36.16,16.36,38.91,16.25,41.15
1777942781,5.31,11.25,5.25,17.75,36.17,16.76,39.00,16.34,41.16
1777942783,5.31,10.75,5.50,17.69,36.18,16.36,38.94,16.46,41.18
1777942784,5.31,10.75,5.25,17.98,36.21,16.50,38.96,16.40,41.17
1777942786,5.31,10.75,5.25,17.71,36.19,16.56,38.98,16.07,41.10
1777942787,5.31,10.50,5.50,17.69,36.18,16.45,38.94,16.01,41.10
1777942789,5.31,10.75,4.75,17.80,36.20,16.47,38.97,16.29,41.15
1777942791,5.31,10.75,5.50,17.90,36.23,16.49,38.98,16.08,41.17
1777942792,5.31,10.25,5.50,17.75,36.19,16.44,38.98,15.86,41.13
1777942794,5.31,10.75,5.50,17.74,36.20,16.47,38.99,16.21,41.21
1777942795,5.38,11.25,5.50,17.67,36.20,16.51,39.01,16.35,41.25
1777942797,5.38,11.25,5.50,17.72,36.22,16.41,38.98,16.11,41.22
1777942799,5.38,11.50,5.50,17.95,36.23,16.52,39.01,16.32,41.25
1777942800,5.31,11.00,5.50,17.72,36.22,16.49,38.95,16.16,41.23
1777942802,5.31,11.50,5.50,17.66,36.21,16.46,38.99,16.08,41.21
1777942804,5.31,11.00,5.50,17.67,36.23,16.44,38.99,15.87,41.17
1777942805,5.31,11.25,5.50,17.80,36.24,16.56,38.99,16.24,41.21
1777942807,5.31,11.00,5.75,17.88,36.26,16.38,38.96,16.05,41.17
1777942808,5.25,11.00,5.75,17.71,36.24,16.38,38.95,15.75,41.12
1777942810,5.31,11.25,5.75,17.93,36.27,16.42,38.97,16.25,41.20
1777942812,5.25,11.00,5.50,17.84,36.25,16.58,38.96,15.99,41.14
1777942813,5.38,11.00,5.25,17.76,36.23,16.49,38.97,16.54,41.24
1777942815,5.31,11.25,5.50,17.80,36.26,16.47,38.95,16.00,41.18
1777942816,5.31,10.75,5.75,17.77,36.24,16.49,38.99,16.21,41.22
1777942818,5.38,11.00,5.00,17.67,36.22,16.35,38.98,16.30,41.24
1777942820,5.31,11.25,5.25,17.77,36.23,16.58,39.04,16.35,41.26
1777942821,5.38,11.00,5.50,17.51,36.22,16.62,39.05,16.55,41.31
1777942823,5.38,11.00,5.50,17.59,36.23,16.48,39.02,16.30,41.28
1777942824,5.38,10.75,5.50,17.85,36.28,16.63,39.05,16.29,41.28
1777942826,5.38,10.75,5.00,17.70,36.25,16.61,39.02,16.37,41.29
1777942828,5.38,11.25,5.50,17.84,36.27,16.55,39.01,16.60,41.33
1777942829,5.44,10.50,5.00,17.63,36.27,16.51,38.99,16.20,41.25
1777942831,5.38,10.75,5.50,17.78,36.28,16.64,38.98,16.23,41.25
1777942832,5.38,10.00,5.50,17.84,36.30,16.59,38.96,16.08,41.25
1777942834,5.38,11.00,5.50,17.76,36.28,16.59,38.92,16.29,41.25
1777942836,5.44,11.25,5.50,17.89,36.29,16.48,38.87,16.33,41.27
1777942837,5.44,10.75,5.50,17.73,36.26,16.61,38.86,17.04,41.35
1777942839,5.44,11.00,5.50,17.79,36.27,16.61,38.83,16.23,41.22
1777942840,5.44,11.25,5.50,17.79,36.27,16.55,38.80,16.27,41.22
1777942842,5.38,10.50,5.50,17.88,36.28,16.48,38.77,17.08,41.34
1777942844,5.44,11.25,5.25,17.87,36.27,16.48,38.76,16.05,41.17
1777942845,5.44,11.00,5.00,17.71,36.26,16.76,38.77,16.15,41.17
1777942847,5.38,10.75,5.50,17.74,36.26,16.69,38.75,16.15,41.18
1777942849,5.38,10.00,5.00,17.73,36.27,16.53,38.72,16.16,41.18
1777942850,5.44,10.50,5.50,17.84,36.28,16.61,38.72,16.05,41.17
1777942852,5.38,10.50,5.50,17.75,36.27,16.49,38.68,16.69,41.26
1777942853,5.38,10.75,5.75,17.77,36.26,16.56,38.70,16.40,41.21
1777942855,5.38,11.00,5.50,17.86,36.29,16.53,38.71,16.40,41.19
1777942857,5.31,10.25,5.00,17.73,36.26,16.48,38.70,16.62,41.22
1777942858,5.38,11.25,5.25,17.75,36.26,16.64,38.71,16.33,41.17
1777942860,5.31,11.00,5.50,17.79,36.27,16.56,38.72,16.50,41.22
1777942861,5.31,11.00,5.50,17.87,36.29,16.60,38.72,16.83,41.25
1777942863,5.25,11.00,5.50,17.85,36.28,16.65,38.72,16.23,41.15
1777942865,5.25,11.25,5.50,17.75,36.29,16.66,38.71,16.33,41.16
1777942866,5.31,11.25,5.00,17.66,36.26,16.59,38.71,16.53,41.19
1777942868,5.31,11.25,5.50,17.88,36.30,16.63,38.69,16.29,41.14
1777942869,5.31,11.00,5.50,17.91,36.30,16.62,38.67,16.17,41.14
1777942871,5.31,10.75,5.50,17.67,36.27,16.66,38.68,16.55,41.21
1777942873,5.31,10.75,5.50,17.67,36.26,16.56,38.66,16.56,41.20
1777942874,5.25,10.75,5.25,17.80,36.27,16.70,38.68,16.66,41.21
1777942876,5.31,11.00,5.50,17.82,36.29,16.62,38.68,16.57,41.20
1777942877,5.31,11.25,5.25,17.92,36.32,16.55,38.66,16.40,41.18
1777942879,5.31,11.00,5.50,17.73,36.28,16.66,38.66,16.51,41.20
1777942881,5.31,11.00,5.25,17.76,36.29,16.57,38.65,16.11,41.13
1777942882,5.25,10.75,5.50,17.85,36.29,16.48,38.63,16.96,41.25
1777942884,5.31,11.00,5.25,17.94,36.31,16.51,38.62,15.98,41.10
1777942885,5.31,11.25,5.50,17.82,36.29,16.48,38.60,16.08,41.10
1777942887,5.25,11.25,5.50,17.76,36.27,16.61,38.62,16.44,41.15
1777942889,5.25,11.25,5.00,17.67,36.26,16.68,38.63,16.67,41.18
1777942890,5.25,11.25,5.50,17.88,36.29,16.72,38.63,16.26,41.13
1777942892,5.25,11.25,5.50,17.80,36.27,16.62,38.59,16.23,41.13
1777942893,5.19,10.75,5.75,17.75,36.26,16.55,38.57,16.37,41.15
1777942895,5.19,11.25,5.00,17.87,36.29,16.66,38.57,15.91,41.08
1777942897,5.19,10.75,5.50,17.86,36.27,16.59,38.54,15.80,41.07
1777942898,5.19,10.75,5.50,17.87,36.27,16.58,38.52,16.27,41.14
1777942900,5.19,11.00,5.50,17.77,36.27,16.64,38.53,16.35,41.16
1777942902,5.19,10.75,5.25,17.90,36.28,16.64,38.50,16.83,41.24
1777942903,5.25,10.75,5.50,17.55,36.23,16.72,38.50,16.24,41.16
1777942905,5.25,10.75,5.50,17.73,36.27,16.72,38.50,16.59,41.21
1777942906,5.25,11.00,4.50,17.80,36.27,16.65,38.50,16.16,41.16
1777942908,5.25,11.00,5.00,17.66,36.27,16.80,38.53,16.45,41.19
1777942910,5.25,11.00,5.50,17.88,36.28,16.59,38.51,16.36,41.18
1777942911,5.19,11.25,5.25,17.73,36.28,16.65,38.53,16.22,41.16
1777942913,5.25,11.00,5.50,17.67,36.25,16.70,38.55,16.09,41.14
1777942914,5.25,10.75,5.00,17.94,36.31,16.54,38.51,16.15,41.14
1777942916,5.25,11.00,5.25,17.78,36.27,16.57,38.53,15.80,41.09
1777942918,5.25,11.00,5.25,17.84,36.28,16.76,38.56,16.19,41.13
1777942919,5.19,10.75,5.50,17.97,36.30,16.62,38.54,16.21,41.12
1777942921,5.19,11.00,5.50,17.78,36.27,16.54,38.53,16.15,41.12
1777942922,5.19,11.00,5.50,17.87,36.31,16.59,38.57,16.26,41.11
1777942924,5.19,10.50,5.25,17.73,36.27,16.71,38.59,16.20,41.11
1777942926,5.25,11.00,5.50,17.70,36.26,16.68,38.58,16.30,41.11
1777942927,5.19,11.00,5.50,17.88,36.30,16.62,38.57,16.41,41.11
1777942929,5.19,11.00,5.25,17.76,36.26,16.76,38.60,16.24,41.10
1777942930,5.19,10.75,5.25,17.78,36.28,16.64,38.58,16.21,41.08
1777942932,5.25,10.50,5.25,17.70,36.25,16.62,38.59,16.29,41.10
1777942934,5.19,10.50,5.25,17.96,36.28,16.66,38.61,16.44,41.13
1777942935,5.25,11.25,5.50,17.63,36.25,16.68,38.63,16.29,41.12
1777942937,5.19,10.75,5.25,17.75,36.24,16.57,38.61,16.29,41.10
1777942938,5.25,11.50,5.25,17.96,36.27,16.72,38.63,16.12,41.08
1777942940,5.25,11.50,5.00,17.87,36.29,16.71,38.66,16.57,41.17
1777942942,5.25,10.75,5.50,17.90,36.30,16.50,38.61,16.70,41.18
1777942943,5.19,10.75,5.50,17.72,36.26,16.61,38.64,16.39,41.15
1777942945,5.19,10.50,5.25,17.80,36.27,16.65,38.67,16.46,41.15
1777942947,5.25,10.50,5.25,17.69,36.28,16.59,38.65,16.29,41.12
1777942948,5.19,11.00,5.25,17.76,36.27,16.60,38.64,16.66,41.18
1777942950,5.25,10.75,5.25,17.80,36.29,16.64,38.62,16.34,41.14
1777942951,5.31,11.00,5.25,17.90,36.31,16.56,38.59,16.36,41.15
1777942953,5.31,11.25,5.50,17.77,36.27,16.52,38.59,16.29,41.14
1777942955,5.31,11.00,5.50,17.87,36.30,16.62,38.59,16.15,41.13
1777942956,5.38,11.25,5.50,17.62,36.25,16.54,38.60,17.14,41.27
1777942958,5.31,11.25,5.50,17.90,36.30,16.75,38.62,16.25,41.13
1777942959,5.31,11.00,5.50,17.73,36.30,16.75,38.63,16.35,41.13
1777942961,5.19,10.75,5.50,17.69,36.26,16.56,38.60,16.44,41.12
1777942963,5.25,11.00,5.50,18.04,36.32,16.55,38.59,16.81,41.19
1777942964,5.19,11.00,5.50,17.76,36.26,16.75,38.62,16.22,41.08
1777942966,5.25,11.50,5.50,17.75,36.28,16.70,38.61,16.59,41.12
1777942967,5.25,10.75,5.50,17.78,36.28,16.62,38.58,16.33,41.06
1777942969,5.19,10.75,5.50,17.69,36.27,16.62,38.56,16.15,41.04
1777942971,5.19,10.50,5.50,17.75,36.28,16.66,38.56,16.40,41.08
1777942972,5.25,10.50,5.50,17.76,36.28,16.67,38.53,16.42,41.07
1777942974,5.25,10.75,5.25,17.63,36.26,16.76,38.55,16.23,41.05
1777942975,5.25,10.25,5.25,17.78,36.27,16.66,38.50,16.08,41.05
1777942977,5.25,11.00,4.50,17.67,36.26,16.76,38.51,16.49,41.12
1777942979,5.25,10.50,5.50,17.87,36.30,16.66,38.47,16.62,41.13
1777942980,5.25,10.50,5.25,17.76,36.29,16.66,38.46,16.09,41.03
1777942982,5.19,10.25,5.50,17.73,36.28,16.62,38.44,16.59,41.11
1777942983,5.25,10.50,5.25,17.73,36.28,16.65,38.44,16.23,41.05
1777942985,5.31,10.50,5.50,17.73,36.26,16.62,38.43,16.49,41.10
1777942987,5.31,10.75,5.50,17.67,36.26,16.77,38.46,16.60,41.10
1777942988,5.25,10.50,5.50,17.68,36.26,16.76,38.46,16.21,41.04
1777942990,5.31,10.25,5.75,18.12,36.34,16.60,38.44,16.24,41.07
1777942991,5.31,10.50,5.25,17.76,36.27,16.67,38.46,16.60,41.11
1777942993,5.31,10.75,5.50,17.75,36.28,16.71,38.45,16.32,41.06
1777942995,5.19,10.75,5.25,17.86,36.28,16.75,38.44,16.53,41.11
1777942996,5.31,11.00,5.50,17.95,36.30,16.67,38.45,16.66,41.11
1777942998,5.31,10.25,5.50,17.65,36.26,16.76,38.45,16.34,41.05
1777943000,5.25,11.00,5.25,17.92,36.29,16.67,38.43,16.35,41.04
1777943001,5.31,11.00,5.50,17.88,36.28,16.66,38.45,16.27,41.03
1777943003,5.25,10.75,5.00,17.97,36.29,16.71,38.46,17.07,41.16
1777943004,5.25,10.25,5.00,18.03,36.33,16.62,38.42,16.25,41.03
1777943006,5.25,10.50,5.75,17.68,36.26,16.74,38.43,16.66,41.08
1777943008,5.25,10.00,5.00,17.69,36.28,16.73,38.43,16.22,41.01
1777943009,5.25,10.25,5.00,17.80,36.30,16.87,38.45,16.04,40.98
1777943011,5.25,10.25,5.25,17.94,36.30,16.83,38.43,16.44,41.06
1777943012,5.31,10.75,5.25,17.57,36.24,16.93,38.41,16.13,41.00
1777943014,5.25,10.75,5.50,17.78,36.27,16.67,38.36,16.39,41.03
1777943016,5.25,11.00,5.50,17.74,36.27,16.79,38.37,16.12,40.98
1777943017,5.31,11.00,5.50,17.94,36.29,16.81,38.38,16.33,41.01
1777943019,5.31,11.25,5.50,17.81,36.30,16.83,38.38,16.72,41.08
1777943020,5.31,11.25,5.50,17.98,36.32,16.89,38.34,16.38,41.01
1777943022,5.31,11.00,5.50,17.86,36.30,16.76,38.31,16.48,41.06
1777943024,5.31,11.00,5.50,17.80,36.31,16.79,38.31,16.71,41.08
1777943025,5.31,11.00,5.50,17.75,36.28,16.70,38.29,16.94,41.12
1777943027,5.31,11.00,5.50,17.86,36.30,16.92,38.33,16.68,41.08
1777943028,5.31,11.00,5.25,17.93,36.31,16.92,38.32,16.67,41.07
1777943030,5.31,11.25,5.50,17.73,36.29,16.61,38.27,16.33,41.02
1777943032,5.31,10.75,5.50,17.66,36.26,16.65,38.31,17.10,41.13
1777943033,5.31,10.75,5.50,17.77,36.30,16.74,38.35,16.33,41.03
1777943035,5.25,10.75,5.25,17.84,36.30,16.84,38.39,16.24,40.99
1777943036,5.19,11.25,5.00,17.72,36.27,16.67,38.35,16.70,41.09
1777943038,5.25,11.50,5.50,17.81,36.30,16.62,38.37,16.12,41.00
1777943040,5.25,11.25,5.50,17.76,36.28,16.82,38.38,16.22,41.03
1777943041,5.25,10.75,5.25,17.76,36.27,16.86,38.37,16.33,41.03
1777943043,5.25,11.00,5.50,17.62,36.27,16.68,38.32,16.62,41.10
1777943045,5.25,11.00,5.50,17.78,36.31,16.76,38.33,16.16,41.04
1777943046,5.31,10.75,5.00,17.74,36.28,16.80,38.32,16.40,41.08
1777943048,5.31,10.75,5.00,17.61,36.26,16.80,38.28,17.19,41.21
1777943049,5.31,11.00,5.50,17.91,36.33,16.71,38.30,16.42,41.08
1777943051,5.38,10.75,5.25,17.76,36.29,16.76,38.31,16.66,41.13
1777943053,5.31,11.00,5.50,17.81,36.30,16.74,38.30,16.77,41.15
1777943054,5.31,11.00,5.00,17.73,36.28,16.73,38.33,16.30,41.07
1777943056,5.31,10.50,5.25,17.86,36.30,16.79,38.33,16.70,41.12
1777943057,5.31,11.00,5.25,17.86,36.29,16.83,38.35,16.43,41.09
1777943059,5.31,10.75,4.75,17.78,36.29,16.76,38.33,16.29,41.07
1777943061,5.31,11.25,4.75,17.79,36.30,16.72,38.34,16.14,41.03
1777943062,5.25,10.50,5.50,17.73,36.29,16.68,38.34,17.26,41.22
1777943064,5.25,10.75,5.75,17.90,36.31,16.80,38.35,16.89,41.16
1777943065,5.31,11.25,5.75,17.66,36.29,16.66,38.32,16.37,41.07
1777943067,5.31,10.50,5.25,17.66,36.26,16.75,38.35,16.31,41.05
1777943069,5.31,10.50,5.25,17.64,36.27,16.72,38.34,15.93,40.99
1777943070,5.31,10.75,5.50,17.89,36.32,16.72,38.34,16.70,41.14
1777943072,5.31,11.00,5.50,17.73,36.29,16.73,38.35,16.18,41.04
1777943073,5.31,10.50,5.00,17.73,36.29,16.72,38.36,16.33,41.06
1777943075,5.25,11.00,5.50,17.80,36.30,16.78,38.40,16.31,41.08
1777943077,5.31,10.75,5.25,17.65,36.26,16.67,38.37,16.82,41.16
1777943078,5.25,11.25,5.00,17.84,36.31,16.67,38.40,16.51,41.11
1777943080,5.25,11.00,5.25,17.97,36.32,16.67,38.42,16.22,41.05
1777943081,5.25,11.25,5.50,17.76,36.28,16.61,38.41,16.55,41.10
1777943083,5.25,10.50,5.50,17.87,36.30,16.66,38.42,16.51,41.09
1777943085,5.25,10.50,5.25,17.71,36.28,16.70,38.46,16.35,41.09
1777943086,5.25,11.25,5.50,17.90,36.31,16.75,38.47,16.07,41.03
1777943088,5.25,10.75,5.25,17.82,36.30,16.59,38.46,16.33,41.06
1777943089,5.25,11.00,5.50,17.69,36.27,16.59,38.47,16.07,41.02
1777943091,5.25,11.00,5.25,17.75,36.26,16.66,38.49,16.21,41.04
1777943093,5.25,11.00,5.50,17.61,36.26,16.62,38.50,16.62,41.12
1777943094,5.25,11.00,5.25,17.80,36.28,16.59,38.49,16.16,41.04
1777943096,5.31,11.00,5.50,17.74,36.28,16.64,38.51,15.90,41.00
1777943098,5.31,11.25,5.25,17.68,36.26,16.61,38.54,16.55,41.11
1777943099,5.31,10.75,4.75,17.76,36.28,16.54,38.51,16.69,41.13
1777943101,5.31,11.00,5.50,17.76,36.29,16.55,38.53,16.23,41.06
1777943102,5.31,11.00,5.25,17.58,36.28,16.72,38.57,16.53,41.10
1777943104,5.31,11.00,5.25,17.80,36.29,16.54,38.54,16.30,41.07
1777943106,5.31,10.75,5.50,17.61,36.26,16.55,38.57,16.08,41.02
1777943107,5.38,10.50,5.50,17.86,36.30,16.76,38.61,16.16,41.04
1777943109,5.31,11.00,4.75,17.76,36.28,16.72,38.61,16.74,41.12
1777943110,5.31,11.00,5.50,17.74,36.29,16.63,38.59,16.15,41.03
1777943112,5.31,11.00,5.00,17.82,36.30,16.72,38.62,16.16,41.06
1777943114,5.25,10.75,5.25,17.64,36.27,16.60,38.59,16.30,41.09
1777943115,5.25,10.25,5.25,17.75,36.29,16.59,38.60,15.94,41.05
1777943117,5.31,11.00,5.25,17.67,36.29,16.69,38.62,16.30,41.10
1777943118,5.25,10.75,5.25,17.62,36.27,16.55,38.60,16.66,41.16
1777943120,5.25,11.00,5.25,17.69,36.30,16.50,38.63,15.94,41.05
1777943122,5.19,11.25,5.25,17.55,36.29,16.67,38.65,16.03,41.09
1777943123,5.25,11.25,5.50,17.69,36.30,16.49,38.62,16.16,41.10
1777943125,5.19,11.00,5.25,17.81,36.33,16.53,38.64,16.20,41.13
1777943126,5.25,11.00,5.00,17.66,36.30,16.55,38.65,16.12,41.15
1777943128,5.25,11.00,5.50,17.76,36.32,16.62,38.63,16.64,41.22
1777943130,5.25,11.25,5.25,17.63,36.30,16.55,38.63,16.94,41.27
1777943131,5.25,10.75,5.50,17.74,36.31,16.55,38.62,16.16,41.15
1777943133,5.25,10.75,5.25,17.82,36.34,16.76,38.65,16.48,41.22
1777943134,5.25,11.00,5.25,17.82,36.35,16.44,38.60,16.17,41.16
1777943136,5.25,10.75,5.50,17.68,36.32,16.75,38.66,16.07,41.14
1777943138,5.25,10.50,5.00,17.84,36.32,16.55,38.60,17.07,41.32
1777943139,5.25,10.50,5.25,17.90,36.34,16.72,38.61,16.31,41.19
1777943141,5.25,11.00,5.25,17.76,36.31,16.61,38.58,16.22,41.17
1777943143,5.19,11.00,5.25,17.69,36.30,16.61,38.59,16.19,41.18
1777943144,5.25,11.00,5.50,17.76,36.30,16.51,38.57,16.27,41.19
1777943146,5.25,10.75,5.25,17.64,36.30,16.66,38.59,16.25,41.20
1777943147,5.25,11.00,5.00,17.67,36.30,16.66,38.58,16.51,41.24
1777943149,5.31,11.25,5.25,17.64,36.30,16.66,38.60,16.29,41.21
1777943151,5.19,11.00,5.25,17.64,36.29,16.65,38.58,16.31,41.23
1777943152,5.25,11.00,5.50,17.72,36.32,16.76,38.59,16.63,41.30
1777943154,5.31,11.00,5.25,17.92,36.33,16.63,38.56,15.91,41.19
1777943155,5.25,11.25,5.00,17.67,36.30,16.61,38.56,16.27,41.25
1777943157,5.25,11.00,4.50,17.80,36.32,16.73,38.58,16.35,41.27
1777943159,5.25,11.00,5.25,17.67,36.31,16.66,38.56,15.94,41.21
1777943160,5.25,11.00,5.50,18.09,36.37,16.66,38.56,16.28,41.29
1777943162,5.25,11.00,5.25,17.73,36.33,16.55,38.55,16.06,41.25
1777943163,5.25,10.50,5.25,17.59,36.32,16.59,38.55,16.31,41.30
1777943165,5.25,10.50,4.75,17.76,36.33,16.59,38.55,16.49,41.31
1777943167,5.25,11.00,5.50,17.58,36.30,16.59,38.54,16.40,41.31
1777943168,5.25,10.50,5.50,18.01,36.39,16.71,38.57,16.14,41.28
1777943170,5.25,10.50,5.50,17.62,36.30,16.70,38.56,16.27,41.30
1777943171,5.25,10.75,5.00,17.73,36.35,16.56,38.55,16.06,41.27
1777943173,5.25,10.75,5.25,17.72,36.32,16.68,38.59,16.31,41.32
1777943175,5.25,11.00,5.50,17.88,36.35,16.66,38.59,15.77,41.23
1777943176,5.25,10.50,5.25,17.86,36.34,16.50,38.57,15.87,41.27
1777943178,5.19,11.25,5.25,17.68,36.30,16.65,38.61,16.26,41.32
1777943179,5.25,10.75,5.50,17.75,36.32,16.55,38.61,15.59,41.22
1777943181,5.25,11.00,5.50,17.86,36.33,16.64,38.63,16.05,41.30
1777943183,5.25,10.50,5.00,17.82,36.34,16.55,38.63,15.71,41.27
1777943184,5.25,10.50,5.25,17.80,36.32,16.63,38.63,16.24,41.35
1777943186,5.19,11.25,5.25,17.94,36.34,16.56,38.63,16.02,41.31
1777943187,5.13,10.75,5.50,17.73,36.32,16.61,38.65,15.87,41.30
1777943189,5.13,11.25,5.25,17.89,36.33,16.61,38.63,16.55,41.41
1777943191,5.19,11.00,5.50,17.75,36.31,16.63,38.66,16.08,41.33
1777943192,5.13,10.75,5.50,17.84,36.31,16.77,38.68,16.30,41.36
1777943194,5.13,10.75,5.50,17.87,36.34,16.51,38.63,15.73,41.28
1777943196,5.19,10.50,5.25,17.64,36.30,16.55,38.65,15.94,41.33
1777943197,5.13,11.25,5.00,17.69,36.31,16.59,38.66,16.37,41.40
1777943199,5.19,10.50,5.00,17.67,36.32,16.59,38.68,15.71,41.29
1777943200,5.13,11.00,5.00,17.78,36.33,16.55,38.68,16.18,41.37
1777943202,5.13,11.00,5.50,18.12,36.39,16.55,38.69,15.77,41.32
1777943204,5.13,10.75,5.50,17.80,36.34,16.52,38.70,16.12,41.37
1777943205,5.13,10.75,5.25,17.71,36.33,16.66,38.72,15.86,41.33
1777943207,5.13,11.00,5.50,18.09,36.37,16.49,38.70,16.24,41.39
1777943208,5.06,10.50,5.25,17.72,36.32,16.54,38.72,15.71,41.32
1777943210,5.06,11.25,5.50,17.74,36.32,16.51,38.74,15.84,41.34
1777943212,5.06,11.00,5.50,17.73,36.32,16.63,38.78,16.24,41.41
1777943213,5.06,10.50,5.00,17.69,36.32,16.45,38.76,16.06,41.36
1777943215,5.06,10.50,5.50,17.67,36.31,16.55,38.81,16.24,41.40
1777943216,5.06,11.25,5.25,18.06,36.36,16.40,38.83,16.22,41.40
1777943218,5.06,11.25,5.25,17.78,36.34,16.51,38.84,16.21,41.40
1777943220,5.13,11.00,5.50,17.78,36.34,16.54,38.86,16.33,41.42
1777943221,5.13,11.00,5.00,17.77,36.34,16.54,38.88,15.87,41.35
1777943223,5.13,11.25,5.25,17.87,36.35,16.55,38.90,16.24,41.41
1777943224,5.13,10.75,5.00,17.84,36.36,16.48,38.90,16.51,41.46
1777943226,5.13,10.75,5.25,17.76,36.35,16.55,38.92,16.43,41.45
1777943228,5.13,11.00,5.00,17.78,36.36,16.54,38.93,15.72,41.32
1777943229,5.19,11.00,5.25,17.56,36.31,16.49,38.94,16.28,41.43
1777943231,5.13,10.75,4.50,17.84,36.34,16.61,38.95,15.79,41.33
1777943232,5.13,11.25,5.25,17.73,36.32,16.48,38.93,16.08,41.38
1777943234,5.13,10.50,4.75,17.73,36.33,16.48,38.93,15.86,41.35
1777943236,5.13,11.00,5.50,17.59,36.32,16.47,38.94,16.33,41.42
1777943237,5.19,11.00,5.50,17.73,36.33,16.52,38.93,15.80,41.34
1777943239,5.19,10.75,4.75,17.67,36.34,16.57,38.92,16.27,41.41
1777943241,5.19,11.00,5.00,17.84,36.37,16.53,38.92,16.32,41.41
1777943242,5.13,11.00,5.50,17.72,36.35,16.48,38.91,16.12,41.38
1777943244,5.19,11.00,5.25,17.80,36.36,16.57,38.94,16.55,41.44
1777943245,5.19,11.00,5.25,17.62,36.35,16.55,38.95,16.14,41.38
1777943247,5.19,10.75,5.50,17.76,36.39,16.56,38.93,16.42,41.43
1777943249,5.19,10.75,5.25,17.74,36.37,16.53,38.92,16.60,41.46
1777943250,5.19,11.25,5.25,17.69,36.38,16.47,38.90,15.94,41.34
1777943252,5.25,10.50,5.00,17.76,36.39,16.52,38.92,16.55,41.45
1777943253,5.25,11.00,5.50,17.85,36.41,16.48,38.91,16.09,41.36
1777943255,5.19,11.00,5.25,17.69,36.38,16.50,38.92,16.06,41.36
1777943257,5.19,10.75,5.25,18.01,36.44,16.66,38.93,16.26,41.36
1777943258,5.19,10.50,5.50,18.13,36.45,16.54,38.90,16.25,41.38
1777943260,5.13,10.75,5.25,17.85,36.40,16.60,38.90,16.27,41.37
1777943261,5.19,10.75,5.00,18.01,36.43,16.50,38.87,16.13,41.34
1777943263,5.19,11.00,5.25,17.64,36.37,16.54,38.88,16.53,41.42
1777943265,5.13,10.75,5.25,17.78,36.41,16.53,38.88,16.22,41.37
1777943266,5.19,11.00,5.25,17.98,36.43,16.57,38.86,15.87,41.30
1777943268,5.19,11.00,4.75,17.64,36.39,16.63,38.89,16.79,41.43
1777943269,5.19,11.00,5.25,17.78,36.40,16.50,38.87,16.23,41.35
1777943271,5.19,10.75,5.50,17.69,36.40,16.55,38.87,15.84,41.30
1777943273,5.19,11.00,5.50,17.55,36.36,16.55,38.88,16.16,41.35
1777943274,5.13,11.00,5.00,17.80,36.41,16.54,38.87,15.99,41.33
1777943276,5.13,11.00,5.00,17.67,36.38,16.50,38.88,16.59,41.41
1777943277,5.13,11.00,5.00,17.71,36.38,16.55,38.91,16.12,41.35
1777943279,5.13,11.00,5.00,17.66,36.38,16.36,38.88,16.49,41.39
1777943281,5.13,11.00,5.25,17.88,36.42,16.53,38.93,16.30,41.37
1777943282,5.13,11.00,5.25,17.69,36.39,16.55,38.94,15.79,41.28
1777943284,5.13,10.75,5.25,17.58,36.35,16.44,38.93,15.89,41.28
1777943285,5.13,10.75,5.50,17.62,36.36,16.58,38.95,16.22,41.32
1777943287,5.13,10.75,5.25,17.70,36.38,16.57,38.95,16.22,41.32
1777943289,5.19,10.75,5.00,17.64,36.36,16.48,38.95,16.19,41.29
1777943290,5.19,10.75,5.00,17.80,36.40,16.46,38.96,16.05,41.25
1777943292,5.19,11.00,5.00,17.73,36.39,16.45,38.95,16.25,41.29
1777943294,5.13,11.00,5.25,17.78,36.40,16.53,38.97,15.80,41.21
1777943295,5.13,10.75,5.50,17.82,36.41,16.37,38.97,16.22,41.28
1777943297,5.19,10.50,5.50,17.59,36.37,16.52,39.01,16.32,41.29
1777943298,5.19,10.00,5.50,17.79,36.42,16.45,39.02,16.30,41.27
1777943300,5.19,10.75,5.50,17.55,36.37,16.40,39.00,16.02,41.25
1777943302,5.19,10.25,5.50,17.68,36.39,16.42,39.01,16.55,41.32
1777943303,5.13,10.75,5.25,17.78,36.40,16.52,39.04,16.48,41.32
1777943305,5.19,10.50,5.50,17.59,36.39,16.49,39.02,16.04,41.26
1777943306,5.19,10.75,5.75,17.95,36.43,16.48,39.03,16.29,41.29
1777943308,5.19,10.75,5.50,17.73,36.40,16.52,39.04,16.53,41.33
1777943310,5.19,11.00,5.50,17.64,36.40,16.55,39.03,16.53,41.32
1777943311,5.13,11.50,5.50,17.68,36.40,16.37,39.02,15.99,41.26
1777943313,5.19,11.25,5.25,17.69,36.41,16.37,39.02,15.70,41.22
1777943314,5.13,11.00,5.50,17.58,36.40,16.48,39.05,16.25,41.31
1777943316,5.19,11.00,5.50,17.74,36.42,16.62,39.06,16.29,41.33
1777943318,5.13,10.50,5.25,17.71,36.42,16.51,39.04,16.06,41.29
1777943319,5.13,11.00,5.50,18.05,36.46,16.50,39.03,15.91,41.30
1777943321,5.19,11.25,5.25,17.59,36.42,16.55,39.04,16.27,41.36
1777943322,5.19,10.75,5.50,18.00,36.48,16.51,39.02,16.01,41.32
1777943324,5.13,11.00,5.25,17.62,36.41,16.53,39.01,16.26,41.37
1777943326,5.19,11.00,5.25,17.62,36.39,16.52,39.00,16.52,41.40
1777943327,5.19,11.00,5.75,17.76,36.42,16.42,38.99,16.30,41.38
1777943329,5.13,10.50,5.75,17.67,36.41,16.52,39.01,16.03,41.33
1777943330,5.13,11.00,5.50,17.59,36.40,16.43,39.00,16.51,41.41
1777943332,5.19,11.00,5.50,17.73,36.43,16.48,39.02,16.13,41.34
1777943334,5.19,11.00,5.50,17.75,36.41,16.45,39.03,16.44,41.39
1777943335,5.13,10.75,5.00,17.64,36.39,16.48,39.04,16.18,41.35
1777943337,5.19,11.00,5.50,17.66,36.40,16.45,39.04,16.47,41.42
1777943339,5.19,10.75,5.25,17.76,36.42,16.58,39.08,16.18,41.36
1777943340,5.13,11.00,5.50,17.72,36.41,16.55,39.06,16.23,41.36
1777943342,5.19,11.00,5.00,17.66,36.39,16.50,39.06,16.55,41.41
1777943343,5.19,11.00,5.25,17.76,36.42,16.55,39.06,16.44,41.39
1777943345,5.13,10.75,5.50,17.81,36.42,16.54,39.07,16.04,41.34
1777943347,5.13,10.75,5.25,17.63,36.39,16.50,39.07,16.27,41.38
1777943348,5.13,11.00,5.50,17.64,36.38,16.44,39.05,15.72,41.30
1777943350,5.13,10.75,5.00,17.74,36.39,16.62,39.09,15.80,41.31
1777943351,5.13,10.75,5.25,17.81,36.41,16.50,39.08,16.29,41.38
1777943353,5.19,11.00,5.25,17.67,36.38,16.51,39.08,16.24,41.38
1777943355,5.13,10.75,5.25,17.80,36.40,16.48,39.09,16.23,41.37
1777943356,5.13,11.25,5.50,17.75,36.38,16.37,39.08,16.40,41.39
1777943358,5.19,10.25,5.00,17.99,36.42,16.47,39.11,16.08,41.33
1777943359,5.19,11.00,5.50,17.62,36.39,16.48,39.12,16.14,41.34
1777943361,5.13,11.00,5.50,17.51,36.35,16.38,39.11,16.02,41.31
1777943363,5.13,11.25,5.25,17.71,36.38,16.36,39.11,15.73,41.26
1777943364,5.06,10.75,5.25,17.76,36.40,16.40,39.14,16.44,41.35
1777943366,5.13,10.75,5.00,17.72,36.39,16.43,39.14,16.51,41.37
1777943367,5.13,10.50,5.50,17.62,36.39,16.47,39.15,16.59,41.37
1777943369,5.13,10.00,5.25,17.80,36.40,16.49,39.16,16.33,41.32
1777943371,5.19,11.00,5.50,17.76,36.40,16.34,39.14,16.39,41.33
1777943372,5.19,11.25,5.00,17.67,36.39,16.48,39.17,16.05,41.28
1777943374,5.19,10.50,5.50,17.55,36.37,16.44,39.17,16.32,41.31
1777943375,5.19,10.50,5.50,17.70,36.38,16.50,39.17,16.61,41.37
1777943377,5.19,10.75,5.25,17.77,36.40,16.48,39.16,16.09,41.30
1777943379,5.19,10.75,5.25,17.69,36.38,16.38,39.14,16.19,41.29
1777943380,5.25,10.25,5.00,17.66,36.37,16.45,39.15,16.48,41.35
1777943382,5.13,11.00,5.50,17.76,36.41,16.51,39.15,16.03,41.26
1777943383,5.19,11.25,5.50,17.73,36.40,16.55,39.16,16.05,41.26
1777943385,5.25,11.00,5.50,17.68,36.39,16.44,39.16,16.44,41.32
1777943387,5.25,11.00,5.25,17.66,36.40,16.41,39.15,16.40,41.30
1777943388,5.25,10.50,5.50,17.73,36.41,16.55,39.19,16.05,41.25
1777943390,5.25,11.25,5.25,17.73,36.41,16.47,39.19,16.12,41.28
1777943392,5.25,10.50,5.25,17.54,36.40,16.42,39.18,16.08,41.26
1777943393,5.25,11.00,5.00,17.71,36.42,16.49,39.17,16.54,41.32
1777943395,5.25,10.50,5.25,17.82,36.42,16.45,39.17,16.73,41.36
1777943396,5.25,10.75,5.25,17.66,36.41,16.41,39.16,16.14,41.26
1777943398,5.25,11.00,5.50,17.56,36.40,16.40,39.15,16.29,41.29
1777943400,5.19,11.25,5.50,17.75,36.41,16.46,39.15,16.35,41.30
1777943401,5.19,11.00,5.50,17.94,36.46,16.49,39.16,16.33,41.30
1777943403,5.19,11.25,5.75,17.73,36.41,16.44,39.14,16.08,41.25
1777943404,5.19,10.25,5.00,17.59,36.40,16.55,39.14,16.24,41.29
1777943406,5.25,11.00,5.00,17.58,36.39,16.46,39.13,16.03,41.25
1777943408,5.25,11.00,5.25,17.62,36.40,16.38,39.10,16.05,41.26
1777943409,5.19,11.00,5.50,17.81,36.44,16.41,39.11,15.87,41.24
1777943411,5.25,11.00,5.25,17.62,36.40,16.46,39.14,15.76,41.23
1777943412,5.19,10.75,5.25,17.49,36.39,16.44,39.15,16.03,41.27
1777943414,5.19,11.25,5.50,17.63,36.43,16.37,39.13,15.93,41.26
1777943416,5.19,10.75,5.00,17.54,36.39,16.50,39.17,16.07,41.28
1777943417,5.19,11.25,5.50,17.73,36.45,16.51,39.15,16.09,41.29
1777943419,5.19,11.00,4.75,17.66,36.44,16.40,39.12,16.07,41.26
1777943420,5.19,11.25,5.25,17.58,36.42,16.44,39.11,16.50,41.34
1777943422,5.19,11.25,5.25,17.84,36.46,16.62,39.12,16.14,41.28
1777943424,5.19,11.00,5.00,17.89,36.47,16.55,39.09,15.92,41.24
1777943425,5.19,10.75,5.00,17.69,36.45,16.37,39.06,15.96,41.25
1777943427,5.19,10.75,5.25,17.67,36.43,16.59,39.09,16.60,41.35
1777943428,5.19,10.50,5.00,17.59,36.43,16.55,39.07,16.06,41.27
1777943430,5.25,10.00,5.75,17.97,36.49,16.48,39.06,16.52,41.36
1777943432,5.19,10.50,5.50,17.56,36.41,16.48,39.05,16.12,41.27
1777943433,5.19,10.25,5.25,17.75,36.45,16.59,39.07,16.35,41.31
1777943435,5.25,10.25,5.25,17.58,36.42,16.46,39.04,16.28,41.28
1777943437,5.25,10.50,5.25,17.66,36.41,16.45,39.04,16.61,41.33
1777943438,5.25,10.00,5.25,17.77,36.43,16.44,39.03,16.09,41.24
1777943440,5.25,10.75,5.25,17.67,36.41,16.44,39.03,16.32,41.27
1777943441,5.19,10.50,5.50,17.73,36.43,16.47,39.04,16.20,41.24
1777943443,5.19,10.75,4.75,18.10,36.48,16.50,39.03,15.77,41.14
1777943445,5.25,10.75,5.50,17.76,36.43,16.56,39.05,16.37,41.23
1777943446,5.25,10.50,5.50,17.56,36.39,16.40,39.04,16.05,41.18
1777943448,5.25,10.75,5.50,17.76,36.41,16.45,39.04,16.51,41.25
1777943449,5.19,11.25,5.25,17.66,36.40,16.54,39.07,16.54,41.23
1777943451,5.19,11.00,5.00,17.66,36.42,16.42,39.04,16.08,41.16
1777943453,5.19,11.00,5.00,17.54,36.40,16.51,39.06,16.48,41.23
1777943454,5.19,11.25,5.25,17.74,36.40,16.59,39.08,16.55,41.22
1777943456,5.25,10.25,5.25,17.79,36.42,16.58,39.06,16.27,41.16
1777943457,5.19,10.50,5.50,17.88,36.44,16.55,39.06,16.16,41.15
1777943459,5.25,10.50,5.00,17.78,36.42,16.56,39.06,16.48,41.20
1777943461,5.19,10.50,5.25,17.58,36.39,16.53,39.05,16.70,41.22
1777943462,5.25,10.75,5.25,17.75,36.44,16.55,39.05,16.18,41.13
1777943464,5.25,10.75,5.25,17.78,36.43,16.44,39.03,16.28,41.16
1777943465,5.25,11.00,5.50,17.87,36.47,16.56,39.05,16.81,41.25
1777943467,5.19,11.00,5.50,17.85,36.43,16.56,39.06,16.12,41.16
1777943469,5.19,10.50,5.50,17.68,36.43,16.40,39.04,16.70,41.24
1777943470,5.25,11.00,5.50,17.59,36.40,16.48,39.07,17.15,41.30
1777943472,5.19,11.00,5.25,17.73,36.44,16.47,39.07,16.44,41.19
1777943473,5.25,10.75,5.50,17.62,36.42,16.38,39.06,16.29,41.16
1777943475,5.31,11.00,5.50,17.79,36.44,16.36,39.07,16.12,41.15
1777943477,5.25,11.25,5.00,17.58,36.40,16.47,39.11,17.18,41.31
1777943478,5.25,10.75,5.25,17.68,36.43,16.60,39.12,16.24,41.14
1777943480,5.31,11.25,5.50,17.89,36.47,16.37,39.11,16.40,41.18
1777943481,5.25,11.25,5.25,17.84,36.45,16.47,39.12,16.50,41.18
1777943483,5.31,10.50,5.50,17.63,36.44,16.46,39.12,16.29,41.14
1777943485,5.31,11.00,5.25,17.74,36.44,16.52,39.16,15.93,41.07
1777943486,5.31,11.25,4.75,17.75,36.42,16.37,39.11,16.15,41.10
1777943488,5.31,10.25,5.25,17.55,36.42,16.43,39.12,16.85,41.20
1777943490,5.31,11.00,5.50,17.76,36.44,16.46,39.13,16.34,41.10
1777943491,5.25,11.00,5.50,17.55,36.43,16.49,39.13,16.24,41.08
1777943493,5.25,11.00,5.00,17.56,36.42,16.50,39.12,16.15,41.06
1777943494,5.25,11.00,5.25,17.73,36.45,16.57,39.12,16.23,41.06
1777943496,5.19,10.75,5.00,17.70,36.46,16.49,39.12,16.26,41.07
1777943498,5.25,11.25,5.50,17.57,36.44,16.52,39.09,16.91,41.17
1777943499,5.19,11.25,5.00,17.66,36.44,16.50,39.10,16.73,41.13
1777943501,5.25,11.00,5.50,17.73,36.44,16.55,39.11,16.26,41.06
1777943502,5.13,11.00,5.50,17.90,36.47,16.52,39.10,16.16,41.03
1777943504,5.13,10.75,5.25,17.87,36.46,16.50,39.09,16.23,41.05
1777943506,5.06,11.25,5.50,17.80,36.46,16.57,39.08,16.23,41.08
1777943507,5.06,11.25,5.50,17.74,36.46,16.48,39.06,16.40,41.11
1777943509,5.06,10.50,5.25,17.59,36.45,16.52,39.04,16.37,41.09
1777943510,5.06,11.00,5.50,17.65,36.44,16.55,39.05,16.21,41.09
1777943512,5.06,11.25,5.50,17.63,36.46,16.57,39.03,16.59,41.16
1777943514,5.13,11.00,5.00,17.81,36.48,16.62,39.03,15.92,41.07
1777943515,5.13,11.00,5.50,17.76,36.47,16.66,39.01,16.55,41.19
1777943517,5.13,11.00,5.50,17.79,36.48,16.55,38.98,16.38,41.16
1777943518,5.19,10.75,5.50,17.61,36.44,16.58,38.95,15.96,41.11
1777943520,5.19,11.00,5.50,17.69,36.47,16.49,38.91,16.00,41.12
1777943522,5.19,10.75,5.25,17.80,36.48,16.61,38.90,16.10,41.15
1777943523,5.25,11.00,5.25,17.62,36.47,16.66,38.87,16.19,41.15
1777943525,5.19,10.75,5.50,17.66,36.48,16.53,38.82,16.23,41.16
1777943526,5.25,11.25,5.00,17.88,36.51,16.59,38.80,16.44,41.18
1777943528,5.19,10.25,5.25,17.73,36.48,16.52,38.78,16.52,41.18
1777943530,5.13,10.50,5.25,17.74,36.48,16.56,38.76,16.10,41.11
1777943531,5.13,11.25,5.50,17.97,36.52,16.54,38.76,16.16,41.09
1777943533,5.19,11.00,5.25,17.63,36.44,16.79,38.81,16.57,41.15
1777943535,5.19,11.25,5.00,17.61,36.43,16.60,38.77,16.16,41.09
1777943536,5.19,10.75,5.25,17.98,36.48,16.54,38.74,16.05,41.07
1777943538,5.19,11.25,5.50,17.97,36.49,16.68,38.79,16.65,41.16
1777943539,5.19,11.25,5.25,17.72,36.45,16.50,38.77,16.70,41.16
1777943541,5.19,10.25,5.00,17.61,36.42,16.53,38.77,16.19,41.10
1777943543,5.19,11.25,5.25,17.87,36.46,16.48,38.78,16.71,41.16
1777943544,5.19,11.00,5.25,17.83,36.45,16.63,38.83,17.18,41.24
1777943546,5.19,10.75,5.25,17.79,36.48,16.55,38.81,16.05,41.03
1777943547,5.19,10.75,5.50,18.08,36.51,16.52,38.84,16.21,41.07
1777943549,5.19,11.00,5.25,17.84,36.44,16.58,38.83,16.76,41.15
1777943551,5.19,11.25,5.00,17.73,36.44,16.54,38.84,16.86,41.18
1777943552,5.19,10.50,5.50,17.69,36.43,16.66,38.87,16.57,41.12
1777943554,5.19,11.00,5.25,17.80,36.45,16.67,38.88,16.49,41.12
1777943555,5.19,11.00,5.25,17.69,36.44,16.58,38.86,16.72,41.16
1777943557,5.19,11.25,5.25,17.64,36.43,16.55,38.86,16.39,41.10
1777943559,5.19,11.25,5.50,17.70,36.45,16.59,38.86,16.35,41.09
1777943560,5.19,10.50,5.25,17.80,36.45,16.61,38.85,16.72,41.16
1777943562,5.19,11.25,5.50,17.65,36.43,16.61,38.84,16.88,41.18
1777943563,5.25,11.25,5.25,17.66,36.43,16.59,38.84,16.44,41.12
1777943565,5.19,10.50,5.25,17.87,36.46,16.53,38.80,16.59,41.13
1777943567,5.19,11.25,5.00,17.64,36.42,16.61,38.81,16.33,41.08
1777943568,5.19,10.75,5.25,17.71,36.42,16.59,38.79,16.23,41.06
1777943570,5.19,11.25,5.50,17.68,36.42,16.61,38.79,16.33,41.08
1777943571,5.19,11.00,5.50,17.82,36.45,16.62,38.77,16.30,41.07
1777943573,5.19,11.25,5.00,17.66,36.42,16.57,38.76,16.27,41.07
1777943575,5.25,10.75,5.25,17.71,36.42,16.65,38.77,16.26,41.05
1777943576,5.25,10.50,5.25,17.66,36.41,16.53,38.73,16.77,41.15
1777943578,5.19,10.50,5.50,17.78,36.42,16.54,38.73,16.32,41.07
1777943579,5.25,10.75,5.00,17.73,36.41,16.51,38.72,15.98,41.00
1777943581,5.25,11.00,5.50,17.84,36.44,16.59,38.72,16.59,41.10
1777943583,5.25,11.25,5.25,17.67,36.42,16.66,38.72,16.37,41.09
1777943584,5.25,11.00,5.50,17.52,36.40,16.60,38.72,16.24,41.12
1777943586,5.25,10.75,5.50,17.65,36.44,16.59,38.75,16.47,41.19
1777943588,5.31,11.00,4.75,17.86,36.50,16.62,38.73,16.42,41.17
1777943589,5.25,10.25,5.00,17.65,36.46,16.62,38.71,16.34,41.13
1777943591,5.25,10.75,5.50,17.65,36.45,16.70,38.73,16.01,41.06
1777943592,5.19,10.75,5.50,17.82,36.47,16.58,38.69,16.48,41.09
1777943594,5.25,10.75,5.00,17.68,36.45,16.68,38.70,16.26,41.05
1777943596,5.19,10.50,5.25,17.66,36.43,16.72,38.69,16.83,41.13
1777943597,5.19,11.25,5.50,17.82,36.46,16.73,38.65,16.94,41.14
1777943599,5.19,10.75,5.25,17.69,36.46,16.75,38.63,16.34,41.05
1777943600,5.25,10.75,4.75,17.65,36.44,16.76,38.61,16.31,41.03
1777943602,5.25,11.25,5.50,17.73,36.45,16.70,38.60,16.78,41.08
1777943604,5.19,11.25,5.25,17.76,36.46,16.66,38.56,16.05,40.96
1777943605,5.25,11.25,5.25,17.85,36.47,16.66,38.55,16.28,41.00
1777943607,5.25,11.00,5.25,17.73,36.46,16.77,38.53,16.30,40.99
1777943608,5.25,10.75,5.00,17.67,36.46,16.89,38.53,15.94,40.92
1777943610,5.25,11.25,5.50,17.86,36.48,16.75,38.49,16.58,41.04
1777943612,5.19,10.50,4.75,17.59,36.43,16.67,38.45,16.74,41.06
1777943613,5.13,11.25,5.50,17.74,36.44,16.66,38.43,16.08,40.95
1777943615,5.19,11.25,5.25,17.74,36.43,16.63,38.40,16.30,40.97
1777943616,5.19,11.25,5.00,17.68,36.44,16.67,38.41,16.54,41.00
1777943618,5.19,10.50,5.50,17.73,36.43,16.70,38.42,16.30,40.97
1777943620,5.25,11.25,5.00,17.62,36.41,16.62,38.40,16.12,40.95
1777943621,5.25,11.00,4.75,17.76,36.40,16.76,38.44,16.46,41.00
1777943623,5.25,11.25,5.00,17.70,36.40,16.69,38.45,16.37,41.00
1777943624,5.19,11.00,5.50,17.80,36.42,16.69,38.47,16.29,40.96
1777943626,5.19,11.00,5.50,17.62,36.39,16.50,38.45,16.60,41.01
1777943628,5.25,11.25,5.25,17.70,36.41,16.70,38.49,16.34,40.98
1777943629,5.19,11.00,5.50,17.63,36.41,16.64,38.50,16.31,40.96
1777943631,5.25,10.50,5.00,17.79,36.42,16.55,38.51,16.46,40.98
1777943633,5.25,10.50,5.50,17.69,36.40,16.70,38.57,16.57,40.99
1777943634,5.25,10.50,5.50,17.62,36.39,16.65,38.58,16.38,40.95
1777943636,5.25,10.50,5.50,17.70,36.43,16.59,38.60,16.51,40.97
1777943637,5.19,10.50,5.75,17.69,36.41,16.69,38.64,16.19,40.91
1777943639,5.25,10.25,5.75,17.58,36.41,16.58,38.63,16.59,40.96
1777943641,5.25,10.75,5.50,17.80,36.44,16.67,38.67,16.64,40.98
1777943642,5.25,10.75,5.00,17.59,36.42,16.59,38.66,16.39,40.91
1777943644,5.31,10.75,5.50,17.80,36.45,16.65,38.69,16.20,40.88
1777943645,5.25,11.00,5.25,17.80,36.46,16.71,38.72,16.54,40.92
1777943647,5.25,11.00,5.25,17.75,36.46,16.69,38.71,16.40,40.91
1777943649,5.25,11.00,5.00,17.82,36.46,16.59,38.72,16.23,40.87
1777943650,5.25,11.25,5.50,17.80,36.45,16.62,38.72,16.44,40.90
1777943652,5.25,11.25,4.75,17.54,36.43,16.70,38.70,16.70,40.97
1777943653,5.25,11.25,5.00,17.65,36.45,16.66,38.71,16.20,40.89
1777943655,5.19,10.75,5.25,17.63,36.40,16.59,38.67,16.29,40.89
1777943657,5.19,10.75,5.50,17.66,36.43,16.57,38.66,16.63,40.97
1777943658,5.19,10.75,5.00,17.73,36.46,16.51,38.62,16.29,40.89
1777943660,5.19,11.00,5.25,17.75,36.46,16.64,38.64,16.26,40.89
1777943661,5.19,10.25,5.50,17.66,36.45,16.70,38.63,16.66,40.94
1777943663,5.19,10.00,5.25,17.57,36.43,16.50,38.58,16.56,40.94
1777943665,5.25,10.75,4.75,17.87,36.48,16.53,38.59,16.66,40.93
1777943666,5.25,10.75,4.75,17.99,36.49,16.73,38.63,16.44,40.92
1777943668,5.19,10.50,5.25,17.58,36.43,16.76,38.62,16.55,40.91
1777943669,5.25,11.00,5.50,17.73,36.45,16.68,38.62,16.20,40.86
1777943671,5.19,10.75,5.50,17.68,36.43,16.63,38.61,15.91,40.83
1777943673,5.13,10.75,4.75,17.53,36.43,16.59,38.65,16.67,40.94
1777943674,5.19,10.75,5.50,17.91,36.48,16.63,38.64,16.48,40.92
1777943676,5.19,10.75,5.25,17.73,36.44,16.51,38.63,16.38,40.89
1777943677,5.19,11.00,5.00,17.73,36.45,16.70,38.67,16.18,40.87
1777943679,5.19,10.75,5.25,17.68,36.44,16.72,38.68,16.62,40.93
1777943681,5.19,11.00,5.50,17.75,36.44,16.55,38.66,16.59,40.93
1777943682,5.19,10.50,5.00,17.66,36.42,16.52,38.67,16.27,40.89
1777943684,5.19,10.75,5.50,17.56,36.41,16.54,38.67,16.65,40.94
1777943686,5.19,10.75,5.00,17.79,36.44,16.58,38.68,16.94,40.98
1777943687,5.19,11.00,5.50,17.66,36.42,16.61,38.71,16.62,40.96
1777943689,5.19,10.75,5.00,17.65,36.41,16.69,38.73,16.30,40.91
1777943690,5.19,11.00,5.00,17.81,36.44,16.66,38.74,16.34,40.92
1777943692,5.19,11.00,5.50,17.92,36.45,16.76,38.75,16.38,40.95
1777943694,5.13,11.50,5.25,17.96,36.46,16.61,38.71,16.29,40.94
1777943695,5.13,11.25,5.50,17.73,36.45,16.70,38.73,16.59,40.99
1777943697,5.13,11.00,5.00,17.63,36.42,16.70,38.71,16.47,41.00
1777943698,5.19,10.50,5.25,17.66,36.46,16.76,38.72,16.19,40.96
1777943700,5.13,10.25,5.50,17.69,36.44,16.61,38.71,15.95,40.95
1777943702,5.19,10.25,5.75,17.93,36.50,16.59,38.71,16.04,40.97
1777943703,5.13,10.75,5.00,17.55,36.43,16.55,38.70,16.70,41.10
1777943705,5.19,11.00,5.50,17.79,36.46,16.69,38.72,16.17,41.02
1777943706,5.19,10.50,5.25,17.54,36.42,16.60,38.71,16.73,41.10
1777943708,5.19,10.50,5.25,17.71,36.46,16.58,38.71,16.08,41.02
1777943710,5.19,10.25,5.25,17.73,36.46,16.62,38.74,16.56,41.09
1777943711,5.25,10.75,5.25,17.84,36.47,16.72,38.77,16.64,41.10
1777943713,5.19,10.75,5.25,17.68,36.45,16.59,38.74,16.38,41.07
1777943714,5.25,11.25,5.25,17.76,36.48,16.53,38.72,16.79,41.13
1777943716,5.25,10.75,5.25,17.72,36.46,16.53,38.70,16.62,41.11
1777943718,5.19,10.00,5.25,17.70,36.46,16.50,38.69,16.37,41.08
1777943719,5.25,11.25,5.75,17.74,36.48,16.70,38.72,16.08,41.04
1777943721,5.25,10.50,5.00,17.81,36.50,16.81,38.74,16.77,41.16
1777943722,5.19,11.00,5.50,17.73,36.47,16.68,38.69,16.57,41.12
1777943724,5.25,10.75,5.25,17.68,36.49,16.70,38.68,16.30,41.10
1777943726,5.19,11.00,5.25,17.87,36.50,16.62,38.67,16.55,41.14
1777943727,5.19,10.75,5.00,17.84,36.50,16.62,38.64,16.26,41.10
1777943729,5.13,11.25,5.50,17.70,36.49,16.59,38.63,16.19,41.09
1777943731,5.13,11.25,5.00,17.51,36.46,16.70,38.66,16.49,41.14
1777943732,5.13,10.75,5.00,17.58,36.48,16.68,38.65,16.58,41.15
1777943734,5.13,10.25,5.25,17.70,36.48,16.60,38.64,16.47,41.17
1777943735,5.13,11.00,5.50,17.64,36.49,16.67,38.65,16.04,41.08
1777943737,5.06,10.75,5.25,17.66,36.48,16.62,38.63,16.16,41.11
1777943739,5.13,10.50,5.50,17.90,36.52,16.68,38.62,16.45,41.14
1777943740,5.06,10.75,5.50,17.77,36.50,16.66,38.60,16.27,41.13
1777943742,5.06,10.50,5.25,17.61,36.48,16.70,38.60,16.15,41.12
1777943743,5.06,11.00,5.50,17.87,36.53,16.63,38.58,16.62,41.21
1777943745,5.06,11.25,5.50,18.05,36.55,16.69,38.57,15.77,41.10
1777943747,5.00,10.75,5.50,17.83,36.51,16.72,38.56,16.23,41.18
1777943748,5.00,11.00,5.50,17.90,36.53,16.66,38.56,16.23,41.18
1777943750,5.06,11.25,5.50,17.73,36.50,16.69,38.56,16.65,41.25
1777943751,5.06,11.25,5.25,17.81,36.52,16.69,38.58,16.33,41.21
1777943753,5.00,11.00,5.50,17.66,36.49,16.64,38.56,16.87,41.30
1777943755,5.06,11.25,5.50,17.71,36.50,16.72,38.59,16.46,41.24
1777943756,5.06,11.25,5.50,18.04,36.55,16.65,38.58,16.08,41.19
1777943758,5.06,11.25,5.50,17.55,36.49,16.57,38.57,16.23,41.21
1777943759,5.06,10.75,5.00,17.57,36.49,16.49,38.56,16.05,41.21
1777943761,5.13,10.75,5.75,17.87,36.53,16.63,38.60,16.39,41.28
1777943763,5.06,11.25,5.00,17.80,36.54,16.62,38.60,16.60,41.33
1777943764,5.06,11.25,4.75,17.63,36.51,16.56,38.61,16.37,41.28
1777943766,5.06,11.25,5.00,17.72,36.53,16.57,38.62,16.26,41.29
1777943767,5.00,11.25,5.00,17.59,36.48,16.69,38.65,16.52,41.32
1777943769,5.00,11.25,4.75,17.80,36.52,16.63,38.64,16.55,41.30
1777943771,5.13,11.00,5.25,17.67,36.52,16.69,38.65,17.26,41.43
1777943772,5.13,11.00,5.50,17.66,36.51,16.56,38.65,16.15,41.26
1777943774,5.13,10.75,5.25,17.50,36.50,16.72,38.67,16.68,41.34
1777943776,5.06,11.00,5.50,17.65,36.50,16.69,38.66,16.73,41.34
1777943777,5.13,11.50,5.00,17.82,36.53,16.67,38.63,16.18,41.26
1777943779,5.06,11.00,5.25,17.59,36.50,16.68,38.62,16.91,41.39
1777943780,5.13,11.00,5.00,17.91,36.55,16.79,38.62,16.62,41.34
1777943782,5.06,11.25,5.25,17.93,36.56,16.74,38.60,16.12,41.23
1777943784,5.13,11.25,5.00,17.66,36.51,16.81,38.58,15.87,41.19
1777943785,5.13,11.00,5.50,17.95,36.54,16.73,38.55,16.13,41.21
1777943787,5.13,11.25,5.00,17.73,36.51,16.70,38.54,17.05,41.34
1777943788,5.13,11.50,5.75,17.75,36.51,16.83,38.54,16.32,41.23
1777943790,5.13,11.50,5.50,17.73,36.52,16.83,38.53,16.60,41.27
1777943792,5.13,10.75,5.50,17.58,36.49,16.76,38.52,16.56,41.27
1777943793,5.13,10.75,5.25,17.74,36.52,16.70,38.49,16.64,41.28
1777943795,5.13,11.00,5.25,17.85,36.54,16.77,38.49,16.19,41.21
1777943796,5.13,10.75,5.00,17.95,36.56,16.66,38.47,16.17,41.19
1777943798,5.13,10.50,5.50,18.01,36.56,16.86,38.49,16.55,41.26
1777943800,5.13,11.00,5.50,17.72,36.54,16.63,38.48,16.29,41.21
1777943801,5.13,10.75,5.25,18.07,36.59,16.76,38.51,16.63,41.28
1777943803,5.19,11.00,5.00,17.59,36.52,16.82,38.52,16.33,41.22
1777943804,5.19,11.25,5.00,17.75,36.53,16.69,38.51,16.17,41.19
1777943806,5.19,11.25,5.25,17.69,36.53,16.83,38.53,16.27,41.20
1777943808,5.19,10.75,5.00,18.05,36.59,16.67,38.50,16.56,41.25
1777943809,5.19,11.25,5.25,17.77,36.55,16.75,38.52,17.05,41.34
1777943811,5.19,10.00,5.00,17.52,36.50,16.72,38.52,17.34,41.38
1777943812,5.19,11.00,5.75,17.67,36.53,16.65,38.51,16.48,41.25
1777943814,5.13,11.00,5.25,17.62,36.52,16.69,38.54,16.10,41.17
1777943816,5.19,10.75,5.50,17.59,36.52,16.63,38.52,16.23,41.21
1777943817,5.19,10.75,4.75,17.75,36.55,16.59,38.53,16.26,41.20
1777943819,5.19,11.00,5.50,17.65,36.53,16.63,38.55,16.16,41.21
1777943820,5.19,11.25,5.50,17.76,36.54,16.59,38.54,16.47,41.24
1777943822,5.13,10.75,5.50,17.92,36.58,16.68,38.56,16.05,41.18
1777943824,5.19,11.00,5.25,18.01,36.57,16.62,38.57,16.19,41.21
1777943825,5.13,10.75,5.50,17.68,36.53,16.71,38.59,16.55,41.25
1777943827,5.13,10.75,4.75,17.75,36.55,16.58,38.55,16.24,41.20
1777943829,5.13,10.75,5.25,17.61,36.50,16.66,38.57,16.05,41.17
1777943830,5.06,10.75,5.00,17.82,36.56,16.69,38.59,16.64,41.27
1777943832,5.06,11.25,5.50,17.76,36.54,16.63,38.57,16.23,41.20
1777943833,5.13,10.75,5.25,17.66,36.50,16.72,38.61,16.02,41.17
1777943835,5.06,11.00,5.25,17.82,36.53,16.72,38.60,16.08,41.18
1777943837,5.06,11.00,5.50,18.00,36.56,16.74,38.61,16.44,41.24
1777943838,5.06,11.25,4.50,17.76,36.52,16.62,38.58,16.36,41.22
1777943840,5.06,11.00,5.25,17.62,36.49,16.75,38.61,16.23,41.20
1777943841,5.13,10.75,5.25,17.68,36.52,16.78,38.63,16.21,41.23
1777943843,5.13,10.75,5.00,17.80,36.53,16.62,38.57,16.71,41.31
1777943845,5.06,10.75,5.50,17.74,36.52,16.66,38.59,16.31,41.24
1777943846,5.06,11.25,5.50,17.67,36.51,16.64,38.59,16.02,41.20
1777943848,5.06,11.00,5.00,17.73,36.53,16.59,38.57,16.53,41.29
1777943849,5.13,11.00,5.00,17.74,36.54,16.66,38.56,16.27,41.26
1777943851,5.06,11.00,5.25,17.80,36.55,16.54,38.56,16.12,41.23
1777943853,5.00,11.00,5.00,17.62,36.53,16.72,38.61,16.30,41.27
1777943854,5.13,10.75,5.25,17.73,36.55,16.64,38.61,16.55,41.30
1777943856,5.06,11.25,5.50,17.80,36.55,16.59,38.60,16.37,41.28
1777943857,5.06,11.25,5.25,17.67,36.55,16.61,38.63,16.30,41.27
1777943859,5.13,11.00,5.50,17.78,36.55,16.72,38.65,16.59,41.32
1777943861,5.13,10.50,5.25,17.71,36.55,16.56,38.62,15.83,41.21
1777943862,5.13,11.00,5.50,17.84,36.57,16.59,38.64,16.24,41.29
1777943864,5.13,10.75,5.50,17.58,36.51,16.64,38.64,16.58,41.37
1777943865,5.13,10.75,5.75,17.69,36.55,16.52,38.65,16.29,41.35
1777943867,5.19,10.25,5.50,17.52,36.53,16.60,38.65,16.66,41.45
1777943869,5.19,11.25,5.25,18.10,36.63,16.64,38.70,16.55,41.44
1777943870,5.19,11.00,5.25,17.97,36.60,16.83,38.74,16.55,41.41
1777943872,5.19,11.00,5.50,17.71,36.57,16.48,38.70,16.45,41.41
1777943874,5.25,10.50,5.25,17.73,36.56,16.73,38.75,16.22,41.36
1777943875,5.19,10.75,5.25,17.67,36.56,16.71,38.77,16.67,41.41
1777943877,5.19,11.00,5.50,17.56,36.53,16.70,38.77,16.33,41.34
1777943878,5.19,10.75,5.25,17.80,36.57,16.63,38.74,16.21,41.33
1777943880,5.25,11.00,5.25,17.59,36.53,16.62,38.75,16.55,41.36
1777943882,5.19,11.25,5.25,17.88,36.59,16.59,38.73,16.69,41.39
1777943883,5.19,11.00,5.50,17.72,36.56,16.61,38.73,16.85,41.39
1777943885,5.19,11.25,5.00,18.05,36.61,16.70,38.75,15.97,41.24
1777943886,5.19,11.50,5.25,17.68,36.58,16.65,38.74,16.32,41.30
1777943888,5.19,11.00,5.25,17.69,36.57,16.62,38.71,16.16,41.26
1777943890,5.19,10.75,5.25,17.84,36.58,16.62,38.71,16.29,41.26
1777943891,5.19,11.25,5.50,17.73,36.58,16.66,38.71,16.50,41.28
1777943893,5.19,11.25,5.25,17.69,36.56,16.69,38.70,16.30,41.26
1777943894,5.19,10.75,5.00,17.50,36.55,16.70,38.68,16.47,41.29
1777943896,5.25,10.50,4.75,17.62,36.55,16.64,38.65,15.97,41.23
1777943898,5.25,10.50,5.50,17.63,36.56,16.65,38.63,16.55,41.30
1777943899,5.19,10.75,5.50,17.73,36.59,16.62,38.63,16.10,41.23
1777943901,5.19,10.75,5.50,17.70,36.57,16.72,38.62,16.16,41.26
1777943902,5.19,10.50,5.25,17.55,36.57,16.67,38.61,16.05,41.23
1777943904,5.25,10.50,5.25,17.62,36.56,16.68,38.62,16.18,41.25
1777943906,5.19,10.75,5.50,17.74,36.59,16.61,38.60,16.45,41.30
1777943907,5.25,10.25,5.25,18.02,36.63,16.71,38.62,16.10,41.22
1777943909,5.31,10.50,5.25,17.94,36.59,16.58,38.62,17.06,41.37
1777943910,5.25,10.75,5.25,17.80,36.58,16.68,38.63,16.65,41.31
1777943912,5.25,11.00,5.25,17.64,36.55,16.60,38.63,15.78,41.17
1777943914,5.31,11.00,5.75,17.79,36.58,16.72,38.66,16.17,41.21
1777943915,5.25,11.00,5.25,17.79,36.57,16.71,38.65,17.01,41.35
1777943917,5.31,11.25,5.00,17.85,36.60,16.59,38.64,15.92,41.17
1777943918,5.31,11.00,5.00,17.72,36.55,16.70,38.67,16.60,41.28
1777943920,5.31,10.75,5.50,17.55,36.52,16.64,38.66,17.14,41.35
1777943922,5.31,10.50,5.50,17.82,36.56,16.55,38.64,16.12,41.18
1777943923,5.31,10.50,4.75,17.80,36.56,16.70,38.67,16.27,41.19
1777943925,5.31,11.25,5.25,17.96,36.55,16.69,38.67,16.90,41.29
1777943927,5.25,10.50,5.50,17.65,36.52,16.66,38.66,16.13,41.16
1777943928,5.25,10.75,5.25,17.75,36.53,16.80,38.66,16.49,41.20
1777943930,5.19,11.25,5.25,17.68,36.53,16.67,38.62,16.15,41.16
1777943931,5.25,10.75,5.50,17.84,36.54,16.74,38.64,16.16,41.17
1777943933,5.25,11.00,5.25,17.61,36.52,16.65,38.63,16.34,41.18
1777943935,5.19,11.00,5.50,17.61,36.50,16.72,38.63,17.07,41.32
1777943936,5.19,11.00,5.50,17.72,36.52,16.61,38.62,16.50,41.22
1777943938,5.19,10.75,5.50,17.70,36.51,16.55,38.61,16.27,41.21
1777943939,5.13,10.75,5.00,17.65,36.51,16.68,38.65,16.13,41.20
1777943941,5.13,10.50,5.25,17.64,36.50,16.59,38.61,16.30,41.22
1777943943,5.19,11.00,5.25,17.87,36.54,16.54,38.61,16.07,41.20
1777943944,5.19,10.50,5.50,17.61,36.51,16.70,38.65,16.40,41.24
1777943946,5.19,11.25,4.75,17.53,36.51,16.67,38.66,16.56,41.27
1777943947,5.19,11.00,5.50,17.68,36.53,16.62,38.66,15.78,41.16
1777943949,5.19,11.00,5.50,17.73,36.53,16.61,38.68,16.21,41.25
1777943951,5.13,11.00,5.50,17.64,36.52,16.81,38.72,16.17,41.24
1777943952,5.19,10.75,5.00,17.68,36.51,16.55,38.69,16.29,41.25
1777943954,5.19,10.75,5.50,17.84,36.55,16.64,38.70,15.92,41.21
1777943955,5.13,10.75,5.00,17.63,36.52,16.63,38.70,16.13,41.26
1777943957,5.13,10.75,5.25,18.04,36.57,16.78,38.72,16.55,41.32
1777943959,5.19,11.00,5.50,17.66,36.50,16.62,38.69,16.27,41.27
1777943960,5.13,11.25,5.25,17.63,36.50,16.64,38.70,16.19,41.28
1777943962,5.19,10.75,5.25,17.74,36.51,16.60,38.69,15.80,41.23
1777943963,5.19,11.25,5.25,17.70,36.51,16.55,38.67,16.20,41.28
1777943965,5.19,11.00,5.25,17.71,36.51,16.67,38.72,16.36,41.34
1777943967,5.13,10.50,5.50,17.72,36.52,16.59,38.70,16.37,41.35
1777943968,5.19,10.50,5.00,17.61,36.50,16.65,38.71,16.33,41.35
1777943970,5.13,11.00,5.75,17.55,36.50,16.76,38.72,16.18,41.34
1777943972,5.13,10.75,5.25,17.56,36.49,16.63,38.71,16.23,41.34
1777943973,5.13,11.25,5.50,17.59,36.51,16.68,38.71,16.57,41.43
1777943975,5.13,11.00,5.50,17.70,36.52,16.73,38.69,16.27,41.38
1777943976,5.13,11.00,5.50,17.85,36.55,16.72,38.65,16.01,41.35
1777943978,5.19,11.25,5.50,17.69,36.53,16.72,38.63,16.02,41.36
1777943980,5.19,10.75,5.25,17.59,36.51,16.77,38.63,15.94,41.36
1777943981,5.19,10.50,5.25,17.78,36.52,16.65,38.59,15.71,41.34
1777943983,5.19,10.75,4.75,17.75,36.55,16.76,38.58,16.02,41.40
1777943984,5.25,10.75,5.50,17.66,36.52,16.78,38.57,16.23,41.46
1777943986,5.25,10.75,5.50,17.89,36.56,16.83,38.57,16.25,41.52
1777943988,5.19,11.25,5.25,17.55,36.55,16.71,38.55,16.42,41.59
1777943989,5.25,11.00,5.25,17.76,36.56,16.72,38.55,16.25,41.60
1777943991,5.25,11.00,5.25,17.61,36.56,16.80,38.54,16.38,41.60
1777943992,5.25,10.75,5.50,17.68,36.57,16.81,38.54,16.25,41.57
1777943994,5.19,10.75,5.50,17.75,36.59,16.74,38.53,15.86,41.51
1777943996,5.19,10.75,5.25,17.76,36.58,16.77,38.54,15.88,41.50
1777943997,5.19,10.75,4.75,17.68,36.57,16.65,38.54,16.00,41.50
1777943999,5.19,11.25,4.75,17.66,36.57,16.66,38.53,16.01,41.49
1777944000,5.13,10.75,5.00,17.96,36.61,16.66,38.55,16.44,41.54
1777944002,5.19,10.75,5.00,17.58,36.55,16.71,38.57,16.08,41.48
1777944004,5.25,11.25,5.25,17.84,36.57,16.72,38.57,16.37,41.54
1777944005,5.13,11.25,5.50,17.90,36.57,16.75,38.58,16.73,41.59
1777944007,5.19,11.25,4.75,17.88,36.56,16.69,38.57,15.71,41.42
1777944008,5.19,11.25,5.50,17.62,36.54,16.73,38.59,16.33,41.52
1777944010,5.25,11.00,5.25,17.95,36.58,16.74,38.56,16.23,41.48
1777944012,5.25,10.50,4.75,17.94,36.58,16.94,38.57,15.78,41.43
1777944013,5.19,10.75,5.00,17.69,36.55,16.93,38.53,16.19,41.50
1777944015,5.25,11.00,5.00,17.73,36.55,16.63,38.48,16.16,41.50
1777944016,5.25,10.50,5.25,17.71,36.56,16.72,38.49,16.23,41.49
1777944018,5.31,11.50,5.50,17.70,36.55,16.70,38.48,16.12,41.48
1777944020,5.25,10.75,4.75,17.68,36.53,16.70,38.48,16.29,41.48
1777944021,5.25,11.25,5.00,17.62,36.55,16.81,38.47,16.34,41.48
1777944023,5.25,10.75,5.50,17.85,36.57,16.90,38.48,16.49,41.51
1777944025,5.25,11.00,5.25,17.65,36.54,16.64,38.41,16.18,41.45
1777944026,5.25,11.00,5.25,17.72,36.55,16.76,38.42,16.12,41.46
1777944028,5.25,10.50,5.25,17.58,36.55,16.68,38.42,16.18,41.43
1777944029,5.25,10.75,4.75,17.88,36.58,16.74,38.40,15.99,41.42
1777944031,5.31,10.00,5.50,17.89,36.58,16.78,38.41,16.52,41.50
1777944033,5.31,11.00,5.25,17.75,36.56,16.70,38.39,16.19,41.43
1777944034,5.25,10.25,5.25,17.71,36.55,16.84,38.41,16.33,41.43
1777944036,5.25,10.25,5.25,17.59,36.53,16.76,38.39,15.77,41.34
1777944037,5.25,10.50,5.50,17.84,36.55,16.83,38.42,16.15,41.39
1777944039,5.25,10.25,5.25,17.58,36.54,16.76,38.40,15.81,41.35
1777944041,5.25,10.75,4.75,17.68,36.54,16.74,38.39,16.08,41.37
1777944042,5.25,10.75,5.25,17.54,36.54,16.69,38.39,16.51,41.45
1777944044,5.25,11.25,5.50,17.62,36.52,16.80,38.41,16.13,41.39
1777944045,5.25,10.75,5.25,17.73,36.55,16.77,38.38,15.74,41.33
1777944047,5.25,11.00,4.50,17.84,36.57,16.64,38.37,16.47,41.45
1777944049,5.19,10.75,5.50,17.80,36.55,16.87,38.42,16.18,41.41
1777944050,5.19,11.25,5.25,17.63,36.53,16.75,38.40,16.10,41.40
1777944052,5.25,11.00,5.25,17.78,36.57,16.72,38.38,15.98,41.39
1777944053,5.19,11.50,5.50,17.57,36.53,16.70,38.37,15.81,41.39
1777944055,5.19,11.00,5.50,17.96,36.59,16.75,38.36,15.94,41.42
1777944057,5.19,11.25,5.25,17.89,36.58,16.87,38.38,15.92,41.42
1777944058,5.19,11.00,5.25,17.63,36.55,16.78,38.37,16.58,41.52
1777944060,5.19,11.00,5.50,17.73,36.55,16.81,38.39,15.80,41.42
1777944061,5.19,10.75,5.00,17.58,36.54,16.83,38.40,16.07,41.48
1777944063,5.19,11.25,5.25,17.62,36.55,16.84,38.41,16.19,41.52
1777944065,5.13,11.00,5.50,17.86,36.59,16.80,38.41,15.86,41.47
1777944066,5.25,11.25,5.25,17.59,36.55,16.77,38.40,16.11,41.53
1777944068,5.19,10.75,5.00,17.62,36.56,16.62,38.40,15.72,41.47
1777944069,5.13,10.75,5.50,17.59,36.54,16.70,38.41,15.74,41.50
1777944071,5.13,10.75,5.25,17.63,36.55,16.59,38.40,16.12,41.54
1777944073,5.13,11.00,5.50,17.82,36.57,16.66,38.42,16.26,41.58
1777944074,5.13,10.25,5.50,17.71,36.58,16.70,38.40,16.36,41.60
1777944076,5.13,10.75,5.25,17.84,36.57,16.83,38.44,15.87,41.54
1777944078,5.13,11.00,5.75,17.58,36.54,16.62,38.41,16.06,41.57
1777944079,5.06,10.75,4.75,17.74,36.58,16.67,38.43,16.40,41.62
1777944081,5.13,11.00,5.00,17.88,36.60,16.72,38.45,16.51,41.65
1777944082,5.06,10.75,5.50,17.61,36.54,16.67,38.44,15.92,41.57
1777944084,5.06,10.50,5.25,17.71,36.56,16.67,38.48,16.04,41.59
1777944086,5.13,10.50,5.25,17.55,36.53,16.59,38.48,16.60,41.70
1777944087,5.13,10.50,5.25,17.56,36.53,16.56,38.48,16.23,41.65
1777944089,5.13,10.75,5.50,17.91,36.60,16.66,38.53,15.84,41.59
1777944090,5.19,10.50,5.00,17.66,36.55,16.63,38.54,16.23,41.65
1777944092,5.19,11.00,5.25,17.54,36.54,16.63,38.54,15.69,41.58
1777944094,5.19,11.25,5.50,17.66,36.56,16.79,38.58,15.93,41.63
1777944095,5.19,10.75,5.50,17.62,36.57,16.70,38.57,16.00,41.65
1777944097,5.19,10.75,5.25,17.64,36.57,16.59,38.57,16.08,41.68
1777944098,5.19,10.75,5.25,17.84,36.61,16.66,38.58,16.03,41.66
1777944100,5.19,10.25,5.00,17.72,36.59,16.67,38.58,15.92,41.66
1777944102,5.19,11.00,5.25,17.56,36.56,16.70,38.60,16.03,41.67
1777944103,5.19,11.00,5.25,17.80,36.61,16.63,38.57,16.30,41.72
1777944105,5.19,10.75,5.00,17.67,36.57,16.64,38.59,15.98,41.65
1777944106,5.19,11.25,5.50,17.56,36.57,16.59,38.60,16.01,41.66
1777944108,5.13,11.25,5.50,17.71,36.58,16.70,38.58,16.40,41.70
1777944110,5.13,10.75,5.00,17.74,36.59,16.51,38.57,16.35,41.68
1777944111,5.19,10.75,5.50,17.72,36.58,16.72,38.59,15.98,41.60
1777944113,5.19,10.75,5.25,17.54,36.55,16.63,38.59,16.17,41.65
1777944114,5.19,10.75,5.00,17.53,36.55,16.66,38.60,16.19,41.64
1777944116,5.19,11.00,5.00,17.75,36.58,16.60,38.60,16.43,41.74
1777944118,5.19,10.50,5.25,17.80,36.61,16.59,38.62,15.93,41.72
1777944119,5.19,11.25,5.00,17.50,36.58,16.68,38.65,15.73,41.71
1777944121,5.13,11.00,5.25,17.69,36.60,16.59,38.63,16.28,41.81
1777944123,5.19,11.00,5.00,17.66,36.62,16.74,38.66,16.12,41.76
1777944124,5.13,10.50,4.75,17.93,36.65,16.70,38.65,15.85,41.70
1777944126,5.13,10.75,5.25,17.51,36.58,16.65,38.63,15.84,41.68
1777944127,5.13,10.50,5.00,17.57,36.59,16.53,38.62,16.16,41.70
1777944129,5.06,11.00,5.00,17.73,36.60,16.56,38.64,16.06,41.67
1777944131,5.06,11.00,5.50,17.69,36.61,16.66,38.68,16.65,41.73
1777944132,5.06,10.50,5.00,17.69,36.60,16.56,38.65,16.25,41.67
1777944134,5.00,11.25,5.25,17.77,36.61,16.66,38.68,16.42,41.67
1777944135,5.00,11.00,4.75,17.80,36.62,16.56,38.69,16.10,41.60
1777944137,5.00,10.75,5.25,17.55,36.57,16.72,38.71,16.05,41.59
1777944139,5.06,10.75,5.25,17.55,36.57,16.57,38.70,16.57,41.66
1777944140,5.00,11.00,4.75,17.65,36.58,16.51,38.69,16.07,41.58
1777944142,5.00,10.75,5.25,17.75,36.60,16.53,38.70,16.19,41.57
1777944143,5.00,11.00,5.50,17.66,36.59,16.59,38.71,15.86,41.54
1777944145,5.00,11.25,5.25,17.58,36.57,16.74,38.72,16.27,41.58
1777944147,5.06,11.00,5.50,17.66,36.58,16.62,38.71,16.19,41.58
1777944148,5.06,11.00,5.25,17.66,36.58,16.64,38.72,16.23,41.56
1777944150,5.06,10.25,5.00,17.65,36.58,16.55,38.70,16.13,41.55
1777944151,5.06,11.00,5.50,17.66,36.58,16.66,38.72,15.93,41.51
1777944153,5.06,10.50,5.25,17.69,36.58,16.86,38.75,16.27,41.53
1777944155,5.06,10.75,4.75,17.75,36.58,16.66,38.70,16.27,41.52
1777944156,5.06,10.50,5.25,17.84,36.60,16.61,38.70,16.06,41.49
1777944158,5.06,10.75,4.75,17.62,36.57,16.79,38.73,15.77,41.42
1777944159,5.06,11.00,4.75,17.38,36.52,16.58,38.69,16.63,41.54
1777944161,5.06,10.50,5.00,17.56,36.55,16.74,38.72,16.24,41.48
1777944163,5.06,11.00,5.50,18.01,36.64,16.46,38.68,16.59,41.54
1777944164,5.06,11.00,5.25,17.58,36.57,16.48,38.69,15.82,41.38
1777944166,5.06,10.75,5.50,17.65,36.58,16.72,38.73,16.01,41.42
1777944168,5.06,10.75,4.75,17.58,36.56,16.55,38.71,16.29,41.46
1777944169,5.06,10.75,5.25,17.79,36.60,16.69,38.72,16.20,41.44
1777944171,5.13,11.00,5.25,17.63,36.57,16.66,38.72,16.37,41.45
1777944172,5.06,10.75,5.50,17.62,36.56,16.69,38.72,15.94,41.38
1777944174,5.06,10.75,5.00,17.76,36.58,16.72,38.69,16.21,41.43
1777944176,5.06,10.75,5.25,17.80,36.59,16.64,38.70,16.63,41.48
1777944177,5.06,10.50,4.75,17.66,36.56,16.61,38.71,16.37,41.43
1777944179,5.06,10.75,4.75,18.01,36.62,16.57,38.70,15.84,41.36
1777944180,5.00,11.00,5.00,17.41,36.53,16.62,38.71,16.28,41.44
1777944182,5.00,11.00,5.25,17.80,36.59,16.59,38.71,16.16,41.42
1777944184,5.06,10.50,5.25,17.87,36.59,16.62,38.71,16.35,41.44
1777944185,5.00,10.50,4.75,17.71,36.59,16.59,38.74,15.94,41.39
1777944187,5.06,10.75,5.00,17.39,36.53,16.55,38.73,15.75,41.36
1777944188,5.06,11.25,5.00,17.68,36.58,16.51,38.72,16.08,41.41
1777944190,5.06,10.25,5.25,17.74,36.59,16.66,38.75,15.96,41.41
1777944192,5.06,10.50,4.75,17.90,36.62,16.54,38.75,15.95,41.40
1777944193,5.06,11.00,4.75,17.62,36.57,16.70,38.79,16.52,41.50
1777944195,5.06,11.25,5.25,17.63,36.57,16.75,38.79,16.22,41.46
1777944196,5.13,10.75,5.25,17.62,36.57,16.60,38.75,15.78,41.39
1777944198,5.06,11.00,5.00,17.78,36.61,16.55,38.76,16.39,41.50
1777944200,5.06,11.00,4.75,17.66,36.58,16.55,38.77,15.94,41.42
1777944201,5.06,11.00,5.25,17.66,36.58,16.51,38.75,16.34,41.48
1777944203,5.06,11.00,4.75,17.63,36.57,16.70,38.79,16.53,41.50
1777944204,5.06,11.00,5.25,17.63,36.57,16.62,38.78,16.34,41.48
1777944206,5.06,11.00,5.00,17.76,36.60,16.54,38.76,16.04,41.43
1777944208,5.13,10.75,4.75,17.58,36.56,16.51,38.77,16.56,41.52
1777944209,5.06,11.00,5.25,17.77,36.58,16.48,38.79,16.06,41.43
1777944211,5.13,10.75,5.00,17.90,36.61,16.59,38.81,15.85,41.40
1777944213,5.13,10.50,5.25,17.64,36.57,16.67,38.84,16.17,41.43
1777944214,5.06,10.50,5.25,17.96,36.61,16.43,38.85,16.40,41.48
1777944216,5.13,10.50,5.50,17.69,36.58,16.53,38.86,16.10,41.44
1777944217,5.06,10.25,5.50,17.56,36.57,16.44,38.86,16.09,41.42
1777944219,5.13,10.50,5.00,17.66,36.59,16.51,38.88,16.08,41.43
1777944221,5.13,10.25,4.50,17.62,36.59,16.51,38.90,16.23,41.47
1777944222,5.06,11.00,5.50,17.77,36.61,16.49,38.91,16.07,41.43
1777944224,5.13,10.75,5.25,17.71,36.60,16.49,38.92,16.51,41.49
1777944225,5.13,10.25,5.25,17.58,36.57,16.50,38.90,16.20,41.45
1777944227,5.06,10.00,5.25,17.67,36.60,16.56,38.92,15.83,41.38
1777944229,5.06,10.00,5.50,17.56,36.58,16.51,38.91,16.19,41.46
1777944230,5.13,10.50,5.00,17.58,36.58,16.57,38.92,16.63,41.53
1777944232,5.13,10.25,5.25,17.63,36.59,16.48,38.92,16.14,41.44
1777944233,5.13,10.50,5.00,17.63,36.59,16.53,38.92,16.13,41.43
1777944235,5.13,10.50,5.25,17.51,36.57,16.48,38.94,15.82,41.38
1777944237,5.13,10.50,5.25,17.47,36.58,16.53,38.95,16.31,41.46
1777944238,5.13,10.75,5.25,17.77,36.61,16.49,38.96,15.90,41.37
1777944240,5.13,10.75,5.25,17.85,36.62,16.60,38.99,15.88,41.38
1777944241,5.06,10.50,5.25,17.44,36.57,16.37,38.98,16.24,41.42
1777944243,5.13,10.50,5.25,17.48,36.60,16.55,39.02,16.22,41.42
1777944245,5.06,10.75,4.75,17.88,36.63,16.64,39.07,16.34,41.44
1777944246,5.06,11.00,5.25,17.41,36.60,16.44,39.05,15.93,41.37
1777944248,5.00,11.25,5.25,17.55,36.60,16.42,39.04,16.26,41.43
1777944249,5.06,11.00,5.25,17.59,36.62,16.51,39.06,16.24,41.41
1777944251,5.06,11.00,5.25,17.62,36.64,16.48,39.07,16.47,41.45
1777944253,5.06,11.00,5.25,17.45,36.61,16.55,39.06,16.04,41.39
1777944254,5.00,10.75,5.25,17.44,36.63,16.40,39.06,16.21,41.42
1777944256,5.06,11.00,5.25,17.62,36.65,16.41,39.05,15.84,41.38
1777944257,5.06,11.00,5.50,17.52,36.65,16.48,39.08,16.14,41.43
1777944259,5.06,10.50,5.25,17.71,36.68,16.52,39.07,16.27,41.45
1777944261,5.00,11.00,5.25,17.55,36.64,16.61,39.08,15.86,41.38
1777944262,5.06,10.75,5.00,17.46,36.63,16.48,39.06,16.36,41.49
1777944264,5.06,10.75,5.25,17.64,36.66,16.43,39.05,16.03,41.41
1777944266,5.06,10.75,5.00,17.74,36.67,16.58,39.07,16.19,41.47
1777944267,5.06,10.75,5.25,17.75,36.68,16.66,39.08,15.93,41.42
1777944269,5.06,10.75,5.50,17.57,36.67,16.38,39.03,16.39,41.49
1777944270,5.00,10.25,5.25,17.62,36.66,16.55,39.06,16.07,41.46
1777944272,5.00,10.75,5.50,17.61,36.66,16.51,39.05,15.84,41.41
1777944274,5.00,11.00,5.25,17.45,36.62,16.38,39.01,15.84,41.43
1777944275,4.94,10.75,5.00,17.88,36.69,16.46,39.03,15.90,41.42
1777944277,5.00,10.75,5.25,17.58,36.66,16.52,39.03,16.24,41.48
1777944278,5.00,10.50,4.75,17.52,36.64,16.58,39.06,15.78,41.42
1777944280,5.00,10.75,5.50,17.86,36.66,16.58,39.05,16.07,41.47
1777944282,5.00,11.00,5.50,17.48,36.61,16.57,39.03,15.94,41.43
1777944283,5.00,10.75,5.00,17.69,36.66,16.59,39.02,16.25,41.51
1777944285,5.00,10.75,5.50,17.67,36.64,16.51,38.97,16.10,41.48
1777944286,5.00,11.25,5.00,17.67,36.66,16.64,38.99,15.81,41.45
1777944288,5.00,11.00,5.50,17.94,36.69,16.46,38.96,15.81,41.45
1777944290,5.00,11.00,5.00,17.50,36.64,16.59,38.95,16.04,41.48
1777944291,5.06,10.75,5.25,17.55,36.64,16.56,38.94,16.37,41.54
1777944293,5.00,10.75,5.25,17.66,36.66,16.52,38.92,15.80,41.44
1777944294,5.00,10.50,5.25,17.55,36.65,16.51,38.92,15.95,41.48
1777944296,5.00,10.25,5.50,17.66,36.66,16.55,38.93,16.48,41.57
1777944298,5.06,10.50,5.50,17.52,36.63,16.50,38.92,15.77,41.47
1777944299,5.06,10.75,5.50,17.70,36.69,16.59,38.96,16.05,41.51
1777944301,5.06,10.50,5.25,17.34,36.63,16.40,38.94,16.49,41.58
1777944302,5.06,10.25,5.25,17.51,36.65,16.58,38.95,16.27,41.55
1777944304,5.13,10.25,5.75,17.58,36.66,16.63,38.97,15.99,41.52
1777944306,5.06,10.50,5.50,17.58,36.67,16.57,38.95,16.72,41.64
1777944307,5.06,10.00,5.00,17.66,36.68,16.44,38.93,15.71,41.49
1777944309,5.06,10.25,5.00,17.79,36.71,16.47,38.93,16.05,41.54
1777944311,5.13,11.00,5.25,17.47,36.65,16.55,38.95,16.00,41.53
1777944312,5.06,10.50,4.75,17.71,36.70,16.40,38.92,16.31,41.58
1777944314,5.06,10.50,5.50,17.57,36.66,16.53,38.96,16.19,41.57
1777944315,5.13,10.50,5.00,17.52,36.65,16.55,38.94,15.68,41.48
1777944317,5.06,10.50,5.50,17.54,36.67,16.38,38.92,16.08,41.55
1777944319,5.06,10.75,5.50,17.53,36.68,16.56,38.95,16.35,41.58
1777944320,5.06,10.00,4.50,17.57,36.68,16.59,38.95,16.23,41.57
1777944322,5.00,10.50,5.50,17.51,36.66,16.44,38.92,15.97,41.53
1777944323,5.06,10.75,5.50,17.30,36.64,16.73,38.96,16.21,41.59
1777944325,5.06,10.75,4.75,17.66,36.68,16.54,38.92,16.03,41.57
1777944327,5.06,11.00,5.00,17.63,36.70,16.58,38.92,15.65,41.50
1777944328,5.06,10.75,5.25,17.48,36.68,16.47,38.91,16.23,41.60
1777944330,5.06,10.00,5.50,17.59,36.70,16.57,38.93,16.23,41.61
1777944331,5.00,10.50,5.00,17.51,36.68,16.55,38.92,16.18,41.60
1777944333,5.06,10.50,5.25,17.86,36.74,16.50,38.92,16.29,41.64
1777944335,5.00,10.25,5.50,17.46,36.68,16.51,38.93,16.59,41.69
1777944336,5.00,10.25,5.50,17.66,36.72,16.53,38.95,15.70,41.56
1777944338,5.00,10.25,5.50,17.61,36.70,16.54,38.95,15.94,41.62
1777944339,5.06,10.00,5.50,17.42,36.68,16.55,38.97,16.26,41.67
1777944341,5.06,9.75,5.25,17.38,36.69,16.55,38.99,16.33,41.67
1777944343,5.06,10.50,5.25,17.71,36.73,16.52,39.01,16.05,41.63
1777944344,5.06,10.50,5.25,17.48,36.69,16.55,39.02,16.27,41.69
1777944346,5.13,10.50,5.25,17.72,36.73,16.52,39.03,16.08,41.69
1777944347,5.13,10.50,5.25,17.41,36.73,16.50,39.06,16.36,41.78
1777944349,5.13,11.25,5.25,17.57,36.75,16.56,39.07,16.14,41.78
1777944351,5.13,11.00,5.25,17.71,36.77,16.53,39.05,16.08,41.75
1777944352,5.06,10.75,5.25,17.48,36.73,16.48,39.04,16.28,41.79
1777944354,5.06,11.25,5.25,17.53,36.74,16.54,39.03,15.93,41.70
1777944355,5.06,10.25,5.25,17.76,36.76,16.44,39.03,16.05,41.71
1777944357,5.06,10.25,5.50,17.54,36.75,16.40,39.03,16.30,41.76
1777944359,5.06,10.25,4.75,17.52,36.75,16.45,39.04,16.12,41.77
1777944360,5.13,10.75,5.25,17.48,36.76,16.47,39.05,16.16,41.80
1777944362,5.13,10.50,5.25,17.45,36.76,16.49,39.05,16.19,41.79
1777944364,5.13,10.50,5.25,17.58,36.80,16.55,39.04,16.02,41.74
1777944365,5.06,10.75,5.25,17.49,36.79,16.51,39.04,16.27,41.75
1777944367,5.06,10.50,5.00,17.69,36.81,16.44,39.00,15.77,41.65
1777944368,5.06,10.75,5.25,17.47,36.78,16.52,39.01,16.32,41.73
1777944370,5.06,10.75,5.25,17.75,36.81,16.49,39.00,16.17,41.68
1777944372,5.00,10.75,5.50,17.50,36.79,16.68,39.02,16.29,41.68
1777944373,5.00,10.75,5.25,17.61,36.80,16.53,39.01,16.21,41.65
1777944375,5.00,11.00,5.25,17.43,36.75,16.49,39.01,16.51,41.69
1777944376,5.00,11.00,5.25,17.58,36.79,16.47,39.02,15.70,41.56
1777944378,5.00,11.00,5.50,17.68,36.78,16.47,39.02,15.98,41.60
1777944380,5.00,11.00,5.25,17.52,36.77,16.48,39.05,16.22,41.64
1777944381,5.06,11.00,5.25,17.44,36.76,16.38,39.04,16.04,41.61
1777944383,5.06,10.75,5.25,17.62,36.79,16.47,39.07,16.40,41.67
1777944384,5.00,10.75,5.50,17.52,36.78,16.40,39.07,16.13,41.62
1777944386,5.00,10.75,5.25,17.55,36.78,16.44,39.07,16.17,41.62
1777944388,5.00,11.00,5.25,17.65,36.78,16.49,39.09,16.27,41.64
1777944389,5.00,10.75,5.50,17.49,36.77,16.56,39.10,15.98,41.59
1777944391,5.00,11.00,5.25,17.70,36.81,16.47,39.07,16.12,41.61
1777944392,5.00,10.75,5.25,17.39,36.76,16.60,39.10,15.93,41.57
1777944394,5.00,10.75,5.50,17.62,36.79,16.48,39.09,16.33,41.65
1777944396,5.00,10.75,5.00,17.48,36.77,16.59,39.11,16.12,41.59
1777944397,5.00,10.50,5.50,17.44,36.77,16.42,39.08,16.77,41.70
1777944399,5.00,11.00,5.25,17.55,36.78,16.52,39.11,16.07,41.58
1777944400,4.94,10.75,5.25,17.50,36.79,16.63,39.13,15.94,41.56
1777944402,5.00,10.75,5.25,17.62,36.79,16.43,39.11,15.94,41.56
1777944404,4.94,10.75,5.50,17.62,36.78,16.39,39.11,16.32,41.62
1777944405,4.94,11.00,5.25,17.47,36.76,16.40,39.13,16.19,41.61
1777944407,4.94,11.00,5.25,17.55,36.78,16.46,39.14,16.27,41.62
1777944408,4.88,10.75,5.25,17.70,36.78,16.48,39.15,16.52,41.64
1777944410,4.94,10.75,5.50,17.46,36.77,16.40,39.15,16.03,41.57
1777944412,4.94,10.75,5.25,17.67,36.79,16.48,39.17,16.23,41.62
1777944413,4.94,11.00,5.50,17.52,36.77,16.37,39.17,15.98,41.57
1777944415,4.94,11.00,5.25,17.70,36.80,16.50,39.20,16.30,41.61
1777944417,4.94,11.00,5.50,17.73,36.81,16.53,39.22,16.52,41.68
1777944418,4.94,10.50,5.00,17.34,36.77,16.43,39.22,16.05,41.61
1777944420,4.94,11.25,5.25,17.76,36.83,16.51,39.23,15.94,41.59
1777944421,5.00,11.25,5.25,17.43,36.79,16.28,39.22,16.30,41.66
1777944423,4.94,11.25,5.25,17.49,36.80,16.47,39.24,16.10,41.63
1777944425,4.94,10.75,5.50,17.73,36.83,16.45,39.26,15.78,41.59
1777944426,4.94,11.25,5.25,17.76,36.84,16.50,39.28,16.29,41.66
1777944428,4.94,11.25,5.25,17.44,36.79,16.48,39.30,16.19,41.65
1777944429,4.94,10.50,5.25,17.45,36.78,16.39,39.28,16.05,41.63
1777944431,4.94,10.50,5.25,17.63,36.82,16.52,39.30,15.90,41.62
1777944433,4.94,11.00,5.00,17.66,36.82,16.42,39.29,16.18,41.68
1777944434,4.88,11.00,5.25,17.67,36.83,16.40,39.27,16.23,41.66
1777944436,4.88,10.75,5.50,17.47,36.79,16.48,39.29,15.69,41.57
1777944437,4.94,11.00,5.25,17.80,36.84,16.51,39.27,16.48,41.70
1777944439,4.94,10.75,5.25,17.76,36.84,16.48,39.26,15.92,41.62
1777944441,4.88,10.50,5.00,17.45,36.80,16.40,39.22,16.15,41.64
1777944442,4.88,10.75,5.25,17.64,36.83,16.47,39.23,15.99,41.63
1777944444,4.88,10.75,5.50,17.37,36.78,16.56,39.24,15.87,41.61
1777944445,4.94,11.00,5.50,17.53,36.80,16.43,39.19,16.20,41.64
1777944447,4.88,11.00,5.25,17.52,36.79,16.42,39.18,16.24,41.66
1777944449,4.88,10.50,5.50,17.41,36.78,16.42,39.16,16.05,41.65
1777944450,4.88,11.00,5.25,17.58,36.81,16.50,39.17,16.00,41.64
1777944452,4.94,10.50,5.25,17.36,36.76,16.55,39.18,16.00,41.66
1777944453,5.00,10.25,5.25,17.69,36.80,16.57,39.17,16.31,41.70
1777944455,4.94,10.75,5.00,17.59,36.79,16.50,39.16,16.27,41.70
1777944457,4.94,11.00,5.50,17.52,36.78,16.51,39.17,15.97,41.69
1777944458,4.94,11.00,5.50,17.73,36.82,16.44,39.16,16.03,41.75
1777944460,4.94,10.50,5.00,17.41,36.80,16.41,39.14,16.31,41.83
1777944462,5.00,11.00,5.00,17.44,36.79,16.45,39.15,16.12,41.80
1777944463,4.94,10.75,5.25,17.77,36.84,16.51,39.13,15.91,41.75
1777944465,4.94,11.25,4.75,17.72,36.83,16.52,39.12,15.89,41.71
1777944466,4.94,10.50,4.75,17.45,36.79,16.60,39.10,16.12,41.74
1777944468,4.94,10.50,5.25,17.61,36.80,16.51,39.07,15.98,41.73
1777944470,4.88,10.75,5.25,17.62,36.81,16.51,39.05,16.37,41.81
1777944471,4.88,11.00,5.25,17.53,36.79,16.46,39.03,16.37,41.83
1777944473,4.88,10.50,5.25,17.69,36.81,16.58,39.05,15.98,41.76
1777944474,4.88,10.50,5.25,17.66,36.81,16.40,39.01,16.16,41.80
1777944476,4.81,10.50,5.25,17.56,36.80,16.48,39.02,16.08,41.80
1777944478,4.88,10.75,5.25,17.44,36.77,16.57,39.03,16.03,41.79
1777944479,4.81,10.50,5.25,17.49,36.79,16.44,39.02,15.97,41.76
1777944481,4.88,10.50,5.25,17.65,36.80,16.55,39.02,15.84,41.74
1777944482,4.81,10.50,5.00,17.49,36.77,16.53,39.02,15.66,41.71
1777944484,4.81,11.00,5.00,17.55,36.79,16.41,39.00,16.25,41.78
1777944486,4.88,11.00,5.25,17.80,36.83,16.60,39.04,16.45,41.82
1777944487,4.81,10.75,5.25,17.36,36.74,16.63,39.04,16.25,41.76
1777944489,4.81,11.00,5.50,17.48,36.77,16.55,39.04,16.42,41.79
1777944490,4.75,10.25,5.25,17.34,36.74,16.38,39.02,16.00,41.70
1777944492,4.75,10.75,5.25,17.56,36.78,16.44,39.03,16.00,41.69
1777944494,4.75,10.50,5.50,17.59,36.80,16.58,39.04,16.06,41.70
1777944495,4.75,10.75,5.50,17.37,36.75,16.58,39.05,16.29,41.74
1777944497,4.81,11.25,5.25,17.55,36.79,16.73,39.07,16.12,41.69
1777944498,4.75,11.00,5.50,17.44,36.78,16.54,39.08,16.07,41.67
1777944500,4.81,10.50,5.25,17.46,36.77,16.59,39.08,16.17,41.70
1777944502,4.81,10.50,5.25,17.52,36.78,16.44,39.09,16.19,41.70
1777944503,4.81,10.50,5.25,17.69,36.81,16.37,39.08,15.94,41.67
1777944505,4.81,10.00,5.25,17.52,36.79,16.49,39.11,15.85,41.62
1777944507,4.88,10.75,5.25,17.49,36.79,16.48,39.12,16.34,41.69
1777944508,4.75,10.50,5.25,17.45,36.78,16.37,39.08,16.23,41.69
1777944510,4.81,10.25,5.50,17.58,36.80,16.54,39.13,15.73,41.59
1777944511,4.81,10.50,4.75,17.52,36.79,16.54,39.12,16.24,41.66
1777944513,4.81,10.75,5.50,17.47,36.80,16.58,39.13,16.01,41.61
1777944515,4.81,11.00,5.25,17.41,36.78,16.48,39.12,16.30,41.66
1777944516,4.81,10.75,5.50,17.46,36.79,16.41,39.11,16.30,41.64
1777944518,4.88,10.75,5.25,17.62,36.83,16.43,39.12,16.23,41.64
1777944519,4.81,10.50,5.25,17.48,36.79,16.56,39.14,16.18,41.62
1777944521,4.88,10.50,5.50,17.58,36.82,16.59,39.15,16.20,41.63
1777944523,4.81,11.25,5.25,17.53,36.80,16.45,39.13,16.10,41.61
1777944524,4.88,10.75,5.75,17.72,36.86,16.54,39.13,16.18,41.64
1777944526,4.81,11.25,5.00,17.50,36.81,16.52,39.14,16.19,41.63
1777944527,4.88,11.25,5.75,17.54,36.81,16.61,39.14,16.08,41.61
1777944529,4.88,11.00,5.25,17.41,36.79,16.55,39.11,16.00,41.60
1777944531,4.88,10.25,5.25,17.79,36.87,16.55,39.09,16.34,41.65
1777944532,4.88,10.50,5.25,17.63,36.84,16.47,39.07,16.15,41.63
1777944534,4.88,10.75,5.75,17.41,36.78,16.55,39.07,16.46,41.68
1777944535,4.88,9.50,5.25,17.62,36.83,16.59,39.07,15.76,41.57
1777944537,4.88,10.75,5.50,17.52,36.81,16.61,39.06,15.97,41.59
1777944539,4.94,10.25,5.25,17.41,36.77,16.50,39.04,16.25,41.64
1777944540,4.88,10.25,5.50,17.47,36.79,16.49,39.05,16.72,41.71
1777944542,4.88,9.75,5.25,17.49,36.78,16.58,39.05,16.06,41.59
1777944543,4.88,10.50,5.25,17.58,36.82,16.55,39.06,16.18,41.60
1777944545,4.88,10.75,5.50,17.47,36.78,16.54,39.07,15.99,41.56
1777944547,4.81,10.75,5.50,17.38,36.76,16.48,39.06,16.59,41.64
1777944548,4.81,10.50,5.00,17.62,36.81,16.47,39.07,16.08,41.55
1777944550,4.81,10.25,5.25,17.54,36.78,16.51,39.08,16.12,41.55
1777944551,4.88,10.25,4.75,17.49,36.78,16.55,39.08,15.94,41.53
1777944553,4.81,11.00,5.50,17.76,36.82,16.59,39.09,16.00,41.52
1777944555,4.88,10.75,5.25,17.74,36.82,16.63,39.08,16.13,41.55
1777944556,4.81,10.50,5.25,17.27,36.75,16.44,39.03,16.62,41.62
1777944558,4.88,10.25,5.25,17.29,36.76,16.68,39.06,16.36,41.56
1777944560,4.81,10.25,5.25,17.73,36.81,16.55,39.01,16.21,41.55
1777944561,4.75,10.50,5.25,17.54,36.78,16.59,38.98,15.97,41.50
1777944563,4.81,10.50,5.25,17.61,36.79,16.55,38.94,16.30,41.56
1777944564,4.81,10.75,5.50,17.57,36.80,16.51,38.92,16.53,41.59
1777944566,4.81,10.25,5.50,17.76,36.82,16.62,38.93,16.09,41.52
1777944568,4.81,10.25,5.25,17.57,36.78,16.62,38.92,15.97,41.50
1777944569,4.75,10.50,5.25,17.66,36.79,16.59,38.92,15.91,41.50
1777944571,4.81,10.75,5.25,17.45,36.76,16.52,38.90,16.16,41.55
1777944572,4.88,10.25,5.50,17.40,36.74,16.66,38.90,16.48,41.56
1777944574,4.75,10.75,4.75,17.64,36.80,16.66,38.87,16.10,41.50
1777944576,4.81,10.25,5.25,17.45,36.76,16.57,38.84,16.31,41.54
1777944577,4.81,10.50,5.25,17.49,36.77,16.57,38.83,16.42,41.57
1777944579,4.75,10.25,5.00,17.58,36.78,16.75,38.80,16.07,41.52
1777944580,4.69,10.75,5.25,17.41,36.75,16.72,38.79,16.25,41.56
1777944582,4.75,10.50,5.75,17.66,36.78,16.66,38.75,16.05,41.52
1777944584,4.75,11.25,5.25,17.46,36.74,16.61,38.73,16.01,41.52
1777944585,4.75,10.25,5.25,17.48,36.75,16.62,38.74,16.44,41.59
1777944587,4.75,10.50,5.25,17.84,36.81,16.58,38.72,16.44,41.61
1777944588,4.75,11.00,5.25,17.59,36.77,16.68,38.75,16.13,41.57
1777944590,4.75,10.75,5.25,17.45,36.75,16.66,38.76,16.12,41.56
1777944592,4.81,11.00,4.75,17.76,36.80,16.51,38.76,16.06,41.56
1777944593,4.81,11.25,5.50,17.52,36.77,16.62,38.79,16.10,41.58
1777944595,4.81,10.75,5.25,17.51,36.76,16.66,38.79,15.87,41.55
1777944596,4.88,11.00,5.00,17.35,36.73,16.48,38.75,16.19,41.61
1777944598,4.81,10.75,5.50,17.43,36.76,16.46,38.75,15.94,41.55
1777944600,4.81,10.75,5.50,17.78,36.80,16.65,38.79,16.02,41.57
1777944601,4.81,10.75,5.25,17.45,36.75,16.53,38.79,15.91,41.53
1777944603,4.88,11.25,5.25,17.41,36.75,16.66,38.79,15.78,41.51
1777944605,4.88,10.75,5.50,17.76,36.80,16.56,38.81,16.43,41.61
1777944606,4.88,11.00,5.50,17.33,36.73,16.58,38.82,16.22,41.57
1777944608,4.88,11.25,5.25,17.50,36.75,16.43,38.81,16.26,41.55
1777944609,4.88,10.50,5.25,17.52,36.76,16.59,38.85,16.24,41.55
1777944611,4.88,11.00,5.25,17.45,36.75,16.57,38.86,15.72,41.48
1777944613,4.94,10.50,5.00,17.48,36.75,16.57,38.88,15.85,41.52
1777944614,5.00,10.50,4.75,17.55,36.75,16.55,38.86,16.44,41.60
1777944616,4.94,10.75,5.25,17.64,36.77,16.65,38.88,16.10,41.54
1777944617,5.00,11.00,5.25,17.48,36.74,16.58,38.88,16.23,41.56
1777944619,5.00,10.50,5.25,17.69,36.78,16.62,38.88,15.86,41.45
1777944621,4.94,10.75,5.00,17.48,36.75,16.54,38.87,15.85,41.45
1777944622,4.94,10.75,5.50,17.34,36.71,16.51,38.88,16.23,41.47
1777944624,5.00,10.25,5.25,17.52,36.75,16.50,38.87,16.60,41.52
1777944625,5.00,10.25,5.00,17.50,36.72,16.50,38.90,16.62,41.52
1777944627,4.94,10.50,5.25,17.47,36.73,16.55,38.93,16.19,41.41
1777944629,4.94,11.25,5.25,17.38,36.71,16.58,38.93,16.75,41.48
1777944630,4.94,10.50,5.25,17.52,36.73,16.47,38.93,16.08,41.38
1777944632,4.94,11.00,5.50,17.48,36.73,16.51,38.96,15.81,41.33
1777944633,4.88,11.25,5.25,17.53,36.75,16.69,39.01,15.81,41.33
1777944635,4.94,11.00,5.00,17.51,36.74,16.48,38.99,16.02,41.33
1777944637,4.94,11.00,5.25,17.43,36.74,16.50,39.01,16.48,41.41
1777944638,4.88,11.00,5.00,17.52,36.76,16.51,39.01,15.88,41.32
1777944640,4.94,11.00,5.25,17.52,36.75,16.44,39.01,16.18,41.36
1777944641,4.88,10.75,5.25,17.56,36.73,16.65,39.06,15.91,41.31
1777944643,4.88,11.00,5.25,17.41,36.74,16.41,39.02,15.94,41.32
1777944645,4.88,10.75,4.75,17.55,36.76,16.40,39.03,16.48,41.41
1777944646,4.88,10.75,5.50,17.65,36.76,16.50,39.04,16.56,41.42
1777944648,4.94,11.00,5.00,17.44,36.74,16.51,39.06,16.08,41.36
1777944649,4.88,10.75,5.25,17.76,36.78,16.40,39.04,15.87,41.33
1777944651,4.88,11.00,5.25,17.53,36.74,16.41,39.06,16.79,41.48
1777944653,4.88,11.00,5.25,17.79,36.80,16.62,39.10,16.55,41.46
1777944654,4.94,10.75,5.25,17.45,36.75,16.43,39.08,16.15,41.39
1777944656,4.88,11.00,5.25,17.86,36.80,16.54,39.10,16.35,41.43
1777944658,4.94,11.00,5.25,17.80,36.79,16.39,39.10,15.86,41.38
1777944659,4.88,11.25,5.50,17.50,36.75,16.53,39.12,16.21,41.43
1777944661,4.88,10.75,5.25,17.54,36.75,16.49,39.10,16.46,41.49
1777944662,4.88,11.00,5.50,17.48,36.74,16.48,39.08,15.93,41.39
1777944664,4.81,11.25,5.50,17.84,36.80,16.58,39.11,16.35,41.50
1777944666,4.81,10.50,5.50,17.58,36.74,16.54,39.08,16.34,41.49
1777944667,4.81,10.75,5.25,17.73,36.76,16.51,39.06,16.19,41.48
1777944669,4.75,10.50,5.00,17.64,36.74,16.56,39.07,15.85,41.42
1777944670,4.75,10.50,5.25,17.84,36.77,16.48,39.06,16.49,41.52
1777944672,4.75,11.00,5.25,17.41,36.71,16.46,39.06,16.12,41.47
1777944674,4.81,11.00,5.50,17.59,36.75,16.40,39.05,16.39,41.52
1777944675,4.75,11.00,5.50,17.69,36.76,16.48,39.08,16.16,41.49
1777944677,4.81,11.00,5.25,17.47,36.72,16.40,39.06,16.40,41.51
1777944678,4.75,11.00,5.50,17.53,36.74,16.44,39.08,16.12,41.49
1777944680,4.75,10.50,5.50,17.72,36.77,16.44,39.09,16.27,41.55
1777944682,4.81,11.00,5.50,17.63,36.75,16.38,39.11,15.90,41.48
1777944683,4.81,10.75,5.75,17.53,36.74,16.37,39.13,16.50,41.58
1777944685,4.75,10.75,5.00,17.52,36.75,16.54,39.17,16.25,41.57
1777944686,4.81,11.00,5.50,17.46,36.71,16.33,39.15,16.22,41.58
1777944688,4.81,11.00,5.25,17.51,36.75,16.42,39.18,16.01,41.55
1777944690,4.81,11.00,5.25,17.63,36.75,16.50,39.21,15.81,41.52
1777944691,4.75,11.00,5.50,17.58,36.74,16.45,39.20,15.84,41.50
1777944693,4.81,11.00,5.25,17.45,36.73,16.40,39.19,15.98,41.52
1777944694,4.81,11.00,5.50,17.84,36.79,16.38,39.19,15.94,41.51
1777944696,4.81,11.00,5.00,17.56,36.75,16.37,39.18,16.24,41.55
1777944698,4.81,10.75,5.25,17.54,36.75,16.44,39.20,16.07,41.51
1777944699,4.81,11.00,5.25,17.62,36.77,16.38,39.19,15.78,41.47
1777944701,4.88,11.00,5.50,17.71,36.77,16.46,39.21,16.08,41.51
1777944703,4.81,10.50,5.25,17.66,36.77,16.27,39.19,16.23,41.51
1777944704,4.81,10.25,5.50,17.61,36.75,16.42,39.22,16.58,41.57
1777944706,4.81,10.50,4.75,17.52,36.73,16.44,39.22,16.44,41.55
1777944707,4.81,11.00,5.50,17.58,36.75,16.41,39.22,16.16,41.48
1777944709,4.75,10.75,4.50,17.70,36.78,16.62,39.24,16.19,41.48
1777944711,4.81,11.25,5.00,17.75,36.76,16.39,39.20,16.18,41.47
1777944712,4.75,11.00,5.75,17.61,36.75,16.42,39.19,16.26,41.48
1777944714,4.81,10.25,5.25,17.44,36.71,16.58,39.21,15.76,41.41
1777944715,4.81,10.75,5.50,17.52,36.75,16.48,39.19,15.91,41.46
1777944717,4.88,11.00,5.25,17.81,36.77,16.52,39.20,16.32,41.55
1777944719,4.81,10.75,5.25,17.43,36.72,16.31,39.14,16.00,41.50
1777944720,4.81,10.75,5.25,17.48,36.74,16.46,39.17,16.43,41.54
1777944722,4.81,11.00,5.25,17.46,36.72,16.56,39.19,16.32,41.53
1777944723,4.81,10.75,5.00,17.49,36.73,16.53,39.19,16.35,41.52
1777944725,4.88,10.50,5.25,17.73,36.76,16.44,39.15,16.16,41.46
1777944727,4.88,10.50,4.75,17.54,36.74,16.46,39.16,16.20,41.46
1777944728,4.81,10.75,5.25,17.45,36.72,16.37,39.13,16.26,41.45
1777944730,4.81,10.75,5.25,17.62,36.72,16.40,39.15,16.44,41.45
1777944731,4.81,10.50,5.25,17.65,36.73,16.59,39.18,16.27,41.40
1777944733,4.81,11.00,4.75,17.53,36.71,16.50,39.16,16.03,41.34
1777944735,4.81,10.75,5.25,17.65,36.73,16.39,39.13,16.63,41.42
1777944736,4.81,10.75,5.25,17.41,36.68,16.41,39.14,16.79,41.45
1777944738,4.88,10.75,5.25,17.78,36.74,16.53,39.16,16.62,41.42
1777944739,4.88,11.00,5.25,17.55,36.70,16.57,39.17,16.61,41.40
1777944741,4.88,10.75,5.00,17.49,36.68,16.49,39.16,15.84,41.28
1777944743,4.88,10.75,5.50,17.52,36.70,16.42,39.15,16.24,41.31
1777944744,4.88,10.75,5.25,17.80,36.74,16.43,39.15,15.77,41.23
1777944746,4.88,10.75,5.25,17.50,36.68,16.41,39.16,16.25,41.30
1777944748,4.88,11.00,5.25,17.55,36.70,16.57,39.17,16.26,41.30
1777944749,4.81,10.75,5.25,17.58,36.69,16.48,39.15,16.30,41.31
1777944751,4.81,10.75,4.75,17.59,36.70,16.40,39.17,16.29,41.31
1777944752,4.81,10.50,5.25,17.63,36.71,16.55,39.17,15.77,41.22
1777944754,4.81,10.25,5.25,17.58,36.71,16.51,39.16,16.23,41.30
1777944756,4.88,10.75,5.00,17.66,36.72,16.53,39.15,16.01,41.28
1777944757,4.81,10.75,5.25,17.50,36.69,16.53,39.12,15.92,41.26
1777944759,4.81,11.00,5.25,17.59,36.71,16.50,39.10,16.25,41.31
1777944760,4.81,10.75,5.25,17.46,36.69,16.40,39.08,16.08,41.29
1777944762,4.81,10.75,5.25,17.54,36.72,16.47,39.09,16.15,41.32
1777944764,4.81,10.50,4.75,17.54,36.70,16.40,39.07,16.55,41.35
1777944765,4.81,10.75,5.25,17.68,36.73,16.61,39.11,16.14,41.32
1777944767,4.81,10.75,5.25,17.52,36.69,16.47,39.08,16.19,41.34
1777944768,4.81,10.75,5.25,17.57,36.73,16.50,39.10,16.56,41.42
1777944770,4.81,10.00,5.25,17.56,36.74,16.56,39.11,16.25,41.38
1777944772,4.81,10.75,5.00,17.68,36.74,16.44,39.08,16.43,41.43
1777944773,4.81,10.25,5.50,17.33,36.70,16.43,39.06,16.51,41.43
1777944775,4.75,11.00,5.25,17.52,36.73,16.60,39.08,16.21,41.40
1777944776,4.69,11.25,5.25,17.53,36.72,16.49,39.08,16.35,41.40
1777944778,4.75,10.50,4.75,17.66,36.74,16.47,39.05,16.08,41.33
1777944780,4.81,10.25,5.25,17.54,36.72,16.51,39.05,16.20,41.35
1777944781,4.75,10.25,5.25,17.53,36.73,16.61,39.04,15.91,41.31
1777944783,4.69,10.00,5.25,17.54,36.74,16.61,39.01,16.28,41.36
1777944784,4.75,10.25,5.25,17.70,36.75,16.54,38.98,16.20,41.35
1777944786,4.75,10.75,5.25,17.45,36.71,16.50,38.95,16.64,41.42
1777944788,4.81,10.75,5.25,17.79,36.76,16.61,38.97,16.16,41.35
1777944789,4.75,11.00,5.25,17.62,36.75,16.70,38.97,16.11,41.35
1777944791,4.81,11.25,5.00,17.79,36.77,16.61,38.94,16.48,41.40
1777944792,4.81,10.50,5.50,17.55,36.73,16.68,38.93,16.48,41.42
1777944794,4.81,11.00,5.50,17.40,36.70,16.69,38.91,16.15,41.35
1777944796,4.81,11.00,5.50,17.49,36.72,16.55,38.89,16.07,41.34
1777944797,4.81,11.00,5.25,17.52,36.75,16.62,38.90,16.20,41.35
1777944799,4.81,11.00,5.50,17.47,36.73,16.74,38.88,16.60,41.39
1777944801,4.81,11.00,5.00,17.41,36.71,16.66,38.83,16.50,41.39
1777944802,4.81,10.75,5.25,17.52,36.75,16.45,38.76,16.27,41.33
1777944804,4.81,10.75,5.25,17.51,36.73,16.51,38.76,16.02,41.30
1777944805,4.81,10.75,5.25,17.48,36.75,16.76,38.79,16.19,41.33
1777944807,4.81,10.75,5.25,17.48,36.73,16.67,38.74,16.57,41.38
1777944809,4.81,11.00,5.25,17.61,36.74,16.64,38.71,16.44,41.38
1777944810,4.81,10.50,5.25,17.53,36.73,16.59,38.68,15.84,41.28
1777944812,4.81,11.00,5.00,17.66,36.75,16.61,38.68,15.79,41.28
1777944813,4.88,11.00,5.25,17.61,36.76,16.67,38.70,16.18,41.34
1777944815,4.81,10.50,5.25,17.52,36.74,16.62,38.68,16.47,41.38
1777944817,4.81,10.25,5.25,17.65,36.76,16.59,38.69,16.55,41.39
1777944818,4.75,10.00,5.25,17.46,36.71,16.66,38.70,16.01,41.30
1777944820,4.75,10.25,5.25,17.45,36.73,16.70,38.71,16.18,41.33
1777944821,4.81,10.50,5.00,17.47,36.73,16.61,38.72,16.56,41.39
1777944823,4.81,10.50,5.25,17.51,36.72,16.65,38.72,16.33,41.33
1777944825,4.81,10.75,5.00,17.30,36.70,16.76,38.74,16.26,41.32
1777944826,4.81,10.75,5.25,17.79,36.78,16.66,38.71,16.15,41.30
1777944828,4.88,10.75,5.25,17.40,36.72,16.77,38.74,16.28,41.30
1777944829,4.75,10.75,4.50,17.68,36.78,16.62,38.71,16.61,41.36
1777944831,4.75,10.75,5.50,17.58,36.77,16.66,38.69,16.26,41.31
1777944833,4.81,10.50,5.25,17.47,36.73,16.58,38.68,15.99,41.26
1777944834,4.81,10.75,5.25,17.47,36.74,16.65,38.68,16.10,41.29
1777944836,4.81,10.75,5.00,17.59,36.78,16.57,38.65,16.26,41.32
1777944837,4.81,10.25,5.25,17.52,36.76,16.79,38.70,16.24,41.30
1777944839,4.81,10.50,5.25,17.45,36.75,16.70,38.70,16.27,41.31
1777944841,4.75,10.50,5.25,17.65,36.76,16.72,38.69,16.33,41.34
1777944842,4.81,10.75,5.25,17.58,36.77,16.59,38.66,15.95,41.27
1777944844,4.81,10.75,5.25,17.41,36.73,16.71,38.68,16.30,41.35
1777944846,4.81,11.00,5.50,17.55,36.76,16.70,38.68,16.16,41.31
1777944847,4.81,10.50,5.00,17.28,36.71,16.61,38.65,16.36,41.34
1777944849,4.69,11.00,5.50,17.41,36.74,16.67,38.67,15.95,41.28
1777944850,4.75,10.75,5.00,17.50,36.75,16.70,38.66,17.05,41.43
1777944852,4.75,11.00,5.00,17.64,36.77,16.62,38.65,16.10,41.28
1777944854,4.69,10.75,5.25,17.61,36.75,16.62,38.64,15.73,41.23
1777944855,4.69,10.75,5.25,17.51,36.77,16.65,38.63,16.07,41.30
1777944857,4.69,10.50,5.00,17.44,36.74,16.62,38.63,15.98,41.30
1777944858,4.75,10.75,5.50,17.59,36.79,16.66,38.62,16.74,41.43
1777944860,4.75,10.75,5.50,17.72,36.79,16.63,38.63,16.27,41.40
1777944862,4.81,10.50,5.25,17.58,36.79,16.72,38.61,16.12,41.41
1777944863,4.75,11.00,5.50,17.73,36.82,16.70,38.61,15.87,41.37
1777944865,4.81,11.25,5.00,17.52,36.79,16.59,38.58,15.78,41.34
1777944866,4.81,10.75,5.25,17.55,36.79,16.70,38.60,16.15,41.40
1777944868,4.81,11.00,5.25,17.36,36.77,16.62,38.57,16.53,41.46
1777944870,4.81,11.00,5.25,17.35,36.79,16.53,38.55,16.29,41.42
1777944871,4.81,11.00,5.25,17.69,36.83,16.65,38.56,16.62,41.47
1777944873,4.81,11.00,5.50,17.66,36.82,16.63,38.55,15.71,41.33
1777944874,4.75,11.00,5.00,17.71,36.84,16.72,38.56,16.74,41.48
1777944876,4.81,10.50,5.75,17.71,36.84,16.80,38.56,16.48,41.44
1777944878,4.81,10.50,5.50,17.69,36.85,16.75,38.54,16.59,41.47
1777944879,4.75,11.00,5.25,17.33,36.81,16.76,38.54,16.33,41.41
1777944881,4.75,10.25,5.25,17.52,36.82,16.70,38.53,15.98,41.37
1777944882,4.81,10.25,5.25,17.65,36.85,16.64,38.52,16.19,41.40
1777944884,4.81,10.50,5.00,17.70,36.84,16.73,38.54,16.27,41.43
1777944886,4.81,10.50,5.25,17.34,36.81,16.75,38.52,16.15,41.39
1777944887,4.81,10.75,5.25,17.52,36.83,16.83,38.53,16.62,41.52
1777944889,4.81,11.00,5.00,17.67,36.84,16.73,38.50,15.96,41.41
1777944890,4.81,10.75,5.50,17.55,36.85,16.76,38.49,16.40,41.50
1777944892,4.88,10.75,5.00,17.37,36.81,16.75,38.50,16.24,41.47
1777944894,4.81,10.75,5.50,17.54,36.84,16.70,38.47,15.79,41.44
1777944895,4.81,11.00,5.25,17.44,36.84,16.77,38.48,16.12,41.48
1777944897,4.88,11.00,5.25,17.65,36.87,16.72,38.48,15.87,41.45
1777944899,4.88,11.00,5.50,17.42,36.84,16.65,38.46,16.40,41.55
1777944900,4.88,11.00,5.25,17.48,36.84,16.89,38.51,16.00,41.47
1777944902,4.88,10.50,5.25,17.70,36.88,16.70,38.49,16.55,41.57
1777944903,4.88,11.00,5.50,17.68,36.87,16.74,38.49,16.23,41.51
1777944905,4.81,10.25,5.25,17.47,36.85,16.69,38.48,16.69,41.59
1777944907,4.81,10.75,5.50,17.76,36.86,16.64,38.47,16.05,41.51
1777944908,4.81,10.75,5.25,17.52,36.85,16.70,38.49,16.04,41.50
1777944910,4.81,11.00,5.50,17.48,36.84,16.78,38.51,15.90,41.49
1777944911,4.81,10.75,5.25,17.63,36.86,16.86,38.51,16.23,41.53
1777944913,4.81,10.75,5.25,17.52,36.84,16.76,38.50,16.43,41.56
1777944915,4.81,10.75,5.25,17.58,36.84,16.63,38.50,16.34,41.54
1777944916,4.88,11.00,5.50,17.30,36.77,16.74,38.52,16.07,41.50
1777944918,4.81,10.25,5.00,17.53,36.82,16.65,38.52,16.12,41.51
1777944919,4.81,11.00,5.25,17.52,36.82,16.65,38.52,16.36,41.55
1777944921,4.88,10.75,4.75,17.54,36.80,16.61,38.53,16.61,41.59
1777944923,4.81,10.75,5.25,17.53,36.80,16.66,38.55,15.75,41.46
1777944924,4.81,10.75,5.25,17.78,36.84,16.58,38.54,16.01,41.51
1777944926,4.81,10.75,5.25,17.39,36.77,16.62,38.55,15.95,41.48
1777944927,4.81,10.25,5.00,17.38,36.77,16.68,38.56,15.95,41.50
1777944929,4.81,10.50,5.25,17.43,36.80,16.61,38.58,16.05,41.51
1777944931,4.75,10.00,4.75,17.51,36.79,16.59,38.59,15.97,41.49
1777944932,4.81,10.25,5.25,17.52,36.79,16.66,38.61,16.23,41.54
1777944934,4.81,9.75,5.50,17.54,36.79,16.57,38.63,16.09,41.54
1777944935,4.81,10.75,5.50,17.68,36.80,16.49,38.60,16.09,41.52
1777944937,4.81,10.75,5.00,17.54,36.79,16.48,38.64,16.33,41.57
1777944939,4.81,10.25,5.00,17.50,36.80,16.59,38.66,16.05,41.53
1777944940,4.81,10.50,5.50,17.79,36.84,16.54,38.67,15.86,41.50
1777944942,4.81,11.00,5.25,17.65,36.82,16.70,38.71,16.37,41.59
1777944944,4.81,10.75,5.50,17.51,36.79,16.64,38.71,15.95,41.51
1777944945,4.81,10.75,5.00,17.30,36.75,16.69,38.73,16.32,41.58
1777944947,4.81,11.00,5.25,17.47,36.79,16.55,38.71,15.77,41.51
1777944948,4.81,10.50,5.25,17.73,36.84,16.64,38.75,16.26,41.58
1777944950,4.81,11.00,5.25,17.59,36.82,16.63,38.76,16.08,41.55
1777944952,4.75,11.00,5.25,17.52,36.83,16.53,38.73,16.07,41.56
1777944953,4.81,10.00,5.75,17.68,36.84,16.74,38.74,16.06,41.57
1777944955,4.88,11.00,5.25,17.67,36.85,16.60,38.72,16.29,41.61
1777944956,4.81,10.75,5.50,17.62,36.83,16.72,38.74,16.55,41.66
1777944958,4.75,10.75,5.25,17.39,36.81,16.61,38.72,16.35,41.62
1777944960,4.75,11.00,5.25,17.65,36.86,16.46,38.69,15.84,41.56
1777944961,4.75,10.75,5.25,17.41,36.81,16.55,38.71,16.56,41.68
1777944963,4.81,11.00,5.25,17.55,36.83,16.61,38.70,16.12,41.61
1777944964,4.75,10.75,5.25,17.56,36.83,16.78,38.73,15.95,41.58
1777944966,4.75,10.50,5.50,17.33,36.79,16.67,38.70,16.05,41.60
1777944968,4.81,10.00,5.25,17.52,36.81,16.62,38.68,15.84,41.57
1777944969,4.75,10.75,5.50,17.39,36.80,16.68,38.68,15.99,41.60
1777944971,4.75,10.75,5.50,17.77,36.84,16.59,38.66,16.10,41.63
1777944972,4.75,10.75,5.25,17.73,36.84,16.72,38.68,15.84,41.58
1777944974,4.81,10.50,5.25,17.51,36.79,16.72,38.68,16.16,41.63
1777944976,4.81,10.75,5.25,17.44,36.78,16.62,38.66,16.03,41.63
1777944977,4.75,11.00,5.75,17.68,36.84,16.49,38.63,15.93,41.61
1777944979,4.81,11.25,5.25,17.76,36.84,16.66,38.66,16.12,41.65
1777944980,4.81,11.25,5.50,17.74,36.83,16.59,38.64,16.30,41.69
1777944982,4.88,10.75,5.50,17.66,36.83,16.69,38.66,16.27,41.67
1777944984,4.81,10.75,5.50,17.66,36.84,16.72,38.68,16.14,41.65
1777944985,4.81,10.75,5.25,17.62,36.83,16.70,38.66,15.98,41.64
1777944987,4.88,10.75,5.25,17.64,36.82,16.62,38.64,16.05,41.64
1777944989,4.81,10.50,5.50,17.75,36.84,16.51,38.62,16.12,41.65
1777944990,4.81,10.75,5.25,17.37,36.80,16.62,38.65,16.01,41.64
1777944992,4.81,10.25,5.25,17.39,36.80,16.70,38.64,16.27,41.70
1777944993,4.88,11.00,5.50,17.51,36.80,16.72,38.64,15.72,41.61
1777944995,4.88,10.50,5.00,17.55,36.81,16.66,38.62,16.30,41.69
1777944997,4.88,11.25,5.00,17.81,36.86,16.58,38.63,15.91,41.63
1777944998,4.81,11.00,5.50,17.52,36.81,16.64,38.65,16.21,41.67
1777945000,4.88,11.00,5.25,17.69,36.84,16.61,38.63,16.32,41.70
1777945001,4.88,11.00,5.25,17.45,36.79,16.48,38.62,16.27,41.66
1777945003,4.81,11.00,5.50,17.40,36.79,16.70,38.67,16.33,41.67
1777945005,4.81,11.00,5.00,17.84,36.83,16.76,38.70,15.77,41.58
1777945006,4.88,10.75,5.25,17.61,36.81,16.64,38.68,16.05,41.62
1777945008,4.81,11.00,5.25,17.70,36.81,16.63,38.68,16.16,41.65
1777945009,4.81,10.75,5.25,17.47,36.79,16.62,38.67,15.70,41.55
1777945011,4.81,11.00,5.00,17.48,36.78,16.48,38.65,15.91,41.60
1777945013,4.81,10.50,5.50,17.63,36.80,16.69,38.68,15.98,41.60
1777945014,4.81,10.50,5.25,17.57,36.80,16.59,38.65,16.07,41.62
1777945016,4.88,10.75,5.50,17.55,36.78,16.66,38.65,16.29,41.64
1777945017,4.88,10.50,5.25,17.46,36.77,16.63,38.63,16.50,41.68
1777945019,4.81,10.75,5.25,17.74,36.80,16.59,38.62,16.02,41.59
1777945021,4.81,10.50,5.50,17.70,36.79,16.56,38.61,16.24,41.62
1777945022,4.81,11.00,5.25,17.84,36.82,16.63,38.62,16.16,41.60
1777945024,4.75,10.50,5.25,17.36,36.74,16.66,38.62,15.73,41.52
1777945025,4.75,10.75,5.25,17.47,36.77,16.57,38.60,16.49,41.63
1777945027,4.75,10.75,5.25,17.86,36.81,16.71,38.62,16.25,41.60
1777945029,4.75,10.50,5.50,17.68,36.78,16.61,38.60,15.74,41.51
1777945030,4.75,11.00,5.25,17.49,36.77,16.65,38.60,16.76,41.65
1777945032,4.75,11.00,5.50,17.44,36.76,16.62,38.60,16.14,41.56
1777945033,4.69,11.00,5.25,17.67,36.78,16.60,38.59,16.17,41.57
1777945035,4.75,10.75,4.75,17.49,36.75,16.60,38.59,16.28,41.59
1777945037,4.75,11.00,5.00,17.71,36.78,16.51,38.56,16.22,41.56
1777945038,4.75,10.50,5.25,17.35,36.72,16.63,38.61,16.32,41.58
1777945040,4.75,10.75,5.25,17.41,36.73,16.55,38.61,16.26,41.56
1777945042,4.75,10.75,5.50,17.67,36.77,16.65,38.64,16.16,41.54
1777945043,4.75,10.75,5.25,17.51,36.75,16.65,38.66,16.33,41.57
1777945045,4.75,10.75,5.25,17.46,36.74,16.73,38.67,15.77,41.48
1777945046,4.75,11.00,5.25,17.49,36.75,16.72,38.69,16.05,41.53
1777945048,4.81,11.00,5.25,17.49,36.74,16.64,38.68,16.62,41.61
1777945050,4.81,10.75,4.75,17.69,36.80,16.59,38.66,16.60,41.61
1777945051,4.81,10.50,5.50,17.53,36.75,16.58,38.66,16.00,41.52
1777945053,4.75,10.50,5.25,17.48,36.76,16.72,38.66,16.82,41.65
1777945054,4.69,10.50,5.25,17.56,36.77,16.65,38.65,15.78,41.48
1777945056,4.75,10.75,5.00,17.34,36.72,16.75,38.66,16.01,41.52
1777945058,4.75,11.00,5.25,17.58,36.75,16.70,38.66,16.19,41.53
1777945059,4.81,10.75,5.00,17.51,36.76,16.59,38.65,15.87,41.48
1777945061,4.81,11.00,5.25,17.62,36.77,16.70,38.66,16.31,41.54
1777945062,4.81,11.00,5.50,17.41,36.76,16.72,38.65,16.06,41.48
1777945064,4.81,10.75,4.75,17.34,36.75,16.72,38.64,16.37,41.54
1777945066,4.81,10.50,5.25,17.72,36.78,16.65,38.62,16.34,41.52
1777945067,4.81,10.25,5.25,17.43,36.75,16.65,38.63,16.36,41.52
1777945069,4.81,10.50,5.25,17.69,36.79,16.79,38.64,16.19,41.50
1777945070,4.75,10.50,4.50,17.66,36.79,16.52,38.62,15.74,41.41
1777945072,4.75,10.50,5.25,17.39,36.75,16.50,38.61,16.55,41.53
1777945074,4.75,10.75,5.25,17.61,36.77,16.72,38.65,15.98,41.45
1777945075,4.75,11.00,5.25,17.62,36.77,16.61,38.62,16.16,41.48
1777945077,4.75,10.75,5.50,17.51,36.75,16.70,38.65,16.75,41.58
1777945078,4.69,11.00,5.25,17.48,36.75,16.66,38.61,16.27,41.49
1777945080,4.75,10.75,5.50,17.52,36.76,16.59,38.61,16.05,41.46
1777945082,4.75,10.50,5.25,17.44,36.75,16.57,38.59,15.81,41.42
1777945083,4.75,10.50,5.25,17.52,36.77,16.56,38.61,16.05,41.46
1777945085,4.75,10.75,5.25,17.65,36.78,16.55,38.59,16.11,41.48
1777945087,4.69,11.00,5.50,17.48,36.75,16.76,38.62,16.08,41.49
1777945088,4.75,11.50,4.50,17.63,36.78,16.50,38.60,15.98,41.47
1777945090,4.75,10.50,5.00,17.61,36.77,16.59,38.63,16.05,41.48
1777945091,4.69,11.00,5.50,17.48,36.76,16.66,38.64,16.29,41.53
1777945093,4.69,11.00,5.25,17.57,36.78,16.73,38.66,16.17,41.50
1777945095,4.75,10.75,5.25,17.79,36.82,16.55,38.64,15.94,41.48
1777945096,4.69,10.75,5.50,17.66,36.80,16.51,38.64,16.15,41.53
1777945098,4.75,11.25,5.25,17.48,36.77,16.58,38.66,16.55,41.60
1777945099,4.75,11.00,5.25,17.51,36.77,16.63,38.65,16.35,41.58
1777945101,4.75,11.25,5.00,17.73,36.80,16.69,38.66,15.77,41.51
1777945103,4.75,11.25,5.00,17.53,36.76,16.69,38.65,15.87,41.52
1777945104,4.81,10.50,5.25,17.29,36.73,16.67,38.63,16.37,41.62
1777945106,4.81,10.75,5.25,17.51,36.77,16.65,38.61,16.58,41.64
1777945107,4.81,10.50,5.25,17.35,36.75,16.61,38.59,16.32,41.62
1777945109,4.81,10.50,5.50,17.75,36.80,16.63,38.59,15.81,41.55
1777945111,4.81,10.00,5.25,17.46,36.77,16.66,38.59,16.30,41.64
1777945112,4.81,10.25,5.50,17.39,36.75,16.63,38.57,16.05,41.59
1777945114,4.81,10.75,5.50,17.69,36.80,16.63,38.56,15.78,41.54
1777945115,4.81,11.00,5.25,17.49,36.78,16.65,38.57,15.93,41.57
1777945117,4.81,10.75,5.25,17.45,36.75,16.66,38.58,16.08,41.57
1777945119,4.81,10.75,5.00,17.76,36.79,16.63,38.59,16.04,41.57
1777945120,4.81,10.75,5.25,17.34,36.74,16.66,38.61,16.29,41.59
1777945122,4.81,10.75,5.25,17.70,36.77,16.61,38.61,15.80,41.51
1777945123,4.81,10.75,5.50,17.48,36.75,16.63,38.63,16.51,41.65
1777945125,4.75,10.25,5.25,17.53,36.78,16.70,38.66,16.49,41.64
1777945127,4.81,10.75,5.50,17.65,36.77,16.58,38.63,15.73,41.52
1777945128,4.75,11.00,4.75,17.55,36.77,16.67,38.66,16.20,41.58
1777945130,4.81,10.75,5.50,17.68,36.80,16.64,38.67,15.72,41.50
1777945131,4.75,10.25,5.00,17.45,36.74,16.70,38.67,16.05,41.51
1777945133,4.75,10.50,5.25,17.58,36.77,16.72,38.66,16.23,41.53
1777945135,4.75,11.00,5.25,17.53,36.76,16.51,38.62,16.11,41.50
1777945136,4.75,10.50,5.00,17.35,36.73,16.65,38.65,15.85,41.44
1777945138,4.75,11.00,4.75,17.71,36.79,16.69,38.66,16.25,41.50
1777945140,4.75,10.75,5.25,17.65,36.76,16.69,38.68,16.23,41.48
1777945141,4.69,10.50,4.75,17.63,36.77,16.77,38.68,16.23,41.44
1777945143,4.75,10.75,5.25,17.46,36.75,16.62,38.68,15.76,41.37
1777945144,4.75,10.75,5.25,17.67,36.78,16.60,38.66,15.72,41.36
1777945146,4.69,10.50,5.25,17.50,36.76,16.75,38.69,16.25,41.43
1777945148,4.75,11.00,5.25,17.40,36.74,16.64,38.66,16.24,41.44
1777945149,4.75,11.00,5.50,17.57,36.77,16.63,38.66,15.76,41.37
1777945151,4.75,11.00,4.75,17.47,36.75,16.63,38.65,16.06,41.40
1777945152,4.69,10.75,5.25,17.66,36.78,16.61,38.65,15.98,41.38
1777945154,4.81,11.00,5.00,17.79,36.81,16.67,38.65,16.28,41.42
1777945156,4.75,11.25,4.75,17.76,36.79,16.63,38.63,16.63,41.47
1777945157,4.75,10.75,5.25,17.59,36.78,16.69,38.64,16.27,41.41
1777945159,4.75,10.75,5.00,17.45,36.76,16.72,38.63,16.29,41.42
1777945160,4.75,10.75,5.25,17.74,36.80,16.77,38.62,16.17,41.40
1777945162,4.75,11.00,5.50,17.53,36.77,16.65,38.59,16.29,41.41
1777945164,4.75,10.75,5.25,17.66,36.76,16.94,38.62,16.23,41.38
1777945165,4.75,10.75,5.25,17.55,36.76,16.82,38.56,16.32,41.39
1777945167,4.75,10.75,5.25,17.52,36.77,17.00,38.56,15.98,41.36
1777945168,4.75,10.75,5.25,17.55,36.77,16.76,38.52,16.62,41.47
1777945170,4.75,11.00,5.25,17.48,36.76,16.93,38.52,16.28,41.41
1777945172,4.69,10.75,5.25,17.73,36.79,16.76,38.46,16.34,41.43
1777945173,4.69,11.00,5.00,17.41,36.76,16.68,38.43,15.84,41.35
1777945175,4.63,10.75,5.25,17.41,36.76,16.79,38.43,16.30,41.44
1777945176,4.69,11.00,5.25,17.44,36.77,16.76,38.42,16.62,41.49
1777945178,4.69,11.00,5.50,17.48,36.78,16.79,38.43,16.21,41.43
1777945180,4.69,10.50,5.25,17.37,36.76,16.70,38.41,16.23,41.44
1777945181,4.69,10.25,5.00,17.76,36.82,16.78,38.43,16.27,41.47
1777945183,4.75,10.50,5.50,17.72,36.80,16.80,38.41,15.87,41.41
1777945185,4.75,11.00,5.25,17.34,36.76,16.81,38.39,16.29,41.47
1777945186,4.75,10.75,5.25,17.55,36.79,16.75,38.41,16.19,41.47
1777945188,4.69,11.00,5.25,17.49,36.78,16.65,38.39,16.05,41.45
1777945189,4.69,10.75,5.50,17.67,36.80,16.70,38.41,16.23,41.49
1777945191,4.69,11.00,5.00,17.58,36.79,16.76,38.43,16.08,41.47
1777945193,4.75,11.00,5.25,17.47,36.78,16.64,38.43,16.30,41.52
1777945194,4.75,10.75,5.25,17.68,36.79,16.62,38.44,16.04,41.46
1777945196,4.75,10.50,4.75,17.34,36.75,16.71,38.45,16.54,41.53
1777945197,4.69,11.00,4.75,17.66,36.81,16.65,38.47,16.22,41.50
1777945199,4.69,10.75,5.25,17.35,36.73,16.66,38.47,16.29,41.51
1777945201,4.69,10.75,5.25,17.57,36.78,16.63,38.47,16.10,41.48
1777945202,4.69,11.00,5.00,17.59,36.77,16.73,38.49,15.80,41.45
1777945204,4.69,10.75,5.00,17.65,36.80,16.73,38.50,16.18,41.50
1777945205,4.69,10.50,5.25,17.40,36.75,16.70,38.52,15.68,41.42
1777945207,4.69,10.50,5.00,17.75,36.80,16.62,38.51,16.55,41.56
1777945209,4.69,10.50,5.00,17.52,36.76,16.64,38.50,16.36,41.55
1777945210,4.63,10.75,4.75,17.52,36.78,16.69,38.54,15.87,41.46
1777945212,4.69,11.00,5.25,17.61,36.77,16.55,38.52,16.12,41.50
1777945213,4.63,10.75,5.00,17.48,36.76,16.66,38.56,16.15,41.51
1777945215,4.69,10.25,5.00,17.52,36.77,16.54,38.54,15.99,41.49
1777945217,4.63,10.25,5.25,17.62,36.78,16.66,38.57,16.29,41.53
1777945218,4.69,10.00,5.25,17.66,36.78,16.54,38.56,16.15,41.52
1777945220,4.69,10.75,5.25,17.54,36.77,16.66,38.61,16.52,41.56
1777945221,4.69,10.75,5.25,17.68,36.77,16.49,38.58,16.04,41.48
1777945223,4.69,10.50,5.25,17.71,36.79,16.47,38.60,16.06,41.49
1777945225,4.69,10.75,5.25,17.62,36.76,16.51,38.63,16.27,41.51
1777945226,4.69,10.25,5.25,17.46,36.74,16.62,38.68,16.79,41.61
1777945228,4.69,10.75,5.25,17.63,36.77,16.55,38.68,16.21,41.54
1777945229,4.63,10.00,4.75,17.63,36.77,16.61,38.70,16.08,41.48
1777945231,4.63,10.00,5.00,17.39,36.73,16.61,38.71,15.81,41.44
1777945233,4.69,10.25,5.25,17.43,36.76,16.65,38.72,16.32,41.53
1777945234,4.63,10.25,5.00,17.50,36.76,16.62,38.73,16.27,41.52
1777945236,4.69,10.25,5.25,17.36,36.73,16.52,38.71,16.08,41.51
1777945238,4.63,10.25,5.25,17.40,36.73,16.66,38.73,15.99,41.49
1777945239,4.63,10.00,5.25,17.55,36.78,16.61,38.72,16.55,41.59
1777945241,4.63,10.75,4.75,17.41,36.74,16.72,38.73,16.22,41.52
1777945242,4.69,10.50,5.25,17.56,36.77,16.56,38.69,16.23,41.54
1777945244,4.69,10.50,5.00,17.45,36.78,16.70,38.71,15.74,41.47
1777945246,4.75,10.75,5.50,17.71,36.81,16.71,38.71,16.25,41.58
1777945247,4.75,10.75,5.25,17.54,36.79,16.66,38.71,16.56,41.63
1777945249,4.75,10.75,4.75,17.68,36.80,16.51,38.67,16.36,41.57
1777945250,4.69,10.75,5.25,17.72,36.80,16.63,38.68,16.39,41.57
1777945252,4.69,10.50,5.25,17.33,36.73,16.55,38.68,15.94,41.49
1777945254,4.69,10.25,5.25,17.50,36.77,16.59,38.67,16.51,41.57
1777945255,4.75,11.00,4.75,17.50,36.76,16.66,38.69,15.71,41.44
1777945257,4.75,10.75,4.75,17.46,36.76,16.54,38.68,16.32,41.52
1777945258,4.69,10.75,4.75,17.50,36.76,16.64,38.70,16.19,41.50
1777945260,4.69,10.75,5.00,17.52,36.76,16.63,38.69,16.29,41.52
1777945262,4.69,10.50,5.25,17.45,36.74,16.55,38.67,16.33,41.54
1777945263,4.69,10.25,5.00,17.68,36.80,16.51,38.63,15.69,41.41
1777945265,4.69,10.25,4.75,17.49,36.75,16.61,38.66,16.03,41.48
1777945266,4.69,10.50,5.00,17.55,36.75,16.57,38.63,15.74,41.45
1777945268,4.75,10.00,5.00,17.48,36.75,16.59,38.63,16.06,41.49
1777945270,4.69,10.25,5.00,17.66,36.77,16.63,38.63,15.73,41.43
1777945271,4.69,10.75,5.25,17.45,36.76,16.72,38.66,16.30,41.53
1777945273,4.69,10.75,5.00,17.54,36.76,16.77,38.67,16.23,41.51
1777945274,4.69,11.00,5.25,17.49,36.75,16.45,38.61,15.94,41.45
1777945276,4.69,10.50,5.25,17.73,36.79,16.48,38.63,16.07,41.46
1777945278,4.69,10.75,5.00,17.69,36.80,16.48,38.63,15.91,41.45
1777945279,4.69,10.25,4.50,17.41,36.75,16.52,38.67,16.19,41.50
1777945281,4.63,11.00,5.00,17.50,36.75,16.68,38.72,16.05,41.48
1777945283,4.69,10.75,5.25,17.54,36.77,16.57,38.70,16.14,41.50
1777945284,4.63,10.75,5.00,17.51,36.77,16.56,38.72,16.00,41.46
1777945286,4.63,10.75,5.00,17.58,36.78,16.57,38.71,15.73,41.43
1777945287,4.63,10.50,5.00,17.50,36.77,16.44,38.74,16.30,41.52
1777945289,4.63,11.00,5.25,17.53,36.78,16.53,38.76,16.32,41.52
1777945291,4.63,10.25,5.00,17.68,36.78,16.61,38.77,16.33,41.52
1777945292,4.69,10.75,4.50,17.74,36.81,16.53,38.76,15.76,41.45
1777945294,4.69,11.00,5.25,17.61,36.78,16.54,38.77,16.21,41.49
1777945295,4.63,10.75,5.25,17.56,36.79,16.56,38.75,16.16,41.49
1777945297,4.69,11.00,5.00,17.33,36.74,16.66,38.76,15.80,41.43
1777945299,4.69,10.50,5.25,17.42,36.76,16.70,38.74,16.22,41.49
1777945300,4.69,10.50,5.25,17.44,36.76,16.71,38.73,16.24,41.47
1777945302,4.63,10.25,5.25,17.42,36.75,16.66,38.74,16.09,41.44
1777945303,4.63,10.00,4.75,17.41,36.75,16.59,38.72,15.94,41.42
1777945305,4.63,9.75,5.00,17.54,36.78,16.53,38.72,16.12,41.43
1777945307,4.63,10.50,5.25,17.48,36.78,16.52,38.73,16.65,41.53
1777945308,4.63,10.50,5.25,17.48,36.77,16.54,38.72,16.09,41.42
1777945310,4.63,10.25,5.00,17.58,36.80,16.57,38.74,16.36,41.49
1777945311,4.63,10.75,5.00,17.58,36.80,16.59,38.75,16.18,41.43
1777945313,4.63,10.50,5.00,17.58,36.80,16.50,38.76,16.25,41.44
1777945315,4.63,11.00,5.25,17.41,36.78,16.55,38.77,16.19,41.42
1777945316,4.69,10.00,5.00,17.66,36.83,16.55,38.77,16.03,41.40
1777945318,4.63,10.50,5.00,17.41,36.80,16.59,38.77,15.93,41.39
1777945319,4.69,10.75,4.75,17.30,36.78,16.68,38.80,16.19,41.43
1777945321,4.69,10.75,5.25,17.56,36.85,16.61,38.81,16.33,41.45
1777945323,4.63,10.25,4.75,17.48,36.82,16.51,38.78,16.22,41.45
1777945324,4.69,11.00,5.25,17.50,36.81,16.58,38.81,16.33,41.48
1777945326,4.63,10.75,5.00,17.51,36.83,16.62,38.83,16.79,41.53
1777945327,4.63,10.75,5.00,17.67,36.86,16.45,38.83,16.32,41.49
1777945329,4.63,10.50,5.00,17.48,36.84,16.54,38.84,16.06,41.43
1777945331,4.63,10.50,5.25,17.41,36.83,16.55,38.87,15.94,41.42
1777945332,4.69,10.50,5.00,17.87,36.89,16.58,38.88,15.87,41.39
1777945334,4.63,10.00,5.25,17.50,36.86,16.46,38.87,16.31,41.46
1777945336,4.63,10.25,5.25,17.62,36.87,16.53,38.87,16.12,41.44
1777945337,4.63,10.00,5.25,17.64,36.86,16.55,38.88,16.11,41.44
1777945339,4.56,10.00,5.25,17.39,36.81,16.56,38.88,15.92,41.40
1777945340,4.69,10.00,5.00,17.76,36.89,16.55,38.88,16.59,41.50
1777945342,4.69,10.25,5.00,17.45,36.84,16.64,38.90,15.81,41.41
1777945344,4.69,10.25,5.00,17.54,36.89,16.59,38.89,16.03,41.45
1777945345,4.69,10.50,5.25,17.44,36.86,16.51,38.88,16.58,41.53
1777945347,4.63,10.25,5.00,17.58,36.90,16.66,38.90,16.07,41.45
1777945348,4.69,10.00,5.50,17.43,36.88,16.62,38.90,16.21,41.46
1777945350,4.69,10.75,5.25,17.42,36.88,16.51,38.88,16.12,41.48
1777945352,4.69,10.50,5.25,17.40,36.88,16.59,38.87,16.33,41.50
1777945353,4.69,10.25,4.75,17.45,36.88,16.51,38.88,16.10,41.46
1777945355,4.75,11.00,5.00,17.39,36.87,16.47,38.86,15.98,41.43
1777945356,4.69,11.00,5.25,17.45,36.88,16.52,38.88,16.40,41.51
1777945358,4.69,10.50,4.75,17.55,36.91,16.53,38.88,16.48,41.53
1777945360,4.75,11.00,5.25,17.44,36.91,16.44,38.87,15.69,41.40
1777945361,4.69,11.00,4.75,17.55,36.93,16.59,38.91,15.80,41.44
1777945363,4.69,10.50,5.50,17.64,36.92,16.45,38.91,16.02,41.47
1777945364,4.69,10.50,4.75,17.56,36.93,16.65,38.92,16.65,41.58
1777945366,4.69,11.00,5.00,17.58,36.94,16.47,38.90,16.06,41.48
1777945368,4.69,10.75,5.50,17.52,36.93,16.51,38.91,16.50,41.57
1777945369,4.69,10.25,5.00,17.45,36.90,16.50,38.91,16.07,41.50
1777945371,4.69,11.00,5.25,17.41,36.91,16.51,38.91,16.13,41.51
1777945372,4.69,11.00,5.00,17.58,36.93,16.60,38.93,16.29,41.57
1777945374,4.69,11.00,4.75,17.39,36.91,16.55,38.92,16.43,41.57
1777945376,4.69,10.75,4.75,17.31,36.89,16.49,38.93,16.01,41.52
1777945377,4.63,10.50,5.50,17.51,36.93,16.54,38.94,16.48,41.60
1777945379,4.63,10.50,4.75,17.42,36.93,16.53,38.93,15.72,41.48
1777945381,4.75,10.75,5.50,17.48,36.94,16.53,38.94,15.72,41.51
1777945382,4.69,10.50,5.50,17.44,36.93,16.56,38.95,16.32,41.61
1777945384,4.69,10.75,5.00,17.38,36.92,16.53,38.95,16.27,41.61
1777945385,4.69,10.75,5.25,17.66,36.99,16.42,38.93,16.54,41.66
1777945387,4.69,10.75,5.25,17.48,36.96,16.54,38.94,16.44,41.66
1777945389,4.75,10.50,5.25,17.38,36.94,16.44,38.97,15.84,41.57
1777945390,4.69,11.25,5.50,17.86,37.00,16.59,39.00,15.93,41.60
1777945392,4.75,11.00,5.25,17.48,36.96,16.38,38.96,16.26,41.65
1777945393,4.69,10.75,4.75,17.67,36.96,16.42,38.96,16.30,41.67
1777945395,4.75,11.00,5.25,17.37,36.95,16.52,38.99,16.36,41.69
1777945397,4.75,10.75,5.50,17.66,37.00,16.48,38.97,16.21,41.65
1777945398,4.75,11.00,5.25,17.58,37.00,16.43,38.98,15.84,41.60
1777945400,4.69,10.50,5.00,17.79,37.02,16.42,38.98,16.23,41.68
1777945401,4.69,10.75,5.00,17.48,36.99,16.55,39.00,16.23,41.69
1777945403,4.69,10.50,4.75,17.54,36.99,16.59,39.02,16.03,41.67
1777945405,4.69,10.75,5.50,17.59,36.99,16.55,39.00,15.86,41.63
1777945406,4.69,11.00,5.25,17.66,36.99,16.55,38.99,16.10,41.67
1777945408,4.75,10.25,4.75,17.50,36.99,16.63,38.99,16.48,41.73
1777945409,4.69,11.00,5.25,17.52,36.98,16.49,38.96,16.06,41.68
1777945411,4.63,11.00,5.00,17.33,36.97,16.51,38.94,15.93,41.67
1777945413,4.63,10.50,5.25,17.54,37.00,16.53,38.94,16.23,41.70
1777945414,4.69,9.75,5.00,17.45,36.97,16.53,38.95,16.18,41.71
1777945416,4.69,10.25,5.25,17.54,36.98,16.45,38.92,16.45,41.75
1777945417,4.63,10.25,5.25,17.41,36.96,16.53,38.93,16.24,41.74
1777945419,4.69,9.75,4.75,17.41,36.96,16.53,38.92,15.87,41.66
1777945421,4.69,9.75,5.00,17.39,36.95,16.55,38.93,15.76,41.66
1777945422,4.69,10.50,5.00,17.76,37.01,16.43,38.92,16.30,41.74
1777945424,4.69,10.50,5.25,17.38,36.94,16.53,38.92,16.72,41.79
1777945426,4.75,10.50,5.50,17.45,36.95,16.53,38.92,16.33,41.72
1777945427,4.69,10.75,5.00,17.51,36.97,16.50,38.92,16.19,41.70
1777945429,4.75,10.50,5.25,17.62,36.98,16.44,38.91,16.29,41.69
1777945430,4.75,10.50,5.25,17.45,36.96,16.55,38.93,16.19,41.70
1777945432,4.69,10.25,5.50,17.59,36.98,16.63,38.94,16.12,41.68
1777945434,4.75,10.75,5.25,17.55,36.97,16.49,38.94,16.16,41.69
1777945435,4.75,10.75,5.25,17.46,36.97,16.48,38.96,16.48,41.73
1777945437,4.75,10.25,5.50,17.51,36.96,16.47,38.96,16.08,41.67
1777945438,4.69,11.00,5.25,17.58,36.99,16.61,39.00,16.10,41.68
1777945440,4.63,10.75,5.25,17.78,37.01,16.51,38.98,16.11,41.70
1777945442,4.63,11.00,5.25,17.45,36.97,16.48,38.98,15.99,41.68
1777945443,4.63,11.00,5.25,17.52,36.97,16.51,38.99,16.21,41.70
1777945445,4.63,10.75,5.25,17.51,36.97,16.59,38.99,16.23,41.73
1777945446,4.63,11.25,5.25,17.73,37.00,16.62,38.94,15.90,41.67
1777945448,4.63,11.00,5.25,17.78,37.03,16.55,38.96,15.65,41.65
1777945450,4.69,10.75,5.50,17.45,36.97,16.40,38.93,16.35,41.77
1777945451,4.63,10.75,4.75,17.63,37.00,16.48,38.94,16.27,41.75
1777945453,4.63,11.00,5.50,17.69,37.03,16.58,38.96,16.08,41.73
1777945454,4.56,10.50,5.25,17.80,37.04,16.44,38.95,16.17,41.73
1777945456,4.63,10.75,4.50,17.61,37.03,16.47,38.96,16.01,41.71
1777945458,4.63,10.25,5.25,17.49,37.00,16.40,38.96,16.28,41.77
1777945459,4.63,10.50,5.50,17.45,36.99,16.57,39.00,16.17,41.75
1777945461,4.63,10.75,5.50,17.38,36.98,16.49,38.99,16.24,41.75
1777945462,4.63,10.25,4.75,17.73,37.03,16.58,39.02,16.19,41.74
1777945464,4.63,9.50,5.50,17.80,37.04,16.63,39.02,16.15,41.72
1777945466,4.63,10.50,5.50,17.39,36.98,16.59,39.02,16.15,41.73
1777945467,4.69,10.50,5.25,17.44,36.99,16.51,39.00,16.48,41.78
1777945469,4.63,11.00,5.25,17.61,37.01,16.62,39.02,15.98,41.69
1777945470,4.56,10.00,5.25,17.44,36.99,16.58,39.02,16.16,41.72
1777945472,4.63,10.75,5.00,17.27,36.96,16.44,39.00,15.98,41.71
1777945474,4.63,11.25,5.00,17.84,37.04,16.53,39.01,16.40,41.77
1777945475,4.63,10.75,5.50,17.73,37.03,16.55,39.03,16.30,41.78
1777945477,4.63,10.75,4.75,17.44,36.98,16.55,39.02,15.99,41.73
1777945479,4.56,10.75,5.25,17.50,36.98,16.55,39.02,15.90,41.72
1777945480,4.56,11.00,5.25,17.55,36.99,16.51,39.03,16.06,41.74
1777945482,4.56,10.75,5.25,17.62,36.97,16.41,39.02,16.11,41.73
1777945483,4.56,10.25,5.25,17.45,36.96,16.59,39.06,16.32,41.73
1777945485,4.63,10.75,5.25,17.58,36.97,16.48,39.06,15.97,41.66
1777945487,4.63,11.25,5.25,17.58,36.98,16.53,39.07,15.87,41.62
1777945488,4.69,10.50,5.00,17.54,36.96,16.45,39.07,16.12,41.64
1777945490,4.63,10.50,5.00,17.34,36.94,16.55,39.09,16.59,41.71
1777945491,4.69,10.25,5.25,17.78,37.02,16.64,39.10,16.10,41.60
1777945493,4.69,10.25,5.25,17.40,36.95,16.54,39.08,16.29,41.62
1777945495,4.63,10.25,5.50,17.50,36.96,16.49,39.06,16.05,41.58
1777945496,4.69,10.25,5.25,17.45,36.96,16.55,39.05,16.57,41.65
1777945498,4.63,10.75,5.25,17.55,36.96,16.47,39.03,16.05,41.54
1777945499,4.63,10.50,5.25,17.37,36.94,16.48,39.03,16.34,41.59
1777945501,4.69,10.50,5.00,17.41,36.95,16.52,39.02,15.95,41.51
1777945503,4.69,10.75,5.00,17.26,36.93,16.54,38.98,16.18,41.54
1777945504,4.63,10.75,5.00,17.34,36.93,16.54,38.96,16.27,41.54
1777945506,4.63,10.25,5.25,17.61,36.97,16.60,38.95,15.77,41.45
1777945507,4.56,10.25,5.25,17.44,36.93,16.52,38.92,16.04,41.46
1777945509,4.63,10.00,5.25,17.58,36.95,16.54,38.91,15.94,41.43
1777945511,4.63,11.00,5.00,17.59,36.96,16.61,38.91,16.75,41.55
1777945512,4.63,10.25,5.00,17.66,36.97,16.50,38.88,16.08,41.42
1777945514,4.63,10.50,5.25,17.64,36.96,16.58,38.90,15.73,41.34
1777945515,4.63,10.75,5.25,17.28,36.91,16.62,38.90,15.80,41.36
1777945517,4.63,10.75,4.75,17.52,36.93,16.51,38.89,16.40,41.46
1777945519,4.63,9.75,5.00,17.63,36.95,16.42,38.87,16.40,41.43
1777945520,4.63,10.25,5.25,17.45,36.93,16.47,38.90,16.35,41.43
1777945522,4.63,10.75,5.25,17.46,36.93,16.38,38.91,16.33,41.41
1777945524,4.69,10.50,5.25,17.54,36.95,16.44,38.93,16.12,41.38
1777945525,4.63,10.75,5.25,17.38,36.93,16.43,38.95,17.13,41.53
1777945527,4.63,10.25,5.00,17.68,36.98,16.38,38.95,16.55,41.43
1777945528,4.63,10.50,5.50,17.45,36.93,16.58,39.02,16.27,41.39
1777945530,4.69,10.50,5.00,17.65,36.97,16.51,39.01,16.23,41.38
1777945532,4.63,10.00,5.00,17.76,37.00,16.47,39.04,16.21,41.36
1777945533,4.56,10.75,4.75,17.41,36.94,16.46,39.04,15.84,41.31
1777945535,4.63,10.75,5.50,17.62,36.97,16.44,39.06,16.75,41.46
1777945536,4.63,10.75,5.00,17.39,36.93,16.65,39.09,16.27,41.37
1777945538,4.63,10.75,4.75,17.48,36.94,16.53,39.07,16.21,41.36
1777945540,4.63,11.00,5.00,17.45,36.94,16.46,39.08,16.08,41.34
1777945541,4.63,11.00,5.25,17.37,36.95,16.49,39.08,16.00,41.32
1777945543,4.63,10.50,5.00,17.43,36.96,16.40,39.06,16.28,41.39
1777945544,4.63,11.00,5.50,17.66,37.01,16.51,39.07,15.82,41.30
1777945546,4.56,11.00,5.25,17.45,36.95,16.48,39.06,15.73,41.28
1777945548,4.63,10.50,5.00,17.58,36.98,16.54,39.06,16.25,41.36
1777945549,4.63,11.00,5.25,17.77,37.04,16.59,39.06,15.99,41.32
1777945551,4.56,11.00,5.25,17.58,36.98,16.51,39.05,16.26,41.36
1777945552,4.56,10.25,4.25,17.67,37.00,16.47,39.03,15.75,41.28
1777945554,4.63,11.00,5.25,17.47,36.97,16.57,39.03,16.25,41.36
1777945556,4.56,10.50,5.00,17.46,36.96,16.56,39.00,16.28,41.34
1777945557,4.56,11.00,5.25,17.56,36.98,16.58,38.97,16.00,41.30
1777945559,4.56,10.50,5.00,17.64,37.00,16.41,38.95,16.30,41.34
1777945560,4.56,10.75,5.25,17.48,36.96,16.50,38.94,15.76,41.22
1777945562,4.50,10.75,5.25,17.39,36.94,16.59,38.94,16.37,41.32
1777945564,4.63,11.00,5.25,17.43,36.94,16.62,38.92,16.05,41.26
1777945565,4.56,10.75,5.25,17.52,36.95,16.54,38.92,16.23,41.28
1777945567,4.56,11.00,5.25,17.80,37.01,16.52,38.90,16.53,41.34
1777945569,4.56,10.50,5.00,17.79,36.99,16.71,38.91,15.73,41.19
1777945570,4.56,11.25,5.00,17.83,36.99,16.57,38.86,16.24,41.28
1777945572,4.56,11.00,5.25,17.56,36.95,16.72,38.88,16.64,41.34
1777945573,4.56,10.75,5.25,17.37,36.92,16.68,38.86,16.00,41.22
1777945575,4.56,11.00,5.25,17.55,36.95,16.65,38.85,16.51,41.31
1777945577,4.63,10.50,5.50,17.53,36.97,16.62,38.84,16.12,41.26
1777945578,4.56,10.75,5.50,17.37,36.95,16.62,38.80,15.75,41.21
1777945580,4.63,11.00,5.25,17.58,36.96,16.54,38.79,16.23,41.30
1777945581,4.63,11.00,5.50,17.58,36.97,16.66,38.80,16.08,41.26
1777945583,4.63,11.25,5.50,17.55,36.98,16.57,38.79,16.31,41.31
1777945585,4.63,11.00,5.00,17.41,36.97,16.51,38.77,16.61,41.35
1777945586,4.63,11.00,5.00,17.52,36.98,16.56,38.79,16.25,41.31
1777945588,4.63,10.50,5.50,17.58,36.98,16.51,38.79,16.07,41.28
1777945589,4.63,10.75,5.00,17.58,36.98,16.51,38.80,16.34,41.33
1777945591,4.63,10.75,5.25,17.66,36.99,16.53,38.83,16.27,41.32
1777945593,4.63,10.50,5.25,17.50,36.97,16.53,38.84,16.26,41.32
1777945594,4.56,11.00,5.50,17.43,36.95,16.57,38.85,15.79,41.26
1777945596,4.63,11.00,5.00,17.25,36.92,16.59,38.84,16.19,41.31
1777945597,4.56,10.75,5.00,17.58,36.98,16.57,38.86,16.25,41.34
1777945599,4.63,11.25,5.00,17.84,37.00,16.48,38.85,15.83,41.30
1777945601,4.56,10.00,5.25,17.38,36.94,16.55,38.88,15.95,41.30
1777945602,4.63,11.25,5.25,17.42,36.96,16.55,38.89,16.19,41.36
1777945604,4.63,10.50,5.25,17.41,36.95,16.45,38.88,16.23,41.37
1777945605,4.56,10.50,5.00,17.92,37.02,16.50,38.88,15.68,41.28
1777945607,4.63,10.75,5.25,17.30,36.92,16.52,38.90,15.87,41.32
1777945609,4.63,10.75,5.50,17.81,37.02,16.61,38.93,15.84,41.33
1777945610,4.63,10.50,5.25,17.55,36.99,16.49,38.93,16.02,41.36
1777945612,4.69,10.75,5.25,17.55,36.99,16.45,38.93,16.59,41.46
1777945613,4.63,11.00,5.25,17.39,36.96,16.55,38.96,15.83,41.32
1777945615,4.63,11.00,5.50,17.71,36.99,16.40,38.96,15.98,41.36
1777945617,4.63,10.75,4.75,17.58,36.99,16.51,38.97,16.22,41.38
1777945618,4.63,11.00,5.25,17.61,37.01,16.45,39.00,15.73,41.30
1777945620,4.69,10.25,5.25,17.74,37.00,16.48,39.01,16.05,41.36
1777945622,4.69,10.50,5.25,17.35,36.95,16.53,39.04,15.77,41.32
1777945623,4.63,10.25,5.00,17.56,36.98,16.62,39.07,15.71,41.31
1777945625,4.63,10.50,5.25,17.53,36.97,16.49,39.07,16.26,41.40
1777945626,4.69,10.75,5.50,17.33,36.95,16.48,39.08,15.73,41.32
1777945628,4.63,10.50,5.25,17.41,36.96,16.52,39.09,16.17,41.41
1777945630,4.69,11.00,5.25,17.55,36.97,16.44,39.10,15.98,41.37
1777945631,4.63,11.00,5.50,17.87,37.04,16.48,39.13,15.94,41.38
1777945633,4.63,10.75,5.50,17.62,36.99,16.41,39.12,16.40,41.46
1777945634,4.63,10.75,5.25,17.80,37.02,16.49,39.16,16.09,41.42
1777945636,4.63,10.50,5.00,17.58,36.97,16.50,39.13,16.39,41.48
1777945638,4.69,11.00,5.75,17.62,36.98,16.60,39.16,16.13,41.44
1777945639,4.69,10.75,5.25,17.40,36.95,16.48,39.14,16.56,41.53
1777945641,4.75,10.75,5.25,17.66,36.98,16.48,39.11,16.34,41.49
1777945642,4.75,10.75,5.00,17.49,36.94,16.47,39.12,16.02,41.45
1777945644,4.69,10.50,5.00,17.48,36.96,16.41,39.10,15.94,41.44
1777945646,4.75,11.00,5.25,17.73,36.99,16.48,39.11,16.06,41.46
1777945647,4.69,10.75,4.75,17.37,36.92,16.54,39.11,15.90,41.45
1777945649,4.63,10.75,5.25,17.61,36.96,16.52,39.11,16.18,41.50
1777945650,4.69,11.00,5.50,17.58,36.96,16.45,39.10,15.80,41.44
1777945652,4.63,10.50,5.00,17.82,36.99,16.40,39.11,16.07,41.48
1777945654,4.69,10.75,5.25,17.48,36.94,16.38,39.11,16.17,41.50
1777945655,4.63,10.50,5.00,17.38,36.91,16.37,39.13,16.28,41.53
1777945657,4.63,10.75,5.25,17.42,36.93,16.41,39.15,16.00,41.50
1777945658,4.69,10.75,5.25,17.29,36.90,16.46,39.17,16.23,41.55
1777945660,4.63,10.50,4.75,17.85,36.99,16.34,39.17,15.97,41.51
1777945662,4.63,10.25,5.25,17.45,36.92,16.40,39.21,15.73,41.49
1777945663,4.69,10.25,5.00,17.63,36.97,16.51,39.24,16.39,41.59
1777945665,4.63,9.75,5.00,17.50,36.96,16.51,39.26,16.28,41.59
1777945667,4.69,10.00,5.25,17.41,36.93,16.33,39.24,15.92,41.54
1777945668,4.63,10.00,5.25,17.33,36.92,16.40,39.27,15.80,41.53
1777945670,4.63,10.25,5.50,17.65,36.98,16.34,39.27,16.63,41.66
1777945671,4.69,10.00,5.25,17.76,36.99,16.45,39.30,16.38,41.63
1777945673,4.63,10.25,5.25,17.44,36.94,16.36,39.30,16.15,41.59
1777945675,4.69,10.50,5.25,17.49,36.96,16.49,39.31,16.24,41.59
1777945676,4.69,10.75,5.00,17.68,36.97,16.43,39.30,16.25,41.59
1777945678,4.69,10.25,5.25,17.63,36.98,16.45,39.27,16.01,41.56
1777945679,4.63,10.25,5.50,17.52,36.95,16.48,39.30,16.32,41.61
1777945681,4.69,10.25,5.50,17.47,36.96,16.52,39.28,16.60,41.66
1777945683,4.69,10.25,5.50,17.52,36.95,16.46,39.25,16.27,41.63
1777945684,4.69,10.00,5.50,17.45,36.96,16.36,39.21,16.11,41.61
1777945686,4.69,10.00,5.25,17.56,36.97,16.54,39.20,15.77,41.58
1777945687,4.75,10.25,5.00,17.45,36.95,16.48,39.17,16.08,41.67
1777945689,4.75,9.75,5.00,17.37,36.95,16.51,39.17,16.07,41.70
1777945691,4.75,10.25,5.50,17.51,36.99,16.40,39.14,16.71,41.82
1777945692,4.75,10.00,5.25,17.72,37.03,16.48,39.13,16.17,41.76
1777945694,4.69,10.50,5.25,17.53,36.99,16.57,39.12,16.17,41.73
1777945695,4.69,10.50,5.00,17.49,36.99,16.56,39.09,15.92,41.67
1777945697,4.63,11.00,5.00,17.55,37.00,16.50,39.07,15.83,41.64
1777945699,4.69,10.75,5.50,17.65,37.02,16.59,39.04,16.18,41.68
1777945700,4.63,10.75,5.25,17.48,36.99,16.66,39.04,16.51,41.72
1777945702,4.63,11.00,5.50,17.46,36.98,16.64,38.99,15.87,41.62
1777945703,4.63,10.25,5.25,17.44,36.96,16.53,38.96,15.96,41.63
1777945705,4.63,10.75,5.25,17.50,36.98,16.59,38.96,15.90,41.62
1777945707,4.63,10.50,4.75,17.54,36.98,16.54,38.94,16.01,41.63
1777945708,4.63,10.50,5.50,17.35,36.95,16.48,38.93,16.51,41.70
1777945710,4.56,10.75,5.00,17.71,37.01,16.52,38.93,16.32,41.68
1777945711,4.56,10.50,5.25,17.37,36.95,16.59,38.93,16.28,41.67
1777945713,4.56,10.50,5.50,17.58,36.97,16.63,38.92,16.00,41.63
1777945715,4.56,10.75,5.25,17.62,36.99,16.59,38.92,16.05,41.62
1777945716,4.56,10.50,4.75,17.38,36.96,16.56,38.91,16.16,41.64
1777945718,4.50,11.00,5.25,17.66,36.99,16.59,38.91,16.15,41.64
1777945720,4.56,11.00,5.25,17.43,36.97,16.51,38.88,16.03,41.63
1777945721,4.50,11.00,5.00,17.52,36.97,16.66,38.92,15.97,41.63
1777945723,4.63,10.75,5.50,17.53,36.99,16.57,38.90,16.25,41.66
1777945724,4.56,10.75,5.00,17.51,36.99,16.46,38.90,16.10,41.63
1777945726,4.56,10.75,5.00,17.64,37.01,16.47,38.90,16.13,41.64
1777945728,4.56,10.00,5.25,17.55,36.99,16.58,38.91,15.99,41.61
1777945729,4.56,10.75,4.75,17.63,37.02,16.55,38.93,15.92,41.60
1777945731,4.50,10.50,5.00,17.58,37.00,16.59,38.94,16.26,41.67
1777945732,4.56,10.75,5.25,17.53,36.99,16.40,38.91,16.18,41.63
1777945734,4.56,10.25,5.25,17.41,36.97,16.58,38.94,15.96,41.63
1777945736,4.56,10.75,5.00,17.62,37.00,16.49,38.92,16.60,41.72
1777945737,4.56,10.75,5.00,17.52,36.99,16.53,38.92,15.95,41.60
1777945739,4.50,10.75,5.00,17.49,36.98,16.51,38.90,16.23,41.65
1777945740,4.56,10.75,5.25,17.41,37.00,16.70,38.92,15.84,41.57
1777945742,4.56,11.00,5.50,17.42,37.00,16.51,38.89,16.32,41.66
1777945744,4.63,10.50,5.25,17.61,37.01,16.81,38.94,16.31,41.62
1777945745,4.56,11.00,5.00,17.33,36.99,16.54,38.88,16.27,41.62
1777945747,4.56,10.25,5.25,17.47,37.00,16.56,38.89,15.81,41.53
1777945748,4.63,10.25,5.00,17.65,37.02,16.53,38.90,15.92,41.53
1777945750,4.56,10.25,5.50,17.64,37.02,16.55,38.87,16.19,41.57
1777945752,4.56,10.75,5.25,17.40,36.99,16.55,38.87,16.20,41.57
1777945753,4.56,10.75,5.00,17.58,37.02,16.62,38.87,16.16,41.55
1777945755,4.63,10.25,5.50,17.37,36.99,16.66,38.86,16.00,41.52
1777945756,4.63,10.50,5.25,17.53,37.00,16.62,38.83,15.88,41.48
1777945758,4.63,10.25,5.50,17.59,37.02,16.72,38.83,16.25,41.52
1777945760,4.69,10.25,5.25,17.51,37.00,16.67,38.80,16.27,41.52
1777945761,4.63,10.25,5.25,17.26,36.98,16.64,38.79,15.72,41.41
1777945763,4.63,10.75,5.25,17.26,36.98,16.61,38.78,16.28,41.50
1777945764,4.63,10.50,5.50,17.37,37.00,16.69,38.81,15.81,41.43
1777945766,4.63,10.50,5.50,17.41,37.00,16.66,38.80,15.93,41.41
1777945768,4.63,11.00,5.50,17.87,37.06,16.66,38.79,15.94,41.43
1777945769,4.56,10.25,5.25,17.62,37.03,16.64,38.79,15.79,41.39
1777945771,4.63,10.25,5.50,17.40,37.00,16.50,38.77,16.22,41.43
1777945773,4.63,10.75,5.25,17.51,37.03,16.56,38.77,16.23,41.43
1777945774,4.63,11.00,5.25,17.35,37.00,16.66,38.79,15.92,41.35
1777945776,4.63,10.50,5.25,17.40,37.00,16.57,38.78,15.80,41.32
1777945777,4.63,10.75,5.25,17.59,37.03,16.61,38.77,16.32,41.41
1777945779,4.56,10.75,5.50,17.41,37.00,16.61,38.75,16.60,41.45
1777945781,4.56,10.75,5.50,17.51,37.02,16.64,38.79,16.33,41.39
1777945782,4.56,10.50,5.50,17.34,36.99,16.55,38.77,16.20,41.38
1777945784,4.63,10.75,5.50,17.50,37.01,16.54,38.77,15.98,41.32
1777945785,4.63,10.75,5.50,17.41,37.02,16.55,38.78,16.19,41.35
1777945787,4.63,10.25,5.00,17.58,37.02,16.53,38.80,16.30,41.37
1777945789,4.63,10.75,5.00,17.64,37.04,16.57,38.78,15.76,41.28
1777945790,4.63,11.00,5.25,17.37,37.01,16.62,38.81,15.74,41.30
1777945792,4.63,10.75,5.00,17.41,37.02,16.61,38.80,16.27,41.36
1777945793,4.63,10.75,5.25,17.84,37.06,16.55,38.81,16.07,41.34
1777945795,4.63,10.75,5.00,17.34,36.99,16.53,38.79,15.98,41.31
1777945797,4.63,10.50,4.75,17.73,37.07,16.37,38.80,16.26,41.36
1777945798,4.63,10.50,5.50,17.49,37.04,16.55,38.82,16.10,41.33
1777945800,4.63,10.75,5.50,17.48,37.04,16.58,38.85,15.61,41.26
1777945801,4.56,10.50,5.25,17.47,37.02,16.59,38.86,16.65,41.42
1777945803,4.63,11.00,5.25,17.41,37.02,16.59,38.87,16.37,41.40
1777945805,4.63,10.50,5.50,17.56,37.05,16.57,38.88,16.11,41.34
1777945806,4.63,10.75,5.25,17.61,37.07,16.48,38.88,16.29,41.36
1777945808,4.63,10.75,4.75,17.43,37.01,16.61,38.90,15.90,41.31
1777945809,4.63,10.75,5.25,17.41,37.03,16.66,38.91,16.35,41.37
1777945811,4.63,11.00,4.75,17.56,37.06,16.56,38.88,16.09,41.32
1777945813,4.63,10.25,5.25,17.33,37.01,16.54,38.88,16.09,41.33
1777945814,4.69,10.00,5.50,17.39,37.01,16.54,38.87,16.40,41.39
1777945816,4.63,10.75,4.75,17.48,37.05,16.68,38.88,16.09,41.33
1777945818,4.63,10.75,5.25,17.65,37.08,16.56,38.87,16.39,41.38
1777945819,4.69,10.75,5.50,17.53,37.06,16.56,38.87,16.56,41.41
1777945821,4.63,10.50,5.50,17.35,37.04,16.59,38.87,15.95,41.32
1777945822,4.63,10.75,5.25,17.39,37.04,16.69,38.87,16.34,41.37
1777945824,4.63,10.75,5.25,17.80,37.08,16.62,38.85,16.19,41.34
1777945826,4.63,11.00,4.75,17.61,37.06,16.62,38.85,16.31,41.36
1777945827,4.69,10.75,5.25,17.48,37.05,16.70,38.86,16.32,41.36
1777945829,4.63,10.50,5.25,17.82,37.09,16.75,38.84,16.15,41.32
1777945830,4.63,11.00,5.50,17.41,37.03,16.52,38.79,16.43,41.38
1777945832,4.63,11.00,5.00,17.34,37.02,16.53,38.79,16.40,41.39
1777945834,4.63,10.50,5.00,17.35,37.01,16.57,38.79,15.96,41.32
1777945835,4.63,10.00,4.75,17.26,36.99,16.49,38.77,16.32,41.35
1777945837,4.56,10.00,5.00,17.45,37.02,16.80,38.83,15.87,41.30
1777945838,4.56,9.75,4.75,17.42,37.01,16.47,38.80,16.23,41.35
1777945840,4.63,10.25,5.50,17.44,37.01,16.44,38.78,16.30,41.36
1777945842,4.63,10.25,5.00,17.24,36.99,16.61,38.82,16.06,41.31
1777945843,4.63,10.50,5.50,17.41,37.00,16.58,38.84,16.12,41.31
1777945845,4.56,10.75,5.00,17.48,37.02,16.58,38.83,16.59,41.40
1777945846,4.63,11.00,5.25,17.64,37.03,16.54,38.82,16.32,41.35
1777945848,4.56,10.50,5.00,17.44,37.02,16.64,38.84,15.80,41.26
1777945850,4.63,10.75,5.00,17.74,37.05,16.66,38.82,16.11,41.32
1777945851,4.63,10.25,5.25,17.76,37.05,16.58,38.80,15.88,41.30
1777945853,4.63,10.25,5.00,17.87,37.07,16.62,38.81,15.78,41.29
1777945854,4.63,9.75,5.00,17.53,37.02,16.55,38.80,15.84,41.30
1777945856,4.69,10.50,5.00,17.51,37.02,16.59,38.80,16.59,41.42
1777945858,4.63,10.75,5.25,17.29,36.99,16.54,38.81,16.13,41.34
1777945859,4.69,10.75,5.25,17.43,37.01,16.45,38.80,15.98,41.32
1777945861,4.63,10.50,4.75,17.52,37.04,16.51,38.81,16.72,41.44
1777945863,4.63,10.75,5.25,17.38,37.01,16.72,38.84,16.24,41.37
1777945864,4.56,10.75,5.00,17.45,37.01,16.45,38.81,15.74,41.28
1777945866,4.56,10.75,5.50,17.40,37.00,16.54,38.82,15.93,41.35
1777945867,4.56,10.50,5.50,17.34,37.02,16.49,38.84,16.14,41.38
1777945869,4.56,10.75,5.25,17.53,37.04,16.66,38.88,16.25,41.41
1777945871,4.56,10.75,5.25,17.44,37.04,16.53,38.85,16.12,41.39
1777945872,4.56,10.50,5.00,17.29,36.99,16.55,38.87,15.72,41.33
1777945874,4.56,10.75,5.25,17.84,37.09,16.59,38.87,16.31,41.44
1777945875,4.56,10.75,5.50,17.44,37.02,16.57,38.87,16.19,41.45
1777945877,4.56,10.50,5.50,17.43,37.02,16.82,38.90,16.22,41.45
1777945879,4.56,11.00,4.75,17.48,37.04,16.77,38.87,15.92,41.40
1777945880,4.50,10.75,5.25,17.43,37.03,16.48,38.81,16.22,41.46
1777945882,4.56,11.00,5.25,17.42,37.03,16.75,38.85,16.57,41.52
1777945883,4.50,10.75,5.25,17.43,37.03,16.65,38.85,16.01,41.44
1777945885,4.56,10.75,5.25,17.59,37.06,16.68,38.83,15.71,41.40
1777945887,4.63,11.00,5.25,17.89,37.10,16.53,38.82,16.17,41.46
1777945888,4.63,10.75,5.50,17.43,37.03,16.50,38.83,16.27,41.49
1777945890,4.63,10.50,5.00,17.48,37.03,16.70,38.85,16.21,41.47
1777945891,4.63,10.00,5.25,17.55,37.03,16.49,38.82,16.29,41.46
1777945893,4.56,10.75,5.25,17.53,37.05,16.58,38.84,16.05,41.44
1777945895,4.63,11.00,5.25,17.46,37.01,16.45,38.84,16.06,41.45
1777945896,4.56,11.25,5.00,17.36,37.02,16.45,38.85,16.45,41.48
1777945898,4.63,11.00,5.25,17.34,37.00,16.54,38.87,15.74,41.41
1777945899,4.63,10.50,5.50,17.59,37.03,16.55,38.88,15.73,41.40
1777945901,4.63,10.75,5.25,17.40,37.00,16.58,38.89,16.17,41.47
1777945903,4.56,10.50,5.50,17.57,37.02,16.62,38.88,15.93,41.45
1777945904,4.63,11.00,5.25,17.41,37.00,16.53,38.86,16.13,41.47
1777945906,4.63,10.75,5.25,17.70,37.04,16.61,38.89,16.29,41.50
1777945907,4.63,10.50,5.25,17.41,37.00,16.59,38.87,16.19,41.47
1777945909,4.63,10.75,4.75,17.40,36.99,16.60,38.87,16.07,41.45
1777945911,4.63,11.25,5.25,17.47,36.99,16.56,38.87,15.77,41.41
1777945912,4.56,10.50,5.00,17.58,37.00,16.57,38.88,16.09,41.46
1777945914,4.63,11.00,5.25,17.38,36.99,16.51,38.86,16.08,41.47
1777945916,4.69,11.00,4.75,17.68,37.04,16.64,38.89,16.44,41.54
1777945917,4.69,10.75,5.00,17.51,37.00,16.50,38.86,15.98,41.47
1777945919,4.69,10.75,4.75,17.46,37.00,16.61,38.87,15.84,41.44
1777945920,4.63,10.75,5.25,17.47,37.00,16.47,38.84,16.12,41.49
1777945922,4.63,10.75,5.25,17.55,37.01,16.49,38.83,15.68,41.43
1777945924,4.69,10.75,5.50,17.26,36.97,16.54,38.82,16.14,41.51
1777945925,4.69,10.75,5.25,17.48,37.00,16.72,38.88,16.16,41.51
1777945927,4.69,10.75,5.25,17.64,37.02,16.63,38.86,16.23,41.53
1777945928,4.69,10.75,4.75,17.37,36.98,16.60,38.85,15.88,41.47
1777945930,4.63,10.75,5.25,17.66,37.02,16.68,38.86,15.71,41.46
1777945932,4.63,10.75,4.75,17.34,36.97,16.80,38.87,16.37,41.58
1777945933,4.69,11.00,5.00,17.45,37.00,16.59,38.79,16.20,41.55
1777945935,4.69,10.75,5.00,17.55,37.00,16.56,38.79,16.05,41.53
1777945936,4.75,10.50,5.00,17.58,37.01,16.51,38.76,16.07,41.52
1777945938,4.69,10.25,5.25,17.76,37.03,16.62,38.75,15.85,41.48
1777945940,4.69,11.00,5.00,17.52,37.01,16.72,38.78,16.44,41.58
1777945941,4.69,11.00,5.00,17.41,36.98,16.59,38.73,16.05,41.53
1777945943,4.69,10.75,5.25,17.37,36.98,16.59,38.74,16.08,41.52
1777945944,4.69,10.50,4.75,17.44,36.99,16.58,38.73,16.23,41.56
1777945946,4.69,11.00,5.25,17.45,37.00,16.56,38.77,15.72,41.47
1777945948,4.69,10.75,4.75,17.38,37.00,16.53,38.74,16.45,41.60
1777945949,4.69,10.25,5.25,17.48,37.03,16.56,38.77,16.26,41.59
1777945951,4.69,11.00,5.00,17.55,37.04,16.59,38.79,16.55,41.65
1777945952,4.69,10.50,5.25,17.34,36.99,16.69,38.81,16.33,41.61
1777945954,4.69,10.75,5.00,17.58,37.04,16.70,38.83,16.13,41.59
1777945956,4.69,10.50,4.75,17.42,37.01,16.72,38.85,16.15,41.60
1777945957,4.69,10.50,5.50,17.40,37.03,16.63,38.84,15.80,41.54
1777945959,4.69,10.75,5.25,17.42,37.03,16.60,38.83,16.44,41.65
1777945961,4.69,10.50,5.25,17.73,37.06,16.58,38.84,16.12,41.61
1777945962,4.69,10.50,5.25,17.76,37.10,16.65,38.84,16.20,41.63
1777945964,4.69,10.75,5.25,17.49,37.06,16.66,38.86,16.21,41.61
1777945965,4.69,10.50,5.00,17.45,37.03,16.49,38.83,16.44,41.67
1777945967,4.69,11.00,5.00,17.34,37.04,16.63,38.84,16.08,41.61
1777945969,4.69,10.75,4.75,17.47,37.06,16.56,38.86,16.34,41.65
1777945970,4.75,10.50,5.25,17.52,37.07,16.51,38.87,15.83,41.56
1777945972,4.69,10.75,5.25,17.43,37.07,16.52,38.89,15.96,41.60
1777945973,4.69,10.25,4.75,17.67,37.10,16.49,38.89,16.23,41.61
1777945975,4.69,10.75,5.25,17.66,37.10,16.50,38.94,16.49,41.67
1777945977,4.69,11.00,4.50,17.26,37.05,16.53,38.98,15.84,41.57
1777945978,4.69,10.75,5.00,17.77,37.13,16.42,38.95,16.31,41.67
1777945980,4.69,10.75,5.50,17.59,37.11,16.57,39.02,16.46,41.70
1777945981,4.69,10.50,5.25,17.47,37.10,16.51,39.04,16.05,41.66
1777945983,4.69,10.25,4.75,17.44,37.08,16.59,39.04,16.31,41.71
1777945985,4.69,10.25,5.00,17.52,37.09,16.58,39.05,16.14,41.70
1777945986,4.69,10.50,5.00,17.50,37.11,16.54,39.02,16.12,41.70
1777945988,4.69,10.00,5.25,17.44,37.10,16.66,39.05,16.21,41.72
1777945989,4.63,10.50,5.25,17.38,37.08,16.67,39.05,16.29,41.77
1777945991,4.69,11.00,5.00,17.37,37.09,16.66,39.04,16.19,41.75
1777945993,4.69,10.25,5.25,17.64,37.12,16.59,38.98,15.98,41.70
1777945994,4.75,10.75,5.00,17.64,37.12,16.63,38.99,16.29,41.78
1777945996,4.69,10.75,5.50,17.64,37.12,16.53,38.96,16.16,41.78
1777945997,4.69,11.00,5.25,17.45,37.09,16.49,38.94,16.49,41.82
1777945999,4.69,11.00,5.50,17.45,37.09,16.55,38.93,16.06,41.76
1777946001,4.69,11.00,5.00,17.63,37.13,16.62,38.93,16.32,41.82
1777946002,4.69,11.00,5.50,17.41,37.10,16.51,38.88,16.16,41.81
1777946004,4.69,10.75,5.50,17.53,37.11,16.53,38.86,16.26,41.84
1777946006,4.69,10.25,5.00,17.52,37.12,16.49,38.84,16.11,41.82
1777946007,4.69,10.50,5.00,17.58,37.14,16.70,38.87,16.16,41.84
1777946009,4.69,11.00,5.00,17.81,37.17,16.64,38.86,16.12,41.82
1777946010,4.69,10.75,5.50,17.62,37.15,16.51,38.84,16.19,41.84
1777946012,4.69,10.75,5.25,17.62,37.13,16.61,38.87,15.66,41.78
1777946014,4.75,11.00,5.25,17.62,37.15,16.66,38.88,16.20,41.89
1777946015,4.75,10.75,5.25,17.55,37.14,16.59,38.87,15.84,41.82
1777946017,4.75,11.00,5.50,17.50,37.13,16.74,38.91,16.17,41.88
1777946018,4.75,10.75,5.25,17.54,37.13,16.72,38.89,16.30,41.93
1777946020,4.75,10.25,5.25,17.48,37.13,16.50,38.86,16.23,41.91
1777946022,4.75,10.50,5.50,17.49,37.12,16.72,38.87,16.31,41.93
1777946023,4.75,11.00,5.50,17.76,37.16,16.72,38.87,16.20,41.92
1777946025,4.75,11.00,5.25,17.59,37.14,16.59,38.84,16.13,41.89
1777946026,4.75,11.00,5.50,17.64,37.15,16.80,38.84,16.13,41.93
1777946028,4.75,10.50,5.50,17.35,37.10,16.66,38.81,16.21,41.92
1777946030,4.75,11.00,5.00,17.51,37.13,16.70,38.81,16.10,41.92
1777946031,4.75,10.75,5.50,17.37,37.10,16.66,38.79,15.91,41.89
1777946033,4.75,10.75,5.50,17.48,37.12,16.69,38.75,15.97,41.90
1777946034,4.75,11.00,5.50,17.44,37.10,16.66,38.74,15.91,41.92
1777946036,4.75,11.00,5.50,17.52,37.11,16.72,38.74,16.17,41.95
1777946038,4.75,10.75,5.50,17.64,37.12,16.68,38.73,16.24,41.96
1777946039,4.75,10.50,5.25,17.69,37.12,16.72,38.69,16.17,41.97
1777946041,4.69,10.50,5.25,17.43,37.09,16.65,38.67,16.27,41.98
1777946042,4.69,10.75,5.25,17.45,37.09,16.77,38.66,16.16,41.96
1777946044,4.69,10.75,5.25,17.59,37.10,16.77,38.64,15.84,41.91
1777946046,4.69,11.25,5.00,17.68,37.12,16.75,38.63,16.30,41.99
1777946047,4.69,10.75,5.50,17.43,37.07,16.64,38.60,16.23,42.00
1777946049,4.69,10.50,5.50,17.40,37.07,16.68,38.61,16.16,41.98
1777946050,4.63,10.50,5.50,17.45,37.06,16.61,38.61,16.10,41.97
1777946052,4.69,10.25,5.50,17.43,37.07,16.66,38.64,16.19,41.98
1777946054,4.69,10.50,5.25,17.64,37.11,16.63,38.63,16.17,41.99
1777946055,4.69,10.50,5.00,17.58,37.10,16.67,38.62,16.11,41.98
1777946057,4.63,10.75,5.25,17.52,37.08,16.66,38.62,16.20,41.98
1777946059,4.63,10.75,5.50,17.27,37.04,16.71,38.64,15.99,41.96
1777946060,4.63,11.00,5.50,17.70,37.12,16.74,38.65,16.29,42.00
1777946062,4.69,11.00,5.50,17.48,37.09,16.70,38.65,16.02,41.96
1777946063,4.63,11.25,5.25,17.70,37.11,16.70,38.65,16.01,41.96
1777946065,4.63,10.75,5.25,17.40,37.06,16.58,38.63,15.91,41.96
1777946067,4.63,10.50,5.50,17.51,37.09,16.63,38.65,16.00,41.97
1777946068,4.69,10.75,4.50,17.39,37.07,16.72,38.66,16.09,41.99
1777946070,4.69,10.75,5.25,17.47,37.09,16.54,38.65,15.92,41.98
1777946071,4.63,10.75,5.50,17.43,37.07,16.68,38.67,15.86,41.98
1777946073,4.69,11.00,5.00,17.26,37.07,16.60,38.67,16.28,42.04
1777946075,4.69,10.75,5.25,17.84,37.15,16.72,38.71,16.12,42.02
1777946076,4.63,10.75,5.00,17.44,37.11,16.61,38.70,16.26,42.04
1777946078,4.63,10.75,5.50,17.40,37.11,16.63,38.70,16.08,42.01
1777946079,4.69,10.75,5.25,17.46,37.10,16.68,38.72,15.84,41.96
1777946081,4.69,11.25,5.25,17.57,37.11,16.65,38.71,15.95,42.00
1777946083,4.69,11.00,5.25,17.37,37.07,16.58,38.71,15.74,41.96
1777946084,4.69,11.00,5.25,17.67,37.12,16.64,38.72,16.16,42.04
1777946086,4.63,10.75,5.50,17.48,37.10,16.66,38.72,16.15,42.03
1777946087,4.69,10.75,5.00,17.48,37.09,16.68,38.70,15.98,41.99
1777946089,4.63,10.75,5.25,17.72,37.12,16.71,38.72,16.24,42.03
1777946091,4.63,11.00,5.25,17.29,37.05,16.56,38.71,16.26,42.03
1777946092,4.69,11.00,5.50,17.56,37.09,16.61,38.72,15.83,41.98
1777946094,4.63,10.75,5.25,17.79,37.12,16.62,38.72,16.30,42.04
1777946095,4.63,10.75,5.00,17.39,37.06,16.55,38.73,15.98,41.99
1777946097,4.63,11.00,5.50,17.80,37.13,16.63,38.78,15.74,41.97
1777946099,4.69,11.00,5.50,17.59,37.10,16.53,38.81,15.53,41.94
1777946100,4.69,11.00,5.50,17.66,37.12,16.57,38.84,15.82,41.98
1777946102,4.69,11.00,5.25,17.52,37.10,16.66,38.87,16.29,42.06
1777946104,4.63,11.25,4.75,17.76,37.13,16.51,38.88,16.03,42.02
1777946105,4.69,11.00,5.50,17.55,37.11,16.76,38.94,15.92,42.01
1777946107,4.69,10.50,5.00,17.57,37.11,16.58,38.92,15.82,42.00
1777946108,4.63,10.75,5.50,17.73,37.13,16.55,38.94,16.29,42.07
1777946110,4.69,11.00,5.50,17.68,37.11,16.64,38.95,16.00,42.05
1777946112,4.63,11.00,4.75,17.50,37.12,16.52,38.93,16.17,42.05
1777946113,4.69,10.75,5.75,17.52,37.11,16.62,38.92,16.19,42.06
1777946115,4.63,10.50,5.00,17.46,37.10,16.55,38.91,16.17,42.06
1777946116,4.69,10.75,5.00,17.73,37.14,16.55,38.91,15.93,42.04
1777946118,4.69,10.75,5.25,17.58,37.12,16.54,38.89,16.09,42.05
1777946120,4.69,10.50,4.75,17.55,37.11,16.53,38.88,16.22,42.05
1777946121,4.63,10.75,5.25,17.44,37.08,16.56,38.88,16.00,42.03
1777946123,4.63,10.25,5.25,17.54,37.11,16.60,38.88,15.90,41.99
1777946124,4.69,11.00,5.25,17.58,37.11,16.59,38.89,15.82,41.98
1777946126,4.69,10.75,4.75,17.66,37.11,16.55,38.89,16.23,42.03
1777946128,4.63,10.25,5.50,17.44,37.07,16.41,38.90,16.31,42.04
1777946129,4.63,10.50,5.25,17.55,37.09,16.50,38.92,16.29,42.04
1777946131,4.69,10.75,5.25,17.49,37.08,16.52,38.94,15.93,41.97
1777946132,4.69,10.75,5.00,17.37,37.06,16.55,38.96,16.19,42.01
1777946134,4.63,10.25,5.00,17.58,37.09,16.64,39.04,15.66,41.92
1777946136,4.63,10.75,5.00,17.33,37.05,16.45,39.01,15.72,41.92
1777946137,4.63,11.00,4.75,17.62,37.10,16.58,39.05,15.78,41.95
1777946139,4.56,10.75,5.50,17.48,37.07,16.43,39.03,16.05,42.01
1777946140,4.56,11.25,5.00,17.53,37.09,16.70,39.06,16.22,42.05
1777946142,4.56,10.50,4.75,17.41,37.05,16.58,39.04,15.97,42.00
1777946144,4.63,11.00,5.00,17.42,37.06,16.59,39.05,16.32,42.07
1777946145,4.50,10.75,5.00,17.37,37.06,16.61,39.04,15.80,41.99
1777946147,4.56,10.75,5.25,17.54,37.08,16.56,39.02,16.23,42.06
1777946148,4.63,10.75,5.00,17.58,37.05,16.54,39.01,15.76,41.99
1777946150,4.63,11.00,5.50,17.53,37.07,16.50,38.99,16.09,42.04
1777946152,4.56,10.00,5.00,17.25,37.02,16.58,39.00,15.98,42.00
1777946153,4.63,10.25,5.50,17.58,37.06,16.59,39.00,15.74,41.99
1777946155,4.63,10.00,5.25,17.58,37.08,16.44,39.00,16.18,42.06
1777946157,4.63,10.25,5.50,17.66,37.07,16.52,39.01,16.22,42.05
1777946158,4.63,10.25,5.50,17.49,37.07,16.53,39.02,16.27,42.06
1777946160,4.63,10.75,5.50,17.56,37.08,16.55,39.03,16.22,42.04
1777946161,4.63,11.00,5.25,17.62,37.09,16.51,39.04,15.77,41.99
1777946163,4.56,10.50,5.50,17.43,37.04,16.53,39.05,15.69,41.97
1777946165,4.69,10.25,5.25,17.66,37.10,16.64,39.08,15.73,41.99
1777946166,4.63,10.50,5.50,17.36,37.06,16.55,39.07,16.00,42.03
1777946168,4.63,10.25,5.25,17.45,37.08,16.58,39.06,16.21,42.07
1777946169,4.63,10.75,5.50,17.48,37.09,16.54,39.04,16.22,42.09
1777946171,4.63,11.00,5.50,17.48,37.10,16.55,39.03,15.86,42.05
1777946173,4.63,11.00,5.25,17.55,37.11,16.62,39.05,16.08,42.08
1777946174,4.63,10.50,5.25,17.51,37.10,16.68,39.06,16.10,42.08
1777946176,4.63,10.50,5.50,17.77,37.15,16.56,39.04,15.84,42.04
1777946177,4.63,10.00,5.00,17.62,37.13,16.59,39.02,15.87,42.04
1777946179,4.63,10.25,5.25,17.58,37.13,16.52,39.00,16.23,42.10
1777946181,4.63,11.00,5.50,17.80,37.16,16.51,39.00,15.84,42.03
1777946182,4.56,10.75,5.75,17.47,37.12,16.50,39.00,15.81,42.03
1777946184,4.63,10.25,5.25,17.55,37.14,16.51,39.01,16.66,42.17
1777946185,4.63,11.00,5.50,17.28,37.08,16.53,39.02,15.89,42.03
1777946187,4.63,11.00,5.50,17.59,37.13,16.48,39.04,15.84,42.03
1777946189,4.63,10.75,5.25,17.74,37.17,16.40,39.04,16.21,42.07
1777946190,4.63,10.50,5.25,17.58,37.13,16.40,39.05,16.06,42.04
1777946192,4.63,10.75,5.25,17.48,37.11,16.56,39.11,16.31,42.06
1777946193,4.56,10.50,5.50,17.26,37.07,16.53,39.11,16.22,42.03
1777946195,4.63,9.75,5.00,17.78,37.16,16.41,39.11,16.19,42.02
1777946197,4.56,10.75,5.50,17.35,37.10,16.43,39.13,16.26,42.02
1777946198,4.56,10.50,5.25,17.49,37.12,16.49,39.16,16.19,42.02
1777946200,4.56,10.75,5.25,17.41,37.11,16.51,39.20,15.94,41.96
1777946202,4.63,11.00,5.50,17.40,37.10,16.49,39.19,15.90,41.94
1777946203,4.56,10.75,5.25,17.62,37.15,16.43,39.20,15.78,41.91
1777946205,4.63,11.00,5.50,17.41,37.13,16.49,39.20,15.88,41.93
1777946206,4.63,10.75,5.00,17.63,37.14,16.48,39.23,16.22,41.97
1777946208,4.63,10.25,5.25,17.61,37.13,16.47,39.21,16.48,42.01
1777946210,4.63,11.00,5.25,17.62,37.13,16.48,39.22,16.13,41.95
1777946211,4.56,11.00,5.25,17.58,37.11,16.58,39.24,16.05,41.95
1777946213,4.63,11.00,5.25,17.52,37.11,16.66,39.27,15.86,41.90
1777946214,4.56,11.25,5.25,17.38,37.09,16.46,39.23,16.06,41.93
1777946216,4.56,10.75,5.50,17.48,37.10,16.44,39.23,16.26,41.94
1777946218,4.56,10.50,5.25,17.58,37.10,16.47,39.23,16.55,42.00
1777946219,4.63,11.25,5.50,17.62,37.10,16.56,39.23,15.89,41.90
1777946221,4.63,11.00,5.50,17.27,37.03,16.56,39.22,16.04,41.90
1777946222,4.56,11.00,5.00,17.35,37.04,16.52,39.21,15.81,41.89
1777946224,4.56,9.75,5.00,17.64,37.10,16.45,39.20,16.34,41.95
1777946226,4.63,10.50,4.75,17.79,37.11,16.56,39.21,16.47,41.98
1777946227,4.56,10.50,5.50,17.64,37.09,16.41,39.21,16.40,41.97
1777946229,4.56,10.75,5.75,17.26,37.03,16.58,39.19,16.12,41.92
1777946230,4.63,10.50,5.25,17.55,37.08,16.56,39.19,16.26,41.94
1777946232,4.63,10.75,5.50,17.41,37.06,16.52,39.19,16.19,41.93
1777946234,4.56,10.75,5.50,17.49,37.06,16.46,39.20,16.19,41.91
1777946235,4.63,11.00,5.00,17.47,37.07,16.58,39.19,16.30,41.94
1777946237,4.56,10.75,5.50,17.47,37.06,16.52,39.18,16.16,41.91
1777946238,4.56,10.75,5.25,17.52,37.08,16.52,39.17,16.08,41.89
1777946240,4.56,11.00,5.25,17.73,37.11,16.52,39.16,15.94,41.87
1777946242,4.63,10.75,5.50,17.69,37.10,16.50,39.15,15.95,41.86
1777946243,4.56,10.75,5.50,17.69,37.09,16.51,39.14,16.42,41.93
1777946245,4.56,10.75,5.25,17.76,37.10,16.53,39.16,16.29,41.91
1777946247,4.56,10.75,5.00,17.31,37.05,16.53,39.15,16.59,41.98
1777946248,4.56,10.50,5.25,17.52,37.07,16.52,39.15,16.07,41.89
1777946250,4.56,11.00,5.00,17.72,37.09,16.48,39.14,15.86,41.87
1777946251,4.56,11.00,5.25,17.61,37.07,16.50,39.12,15.83,41.87
1777946253,4.56,10.50,5.00,17.49,37.06,16.58,39.13,16.16,41.93
1777946255,4.56,10.50,5.50,17.45,37.06,16.55,39.12,16.36,41.97
1777946256,4.56,10.75,5.00,17.48,37.07,16.66,39.13,15.87,41.89
1777946258,4.56,11.00,5.25,17.49,37.06,16.56,39.11,15.63,41.86
1777946259,4.56,10.75,5.25,17.48,37.05,16.50,39.10,16.61,41.99
1777946261,4.56,11.00,5.00,17.46,37.06,16.41,39.06,16.24,41.91
1777946263,4.50,10.75,5.25,17.58,37.07,16.50,39.09,16.25,41.93
1777946264,4.56,10.75,5.25,17.41,37.05,16.60,39.08,16.27,41.93
1777946266,4.56,11.00,5.50,17.53,37.06,16.48,39.07,15.84,41.83
1777946267,4.63,10.75,5.25,17.45,37.03,16.44,39.07,16.18,41.88
1777946269,4.56,10.75,5.25,17.53,37.06,16.37,39.06,16.05,41.87
1777946271,4.63,10.75,5.00,17.48,37.06,16.51,39.08,16.23,41.90
1777946272,4.63,10.75,5.00,17.51,37.05,16.59,39.09,16.04,41.88
1777946274,4.63,11.00,5.25,17.43,37.05,16.50,39.09,16.27,41.90
1777946275,4.63,10.75,5.50,17.57,37.08,16.62,39.11,16.12,41.87
1777946277,4.63,11.00,4.50,17.54,37.06,16.53,39.08,16.15,41.86
1777946279,4.56,10.75,5.25,17.63,37.08,16.55,39.10,16.55,41.92
1777946280,4.56,10.75,5.00,17.58,37.07,16.48,39.11,16.22,41.85
1777946282,4.63,10.50,5.00,17.79,37.11,16.49,39.11,16.04,41.83
1777946283,4.63,10.25,5.25,17.38,37.06,16.51,39.14,16.26,41.92
1777946285,4.63,10.75,5.50,17.62,37.11,16.46,39.13,16.45,41.98
1777946287,4.63,11.00,5.50,17.76,37.13,16.54,39.12,16.19,41.95
1777946288,4.69,11.00,5.25,17.48,37.09,16.42,39.10,15.95,41.88
1777946290,4.63,10.75,5.50,17.68,37.12,16.52,39.11,16.30,41.93
1777946291,4.63,10.50,5.00,17.45,37.09,16.58,39.10,16.19,41.88
1777946293,4.56,10.50,5.25,17.44,37.08,16.51,39.08,16.28,41.89
1777946295,4.56,10.75,5.00,17.42,37.09,16.54,39.07,16.40,41.90
1777946296,4.56,10.75,5.00,17.73,37.13,16.55,39.08,16.13,41.85
1777946298,4.50,10.75,5.25,17.87,37.15,16.47,39.07,16.19,41.85
1777946300,4.50,10.75,5.50,17.72,37.13,16.55,39.09,16.27,41.86
1777946301,4.50,10.75,5.25,17.48,37.09,16.53,39.08,16.44,41.86
1777946303,4.50,10.75,5.50,17.36,37.07,16.55,39.09,16.23,41.84
1777946304,4.50,11.00,5.25,17.34,37.07,16.69,39.11,16.21,41.84
1777946306,4.44,10.75,5.00,17.30,37.07,16.61,39.08,16.19,41.83
1777946308,4.44,10.75,5.25,17.58,37.10,16.59,39.10,16.23,41.86
1777946309,4.44,10.75,5.25,17.35,37.07,16.62,39.09,15.86,41.80
1777946311,4.44,10.50,4.75,17.37,37.07,16.51,39.08,16.33,41.86
1777946312,4.44,11.00,5.50,17.51,37.09,16.55,39.08,15.93,41.79
1777946314,4.38,10.75,5.50,17.55,37.10,16.54,39.09,15.99,41.81
1777946316,4.38,10.75,5.00,17.84,37.12,16.54,39.07,16.28,41.86
1777946317,4.38,11.00,5.00,17.73,37.13,16.55,39.07,15.95,41.81
1777946319,4.44,10.25,5.50,17.49,37.09,16.62,39.06,16.48,41.88
1777946320,4.38,11.00,5.00,17.48,37.09,16.47,39.04,15.68,41.74
1777946322,4.38,11.00,5.25,17.81,37.13,16.65,39.04,16.16,41.81
1777946324,4.44,11.00,5.25,17.73,37.12,16.62,39.02,15.80,41.75
1777946325,4.44,11.00,5.25,17.54,37.06,16.66,39.00,16.62,41.86
1777946327,4.38,11.00,5.00,17.53,37.08,16.56,38.97,16.05,41.74
1777946328,4.38,10.75,5.25,17.62,37.10,16.65,38.97,15.80,41.72
1777946330,4.38,10.75,4.75,17.45,37.06,16.66,38.95,16.15,41.75
1777946332,4.38,11.00,5.25,17.51,37.07,16.71,38.96,15.87,41.69
1777946333,4.38,11.00,5.25,17.38,37.05,16.65,38.95,16.09,41.71
1777946335,4.38,10.75,4.75,17.47,37.08,16.66,38.96,16.43,41.75
1777946336,4.31,10.75,5.50,17.52,37.08,16.71,38.95,16.05,41.70
1777946338,4.31,10.50,5.00,17.58,37.07,16.62,38.94,16.22,41.71
1777946340,4.31,10.50,5.25,17.45,37.06,16.59,38.92,16.08,41.68
1777946341,4.31,10.75,4.75,17.75,37.08,16.55,38.93,15.82,41.64
1777946343,4.25,10.75,5.25,17.61,37.08,16.51,38.92,15.93,41.64
1777946345,4.25,10.75,5.00,17.48,37.05,16.44,38.92,16.08,41.66
1777946346,4.25,10.75,5.00,17.61,37.07,16.74,38.96,16.34,41.69
1777946348,4.25,10.75,5.25,17.58,37.08,16.50,38.93,16.23,41.65
1777946349,4.25,11.00,5.25,17.48,37.06,16.46,38.94,16.16,41.66
1777946351,4.25,10.75,5.25,17.42,37.04,16.57,38.95,15.70,41.57
1777946353,4.19,11.25,5.50,17.46,37.05,16.59,38.94,16.05,41.63
1777946354,4.19,11.00,5.25,17.55,37.06,16.58,38.94,16.07,41.62
1777946356,4.19,11.00,5.00,17.41,37.06,16.66,38.96,16.13,41.62
1777946357,4.25,10.25,5.25,17.53,37.07,16.65,38.93,15.80,41.57
1777946359,4.25,11.00,5.25,17.67,37.09,16.68,38.93,15.79,41.57
1777946361,4.19,10.75,5.25,17.58,37.08,16.70,38.90,16.51,41.68
1777946362,4.19,10.75,5.50,17.49,37.08,16.67,38.88,15.80,41.57
1777946364,4.19,10.75,5.25,17.48,37.07,16.65,38.85,16.24,41.62
1777946365,4.19,11.00,5.25,17.42,37.04,16.83,38.86,16.55,41.68
1777946367,4.25,11.00,5.00,17.67,37.09,16.68,38.80,16.05,41.58
1777946369,4.31,11.00,5.25,17.43,37.06,16.71,38.77,15.80,41.55
1777946370,4.25,11.00,5.25,17.39,37.05,16.83,38.78,16.10,41.58
1777946372,4.25,10.25,5.50,17.41,37.03,16.72,38.73,15.76,41.53
1777946373,4.25,11.00,4.50,17.55,37.08,16.71,38.72,16.37,41.60
1777946375,4.25,10.75,5.25,17.68,37.09,16.71,38.71,15.92,41.53
1777946377,4.25,10.75,5.50,17.35,37.06,16.66,38.69,16.13,41.56
1777946378,4.31,11.00,5.25,17.52,37.08,16.72,38.69,16.29,41.57
1777946380,4.31,11.00,5.00,17.45,37.05,16.70,38.68,16.54,41.61
1777946381,4.31,11.25,5.25,17.55,37.07,16.72,38.68,16.30,41.56
1777946383,4.25,11.00,5.25,17.61,37.09,16.81,38.68,16.12,41.53
1777946385,4.31,10.50,5.50,17.63,37.10,16.70,38.65,15.74,41.47
1777946386,4.31,11.00,5.00,17.52,37.09,16.79,38.67,16.24,41.54
1777946388,4.31,11.00,5.50,17.48,37.07,16.76,38.65,15.89,41.48
1777946390,4.31,10.75,5.00,17.59,37.11,16.69,38.63,16.33,41.54
1777946391,4.25,10.75,5.50,17.40,37.06,16.73,38.65,16.05,41.50
1777946393,4.31,10.75,5.50,17.66,37.09,16.70,38.63,16.33,41.55
1777946394,4.31,11.00,5.50,17.48,37.08,16.60,38.61,16.51,41.58
1777946396,4.31,11.00,4.75,17.39,37.07,16.72,38.64,16.23,41.53
1777946398,4.31,11.00,5.25,17.49,37.09,16.71,38.64,16.63,41.61
1777946399,4.31,11.00,5.00,17.65,37.12,16.79,38.65,16.18,41.54
1777946401,4.31,10.75,5.25,17.55,37.09,16.75,38.65,16.10,41.53
1777946402,4.31,10.75,5.25,17.65,37.10,16.73,38.63,15.77,41.48
1777946404,4.31,11.00,4.75,17.52,37.08,16.65,38.64,16.11,41.56
1777946406,4.31,10.75,5.25,17.67,37.10,16.74,38.63,16.81,41.67
1777946407,4.31,11.00,5.25,17.71,37.12,16.64,38.63,16.28,41.61
1777946409,4.31,11.00,5.50,17.37,37.07,16.63,38.63,15.91,41.55
1777946410,4.31,11.00,5.00,17.62,37.09,16.52,38.63,16.19,41.59
1777946412,4.31,11.00,5.25,17.48,37.09,16.51,38.65,16.19,41.59
1777946414,4.31,10.50,5.25,17.28,37.08,16.59,38.68,16.07,41.56
1777946415,4.31,10.00,5.25,17.51,37.12,16.71,38.71,16.09,41.60
1777946417,4.31,10.50,5.50,17.34,37.10,16.62,38.71,15.85,41.55
1777946418,4.31,9.75,5.25,17.49,37.12,16.68,38.77,16.24,41.63
1777946420,4.31,9.75,5.00,17.58,37.13,16.70,38.80,16.16,41.61
1777946422,4.31,10.50,5.25,17.76,37.17,16.70,38.81,16.56,41.68
1777946423,4.31,10.50,5.25,17.58,37.14,16.65,38.80,16.37,41.67
1777946425,4.38,10.25,5.50,17.63,37.14,16.65,38.80,15.77,41.59
1777946426,4.31,10.00,5.25,17.62,37.13,16.64,38.79,15.70,41.56
1777946428,4.31,10.25,5.25,17.67,37.15,16.62,38.78,15.84,41.60
1777946430,4.31,10.75,5.25,17.65,37.13,16.70,38.80,16.23,41.64
1777946431,4.31,11.00,5.25,17.59,37.15,16.72,38.80,16.12,41.62
1777946433,4.31,10.50,5.25,17.45,37.12,16.65,38.78,16.58,41.68
1777946434,4.25,11.00,5.50,17.54,37.13,16.72,38.77,16.27,41.62
1777946436,4.25,11.00,5.25,17.56,37.11,16.70,38.78,16.27,41.63
1777946438,4.25,11.00,5.50,17.45,37.11,16.62,38.73,15.88,41.56
1777946439,4.25,11.00,5.25,17.43,37.09,16.74,38.76,16.27,41.64
1777946441,4.25,10.50,5.25,17.38,37.10,16.68,38.74,15.77,41.57
1777946443,4.25,10.75,5.25,17.69,37.13,16.79,38.74,16.61,41.68
1777946444,4.25,10.75,4.75,17.58,37.11,16.62,38.73,15.87,41.59
1777946446,4.25,10.25,5.25,17.80,37.16,16.70,38.73,16.11,41.61
1777946447,4.25,10.75,5.25,17.45,37.10,16.76,38.74,16.26,41.62
1777946449,4.25,10.00,5.50,17.53,37.11,16.64,38.72,16.37,41.65
1777946451,4.25,10.50,5.00,17.38,37.09,16.81,38.79,16.33,41.66
1777946452,4.19,10.25,5.25,17.61,37.13,16.71,38.79,16.09,41.62
1777946454,4.25,10.25,5.75,17.62,37.14,16.58,38.79,16.01,41.61
1777946455,4.19,10.25,5.00,17.61,37.13,16.64,38.82,16.17,41.64
1777946457,4.25,10.50,5.50,17.44,37.09,16.58,38.84,15.87,41.61
1777946459,4.25,11.00,5.25,17.48,37.09,16.53,38.86,16.36,41.70
1777946460,4.25,10.25,5.25,17.50,37.11,16.61,38.90,15.96,41.65
1777946462,4.31,10.75,5.50,17.58,37.10,16.66,38.92,15.76,41.63
1777946463,4.25,11.00,5.50,17.63,37.11,16.55,38.94,16.01,41.69
1777946465,4.25,10.75,5.25,17.73,37.13,16.57,38.96,16.07,41.70
1777946467,4.31,10.75,5.00,17.39,37.06,16.62,38.97,16.23,41.73
1777946468,4.31,10.75,5.25,17.75,37.14,16.77,39.01,16.32,41.76
1777946470,4.25,11.00,4.50,17.52,37.10,16.59,38.97,16.28,41.76
1777946471,4.25,11.00,5.25,17.59,37.10,16.69,38.99,16.05,41.73
1777946473,4.25,11.00,5.50,17.58,37.10,16.59,38.97,15.94,41.72
1777946475,4.19,10.50,5.50,17.48,37.08,16.48,38.94,15.77,41.70
1777946476,4.19,10.50,5.00,17.42,37.07,16.56,38.95,16.45,41.81
1777946478,4.25,10.25,5.00,17.58,37.10,16.66,38.96,16.10,41.75
1777946479,4.31,10.75,5.50,17.62,37.10,16.65,38.95,16.23,41.77
1777946481,4.25,11.00,5.00,17.39,37.05,16.54,38.93,16.40,41.79
1777946483,4.25,10.25,5.25,17.52,37.09,16.72,38.97,16.29,41.77
1777946484,4.25,10.75,5.50,17.54,37.10,16.63,38.94,16.29,41.78
1777946486,4.25,10.75,5.25,17.64,37.09,16.59,38.95,16.10,41.74
1777946488,4.19,10.50,5.50,17.66,37.09,16.61,38.94,16.15,41.76
1777946489,4.25,11.25,5.00,17.48,37.05,16.63,38.93,16.11,41.73
1777946491,4.25,10.00,5.25,17.44,37.07,16.47,38.92,15.94,41.72
1777946492,4.25,10.75,5.00,17.41,37.05,16.66,38.94,15.84,41.70
1777946494,4.25,10.50,5.25,17.55,37.08,16.48,38.90,16.23,41.76
1777946496,4.19,11.00,5.50,17.30,37.02,16.62,38.93,15.74,41.69
1777946497,4.25,10.00,5.25,17.54,37.06,16.56,38.90,15.75,41.68
1777946499,4.25,10.50,5.50,17.52,37.05,16.66,38.93,16.07,41.72
1777946500,4.25,10.50,5.25,17.32,37.02,16.84,38.97,16.08,41.70
1777946502,4.25,10.75,5.25,17.47,37.05,16.62,38.90,16.53,41.80
1777946504,4.25,10.75,5.00,17.34,37.02,16.48,38.88,15.98,41.71
1777946505,4.25,10.50,5.25,17.30,37.03,16.65,38.91,15.98,41.70
1777946507,4.25,10.75,5.50,17.44,37.04,16.48,38.89,16.36,41.75
1777946508,4.25,11.00,5.25,17.63,37.07,16.62,38.91,16.54,41.77
1777946510,4.25,10.75,5.00,17.49,37.05,16.63,38.91,15.80,41.65
1777946512,4.31,11.00,5.25,17.77,37.09,16.61,38.91,16.13,41.71
1777946513,4.25,10.50,5.25,17.70,37.08,16.56,38.91,16.59,41.78
1777946515,4.25,10.50,5.25,17.68,37.07,16.62,38.92,16.24,41.73
1777946516,4.25,10.75,5.00,17.54,37.06,16.51,38.90,16.19,41.71
1777946518,4.25,10.75,5.25,17.67,37.07,16.47,38.92,16.04,41.66
1777946520,4.25,10.75,5.25,17.57,37.06,16.45,38.92,16.34,41.70
1777946521,4.25,10.75,5.50,17.61,37.05,16.68,38.95,15.77,41.61
1777946523,4.25,10.75,5.25,17.37,37.03,16.58,38.94,16.26,41.68
1777946524,4.25,10.75,5.00,17.73,37.09,16.65,38.95,16.34,41.69
1777946526,4.25,10.50,5.25,17.37,37.03,16.52,38.95,15.80,41.62
1777946528,4.25,10.75,5.50,17.73,37.07,16.71,38.95,15.85,41.60
1777946529,4.25,10.25,5.00,17.69,37.10,16.66,38.95,16.27,41.69
1777946531,4.25,11.00,5.25,17.46,37.05,16.51,38.94,16.18,41.64
1777946533,4.25,11.00,5.00,17.63,37.08,16.77,38.99,15.73,41.57
1777946534,4.19,11.00,5.25,17.73,37.11,16.69,38.99,16.07,41.64
1777946536,4.25,10.00,4.75,17.48,37.06,16.48,38.98,16.04,41.63
1777946537,4.25,11.00,4.75,17.17,37.02,16.55,39.00,16.08,41.63
1777946539,4.25,11.00,5.25,17.50,37.07,16.55,39.01,16.11,41.65
1777946541,4.25,10.75,5.00,17.45,37.06,16.62,39.01,15.94,41.61
1777946542,4.19,10.75,4.75,17.52,37.08,16.61,39.03,16.02,41.64
1777946544,4.19,11.00,5.25,17.52,37.06,16.61,39.02,16.12,41.64
1777946545,4.19,10.75,5.25,17.55,37.08,16.59,39.03,15.94,41.60
1777946547,4.19,11.00,5.00,17.70,37.08,16.57,39.01,15.92,41.59
1777946549,4.19,10.25,5.00,17.75,37.11,16.48,39.00,15.78,41.59
1777946550,4.13,10.75,5.00,17.62,37.09,16.55,39.02,16.29,41.66
1777946552,4.25,10.75,5.25,17.62,37.09,16.59,39.06,16.38,41.70
1777946553,4.13,10.50,5.25,17.49,37.08,16.38,39.03,16.32,41.73
1777946555,4.13,10.50,5.25,17.34,37.04,16.51,39.05,16.35,41.73
1777946557,4.13,11.00,5.00,17.38,37.07,16.47,39.05,15.91,41.71
1777946558,4.19,10.50,5.25,17.47,37.04,16.54,39.07,16.17,41.75
1777946560,4.13,10.50,5.25,17.47,37.07,16.57,39.07,16.31,41.78
1777946561,4.13,10.75,5.25,17.53,37.06,16.47,39.08,16.03,41.74
1777946563,4.13,10.75,5.25,17.45,37.06,16.57,39.09,16.14,41.74
1777946565,4.13,10.25,5.25,17.46,37.06,16.57,39.15,15.94,41.70
1777946566,4.13,10.75,5.25,17.49,37.07,16.59,39.17,15.73,41.67
1777946568,4.13,11.25,5.25,17.68,37.10,16.78,39.20,16.24,41.75
1777946569,4.19,10.75,5.25,17.51,37.05,16.52,39.16,16.06,41.71
1777946571,4.19,10.00,5.25,17.31,37.05,16.54,39.13,16.27,41.74
1777946573,4.19,11.00,5.25,17.58,37.08,16.55,39.12,16.51,41.75
1777946574,4.19,10.25,5.50,17.80,37.10,16.53,39.12,16.12,41.70
1777946576,4.19,10.75,5.25,17.53,37.06,16.66,39.12,16.25,41.70
1777946577,4.19,11.00,5.25,17.55,37.07,16.51,39.09,16.30,41.70
1777946579,4.25,11.00,5.25,17.62,37.08,16.59,39.07,16.29,41.69
1777946581,4.19,10.75,5.25,17.52,37.07,16.50,39.06,15.88,41.64
1777946582,4.19,11.00,4.75,17.56,37.05,16.52,39.06,16.14,41.67
1777946584,4.19,11.00,5.25,17.43,37.05,16.64,39.09,16.02,41.62
1777946586,4.19,11.00,5.00,17.66,37.08,16.52,39.06,15.84,41.59
1777946587,4.25,10.75,5.25,17.80,37.10,16.52,39.08,15.90,41.58
1777946589,4.25,10.75,5.00,17.62,37.06,16.57,39.09,15.86,41.57
1777946590,4.25,11.00,5.50,17.46,37.04,16.61,39.11,15.95,41.59
1777946592,4.25,11.00,5.25,17.74,37.07,16.51,39.12,15.97,41.58
1777946594,4.25,11.00,5.25,17.28,37.03,16.70,39.14,16.13,41.60
1777946595,4.25,11.25,5.25,17.47,37.04,16.57,39.11,16.43,41.64
1777946597,4.25,11.00,4.75,17.68,37.10,16.62,39.10,16.18,41.59
1777946598,4.25,10.50,5.00,17.42,37.07,16.67,39.08,16.25,41.62
1777946600,4.25,10.75,5.25,17.43,37.07,16.65,39.05,16.08,41.58
1777946602,4.31,10.75,5.50,17.67,37.09,16.50,39.00,15.69,41.50
1777946603,4.25,10.75,5.25,17.37,37.05,16.59,38.98,15.98,41.57
1777946605,4.31,11.00,5.25,17.77,37.11,16.59,38.96,15.91,41.55
1777946606,4.25,10.50,5.50,17.55,37.08,16.63,38.94,15.81,41.53
1777946608,4.25,10.75,5.00,17.59,37.08,16.71,38.93,16.29,41.60
1777946610,4.31,11.00,4.75,17.35,37.06,16.89,38.95,16.24,41.60
1777946611,4.25,11.00,5.50,17.45,37.07,16.66,38.89,16.08,41.57
1777946613,4.25,10.00,4.75,17.43,37.07,16.72,38.91,16.18,41.58
1777946614,4.31,10.50,5.00,17.55,37.09,16.77,38.91,15.83,41.55
1777946616,4.31,10.75,5.25,17.48,37.07,16.70,38.90,16.10,41.59
1777946618,4.25,10.75,4.75,17.51,37.08,16.57,38.88,15.80,41.55
1777946619,4.31,10.50,5.00,17.46,37.07,16.59,38.88,15.79,41.55
1777946621,4.31,10.50,5.25,17.70,37.10,16.62,38.86,16.64,41.70
1777946622,4.25,10.50,5.25,17.58,37.11,16.64,38.88,16.23,41.63
1777946624,4.31,10.50,4.75,17.47,37.08,16.72,38.87,16.05,41.63
1777946626,4.31,10.50,4.75,17.55,37.10,16.64,38.86,16.36,41.67
1777946627,4.25,10.50,5.25,17.58,37.11,16.69,38.85,16.04,41.63
1777946629,4.31,10.50,5.25,17.46,37.09,16.50,38.81,16.19,41.67
1777946631,4.25,10.75,5.00,17.76,37.11,16.72,38.86,15.81,41.63
1777946632,4.25,10.25,5.00,17.41,37.09,16.64,38.84,16.29,41.70
1777946634,4.25,10.25,5.25,17.51,37.08,16.55,38.80,15.91,41.64
1777946635,4.25,10.50,4.50,17.30,37.05,16.65,38.83,16.34,41.72
1777946637,4.25,10.50,4.75,17.49,37.08,16.73,38.86,15.69,41.61
1777946639,4.31,10.00,5.00,17.53,37.09,16.66,38.84,16.07,41.68
1777946640,4.31,10.50,5.25,17.51,37.09,16.67,38.86,16.08,41.68
1777946642,4.31,11.00,5.25,17.36,37.07,16.65,38.88,16.34,41.72
1777946643,4.31,10.75,5.25,17.49,37.09,16.59,38.87,16.12,41.68
1777946645,4.25,10.25,5.25,17.50,37.08,16.58,38.90,16.18,41.69
1777946647,4.25,10.50,5.25,17.62,37.11,16.55,38.91,16.25,41.68
1777946648,4.25,10.75,5.00,17.41,37.09,16.59,38.94,15.94,41.63
1777946650,4.25,10.75,5.25,17.53,37.10,16.58,38.95,16.17,41.67
1777946651,4.31,10.25,5.00,17.34,37.06,16.63,38.97,16.15,41.69
1777946653,4.31,10.50,5.25,17.52,37.12,16.70,38.98,16.37,41.73
1777946655,4.31,10.25,5.50,17.48,37.11,16.77,39.00,16.23,41.70
1777946656,4.31,10.75,5.00,17.62,37.13,16.50,38.97,16.46,41.77
1777946658,4.31,11.00,5.50,17.40,37.12,16.61,38.97,16.07,41.71
1777946659,4.31,10.75,5.25,17.28,37.08,16.62,38.97,15.96,41.69
1777946661,4.31,11.00,5.00,17.80,37.16,16.69,38.97,15.98,41.70
1777946663,4.38,10.75,5.00,17.26,37.08,16.57,38.94,16.16,41.74
1777946664,4.31,11.25,5.25,17.59,37.14,16.60,38.93,15.83,41.70
1777946666,4.31,10.25,5.25,17.62,37.14,16.71,38.96,16.00,41.74
1777946667,4.31,10.75,5.25,17.58,37.14,16.72,38.95,16.00,41.75
1777946669,4.38,10.50,5.00,17.46,37.13,16.67,38.94,16.38,41.82
1777946671,4.38,11.00,5.00,17.40,37.13,16.58,38.91,16.24,41.81
1777946672,4.38,11.00,5.50,17.51,37.13,16.64,38.92,16.30,41.84
1777946674,4.31,11.00,5.25,17.55,37.13,16.66,38.91,16.08,41.79
1777946676,4.31,10.25,5.00,17.51,37.13,16.55,38.88,15.94,41.79
1777946677,4.31,10.75,5.00,17.53,37.14,16.62,38.87,16.40,41.86
1777946679,4.31,10.50,5.00,17.55,37.13,16.55,38.85,15.80,41.77
1777946680,4.31,10.50,5.50,17.79,37.18,16.55,38.84,15.78,41.77
1777946682,4.31,10.75,5.00,17.53,37.13,16.61,38.87,15.94,41.78
1777946684,4.31,10.25,5.00,17.50,37.12,16.66,38.88,16.09,41.83
1777946685,4.31,10.75,5.50,17.41,37.10,16.87,38.92,16.31,41.84
1777946687,4.31,10.25,5.25,17.54,37.11,16.59,38.87,16.29,41.84
1777946688,4.25,10.75,5.00,17.59,37.12,16.55,38.90,16.37,41.85
1777946690,4.31,10.75,5.00,17.43,37.10,16.70,38.93,16.16,41.83
1777946692,4.31,10.75,5.50,17.52,37.13,16.54,38.90,16.21,41.84
1777946693,4.25,10.75,5.00,17.50,37.11,16.79,38.97,16.11,41.81
1777946695,4.31,10.50,5.25,17.54,37.14,16.62,38.93,15.87,41.79
1777946696,4.25,10.75,5.50,17.75,37.16,16.69,38.96,15.66,41.78
1777946698,4.25,10.50,5.50,17.65,37.15,16.49,38.93,16.00,41.85
1777946700,4.31,10.75,5.25,17.62,37.13,16.69,38.97,16.12,41.88
1777946701,4.25,11.00,5.25,17.34,37.09,16.59,38.97,16.51,41.93
1777946703,4.31,10.50,5.00,17.35,37.10,16.70,39.01,16.01,41.86
1777946704,4.31,10.75,5.25,17.68,37.15,16.61,39.00,16.37,41.93
1777946706,4.31,10.25,5.50,17.41,37.12,16.47,39.00,16.69,41.97
1777946708,4.31,10.75,5.50,17.38,37.12,16.56,39.01,16.16,41.90
1777946709,4.31,11.00,5.25,17.48,37.14,16.53,39.02,16.04,41.88
1777946711,4.31,11.00,5.25,17.30,37.12,16.69,39.02,15.84,41.86
1777946712,4.31,10.75,5.50,17.58,37.16,16.61,39.03,15.94,41.90
1777946714,4.25,10.50,5.25,17.35,37.13,16.72,39.04,16.08,41.92
1777946716,4.31,11.00,5.25,17.53,37.15,16.66,39.03,16.12,41.94
1777946717,4.31,10.75,5.25,17.47,37.16,16.62,39.03,16.47,42.00
1777946719,4.31,10.75,5.25,17.52,37.16,16.78,39.04,16.17,41.95
1777946720,4.25,11.00,5.25,17.74,37.19,16.51,39.01,16.31,41.98
1777946722,4.31,10.25,5.50,17.37,37.14,16.48,38.99,16.21,41.97
1777946724,4.31,10.25,5.25,17.37,37.14,16.55,39.02,16.21,41.98
1777946725,4.38,10.50,5.50,17.62,37.18,16.62,39.04,15.89,41.93
1777946727,4.38,10.25,5.25,17.47,37.16,16.62,39.05,16.27,41.99
1777946729,4.38,10.00,5.25,17.37,37.14,16.55,39.06,16.37,42.00
1777946730,4.31,10.50,5.50,17.52,37.17,16.46,39.06,15.90,41.95
1777946732,4.31,10.75,5.00,17.55,37.19,16.37,39.08,15.72,41.93
1777946733,4.31,10.50,5.25,17.56,37.19,16.39,39.10,16.16,42.00
1777946735,4.38,10.75,4.75,17.65,37.20,16.45,39.13,15.94,41.97
1777946737,4.38,10.50,5.00,17.58,37.22,16.48,39.17,16.23,42.00
1777946738,4.31,10.75,5.25,17.59,37.22,16.58,39.21,16.48,42.03
1777946740,4.38,11.00,5.25,17.67,37.23,16.48,39.23,16.29,42.01
1777946741,4.38,10.75,5.25,17.53,37.21,16.48,39.24,16.17,41.98
1777946743,4.38,10.75,5.00,17.43,37.20,16.53,39.28,16.17,41.97
1777946745,4.38,11.00,5.00,17.41,37.22,16.48,39.31,16.26,41.98
1777946746,4.38,10.50,5.25,17.27,37.19,16.55,39.33,16.20,41.99
1777946748,4.38,10.50,5.25,17.75,37.27,16.55,39.34,16.10,41.96
1777946749,4.31,10.75,5.00,17.71,37.27,16.46,39.33,15.89,41.96
1777946751,4.31,11.00,5.25,17.32,37.19,16.43,39.32,15.88,41.97
1777946753,4.31,10.25,5.25,17.68,37.25,16.47,39.34,16.15,42.02
1777946754,4.31,11.00,5.25,17.84,37.29,16.36,39.32,16.30,42.06
1777946756,4.31,10.75,5.25,17.55,37.24,16.57,39.35,16.27,42.05
1777946757,4.25,10.50,5.25,17.45,37.23,16.47,39.33,16.19,42.05
1777946759,4.31,10.25,5.50,17.56,37.24,16.51,39.34,16.15,42.02
1777946761,4.25,10.00,5.00,17.41,37.22,16.52,39.35,16.22,42.03
1777946762,4.31,10.25,4.75,17.79,37.28,16.41,39.38,15.89,41.99
1777946764,4.31,9.75,5.00,17.37,37.23,16.46,39.38,15.71,41.96
1777946765,4.31,10.50,4.75,17.74,37.27,16.55,39.42,15.78,42.02
1777946767,4.31,9.75,5.00,17.76,37.30,16.44,39.42,15.77,42.09
1777946769,4.31,10.50,5.00,17.48,37.27,16.36,39.41,16.23,42.21
1777946770,4.31,10.50,5.00,17.52,37.27,16.47,39.45,16.25,42.23
1777946772,4.25,10.75,4.75,17.45,37.28,16.39,39.46,16.33,42.22
1777946774,4.25,10.50,5.00,17.44,37.27,16.44,39.48,16.17,42.16
1777946775,4.25,10.50,5.00,17.49,37.27,16.41,39.46,16.26,42.16
1777946777,4.31,10.50,5.00,17.44,37.26,16.44,39.46,16.19,42.12
1777946778,4.31,10.00,5.25,17.41,37.26,16.40,39.44,15.93,42.05
1777946780,4.31,10.75,5.00,17.42,37.28,16.51,39.45,16.01,42.06
1777946782,4.25,10.75,5.25,17.70,37.31,16.52,39.48,15.88,42.02
1777946783,4.25,10.50,5.25,17.35,37.27,16.53,39.46,16.13,42.04
1777946785,4.25,10.75,5.25,17.54,37.29,16.38,39.41,16.09,42.05
1777946786,4.25,11.00,5.00,17.43,37.27,16.55,39.47,15.84,42.01
1777946788,4.25,10.50,5.25,17.42,37.27,16.53,39.48,15.95,42.04
1777946790,4.25,11.25,4.75,17.73,37.31,16.51,39.46,16.16,42.06
1777946791,4.25,10.75,5.25,17.49,37.30,16.37,39.48,15.89,42.02
1777946793,4.19,10.50,5.50,17.50,37.29,16.34,39.53,15.84,42.06
1777946794,4.19,10.50,5.50,17.50,37.28,16.29,39.57,16.16,42.18
1777946796,4.19,10.25,5.25,17.70,37.32,16.49,39.62,15.96,42.18
1777946798,4.25,10.50,4.75,17.42,37.27,16.36,39.61,16.19,42.22
1777946799,4.25,10.50,5.25,17.26,37.26,16.40,39.64,16.24,42.21
1777946801,4.19,10.00,5.50,17.45,37.29,16.33,39.62,16.05,42.20
1777946802,4.25,10.25,5.25,17.58,37.31,16.44,39.62,16.17,42.20
1777946804,4.25,10.50,5.50,17.37,37.28,16.37,39.60,15.95,42.21
1777946806,4.31,11.00,4.50,17.69,37.34,16.40,39.60,15.74,42.18
1777946807,4.25,11.25,5.25,17.31,37.26,16.41,39.63,16.16,42.25
1777946809,4.31,11.00,5.75,17.77,37.35,16.33,39.62,16.22,42.27
1777946810,4.38,10.50,5.75,17.80,37.34,16.24,39.63,16.04,42.22
1777946812,4.44,11.00,5.75,17.41,37.29,16.16,39.73,15.88,42.23
1777946814,4.56,10.50,6.25,17.36,37.30,16.02,40.09,16.75,42.51
1777946815,4.69,10.25,7.00,17.65,37.34,15.98,40.42,15.98,42.66
1777946817,4.88,11.00,6.50,17.30,37.30,15.89,40.68,16.19,42.99
1777946819,5.00,10.50,7.25,17.43,37.32,15.74,40.92,16.22,43.38
1777946820,5.19,10.75,7.50,17.76,37.40,15.78,41.14,16.51,44.28
1777946822,5.38,10.75,7.50,17.54,37.38,15.77,41.25,16.36,46.39
1777946823,5.56,10.25,7.50,17.48,37.38,15.82,41.28,16.37,49.54
1777946825,5.75,10.50,7.50,17.69,37.42,15.75,41.36,16.02,52.71
1777946827,5.94,11.00,7.50,17.53,37.40,15.58,41.40,16.18,55.78
1777946828,6.19,11.00,7.75,17.76,37.43,15.71,41.51,16.19,58.34
1777946830,6.38,11.25,7.75,17.46,37.39,15.60,41.64,16.24,61.07
1777946831,6.63,11.50,7.25,17.78,37.43,15.52,42.10,16.34,63.58
1777946833,6.81,11.75,7.25,17.50,37.39,15.48,42.67,16.26,65.89
1777946835,7.06,11.75,7.50,17.53,37.40,15.54,43.24,16.19,67.49
1777946836,7.19,12.50,7.75,17.61,37.41,15.39,43.52,15.77,68.61
1777946838,7.44,12.75,8.00,17.44,37.37,15.42,43.57,16.11,69.71
1777946839,7.63,13.00,7.50,17.66,37.42,15.41,43.68,16.12,70.93
1777946841,7.81,13.25,8.00,17.36,37.37,15.56,43.75,16.21,72.30
1777946843,8.00,13.50,7.75,17.79,37.43,15.53,43.72,16.13,73.37
1777946844,8.19,13.75,7.75,17.45,37.37,15.35,43.69,15.95,73.65
1777946846,8.38,13.75,8.25,17.54,37.40,15.28,43.63,15.89,73.95
1777946847,8.56,13.75,8.50,17.47,37.38,15.28,43.51,15.87,74.72
1777946849,8.75,14.25,8.50,17.41,37.37,15.21,43.35,16.19,75.66
1777946851,8.94,14.50,8.00,17.48,37.40,15.24,43.27,16.59,76.43
1777946852,9.13,14.50,8.25,17.66,37.40,15.42,43.32,16.23,76.50
1777946854,9.31,14.50,8.25,17.45,37.36,15.41,43.31,16.02,76.59
1777946855,9.50,14.75,8.00,17.79,37.41,15.15,43.28,15.98,76.92
1777946857,9.69,15.25,8.50,17.52,37.36,15.23,43.34,16.19,77.52
1777946859,9.88,15.50,8.50,17.61,37.39,15.30,43.33,16.13,78.19
1777946860,10.06,15.50,8.75,17.67,37.40,15.26,43.32,16.22,78.46
1777946862,10.19,15.25,8.75,17.58,37.37,15.26,43.28,16.04,77.86
1777946863,10.50,15.50,8.75,17.56,37.38,15.21,43.20,16.32,76.92
1777946865,10.63,15.75,9.00,17.85,37.41,15.21,43.17,16.26,75.61
1777946867,10.81,16.00,8.50,17.39,37.34,15.23,43.18,16.12,74.45
1777946868,11.00,15.50,9.00,17.76,37.41,15.21,43.15,16.44,73.89
1777946870,11.13,16.25,8.75,17.52,37.36,15.24,43.12,16.23,73.25
1777946872,11.31,16.25,9.00,17.35,37.32,15.11,43.11,16.23,72.57
1777946873,11.44,16.25,9.25,17.55,37.36,15.19,43.13,15.89,72.09
1777946875,11.56,16.25,9.25,17.48,37.34,15.13,43.11,16.40,71.94
1777946876,11.75,16.25,9.50,17.56,37.36,15.23,43.14,16.32,71.67
1777946878,11.81,16.25,9.50,17.69,37.36,15.17,43.13,15.77,71.46
1777946880,11.94,16.00,9.50,17.46,37.33,15.21,43.13,16.16,71.51
1777946881,12.06,16.50,9.50,17.53,37.33,15.19,43.09,16.49,71.33
1777946883,12.19,16.00,9.50,17.59,37.34,15.19,43.07,16.03,71.17
1777946884,12.31,16.75,9.75,17.44,37.31,15.21,43.06,16.23,71.60
1777946886,12.44,16.25,9.75,17.59,37.34,15.12,43.05,16.32,71.85
1777946888,12.50,16.75,9.50,17.34,37.29,15.25,43.11,16.33,72.24
1777946889,12.63,16.50,9.25,17.58,37.32,15.21,43.13,16.43,72.67
1777946891,12.69,16.25,9.50,17.69,37.31,15.13,43.18,16.66,72.98
1777946892,12.75,16.50,10.00,17.37,37.26,15.33,43.20,16.18,72.95
1777946894,12.88,16.50,9.75,17.73,37.32,15.21,43.25,15.98,72.99
1777946896,12.88,16.00,10.00,17.63,37.31,15.17,43.21,16.59,72.88
1777946897,12.94,16.00,10.00,17.46,37.27,15.16,43.19,16.16,72.28
1777946899,13.00,16.00,10.00,17.73,37.31,15.23,43.16,15.73,71.82
1777946900,13.00,16.50,10.25,17.50,37.28,15.12,43.16,16.17,71.77
1777946902,13.06,16.00,10.00,17.48,37.25,15.15,43.20,16.21,71.90
1777946904,13.06,16.50,10.00,17.36,37.23,15.30,43.21,15.96,72.05
1777946905,13.13,16.50,9.75,17.35,37.22,15.19,43.16,15.89,72.54
1777946907,13.13,15.75,10.00,17.46,37.24,15.23,43.13,15.97,72.94
1777946908,13.19,16.50,10.50,17.52,37.24,15.41,43.17,15.88,73.07
1777946910,13.19,16.50,10.25,17.45,37.19,15.34,43.14,15.83,73.51
1777946912,13.25,16.50,10.25,17.52,37.22,15.22,43.11,16.05,74.52
1777946913,13.25,16.50,10.50,17.62,37.22,15.49,43.13,15.83,75.63
1777946915,13.31,16.25,10.50,17.54,37.22,15.40,43.08,16.04,76.94
1777946917,13.31,16.75,10.75,17.91,37.26,15.23,42.98,15.70,78.14
1777946918,13.31,16.50,10.50,17.66,37.22,15.23,42.93,15.45,79.07
1777946920,13.38,16.25,10.25,17.48,37.17,15.36,42.89,16.51,79.98
1777946921,13.31,16.25,10.50,17.76,37.19,15.30,42.84,15.83,80.47
1777946923,13.31,16.50,10.50,17.62,37.16,15.24,42.79,16.19,81.10
1777946925,13.38,16.25,10.75,17.54,37.15,15.32,42.74,15.87,81.36
1777946926,13.31,16.50,11.00,17.55,37.14,15.39,42.74,16.10,81.55
1777946928,13.38,16.75,11.00,17.58,37.13,15.47,42.71,15.77,81.77
1777946929,13.38,16.75,11.00,17.89,37.16,15.54,42.69,15.80,82.21
1777946931,13.44,17.00,11.00,17.49,37.10,15.45,42.64,15.37,82.42
1777946933,13.44,16.50,11.00,17.70,37.12,15.36,42.60,15.51,82.39
1777946934,13.44,16.75,11.00,17.62,37.11,15.47,42.59,15.84,82.20
1777946936,13.44,16.75,11.00,17.76,37.11,15.58,42.66,15.80,81.79
1777946937,13.44,16.25,11.25,17.80,37.10,15.54,42.66,15.32,81.16
1777946939,13.44,16.50,11.50,17.75,37.09,15.56,42.64,15.57,81.04
1777946941,13.44,16.50,11.50,17.66,37.06,15.37,42.58,15.80,80.89
1777946942,13.44,16.25,11.25,17.73,37.05,15.37,42.53,15.81,80.35
1777946944,13.44,16.75,11.25,17.74,37.05,15.41,42.50,15.88,79.75
1777946945,13.44,16.25,11.75,17.80,37.05,15.39,42.48,15.68,78.90
1777946947,13.44,17.00,11.00,17.65,37.02,15.58,42.49,15.83,78.29
1777946949,13.44,16.75,11.50,17.81,37.03,15.50,42.46,15.72,77.97
1777946950,13.44,16.75,11.75,17.55,36.98,15.50,42.59,15.83,77.86
1777946952,13.44,16.50,11.75,17.61,36.96,15.49,42.72,15.59,77.84
1777946953,13.44,16.50,11.75,17.94,37.01,15.56,42.73,15.52,78.00
1777946955,13.44,16.75,11.75,18.02,37.02,15.68,42.67,15.57,78.49
1777946957,13.44,16.75,11.50,17.73,36.97,15.62,42.58,15.73,79.52
1777946958,13.50,16.75,12.00,17.67,36.95,15.49,42.55,15.77,80.83
1777946960,13.44,16.75,12.25,17.58,36.92,15.57,42.57,15.92,82.21
1777946962,13.44,17.00,12.00,17.70,36.93,15.62,42.55,15.89,83.39
1777946963,13.50,17.75,12.00,17.84,36.95,15.54,42.46,15.93,84.26
1777946965,13.44,17.75,12.25,17.84,36.93,15.57,42.42,15.91,84.86
1777946966,13.44,17.50,12.25,17.70,36.91,15.53,42.33,15.93,85.31
1777946968,13.44,17.50,11.75,17.87,36.92,15.68,42.30,15.59,85.42
1777946970,13.44,17.25,12.25,17.81,36.89,15.69,42.27,15.54,85.63
1777946971,13.50,16.50,12.25,18.13,36.94,15.60,42.23,15.68,85.95
1777946973,13.50,16.50,12.50,17.98,36.92,15.59,42.21,15.50,86.24
1777946974,13.50,16.50,12.25,17.86,36.88,15.78,42.27,15.71,86.64
1777946976,13.44,16.50,12.50,17.73,36.85,15.62,42.23,15.39,86.96
1777946978,13.50,16.25,12.25,17.69,36.82,15.77,42.22,15.66,87.54
1777946979,13.44,16.25,12.50,17.79,36.83,15.73,42.21,15.34,88.01
1777946981,13.50,16.00,12.00,17.80,36.82,15.90,42.22,16.05,88.68
1777946982,13.50,16.00,12.75,18.05,36.82,15.86,42.18,15.35,88.99
1777946984,13.50,16.50,12.50,17.91,36.79,15.80,42.09,15.23,89.37
1777946986,13.50,16.25,12.75,17.84,36.76,15.69,42.02,15.23,89.56
1777946987,13.50,16.25,12.75,17.97,36.78,15.92,41.99,15.18,89.65
1777946989,13.50,16.25,13.00,18.01,36.76,15.90,41.95,15.51,89.86
1777946990,13.50,16.50,12.75,18.00,36.74,15.80,41.95,15.90,90.08
1777946992,13.50,16.25,13.00,17.73,36.69,15.94,42.05,15.46,90.11
1777946994,13.50,16.00,12.50,17.79,36.70,15.86,42.07,15.58,90.12
1777946995,13.50,16.50,12.50,17.73,36.68,15.86,42.05,15.45,90.06
1777946997,13.50,16.50,13.00,17.80,36.67,15.82,42.01,15.60,90.07
1777946998,13.50,16.50,13.25,17.93,36.68,15.76,41.90,15.33,89.98
1777947000,13.50,16.25,13.00,17.80,36.64,15.80,41.84,15.69,89.97
1777947002,13.50,16.75,13.25,17.88,36.64,15.95,41.79,15.66,90.00
1777947003,13.50,15.75,13.25,17.90,36.64,16.01,41.75,15.35,89.98
1777947005,13.56,16.25,13.25,17.88,36.62,15.99,41.70,15.60,90.10
1777947007,13.50,16.25,13.25,17.82,36.59,15.78,41.63,15.76,90.19
1777947008,13.56,16.25,13.00,17.86,36.59,15.98,41.59,15.68,90.28
1777947010,13.50,16.50,13.25,18.17,36.63,15.94,41.55,15.56,90.28
1777947011,13.56,16.50,13.25,17.82,36.56,16.11,41.51,15.62,90.31
1777947013,13.50,16.50,13.50,17.80,36.56,16.02,41.46,15.55,90.17
1777947015,13.50,16.25,13.50,17.96,36.57,15.93,41.41,15.23,89.81
1777947016,13.50,16.50,13.25,17.96,36.56,16.00,41.38,15.54,89.74
1777947018,13.56,16.75,14.25,18.08,36.57,16.08,41.39,15.62,89.92
1777947019,13.56,17.00,13.50,18.01,36.53,16.11,41.39,15.37,90.07
1777947021,13.50,17.00,14.00,18.04,36.52,15.96,41.36,15.16,90.27
1777947023,13.56,17.00,13.75,17.93,36.49,16.04,41.33,15.17,90.42
1777947024,13.56,17.00,13.50,18.16,36.51,16.21,41.32,14.80,90.50
1777947026,13.50,17.00,14.00,17.96,36.46,16.16,41.29,15.37,90.62
1777947027,13.50,17.25,14.00,18.16,36.47,15.98,41.21,15.20,90.61
1777947029,13.50,17.50,14.00,18.24,36.46,16.12,41.23,15.44,90.75
1777947031,13.50,17.00,14.00,18.23,36.45,16.13,41.18,15.63,90.87
1777947032,13.44,17.75,14.00,18.04,36.41,16.23,41.14,15.54,91.01
1777947034,13.50,17.25,14.00,18.34,36.43,16.16,41.07,15.75,91.15
1777947035,13.50,17.00,14.25,18.16,36.38,16.19,41.01,15.41,91.04
1777947037,13.50,17.25,14.50,18.19,36.37,16.24,40.97,15.28,90.80
1777947039,13.50,17.25,14.00,18.01,36.33,16.27,40.94,15.61,90.40
1777947040,13.50,17.25,14.50,18.28,36.36,16.23,40.87,15.36,89.94
1777947042,13.50,16.75,14.50,18.11,36.31,16.36,40.86,14.99,89.57
1777947044,13.50,17.25,14.75,18.21,36.33,16.39,40.81,15.01,89.23
1777947045,13.50,17.25,14.75,17.82,36.26,16.21,40.78,14.92,88.89
1777947047,13.50,17.25,14.75,18.25,36.30,16.23,40.73,15.54,88.72
1777947048,13.44,17.00,14.50,18.27,36.29,16.34,40.70,15.30,88.38
1777947050,13.44,17.25,14.75,18.08,36.24,16.37,40.70,15.39,88.06
1777947052,13.50,16.50,15.00,17.97,36.22,16.27,40.66,15.12,87.68
1777947053,13.44,17.25,14.50,18.54,36.29,16.28,40.64,15.50,87.63
1777947055,13.44,17.00,15.00,18.06,36.19,16.29,40.62,15.42,87.69
1777947056,13.44,17.25,15.00,17.96,36.17,16.30,40.61,15.22,87.79
1777947058,13.44,16.75,15.00,18.08,36.17,16.39,40.59,14.83,87.88
1777947060,13.44,17.00,15.25,17.94,36.14,16.23,40.54,14.89,88.00
1777947061,13.44,17.00,15.25,18.16,36.17,16.36,40.55,15.20,88.16
1777947063,13.44,17.00,14.75,18.20,36.14,16.34,40.55,15.33,88.30
1777947064,13.44,17.25,15.25,18.19,36.14,16.37,40.52,14.90,88.29
1777947066,13.44,16.75,15.25,18.37,36.13,16.39,40.52,14.87,88.15
1777947068,13.38,17.00,15.25,18.14,36.09,16.52,40.51,15.03,88.02
1777947069,13.44,16.75,15.25,18.34,36.12,16.47,40.49,15.31,87.85
1777947071,13.38,16.50,15.25,18.23,36.08,16.48,40.46,15.33,87.89
1777947072,13.44,17.00,15.25,18.50,36.09,16.44,40.45,15.36,88.24
1777947074,13.44,16.50,15.25,18.37,36.06,16.47,40.45,15.09,88.63
1777947076,13.44,17.00,14.75,18.40,36.05,16.38,40.39,15.38,89.19
1777947077,13.44,17.00,15.50,18.40,36.04,16.48,40.37,15.02,89.50
1777947079,13.38,16.75,15.50,18.44,36.03,16.55,40.34,15.35,89.71
1777947080,13.38,17.00,15.00,18.23,35.98,16.43,40.31,14.78,89.54
1777947082,13.44,17.25,15.50,18.20,35.95,16.47,40.31,14.81,89.44
1777947084,13.44,17.25,15.25,18.80,36.03,16.43,40.33,14.70,89.06
1777947085,13.38,17.00,15.00,18.31,35.94,16.50,40.39,15.26,88.58
1777947087,13.38,17.00,15.75,18.49,35.93,16.58,40.43,14.86,87.82
1777947088,13.38,16.75,15.25,18.26,35.88,16.51,40.42,14.93,87.14
1777947090,13.38,16.75,15.50,18.61,35.93,16.56,40.45,14.66,86.64
1777947092,13.38,16.50,15.50,18.27,35.85,16.55,40.46,15.26,86.52
1777947093,13.31,16.50,15.75,18.24,35.85,16.62,40.46,15.15,86.40
1777947095,13.38,16.00,15.50,18.29,35.82,16.55,40.46,15.36,86.49
1777947097,13.38,16.50,15.25,18.27,35.83,16.50,40.49,15.27,86.77
1777947098,13.38,16.50,15.50,18.32,35.80,16.47,40.46,15.30,87.23
1777947100,13.38,16.75,15.75,18.28,35.79,16.51,40.40,15.04,87.61
1777947101,13.38,17.00,15.75,18.70,35.85,16.59,40.30,15.26,87.67
1777947103,13.31,17.00,15.50,18.40,35.76,16.59,40.24,14.87,87.61
1777947105,13.38,16.50,15.25,18.48,35.75,16.61,40.16,14.93,87.61
1777947106,13.31,16.50,15.25,18.43,35.73,16.59,40.10,14.98,87.35
1777947108,13.31,15.50,15.75,18.54,35.74,16.68,40.05,14.92,86.45
1777947109,13.31,15.75,16.00,18.36,35.69,16.59,39.99,15.25,85.21
1777947111,13.25,16.00,15.25,18.22,35.67,16.63,39.92,15.15,84.32
1777947113,13.31,15.75,15.75,18.60,35.72,16.62,39.86,15.30,84.12
1777947114,13.38,15.75,16.00,18.40,35.68,16.58,39.80,15.21,83.63
1777947116,13.31,15.75,16.00,18.59,35.69,16.62,39.77,15.52,82.98
1777947117,13.31,15.75,15.25,18.55,35.65,16.67,39.77,14.82,82.06
1777947119,13.31,15.75,15.50,18.47,35.62,16.76,39.77,14.82,81.68
1777947121,13.31,15.75,15.50,18.50,35.60,16.70,39.76,14.98,81.53
1777947122,13.31,15.75,16.00,18.46,35.59,16.72,39.75,14.55,81.21
1777947124,13.25,15.75,15.50,18.62,35.60,16.72,39.72,15.33,81.79
1777947125,13.31,16.25,16.00,18.62,35.58,16.80,39.68,15.37,82.69
1777947127,13.31,15.75,16.00,18.60,35.57,16.81,39.63,14.88,83.38
1777947129,13.25,15.75,16.00,18.70,35.56,16.79,39.59,15.33,84.23
1777947130,13.31,16.00,15.25,18.57,35.53,16.72,39.56,15.05,84.93
1777947132,13.25,16.00,16.25,18.65,35.52,16.72,39.51,15.30,85.60
1777947133,13.25,15.75,15.75,18.55,35.49,16.76,39.46,15.14,86.03
1777947135,13.25,16.00,16.25,18.52,35.48,16.87,39.45,14.98,86.50
1777947137,13.25,16.00,15.75,18.62,35.49,16.84,39.41,15.08,87.01
1777947138,13.25,16.00,16.00,18.27,35.41,16.92,39.37,14.86,87.33
1777947140,13.25,15.75,16.00,18.50,35.43,16.73,39.35,15.09,87.44
1777947142,13.25,16.00,16.25,18.55,35.44,16.94,39.35,15.13,87.40
1777947143,13.25,15.75,16.25,18.44,35.39,16.76,39.28,15.41,87.08
1777947145,13.25,15.75,16.25,18.77,35.42,16.79,39.27,15.03,86.64
1777947146,13.25,16.25,16.25,18.55,35.38,16.93,39.26,15.02,86.60
1777947148,13.25,16.25,16.50,18.76,35.38,16.80,39.21,15.29,86.91
1777947150,13.25,16.00,16.25,18.55,35.33,16.91,39.20,15.07,87.17
1777947151,13.19,16.25,16.25,18.52,35.32,16.94,39.16,15.13,87.52
1777947153,13.25,16.00,16.50,18.55,35.31,17.01,39.14,15.13,87.85
1777947154,13.25,15.75,16.25,18.77,35.32,16.94,39.10,15.13,88.26
1777947156,13.19,15.50,16.75,18.55,35.29,17.01,39.07,15.28,88.64
1777947158,13.19,16.00,16.00,18.51,35.26,16.95,38.99,15.46,88.87
1777947159,13.19,16.00,16.25,18.59,35.27,16.98,38.98,15.19,88.90
1777947161,13.19,15.75,16.75,18.85,35.29,17.16,38.98,15.08,88.95
1777947162,13.19,16.00,16.50,18.78,35.27,17.05,38.94,15.16,89.00
1777947164,13.19,15.50,16.50,18.62,35.24,17.02,38.90,14.68,88.71
1777947166,13.19,16.00,16.50,18.72,35.23,17.01,38.86,15.46,88.54
1777947167,13.19,15.50,16.75,18.55,35.20,17.09,38.87,14.65,88.20
1777947169,13.19,16.00,16.75,18.65,35.19,17.09,38.86,15.19,88.11
1777947170,13.19,16.00,16.50,18.66,35.16,17.05,38.82,14.82,87.83
1777947172,13.19,15.50,16.75,18.45,35.11,17.06,38.79,15.40,87.64
1777947174,13.13,16.00,16.50,18.60,35.10,17.18,38.83,15.23,87.36
1777947175,13.19,15.50,16.75,18.89,35.15,17.15,38.86,14.97,87.41
1777947177,13.19,16.00,16.50,18.64,35.08,17.18,38.84,14.74,87.60
1777947179,13.13,16.00,17.00,18.77,35.10,17.20,38.80,15.20,88.02
1777947180,13.13,16.25,16.25,19.09,35.11,17.22,38.83,15.35,88.27
1777947182,13.13,16.50,16.50,18.66,35.04,17.13,38.80,15.13,88.60
1777947183,13.13,16.50,17.00,19.04,35.06,17.07,38.79,15.04,89.05
1777947185,13.19,16.00,17.00,18.73,35.01,17.30,38.83,15.17,89.59
1777947187,13.13,16.50,16.50,18.67,34.97,17.14,38.82,16.02,90.22
1777947188,13.13,16.25,16.50,18.83,34.99,17.19,38.82,15.15,90.36
1777947190,13.19,16.50,17.00,18.87,34.98,17.14,38.79,14.85,90.63
1777947191,13.13,16.25,17.50,18.82,34.98,17.09,38.75,15.14,90.91
1777947193,13.13,16.25,17.25,18.83,34.95,17.13,38.71,15.24,91.09
1777947195,13.13,16.25,17.25,18.80,34.95,17.21,38.69,15.08,91.24
1777947196,13.19,16.25,17.00,18.71,34.90,17.34,38.64,14.92,91.37
1777947198,13.19,15.75,17.00,18.82,34.92,17.23,38.57,15.14,91.55
1777947199,13.13,15.75,17.25,18.72,34.90,17.21,38.56,15.06,91.62
1777947201,13.13,16.00,17.25,18.81,34.90,17.26,38.57,15.73,91.75
1777947203,13.06,16.00,16.50,18.80,34.88,17.26,38.54,15.29,91.45
1777947204,13.13,15.25,16.75,18.98,34.90,17.19,38.49,15.62,91.26
1777947206,13.13,15.75,17.00,18.84,34.86,17.31,38.47,15.19,91.08
1777947207,13.13,15.50,16.75,19.02,34.85,17.33,38.44,15.19,91.13
1777947209,13.13,15.50,16.75,18.91,34.84,17.37,38.46,14.74,91.20
1777947211,13.13,16.00,16.75,18.85,34.82,17.31,38.45,14.91,91.31
1777947212,13.13,15.75,17.00,18.87,34.78,17.32,38.42,14.63,91.24
1777947214,13.13,15.75,17.25,18.83,34.75,17.19,38.39,15.27,91.45
1777947215,13.13,15.50,16.75,18.85,34.72,17.34,38.40,14.85,91.50
1777947217,13.13,15.50,17.50,18.96,34.73,17.37,38.39,15.02,91.64
1777947219,13.13,15.50,16.75,18.79,34.69,17.32,38.37,14.80,91.79
1777947220,13.13,15.75,17.25,18.83,34.67,17.44,38.37,15.13,92.05
1777947222,13.06,15.75,17.50,18.90,34.66,17.34,38.32,14.67,92.15
1777947224,13.06,15.25,16.75,19.00,34.66,17.50,38.28,15.23,92.43
1777947225,13.06,15.25,17.00,18.69,34.60,17.34,38.20,15.02,92.41
1777947227,13.06,15.50,17.50,19.02,34.62,17.41,38.17,15.19,92.47
1777947228,13.13,15.50,17.50,18.85,34.59,17.32,38.16,15.30,92.53
1777947230,13.13,15.50,17.50,19.05,34.60,17.58,38.24,15.18,92.54
1777947232,13.13,15.50,17.50,18.96,34.56,17.30,38.23,14.76,92.48
1777947233,13.06,15.25,17.25,18.97,34.55,17.52,38.25,14.83,92.55
1777947235,13.13,15.50,17.50,18.94,34.53,17.32,38.18,14.79,92.50
1777947236,13.13,15.50,17.50,19.21,34.57,17.56,38.21,14.89,92.38
1777947238,13.06,15.25,17.75,18.87,34.51,17.52,38.22,14.67,92.10
1777947240,13.06,15.50,17.50,18.87,34.50,17.50,38.17,14.93,92.02
1777947241,13.06,15.25,17.25,18.76,34.46,17.53,38.14,15.06,91.83
1777947243,13.06,15.25,17.25,18.94,34.49,17.50,38.06,14.70,91.64
1777947244,13.06,15.00,17.50,19.07,34.49,17.48,38.02,14.59,91.62
1777947246,13.06,15.50,17.50,18.90,34.44,17.44,37.99,15.20,91.82
1777947248,13.13,15.50,17.50,18.87,34.42,17.46,37.96,15.13,91.85
1777947249,13.06,15.25,17.25,18.94,34.43,17.49,37.97,14.94,91.94
1777947251,13.06,15.75,17.25,18.91,34.40,17.48,38.01,14.95,92.10
1777947252,13.06,15.00,17.25,19.02,34.40,17.52,38.03,15.05,92.27
1777947254,13.06,15.50,17.25,19.14,34.40,17.53,37.99,15.17,92.46
1777947256,13.13,15.50,17.25,18.98,34.37,17.54,37.96,15.18,92.64
1777947257,13.06,15.50,17.75,19.10,34.37,17.52,37.93,14.85,92.66
1777947259,13.06,15.50,17.50,19.00,34.35,17.61,37.94,14.77,92.68
1777947260,13.06,15.50,17.75,19.04,34.33,17.62,37.94,14.72,92.62
1777947262,13.06,15.50,17.75,19.02,34.30,17.56,37.89,14.65,92.57
1777947264,13.06,15.50,17.75,19.23,34.31,17.64,37.87,15.02,92.59
1777947265,13.06,15.50,18.00,19.05,34.28,17.57,37.80,15.18,92.55
1777947267,13.06,14.75,17.50,19.34,34.31,17.54,37.79,14.65,92.39
1777947269,13.06,15.00,17.75,19.38,34.32,17.73,37.78,15.10,92.49
1777947270,13.06,15.00,17.75,19.13,34.26,17.68,37.76,15.05,92.47
1777947272,13.06,15.25,17.50,19.46,34.28,17.68,37.76,15.06,92.42
1777947273,13.06,15.25,17.75,19.30,34.23,17.62,37.75,15.22,92.48
1777947275,13.06,15.25,17.75,19.37,34.24,17.71,37.72,15.11,92.45
1777947277,13.00,15.25,17.75,19.13,34.19,17.60,37.69,14.74,92.40
1777947278,13.06,15.25,17.75,19.18,34.18,17.67,37.67,15.13,92.51
1777947280,13.06,15.50,17.50,19.15,34.16,17.72,37.65,14.66,92.37
1777947281,13.06,15.50,17.75,19.22,34.13,17.68,37.61,15.23,92.40
1777947283,13.06,15.50,17.50,19.20,34.12,17.59,37.56,15.13,92.35
1777947285,13.06,15.25,18.00,19.09,34.11,17.64,37.54,15.16,92.28
1777947286,13.00,15.50,17.75,19.45,34.15,17.59,37.51,15.73,92.30
1777947288,13.00,15.50,17.75,19.13,34.08,17.78,37.57,15.36,92.09
1777947289,13.00,14.75,17.50,19.41,34.12,17.72,37.55,15.08,91.98
1777947291,13.00,15.00,17.50,19.09,34.07,17.79,37.58,14.96,91.88
1777947293,13.00,15.50,17.75,19.34,34.09,17.72,37.52,14.59,91.68
1777947294,13.06,15.50,18.00,19.15,34.06,17.66,37.48,14.98,91.75
1777947296,13.00,15.50,18.00,19.50,34.10,17.71,37.45,15.20,91.89
1777947297,13.06,15.50,18.00,19.13,34.02,17.71,37.45,15.31,92.02
1777947299,13.00,15.50,18.00,19.52,34.07,17.80,37.48,14.87,92.04
1777947301,13.06,16.00,17.75,19.55,34.06,17.73,37.49,14.93,92.10
1777947302,13.06,16.00,17.75,19.20,33.98,17.78,37.47,15.04,92.14
1777947304,13.06,16.50,18.25,19.14,33.97,17.76,37.42,15.14,92.10
1777947305,13.06,16.50,17.75,19.45,34.00,17.87,37.43,14.86,91.96
1777947307,13.00,16.75,18.25,19.21,33.95,17.78,37.40,14.98,92.00
1777947309,13.06,16.75,18.25,19.09,33.92,17.87,37.37,15.33,92.22
1777947310,13.00,16.50,18.25,19.42,33.94,17.80,37.35,15.10,92.32
1777947312,13.00,16.50,18.50,19.51,33.97,17.80,37.36,14.71,92.41
1777947314,13.00,16.50,18.50,19.54,33.92,17.82,37.34,15.04,92.61
1777947315,13.00,16.50,18.25,19.45,33.91,17.83,37.31,14.94,92.56
1777947317,13.00,16.50,18.25,19.20,33.88,17.87,37.29,14.93,92.40
1777947318,13.06,16.50,18.00,19.14,33.86,17.94,37.28,15.15,92.28
1777947320,13.06,16.75,18.25,19.36,33.86,17.90,37.20,15.09,92.08
1777947322,13.00,16.50,18.25,19.53,33.90,17.95,37.20,15.05,92.00
1777947323,13.00,16.25,18.50,19.39,33.84,17.87,37.19,15.00,92.03
1777947325,13.00,16.50,18.50,19.30,33.83,17.78,37.23,14.93,92.13
1777947326,13.00,16.75,18.50,19.27,33.82,17.76,37.25,15.22,92.29
1777947328,13.00,16.50,18.25,19.26,33.82,18.01,37.27,14.94,92.29
1777947330,13.00,16.50,18.25,19.28,33.80,17.87,37.25,15.10,92.29
1777947331,13.00,16.25,18.50,19.19,33.78,17.87,37.19,15.00,92.09
1777947333,13.00,16.50,18.25,19.40,33.80,17.92,37.13,15.14,91.92
1777947334,13.00,16.50,18.50,19.30,33.78,18.01,37.12,15.37,91.89
1777947336,12.94,16.75,18.50,19.37,33.78,17.84,37.11,15.10,91.88
1777947338,13.00,16.50,18.50,19.53,33.79,18.03,37.09,14.70,91.78
1777947339,13.00,16.50,18.25,19.38,33.77,17.82,37.01,15.15,91.82
