timestamp,temp1_black_evap_coil_side,temp2_tcouple_evap_coil_center,temp3_tcouple_by_fan,stemp1_ambient_room,shumid1_ambient_room,stemp2_outlet,shumid2_outlet,stemp3_inlet,shumid3_inlet
1777758944,14.13,17.75,14.75,19.61,38.44,18.05,42.41,16.79,51.67
1777758946,14.19,17.75,15.00,19.59,38.39,18.01,42.34,16.51,51.47
1777758947,14.13,17.50,15.25,19.80,38.43,18.04,42.33,16.62,51.36
1777758949,14.13,17.75,14.75,19.77,38.39,18.09,42.32,16.16,51.22
1777758950,14.13,17.75,15.25,19.41,38.34,17.97,42.32,16.51,51.30
1777758952,14.13,17.75,15.25,19.87,38.41,18.10,42.31,16.98,51.63
1777758954,14.13,17.75,15.00,19.66,38.36,18.15,42.33,17.11,52.10
1777758955,14.13,17.75,15.00,19.97,38.40,18.20,42.33,16.72,52.37
1777758957,14.13,17.75,15.25,19.40,38.31,18.18,42.31,16.87,52.43
1777758958,14.13,18.00,15.25,19.65,38.34,18.16,42.21,16.44,52.22
1777758960,14.13,18.00,15.50,19.55,38.30,18.25,42.19,16.79,52.65
1777758962,14.13,17.75,15.75,19.88,38.35,18.09,42.15,16.68,53.49
1777758963,14.06,17.75,15.75,19.53,38.28,18.12,42.12,16.44,54.10
1777758965,14.13,18.00,15.25,19.50,38.26,18.13,42.07,16.94,54.65
1777758967,14.13,17.75,15.75,19.44,38.24,18.10,42.04,16.53,55.61
1777758968,14.13,18.00,15.75,19.57,38.25,18.10,42.02,16.86,58.42
1777758970,14.13,17.75,16.00,19.48,38.24,18.03,42.00,16.68,62.09
1777758971,14.06,17.75,16.00,19.40,38.20,18.19,42.01,16.66,65.78
1777758973,14.13,17.75,16.00,19.53,38.20,18.26,42.00,16.77,69.29
1777758975,14.13,17.50,16.25,19.37,38.16,18.28,41.95,16.67,72.20
1777758976,14.06,17.75,16.00,19.42,38.15,18.10,41.88,16.55,74.58
1777758978,14.13,17.75,16.00,19.52,38.17,18.13,41.83,16.57,76.75
1777758979,14.13,18.00,16.25,19.67,38.17,18.20,41.79,16.67,78.71
1777758981,14.06,17.75,16.50,19.52,38.14,18.04,41.75,16.87,80.46
1777758983,14.06,17.75,16.25,19.45,38.11,18.22,41.79,16.70,81.97
1777758984,14.06,18.00,16.50,19.83,38.16,18.21,41.80,16.63,83.27
1777758986,14.13,17.75,15.75,19.75,38.14,18.19,41.76,16.67,84.34
1777758987,14.13,18.25,16.25,19.88,38.14,18.10,41.74,16.58,85.17
1777758989,14.19,18.00,16.75,19.49,38.08,18.16,41.74,17.06,85.89
1777758991,14.13,18.00,16.75,19.63,38.09,18.08,41.73,16.67,86.27
1777758992,14.13,18.00,16.75,19.91,38.11,18.20,41.70,16.62,86.61
1777758994,14.13,18.00,16.75,19.72,38.06,18.27,41.64,16.57,86.80
1777758995,14.13,17.00,17.00,19.90,38.08,18.28,41.56,16.49,86.91
1777758997,14.13,18.00,16.75,19.63,38.02,18.24,41.52,16.56,87.14
1777758999,14.13,18.00,16.75,19.60,37.98,18.29,41.49,16.66,87.34
1777759000,14.13,18.25,16.75,19.96,38.04,18.37,41.49,16.96,87.38
1777759002,14.13,18.25,16.50,19.63,37.99,18.40,41.52,16.56,87.01
1777759003,14.13,18.00,16.00,19.63,37.97,18.33,41.51,16.42,86.55
1777759005,14.06,18.25,16.50,19.92,38.02,18.33,41.49,16.44,85.92
1777759007,14.06,17.75,16.75,19.75,38.00,18.24,41.50,16.73,85.15
1777759008,14.13,18.00,16.50,19.92,38.02,18.44,41.50,16.53,84.13
1777759010,14.06,18.00,16.25,19.66,37.99,18.34,41.49,17.02,83.36
1777759012,14.13,18.00,16.75,20.08,38.04,18.27,41.46,16.84,82.66
1777759013,14.06,18.25,16.25,19.79,37.97,18.41,41.43,16.44,82.20
1777759015,14.13,18.00,17.00,19.67,37.96,18.42,41.41,16.94,82.06
1777759016,14.13,18.25,16.50,19.91,37.96,18.32,41.37,16.59,81.76
1777759018,14.06,18.00,17.00,19.96,37.95,18.35,41.35,16.59,81.50
1777759020,14.13,18.00,16.25,19.58,37.88,18.39,41.31,16.44,80.99
1777759021,14.13,18.00,16.50,19.79,37.89,18.45,41.28,16.78,80.47
1777759023,14.13,18.00,16.75,19.91,37.90,18.22,41.21,16.37,79.72
1777759024,14.06,18.00,16.50,19.61,37.85,18.30,41.20,16.47,79.18
1777759026,14.06,18.00,17.00,19.88,37.87,18.48,41.17,16.37,78.70
1777759028,14.13,18.00,16.75,19.98,37.87,18.49,41.14,16.62,78.34
1777759029,14.13,18.00,17.00,19.80,37.85,18.33,41.11,16.65,78.04
1777759031,14.13,18.00,17.00,19.80,37.82,18.43,41.10,16.72,77.80
1777759032,14.13,17.50,16.75,19.83,37.83,18.28,41.05,16.47,77.50
1777759034,14.13,18.25,16.50,19.89,37.80,18.40,41.07,16.73,77.27
1777759036,14.06,18.00,16.75,19.94,37.81,18.33,41.05,16.70,76.98
1777759037,14.06,18.00,16.75,19.95,37.80,18.44,41.02,16.73,76.67
1777759039,14.06,18.00,16.50,19.77,37.76,18.49,41.01,16.63,76.01
1777759040,14.06,18.00,16.75,20.00,37.77,18.43,40.96,16.73,74.99
1777759042,14.06,18.00,16.25,19.76,37.75,18.55,40.97,16.40,73.50
1777759044,14.00,18.00,16.25,19.92,37.76,18.37,40.91,16.66,71.93
1777759045,14.06,18.00,16.50,20.05,37.77,18.51,40.90,17.23,70.38
1777759047,14.00,18.00,16.25,19.75,37.71,18.32,40.87,16.51,68.62
1777759048,14.06,18.00,16.25,20.03,37.75,18.49,40.85,16.55,67.06
1777759050,14.00,18.00,16.50,19.66,37.68,18.47,40.84,16.92,65.56
1777759052,14.00,18.25,16.50,19.71,37.70,18.70,40.85,16.93,64.03
1777759053,14.00,18.25,16.25,19.73,37.67,18.51,40.80,16.77,62.50
1777759055,14.00,18.00,16.00,19.78,37.70,18.52,40.77,16.35,61.07
1777759057,14.00,17.75,16.25,19.97,37.71,18.51,40.72,16.67,59.85
1777759058,14.06,17.75,16.00,19.87,37.71,18.47,40.70,16.44,58.61
1777759060,14.00,17.50,16.25,20.00,37.71,18.51,40.67,16.36,57.45
1777759061,14.00,17.75,16.00,20.01,37.70,18.55,40.68,16.28,56.38
1777759063,14.00,18.00,16.25,19.76,37.68,18.55,40.71,16.81,55.64
1777759065,14.00,17.75,16.25,20.02,37.73,18.71,40.89,16.58,54.87
1777759066,13.94,17.75,16.25,19.91,37.73,18.51,41.30,16.40,54.13
1777759068,13.94,17.75,16.25,19.96,37.80,18.67,41.74,16.82,53.62
1777759069,13.94,17.25,16.00,19.68,38.08,18.69,41.84,16.38,53.04
1777759071,13.94,18.00,16.00,19.92,38.14,18.55,41.95,16.88,52.69
1777759073,13.94,17.75,15.50,19.95,38.13,18.58,42.07,16.75,52.29
1777759074,13.94,17.75,16.00,19.95,38.13,18.69,42.47,17.17,52.05
1777759076,13.94,18.00,16.00,19.70,38.08,18.74,42.98,16.78,51.71
1777759077,13.88,18.00,15.75,19.95,38.09,18.58,43.46,16.52,51.40
1777759079,13.88,18.00,15.75,19.99,38.07,18.55,43.80,16.97,51.20
1777759081,13.88,17.25,15.75,20.06,38.02,18.52,44.08,17.13,50.98
1777759082,13.88,18.25,16.00,20.16,37.95,18.68,44.12,16.47,50.57
1777759084,13.88,17.75,16.00,19.94,37.88,18.58,43.98,16.76,50.26
1777759085,13.81,17.50,16.00,20.25,37.89,19.02,43.76,17.23,50.05
1777759087,13.81,17.75,16.00,20.08,37.85,18.62,43.69,16.97,49.76
1777759089,13.81,17.25,16.00,19.93,37.86,18.74,43.49,16.99,49.62
1777759090,13.75,18.00,16.25,19.91,37.83,18.91,43.20,17.12,49.49
1777759092,13.75,17.75,15.75,19.76,37.75,18.76,42.91,16.87,49.36
1777759093,13.81,18.00,16.25,19.99,37.75,18.84,42.69,17.01,49.30
1777759095,13.81,17.75,16.25,20.23,37.73,18.76,42.37,17.43,49.26
1777759097,13.75,17.75,15.75,20.04,37.66,18.80,42.18,17.38,49.15
1777759098,13.75,17.00,15.75,20.05,37.64,18.83,41.89,17.36,49.08
1777759100,13.75,16.75,15.75,19.92,37.58,18.88,41.63,17.00,48.99
1777759102,13.75,16.75,15.75,20.12,37.60,18.83,41.46,17.23,49.03
1777759103,13.75,17.25,16.25,20.22,37.57,18.81,41.36,17.31,49.00
1777759105,13.69,17.00,16.50,19.93,37.51,18.82,41.26,17.18,49.05
1777759106,13.75,16.75,16.50,20.04,37.51,18.91,41.14,17.25,49.74
1777759108,13.75,17.25,15.75,19.85,37.45,18.80,41.05,17.11,51.12
1777759110,13.75,17.25,16.00,19.78,37.45,18.94,41.02,17.26,52.51
1777759111,13.75,16.75,16.00,20.03,37.46,18.73,40.88,17.10,53.16
1777759113,13.75,17.25,16.25,20.10,37.46,18.90,40.80,17.40,53.21
1777759114,13.69,17.00,16.50,19.94,37.41,18.85,40.68,17.47,52.91
1777759116,13.69,17.25,16.00,19.97,37.38,18.88,40.56,17.13,52.39
1777759118,13.75,17.25,16.50,20.08,37.40,18.93,40.49,16.79,51.79
1777759119,13.69,17.00,16.50,20.04,37.38,18.94,40.40,17.04,51.32
1777759121,13.75,17.25,16.25,19.95,37.36,19.00,40.34,17.04,50.79
1777759122,13.69,17.50,16.25,19.97,37.35,19.02,40.32,17.29,50.37
1777759124,13.69,16.75,16.00,19.81,37.33,18.99,40.31,17.05,49.88
1777759126,13.69,17.00,16.50,19.83,37.32,18.90,40.27,17.05,49.59
1777759127,13.69,17.25,16.25,19.95,37.33,18.80,40.20,16.96,49.31
1777759129,13.69,17.00,16.25,19.86,37.31,18.94,40.20,17.25,49.16
1777759130,13.69,16.75,15.75,20.01,37.32,19.00,40.16,17.21,49.01
1777759132,13.69,15.00,15.25,20.05,37.33,19.05,40.13,17.12,48.84
1777759133,13.69,15.00,14.50,19.84,37.28,19.02,40.12,17.15,48.76
1777759135,13.63,14.50,12.75,20.10,37.31,18.92,40.27,17.11,48.63
1777759136,13.63,14.00,12.25,20.14,37.31,19.05,40.30,17.05,48.55
1777759138,13.56,14.25,11.75,20.12,37.38,18.99,40.23,17.48,48.65
1777759140,13.50,15.50,11.50,19.98,37.49,19.05,40.22,16.87,48.53
1777759141,13.31,16.25,11.75,19.91,37.59,19.09,40.15,17.37,48.55
1777759143,13.19,17.00,11.75,20.37,37.74,19.08,40.16,16.94,48.40
1777759144,13.06,16.75,10.50,19.99,37.78,19.09,40.13,17.69,48.54
1777759146,12.88,17.75,10.75,19.99,37.86,19.19,40.19,16.94,48.53
1777759148,12.56,16.50,10.75,20.29,38.04,19.08,40.23,17.44,48.81
1777759149,12.38,16.25,10.25,20.00,38.08,19.23,40.27,17.49,49.10
1777759151,12.13,16.50,9.50,19.95,38.18,19.21,40.21,17.26,49.25
1777759152,11.88,15.00,10.00,20.03,38.27,19.16,40.16,17.42,49.37
1777759154,11.56,11.50,9.25,20.14,38.35,19.33,40.11,17.21,49.28
1777759156,11.25,9.25,9.25,20.07,38.37,19.34,40.05,17.34,49.20
1777759157,11.00,9.50,8.75,20.11,38.37,19.37,39.99,17.04,48.96
1777759159,10.75,8.75,8.75,19.84,38.28,19.41,39.84,17.90,48.92
1777759161,10.56,9.00,8.75,20.15,38.30,19.35,39.68,17.42,48.63
1777759162,10.38,9.25,8.75,20.06,38.19,19.32,39.54,17.52,48.44
1777759164,10.25,9.00,8.25,20.03,38.10,19.47,39.40,17.38,48.24
1777759165,10.06,9.00,8.50,20.16,38.03,19.30,39.25,17.35,48.03
1777759167,9.94,9.00,8.50,20.03,37.95,19.35,39.15,17.48,47.88
1777759169,9.75,9.25,8.25,20.08,37.87,19.35,39.03,17.30,47.67
1777759170,9.69,9.75,8.00,19.94,37.78,19.39,38.93,17.67,47.55
1777759172,9.50,10.00,7.75,19.80,37.68,19.45,38.82,17.19,47.33
1777759173,9.38,10.00,8.00,19.87,37.61,19.37,38.72,16.98,47.17
1777759175,9.31,10.25,8.00,20.12,37.58,19.40,38.67,17.37,47.12
1777759177,9.19,10.25,7.50,19.95,37.50,19.39,38.62,17.68,47.05
1777759178,9.13,10.25,8.00,19.95,37.43,19.34,38.56,17.15,46.85
1777759180,9.06,10.50,8.00,19.97,37.38,19.37,38.55,17.47,46.83
1777759181,8.94,10.75,7.75,19.98,37.34,19.39,38.58,17.74,46.77
1777759183,8.94,11.00,8.00,19.81,37.27,19.45,38.56,17.57,46.68
1777759185,8.88,10.75,8.00,20.05,37.27,19.38,38.50,18.03,46.65
1777759186,8.81,11.00,7.75,20.13,37.25,19.42,38.49,17.83,46.52
1777759188,8.75,11.00,7.75,19.96,37.19,19.40,38.46,17.75,46.42
1777759189,8.75,11.25,8.00,20.08,37.19,19.34,38.42,17.94,46.37
1777759191,8.69,11.25,8.00,20.01,37.16,19.41,38.39,17.63,46.26
1777759193,8.69,11.25,8.00,19.89,37.14,19.38,38.36,17.38,46.14
1777759194,8.69,11.00,8.00,19.73,37.09,19.47,38.33,17.90,46.14
1777759196,8.69,11.00,8.00,19.79,37.10,19.33,38.28,17.25,45.98
1777759197,8.63,11.50,7.75,19.74,37.09,19.31,38.27,17.54,45.96
1777759199,8.56,11.50,7.50,19.86,37.08,19.26,38.26,17.37,45.87
1777759201,8.56,11.75,7.50,19.72,37.06,19.41,38.26,17.28,45.79
1777759202,8.50,11.25,7.50,20.07,37.14,19.18,38.22,17.27,45.74
1777759204,8.56,11.25,7.25,19.76,37.09,19.23,38.22,17.23,45.67
1777759205,8.56,11.25,7.00,20.05,37.13,19.28,38.24,18.02,45.75
1777759207,8.50,11.25,7.50,19.69,37.08,19.32,38.23,17.96,45.67
1777759209,8.56,11.25,7.25,19.75,37.09,19.30,38.23,17.76,45.60
1777759210,8.50,11.25,7.25,19.70,37.08,19.23,38.21,17.45,45.49
1777759212,8.50,11.25,7.00,19.70,37.10,19.25,38.22,17.95,45.50
1777759214,8.50,10.75,7.00,19.80,37.13,19.19,38.20,17.89,45.42
1777759215,8.50,11.50,7.25,19.98,37.17,19.19,38.23,16.99,45.22
1777759217,8.50,11.25,6.75,19.66,37.12,19.25,38.27,17.93,45.32
1777759218,8.44,11.00,7.00,19.54,37.10,19.21,38.28,17.51,45.22
1777759220,8.50,10.75,7.25,19.82,37.14,19.27,38.35,17.45,45.19
1777759222,8.50,10.75,7.00,19.54,37.08,19.15,38.33,17.85,45.22
1777759223,8.50,11.25,6.75,19.73,37.10,19.16,38.37,17.41,45.13
1777759225,8.44,10.75,6.50,19.58,37.08,19.28,38.40,17.71,45.13
1777759226,8.44,11.00,6.50,19.84,37.13,19.15,38.42,17.37,45.05
1777759228,8.50,10.75,6.75,19.61,37.11,19.09,38.44,17.94,45.14
1777759230,8.44,11.00,6.50,19.67,37.12,19.15,38.46,17.55,45.07
1777759231,8.44,10.75,6.75,19.74,37.15,19.05,38.47,17.24,45.00
1777759233,8.44,11.25,6.75,19.67,37.15,18.98,38.47,17.52,45.01
1777759234,8.44,11.25,6.75,19.63,37.16,19.12,38.51,17.82,45.05
1777759236,8.44,11.00,6.50,20.02,37.26,18.96,38.55,17.23,44.93
1777759238,8.44,11.25,6.75,19.67,37.22,18.96,38.56,17.23,44.91
1777759239,8.44,11.25,6.75,19.49,37.19,18.99,38.59,17.26,44.93
1777759241,8.44,11.00,6.50,19.58,37.23,19.03,38.64,17.49,44.93
1777759242,8.50,11.00,6.50,19.41,37.22,19.21,38.70,17.52,44.94
1777759244,8.50,11.50,7.25,19.66,37.27,19.00,38.70,17.78,44.99
1777759246,8.44,11.00,6.75,19.68,37.30,18.98,38.72,17.48,44.93
1777759247,8.44,11.25,7.25,19.96,37.35,18.97,38.73,17.52,44.94
1777759249,8.44,11.50,7.25,19.62,37.35,19.05,38.77,17.37,44.91
1777759250,8.44,11.25,7.25,19.67,37.42,18.89,38.78,17.24,44.86
1777759252,8.44,11.25,6.75,19.73,37.49,18.83,38.81,17.51,44.92
1777759254,8.44,11.25,7.25,19.54,37.52,18.87,38.87,17.26,44.87
1777759255,8.44,11.50,7.00,19.51,37.57,18.84,38.90,17.06,44.84
1777759257,8.44,11.75,7.25,19.77,37.65,18.85,38.93,17.80,44.96
1777759258,8.44,11.75,7.25,19.50,37.65,18.91,38.98,17.73,44.95
1777759260,8.38,11.75,7.25,19.51,37.67,18.75,38.98,17.81,44.96
1777759262,8.44,12.00,7.25,19.48,37.68,18.84,39.05,17.53,44.92
1777759263,8.44,11.75,7.25,19.50,37.68,18.82,39.09,17.94,44.98
1777759265,8.44,11.75,7.25,19.49,37.68,18.82,39.12,17.47,44.93
1777759267,8.38,12.00,7.25,19.78,37.73,18.87,39.17,17.53,44.93
1777759268,8.44,11.25,7.00,19.87,37.71,18.68,39.17,17.06,44.85
1777759270,8.38,11.25,7.00,19.42,37.63,18.92,39.25,17.27,44.89
1777759271,8.44,11.75,6.75,19.76,37.64,18.94,39.28,17.48,44.94
1777759273,8.44,11.75,7.00,19.49,37.59,18.66,39.28,17.16,44.89
1777759275,8.44,11.75,6.75,19.77,37.61,19.02,39.37,16.88,44.85
1777759276,8.44,11.00,7.00,19.80,37.60,19.05,39.45,17.33,44.93
1777759278,8.44,12.00,7.00,19.38,37.52,18.94,39.46,17.73,45.00
1777759279,8.44,12.00,6.75,19.65,37.56,18.91,39.51,17.71,44.97
1777759281,8.44,11.50,7.00,19.59,37.53,18.62,39.51,17.31,44.92
1777759283,8.38,11.50,6.75,19.44,37.50,18.71,39.56,17.26,44.94
1777759284,8.44,11.75,7.00,19.52,37.52,18.69,39.57,17.37,44.98
1777759286,8.38,11.75,7.00,19.50,37.53,18.62,39.58,17.24,44.95
1777759287,8.38,11.75,6.75,19.57,37.54,18.59,39.61,17.31,44.98
1777759289,8.44,11.50,7.00,19.69,37.55,18.74,39.64,16.98,44.93
1777759291,8.38,11.75,6.25,19.62,37.54,18.60,39.64,17.82,45.06
1777759292,8.38,11.75,6.50,19.66,37.56,18.70,39.67,17.49,44.99
1777759294,8.44,11.00,6.75,19.60,37.54,18.69,39.68,17.21,44.93
1777759295,8.38,11.50,6.75,19.65,37.56,18.72,39.72,17.29,44.93
1777759297,8.44,11.50,6.75,19.44,37.53,18.72,39.76,17.41,44.93
1777759299,8.44,11.25,6.75,19.50,37.56,18.72,39.80,17.34,44.93
1777759300,8.50,11.00,6.25,19.62,37.59,18.66,39.82,16.99,44.89
1777759302,8.50,11.50,6.25,19.60,37.61,18.59,39.83,17.33,44.94
1777759303,8.50,11.25,6.50,19.54,37.63,18.53,39.87,17.02,44.87
1777759305,8.56,11.00,6.75,19.69,37.64,18.48,39.89,17.29,44.92
1777759307,8.56,11.00,6.75,19.37,37.62,18.42,39.89,16.93,44.87
1777759308,-127.00,11.75,8.50,19.41,37.62,18.37,39.90,17.06,44.89
1777759309,8.50,10.75,6.50,19.55,37.65,18.55,39.94,17.26,44.91
1777759311,8.56,11.50,6.50,19.66,37.68,18.46,39.95,17.13,44.88
1777759313,8.56,11.25,6.50,19.66,37.69,18.44,39.95,17.12,44.88
1777759314,8.56,11.00,6.75,19.44,37.66,18.45,39.99,17.77,44.97
1777759316,8.56,11.50,6.50,19.42,37.70,18.34,39.99,17.30,44.90
1777759317,8.56,11.25,6.75,19.45,37.73,18.53,40.04,17.34,44.91
1777759319,8.56,11.25,6.50,19.23,37.71,18.35,40.06,16.84,44.84
1777759321,8.50,11.25,6.75,19.43,37.77,18.53,40.11,17.35,44.93
1777759322,8.50,11.25,6.25,19.41,37.78,18.45,40.13,17.19,44.89
1777759324,8.50,11.25,6.75,19.37,37.81,18.33,40.14,17.18,44.89
1777759325,8.44,11.00,6.50,19.52,37.84,18.31,40.17,17.71,44.96
1777759327,8.50,11.25,6.50,19.41,37.84,18.45,40.21,17.29,44.90
1777759329,8.44,11.50,6.50,19.44,37.85,18.23,40.21,17.07,44.84
1777759330,8.44,11.50,6.75,19.23,37.85,18.36,40.28,16.98,44.83
1777759332,8.44,11.00,6.75,19.37,37.85,18.27,40.29,17.18,44.88
1777759333,8.50,11.50,6.50,19.50,37.89,18.42,40.35,17.04,44.83
1777759335,8.44,11.25,6.25,19.25,37.85,18.23,40.36,17.06,44.86
1777759337,8.50,11.50,6.75,19.23,37.88,18.21,40.40,17.45,44.91
1777759338,8.50,11.25,6.75,19.26,37.91,18.48,40.51,17.94,45.01
1777759340,8.44,10.75,6.50,19.32,37.97,18.37,40.51,17.54,44.95
1777759341,8.44,11.25,6.75,19.66,38.03,18.40,40.56,17.48,44.93
1777759343,8.44,11.50,6.50,19.26,37.98,18.29,40.56,17.37,44.92
1777759345,8.44,11.50,6.50,19.54,38.04,18.29,40.58,16.98,44.84
1777759346,8.50,11.50,6.75,19.55,38.06,18.37,40.63,17.26,44.87
1777759348,8.50,11.25,6.75,19.21,38.04,18.31,40.65,16.95,44.84
1777759350,8.50,11.25,6.75,19.52,38.11,18.30,40.69,17.90,45.00
1777759351,8.44,11.75,6.25,19.10,38.06,18.27,40.67,17.29,44.90
1777759353,8.50,11.50,6.00,19.44,38.11,18.23,40.65,17.58,44.94
1777759354,8.50,11.50,6.75,19.47,38.16,18.27,40.64,17.09,44.84
1777759356,8.50,11.75,6.75,19.07,38.11,18.19,40.61,17.40,44.86
1777759358,8.44,11.00,6.75,19.35,38.18,18.06,40.61,17.09,44.75
1777759359,8.44,11.75,6.25,19.17,38.16,18.07,40.61,17.13,44.74
1777759361,8.44,12.00,6.75,19.41,38.21,18.05,40.63,17.36,44.75
1777759362,8.44,11.75,6.00,19.02,38.19,18.21,40.69,17.57,44.77
1777759364,8.50,11.50,6.50,19.38,38.26,18.11,40.68,17.27,44.72
1777759366,8.50,11.25,6.50,19.39,38.29,18.05,40.71,17.44,44.72
1777759367,8.50,11.25,6.75,19.45,38.31,18.11,40.72,17.27,44.70
1777759369,8.50,11.25,6.25,19.37,38.32,17.97,40.69,17.37,44.68
1777759370,8.50,11.25,6.00,19.19,38.34,17.95,40.72,17.86,44.70
1777759372,8.50,11.25,6.75,19.20,38.35,18.02,40.80,17.42,44.60
1777759374,8.50,11.50,6.75,19.26,38.37,17.94,40.91,17.43,44.62
1777759375,8.50,11.25,6.50,19.30,38.37,18.01,40.99,17.23,44.61
1777759377,8.50,11.25,6.25,19.30,38.36,18.00,41.06,17.59,44.70
1777759378,8.50,11.25,6.50,19.35,38.38,17.85,41.10,17.24,44.69
1777759380,8.50,11.75,6.00,19.15,38.38,17.87,41.16,17.34,44.76
1777759382,8.50,11.25,6.75,19.11,38.38,17.91,41.24,17.42,44.80
1777759383,8.50,11.75,6.25,19.34,38.43,17.85,41.28,17.27,44.82
1777759385,8.56,11.75,6.75,19.25,38.43,17.85,41.32,17.19,44.87
1777759386,8.50,11.25,6.75,19.11,38.43,17.80,41.34,17.37,44.93
1777759388,8.56,11.75,6.50,19.20,38.48,17.83,41.39,17.32,44.97
1777759390,8.56,11.75,7.00,18.98,38.48,17.87,41.43,17.58,45.05
1777759391,8.63,11.50,6.75,19.15,38.53,17.81,41.46,17.21,45.05
1777759393,8.56,11.50,6.50,18.98,38.57,17.78,41.50,17.49,45.16
1777759395,8.56,11.50,6.50,19.09,38.64,17.77,41.53,17.30,45.19
1777759396,8.56,12.00,6.75,18.89,38.67,17.82,41.56,17.42,45.26
1777759398,8.56,12.00,6.75,18.95,38.72,17.83,41.63,17.50,45.36
1777759399,8.56,12.00,6.50,18.92,38.76,17.75,41.66,17.24,45.37
1777759401,8.56,12.00,6.50,19.09,38.84,17.81,41.72,17.30,45.46
1777759403,8.63,12.00,6.75,19.00,38.90,17.76,41.78,17.44,45.56
1777759404,8.63,11.75,6.75,18.99,38.94,17.74,41.82,17.28,45.59
1777759406,8.56,11.75,6.75,18.87,38.98,17.66,41.84,17.49,45.65
1777759407,8.56,11.75,6.25,18.91,39.02,17.68,41.90,17.19,45.62
1777759409,8.56,12.00,6.50,18.87,39.06,17.72,41.94,17.52,45.69
1777759411,8.56,11.75,6.50,18.86,39.06,17.52,41.93,17.08,45.63
1777759412,8.56,11.75,6.75,18.96,39.10,17.62,41.95,17.29,45.59
1777759414,8.63,11.75,6.50,18.75,39.08,17.59,41.96,17.37,45.55
1777759415,8.63,12.00,6.75,18.98,39.11,17.71,42.01,17.07,45.42
1777759417,8.63,11.75,6.50,19.09,39.08,17.57,42.00,17.28,45.44
1777759419,8.69,11.75,6.50,19.14,39.10,17.66,42.05,17.32,45.44
1777759420,8.63,12.00,6.50,18.95,39.08,17.58,42.09,17.33,45.48
1777759422,8.63,11.75,6.75,19.25,39.15,17.62,42.11,17.26,45.50
1777759423,8.63,12.25,6.50,18.83,39.12,17.51,42.14,17.17,45.48
1777759425,8.69,12.00,6.75,19.14,39.18,17.55,42.17,17.35,45.52
1777759427,8.63,11.75,6.25,18.97,39.20,17.59,42.22,17.34,45.52
1777759428,8.63,11.25,6.50,19.17,39.26,17.40,42.21,17.15,45.50
1777759430,8.56,11.75,6.75,19.00,39.27,17.55,42.27,17.22,45.55
1777759431,8.63,12.00,6.50,19.09,39.29,17.56,42.32,17.70,45.66
1777759433,8.63,12.00,6.50,18.91,39.29,17.51,42.35,17.26,45.58
1777759435,8.63,11.75,6.75,19.05,39.32,17.55,42.41,16.99,45.52
1777759436,8.63,11.75,6.75,19.02,39.31,17.44,42.44,17.37,45.54
1777759438,8.63,11.50,7.00,19.13,39.33,17.51,42.46,16.98,45.42
1777759439,8.56,12.00,6.75,19.00,39.33,17.45,42.47,16.84,45.37
1777759441,8.56,12.00,6.75,18.97,39.31,17.46,42.50,17.59,45.46
1777759443,8.56,11.50,6.75,18.95,39.31,17.46,42.53,16.87,45.34
1777759444,8.56,11.75,6.75,18.80,39.31,17.52,42.54,16.99,45.36
1777759446,8.56,11.75,6.75,18.91,39.37,17.45,42.55,16.93,45.33
1777759447,8.63,11.50,6.50,19.17,39.41,17.45,42.55,17.45,45.39
1777759449,8.56,11.75,6.75,18.99,39.41,17.37,42.55,17.05,45.33
1777759451,8.56,12.25,6.75,18.95,39.42,17.52,42.59,17.19,45.33
1777759452,8.56,11.75,6.75,19.06,39.48,17.46,42.60,17.44,45.38
1777759454,8.56,11.50,6.75,19.05,39.49,17.39,42.61,17.26,45.34
1777759456,8.56,11.75,7.00,18.90,39.48,17.37,42.63,17.58,45.40
1777759457,8.63,11.75,6.75,18.92,39.51,17.38,42.65,17.03,45.32
1777759459,8.63,12.00,7.00,19.15,39.57,17.29,42.65,17.23,45.34
1777759460,8.56,12.00,6.50,18.93,39.53,17.37,42.69,17.13,45.30
1777759462,8.56,12.25,7.00,18.76,39.51,17.23,42.67,17.13,45.32
1777759464,8.63,12.25,6.50,18.87,39.52,17.31,42.69,17.59,45.41
1777759465,8.63,12.25,6.75,18.77,39.52,17.41,42.70,17.15,45.36
1777759467,8.63,12.00,7.00,19.05,39.58,17.31,42.71,17.28,45.41
1777759468,8.63,11.75,6.75,18.87,39.53,17.40,42.73,17.51,45.46
1777759470,8.63,11.50,7.00,19.09,39.57,17.45,42.77,17.25,45.44
1777759472,8.63,12.00,7.00,19.01,39.55,17.46,42.80,17.21,45.45
1777759473,8.63,12.00,6.75,18.79,39.48,17.43,42.82,17.29,45.52
1777759475,8.63,12.00,6.75,18.95,39.51,17.34,42.81,17.09,45.52
1777759476,8.69,12.00,6.75,18.89,39.50,17.37,42.78,17.14,45.56
1777759478,8.69,12.00,6.50,18.98,39.51,17.38,42.78,17.00,45.56
1777759480,8.69,12.00,6.75,18.98,39.53,17.45,42.77,17.07,45.60
1777759481,8.63,12.00,6.25,18.91,39.49,17.37,42.76,17.48,45.67
1777759483,8.69,11.75,6.25,18.98,39.49,17.47,42.77,16.80,45.59
1777759484,8.69,11.75,6.75,18.95,39.46,17.45,42.79,16.73,45.59
1777759486,8.69,11.75,7.00,18.75,39.39,17.51,42.82,16.98,45.65
1777759488,8.69,11.75,6.50,18.97,39.39,17.46,42.82,17.01,45.68
1777759489,8.63,12.00,6.25,19.05,39.39,17.41,42.82,17.16,45.73
1777759491,8.63,11.00,6.50,18.87,39.32,17.55,42.86,17.10,45.72
1777759492,8.56,11.50,6.50,18.95,39.31,17.47,42.83,17.20,45.76
1777759494,8.56,11.75,6.75,19.10,39.32,17.52,42.80,17.20,45.75
1777759496,8.56,11.50,7.00,18.74,39.26,17.39,42.75,17.07,45.74
1777759497,8.56,11.50,6.75,19.01,39.27,17.53,42.76,16.94,45.71
1777759499,8.56,11.50,6.50,18.73,39.25,17.46,42.75,16.89,45.69
1777759501,8.63,11.75,6.25,18.70,39.22,17.54,42.74,17.03,45.72
1777759502,8.56,11.25,6.50,19.06,39.28,17.49,42.72,17.15,45.75
1777759504,8.56,11.75,6.75,19.13,39.28,17.52,42.69,17.03,45.74
1777759505,8.56,11.75,6.50,18.87,39.24,17.45,42.67,17.06,45.78
1777759507,8.56,12.00,6.25,18.67,39.21,17.52,42.63,16.92,45.75
1777759509,8.56,11.50,6.75,18.97,39.27,17.44,42.59,16.89,45.76
1777759510,8.63,11.75,6.75,18.92,39.26,17.37,42.58,17.01,45.78
1777759512,8.63,11.75,6.75,18.83,39.26,17.48,42.57,17.01,45.82
1777759513,8.63,11.50,6.50,18.73,39.24,17.38,42.54,17.03,45.84
1777759515,8.63,11.50,6.75,18.80,39.25,17.47,42.54,16.69,45.83
1777759517,8.63,11.75,6.75,18.73,39.24,17.52,42.55,16.94,45.91
1777759518,8.63,11.50,6.75,18.77,39.25,17.48,42.56,16.83,45.94
1777759520,8.56,11.50,6.50,18.87,39.27,17.47,42.55,16.99,45.97
1777759521,8.63,11.50,6.50,18.62,39.23,17.58,42.59,16.89,45.95
1777759523,8.63,12.00,6.50,18.81,39.28,17.49,42.57,16.81,45.94
1777759525,8.56,11.50,6.25,18.89,39.30,17.47,42.60,16.72,45.93
1777759526,8.63,11.50,6.25,18.72,39.30,17.54,42.61,16.80,45.98
1777759528,8.63,11.25,6.25,18.86,39.32,17.56,42.62,16.79,46.02
1777759529,8.63,11.50,6.25,19.20,39.38,17.48,42.62,16.40,46.02
1777759531,8.56,11.50,6.25,18.89,39.35,17.50,42.61,16.59,46.08
1777759533,8.63,11.75,6.50,18.97,39.39,17.48,42.63,16.80,46.17
1777759534,8.63,11.50,6.50,18.66,39.37,17.40,42.66,16.98,46.27
1777759536,8.56,11.50,6.50,18.64,39.39,17.38,42.66,16.88,46.27
1777759537,8.63,11.75,6.25,18.92,39.44,17.39,42.67,16.88,46.26
1777759539,8.56,12.00,6.25,18.66,39.42,17.41,42.70,16.87,46.22
1777759541,8.69,11.75,6.00,18.53,39.40,17.36,42.71,16.76,46.16
1777759542,8.69,12.00,6.50,18.77,39.43,17.34,42.73,16.43,46.07
1777759544,8.69,11.75,6.50,18.59,39.40,17.39,42.78,17.67,46.23
1777759545,8.69,11.75,6.50,18.64,39.41,17.36,42.80,17.02,46.09
1777759547,8.63,11.50,6.25,18.71,39.44,17.40,42.83,16.80,46.01
1777759549,8.63,11.50,6.50,18.65,39.44,17.39,42.85,16.90,46.01
1777759550,8.69,11.25,6.50,18.80,39.48,17.46,42.89,16.91,46.01
1777759552,8.75,11.50,6.00,18.70,39.46,17.33,42.89,17.27,46.06
1777759553,8.69,11.25,6.25,18.64,39.46,17.37,42.90,17.19,46.03
1777759555,8.75,11.50,6.50,18.75,39.47,17.42,42.91,16.88,45.98
1777759557,8.69,12.00,6.50,19.04,39.54,17.41,42.92,16.77,45.95
1777759558,8.75,11.50,6.25,18.70,39.49,17.37,42.90,16.87,45.96
1777759560,8.75,11.50,6.50,18.99,39.55,17.38,42.89,16.76,45.94
1777759562,8.69,11.50,6.50,18.58,39.48,17.34,42.89,16.73,45.94
1777759563,8.75,11.00,6.25,18.63,39.52,17.34,42.89,17.19,46.01
1777759565,8.75,11.25,6.00,18.45,39.50,17.41,42.91,16.78,45.95
1777759566,8.75,11.50,6.25,18.75,39.57,17.38,42.92,16.72,45.94
1777759568,8.75,11.75,6.25,18.47,39.53,17.41,42.91,16.89,46.00
1777759570,8.75,11.25,6.50,18.71,39.57,17.48,42.95,17.49,46.09
1777759571,8.69,11.50,6.50,19.09,39.63,17.37,42.93,16.92,46.02
1777759573,8.75,11.50,6.25,18.66,39.58,17.32,42.95,16.71,45.98
1777759574,8.69,11.00,6.50,18.52,39.58,17.40,42.96,16.74,46.00
1777759576,8.75,11.50,6.00,18.77,39.61,17.19,42.95,17.26,46.10
1777759578,8.69,11.75,6.50,18.83,39.64,17.20,42.94,16.95,46.06
1777759579,8.69,11.25,6.00,18.79,39.66,17.23,42.96,17.03,46.06
1777759581,8.63,11.50,6.50,18.60,39.65,17.30,42.99,16.73,46.02
1777759582,8.69,11.75,6.50,18.72,39.67,17.27,42.99,16.54,45.98
1777759584,8.63,11.25,6.25,18.70,39.70,17.28,43.00,17.09,46.05
1777759586,8.69,11.50,6.50,18.70,39.71,17.23,43.02,17.24,46.08
1777759587,8.69,11.75,6.50,18.62,39.69,17.30,43.02,17.19,46.08
1777759589,8.63,11.50,6.25,18.51,39.69,17.34,43.04,17.25,46.08
1777759590,8.69,11.25,5.75,18.54,39.73,17.23,43.02,16.73,46.01
1777759592,8.69,12.00,6.25,18.70,39.75,17.25,43.04,17.18,46.13
1777759594,8.69,11.25,6.25,18.69,39.77,17.32,43.07,17.23,46.14
1777759595,8.69,12.00,6.00,18.69,39.79,17.31,43.06,16.71,46.06
1777759597,8.69,11.75,6.50,18.47,39.77,17.34,43.05,16.89,46.09
1777759598,8.69,11.75,6.25,18.40,39.77,17.31,43.06,17.04,46.09
1777759600,8.69,11.50,6.25,18.60,39.80,17.26,43.05,17.17,46.12
1777759602,8.69,12.00,5.75,18.46,39.81,17.45,43.09,17.04,46.10
1777759603,8.69,11.75,6.50,18.63,39.84,17.39,43.09,16.83,46.06
1777759605,8.75,11.50,6.25,18.45,39.82,17.46,43.10,16.70,46.05
1777759606,8.69,11.75,6.50,18.55,39.84,17.45,43.09,16.68,46.02
1777759608,8.69,11.50,6.25,18.48,39.85,17.37,43.07,16.98,46.08
1777759610,8.69,11.75,6.25,18.67,39.88,17.41,43.07,16.73,46.05
1777759611,8.69,11.25,6.00,18.55,39.87,17.32,43.04,16.71,46.03
1777759613,8.69,11.75,6.25,18.65,39.88,17.44,43.05,16.80,46.03
1777759615,8.69,11.75,6.50,18.67,39.92,17.42,43.04,17.18,46.11
1777759616,8.69,11.25,6.25,18.58,39.92,17.41,43.06,17.19,46.11
1777759618,8.69,11.50,5.75,18.66,39.95,17.41,43.04,17.12,46.09
1777759619,8.69,11.75,5.75,18.69,39.97,17.44,43.04,16.70,46.04
1777759621,8.69,11.50,6.25,18.57,39.97,17.40,43.02,16.72,46.05
1777759623,8.69,11.75,6.50,18.53,39.98,17.30,42.99,16.87,46.10
1777759624,8.69,11.50,6.00,18.50,39.99,17.37,43.02,16.85,46.08
1777759626,8.69,11.75,6.25,18.54,40.03,17.37,43.03,16.51,46.04
1777759627,8.69,11.50,6.25,18.40,40.02,17.30,43.01,17.10,46.14
1777759629,8.75,11.50,6.25,18.63,40.05,17.41,43.02,16.50,46.04
1777759631,8.69,11.25,6.25,18.49,40.02,17.40,43.01,17.03,46.12
1777759632,8.69,12.00,6.25,18.39,40.03,17.30,43.03,17.05,46.11
1777759634,8.69,11.50,6.00,18.57,40.09,17.37,43.02,16.94,46.09
1777759635,8.69,11.50,6.50,18.61,40.08,17.28,43.01,16.74,46.08
1777759637,8.69,11.75,6.00,18.73,40.14,17.30,43.03,17.16,46.13
1777759639,8.69,11.50,6.50,18.63,40.14,17.39,43.03,16.78,46.05
1777759640,8.75,11.75,6.25,18.54,40.14,17.41,43.00,16.72,46.03
1777759642,8.69,11.75,6.25,18.50,40.12,17.38,43.00,17.52,46.16
1777759643,8.69,11.50,6.00,18.35,40.15,17.39,43.01,17.07,46.08
1777759645,8.75,11.25,6.25,18.48,40.19,17.37,43.02,16.79,46.10
1777759647,8.75,11.50,6.25,18.44,40.20,17.19,43.02,16.76,46.19
1777759648,8.75,11.75,6.00,18.50,40.24,17.31,43.05,17.00,46.30
1777759650,8.75,11.50,6.25,18.26,40.23,17.42,43.04,17.16,46.41
1777759651,8.81,11.75,6.00,18.50,40.28,17.31,43.04,17.23,46.44
1777759653,8.81,11.75,6.25,18.20,40.25,17.34,43.04,16.93,46.43
1777759655,8.75,11.25,6.50,18.75,40.35,17.19,43.03,17.08,46.46
1777759656,8.81,11.75,6.25,18.21,40.28,17.16,42.99,17.24,46.47
1777759658,8.81,11.50,6.00,18.23,40.29,17.23,43.05,17.02,46.44
1777759659,8.81,11.25,6.50,18.40,40.33,17.23,43.07,17.31,46.50
1777759661,8.81,11.50,6.25,18.73,40.39,17.18,43.09,17.30,46.49
1777759663,8.81,11.75,6.25,18.17,40.31,17.15,43.09,16.88,46.41
1777759664,8.81,11.50,6.00,18.64,40.40,17.19,43.09,17.17,46.36
1777759666,8.81,11.75,6.50,18.21,40.33,17.19,43.11,17.19,46.32
1777759668,8.88,11.75,6.50,18.31,40.33,17.19,43.11,17.06,46.22
1777759669,8.81,11.00,6.25,18.56,40.39,17.17,43.12,16.93,46.12
1777759671,8.81,11.50,6.50,18.16,40.32,17.26,43.16,17.13,46.14
1777759672,8.81,11.50,6.25,18.16,40.33,17.12,43.17,17.18,46.12
1777759674,8.81,11.75,6.25,18.19,40.33,17.13,43.18,16.63,46.05
1777759676,8.81,11.25,6.50,18.37,40.39,17.16,43.19,16.73,46.16
1777759677,8.75,11.25,6.00,18.44,40.45,17.27,43.24,16.96,46.33
1777759679,8.69,11.75,5.75,18.37,40.51,17.15,43.27,17.15,46.52
1777759680,8.75,11.50,6.00,18.41,40.59,17.28,43.33,16.37,46.56
1777759682,8.75,11.75,6.25,18.49,40.65,17.23,43.36,17.12,46.79
1777759684,8.75,11.75,6.00,18.40,40.72,17.18,43.40,16.76,46.80
1777759685,8.75,11.50,6.25,18.22,40.71,17.20,43.38,16.56,46.74
1777759687,8.75,11.25,6.25,18.48,40.78,17.20,43.39,17.09,46.76
1777759688,8.69,11.75,5.75,18.26,40.72,17.18,43.43,17.25,46.69
1777759690,8.75,12.25,6.25,18.22,40.70,17.17,43.43,16.74,46.52
1777759692,8.69,11.25,6.25,18.44,40.72,17.13,43.46,16.80,46.45
1777759693,8.63,12.00,6.25,18.35,40.69,17.17,43.46,16.79,46.38
1777759695,8.63,11.25,6.25,18.23,40.66,17.11,43.45,16.80,46.31
1777759696,8.63,11.50,5.75,18.14,40.64,17.13,43.45,16.74,46.22
1777759698,8.63,11.75,6.25,18.27,40.65,17.09,43.46,16.73,46.17
1777759700,8.63,11.50,6.25,18.25,40.66,17.17,43.47,16.88,46.16
1777759701,8.63,11.25,6.25,18.13,40.64,17.11,43.46,17.39,46.20
1777759703,8.50,11.50,6.25,18.20,40.68,17.07,43.45,16.51,46.06
1777759704,8.56,11.75,6.25,18.30,40.72,17.00,43.44,16.74,46.11
1777759706,8.56,11.50,6.25,18.43,40.78,17.26,43.47,16.48,46.02
1777759708,8.56,11.50,6.25,18.33,40.81,17.00,43.43,16.77,46.06
1777759709,8.56,11.75,6.25,18.35,40.85,17.30,43.48,17.18,46.11
1777759711,8.56,11.75,6.00,18.20,40.88,17.23,43.46,16.76,46.07
1777759712,8.56,11.75,6.00,18.03,40.89,17.05,43.42,16.80,46.12
1777759714,8.50,11.25,6.25,18.29,40.96,17.01,43.40,16.63,46.09
1777759716,8.50,11.00,6.25,18.10,40.98,17.19,43.45,16.55,46.06
1777759717,8.50,11.50,6.25,18.07,40.99,17.00,43.41,16.46,46.03
1777759719,8.50,11.75,6.50,18.08,41.05,16.99,43.42,16.71,46.06
1777759720,8.44,11.75,6.75,18.19,41.10,17.09,43.44,16.44,46.03
1777759722,8.44,12.00,6.75,18.22,41.14,17.20,43.46,16.47,46.02
1777759724,8.44,11.75,6.00,18.16,41.16,17.03,43.44,16.55,46.04
1777759725,8.50,11.50,6.75,18.07,41.15,17.16,43.48,16.80,46.06
1777759727,8.50,11.75,6.75,18.08,41.17,17.19,43.51,16.47,46.02
1777759729,8.44,11.50,6.00,18.16,41.17,17.10,43.51,16.86,46.11
1777759730,8.44,11.25,6.50,18.13,41.15,17.04,43.51,16.76,46.14
1777759732,8.44,11.75,6.50,18.29,41.16,17.16,43.54,16.82,46.18
1777759733,8.44,11.50,6.25,17.98,41.08,17.05,43.52,16.53,46.19
1777759735,8.50,11.75,6.50,18.08,41.07,17.02,43.53,16.48,46.25
1777759737,8.44,11.25,6.25,18.18,41.08,17.00,43.55,16.75,46.37
1777759738,8.44,11.50,6.50,18.20,41.07,17.19,43.56,16.51,46.41
1777759740,8.44,11.75,6.25,18.08,41.04,17.12,43.54,16.53,46.49
1777759741,8.44,11.25,6.25,18.29,41.08,17.13,43.56,16.27,46.53
1777759743,8.44,11.75,6.25,18.33,41.09,17.05,43.57,16.29,46.59
1777759745,8.44,11.75,6.25,18.23,41.07,17.05,43.59,16.48,46.69
1777759746,8.50,11.50,6.00,17.92,41.02,17.09,43.62,16.82,46.79
1777759748,8.44,11.75,6.25,18.02,41.07,17.31,43.65,16.84,46.86
1777759749,8.44,11.25,6.25,18.05,41.11,17.23,43.64,16.52,46.84
1777759751,8.44,11.25,6.25,18.19,41.15,17.06,43.65,16.73,46.89
1777759753,8.44,11.50,6.25,18.12,41.18,17.01,43.63,16.83,46.94
1777759754,8.38,11.50,6.00,17.91,41.17,17.00,43.65,16.70,46.91
1777759756,8.38,11.50,6.25,17.94,41.20,17.08,43.68,16.72,46.88
1777759757,8.44,11.25,6.00,17.90,41.20,16.93,43.65,16.72,46.79
1777759759,8.44,11.50,6.25,17.94,41.23,16.87,43.69,16.51,46.73
1777759761,8.44,11.75,6.25,18.01,41.26,16.95,43.73,16.70,46.77
1777759762,8.50,12.00,6.25,17.88,41.30,16.90,43.78,16.51,46.75
1777759764,8.50,11.75,6.25,17.94,41.36,16.90,43.79,16.84,46.80
1777759765,8.50,11.75,6.25,18.07,41.41,17.02,43.84,16.59,46.75
1777759767,8.50,11.50,6.50,18.08,41.44,16.87,43.85,16.73,46.75
1777759769,8.50,11.25,6.00,18.53,41.55,16.90,43.86,16.94,46.74
1777759770,8.56,11.50,6.00,18.40,41.55,16.86,43.87,16.96,46.67
1777759772,8.50,11.75,6.00,18.27,41.55,16.90,43.92,16.72,46.58
1777759773,8.56,11.50,6.50,18.05,41.51,16.83,43.95,16.73,46.57
1777759775,8.56,11.25,6.00,18.12,41.53,16.93,43.99,16.87,46.58
1777759777,8.50,11.50,6.25,17.87,41.47,16.91,44.03,16.60,46.55
1777759778,8.56,11.75,5.75,18.27,41.53,16.87,44.06,16.62,46.58
1777759780,8.56,11.75,6.00,17.90,41.47,16.96,44.06,16.66,46.57
1777759782,8.63,11.00,5.75,18.06,41.50,16.82,44.03,16.68,46.57
1777759783,8.56,11.75,6.50,18.34,41.55,17.05,44.05,16.79,46.56
1777759785,8.56,11.50,6.00,17.92,41.48,16.89,44.03,16.72,46.52
1777759786,8.50,11.25,6.25,18.24,41.51,16.87,44.01,16.72,46.50
1777759788,8.50,11.00,6.25,18.01,41.45,16.90,44.03,16.59,46.47
1777759790,8.50,11.75,6.50,18.27,41.44,17.03,44.06,16.69,46.47
1777759791,8.50,11.25,6.50,17.93,41.36,16.83,44.07,17.10,46.54
1777759793,8.50,11.25,6.50,17.97,41.36,16.93,44.11,16.44,46.44
1777759794,8.44,11.25,6.50,18.05,41.33,16.96,44.10,16.54,46.48
1777759796,8.44,11.75,6.50,18.23,41.34,16.98,44.09,16.53,46.47
1777759798,8.44,11.25,6.00,18.06,41.30,17.11,44.10,16.69,46.49
1777759799,8.44,11.75,6.25,18.00,41.28,16.96,44.05,16.51,46.46
1777759801,8.44,11.50,6.75,17.87,41.25,16.95,43.99,16.63,46.48
1777759802,8.44,11.50,6.25,18.61,41.35,16.94,43.99,16.59,46.49
1777759804,8.44,11.50,6.25,18.05,41.24,17.12,43.99,16.11,46.41
1777759806,8.44,11.50,6.25,18.43,41.30,16.94,43.95,16.64,46.51
1777759807,8.44,11.50,6.50,17.98,41.22,16.97,43.95,16.98,46.59
1777759809,8.44,11.50,6.00,17.97,41.23,17.03,43.94,16.20,46.50
1777759810,8.44,11.75,6.00,18.10,41.20,16.96,43.91,16.15,46.51
1777759812,8.44,11.50,6.00,18.03,41.22,16.97,43.89,16.61,46.59
1777759814,8.44,11.00,6.25,18.22,41.24,17.01,43.89,16.85,46.62
1777759815,8.44,11.75,5.75,17.76,41.17,17.05,43.90,16.70,46.61
1777759817,8.50,11.75,6.25,17.99,41.22,16.96,43.86,16.36,46.58
1777759818,8.44,11.75,6.75,17.95,41.23,16.98,43.87,17.49,46.78
1777759820,8.50,11.75,6.50,18.01,41.29,16.91,43.87,16.15,46.57
1777759822,8.44,12.00,6.00,17.96,41.31,17.09,43.89,16.27,46.61
1777759823,8.50,11.50,6.00,18.08,41.38,17.00,43.88,16.32,46.68
1777759825,8.50,11.50,6.25,17.94,41.41,16.94,43.89,16.66,46.76
1777759826,8.50,12.00,6.25,17.88,41.46,16.92,43.90,16.51,46.77
1777759828,8.50,12.00,6.25,17.97,41.50,17.02,43.92,16.23,46.79
1777759830,8.50,11.25,6.25,17.93,41.50,17.07,43.92,16.72,46.97
1777759831,8.50,11.25,6.25,17.96,41.52,16.94,43.94,16.70,47.02
1777759833,8.50,11.75,6.50,17.79,41.50,16.91,43.90,16.66,47.08
1777759835,8.50,11.50,6.50,17.85,41.52,16.96,43.94,16.45,47.06
1777759836,8.50,11.75,6.50,17.96,41.55,16.96,43.93,16.67,47.06
1777759838,8.56,11.75,6.75,17.90,41.56,16.82,43.93,16.24,46.91
1777759839,8.56,11.75,6.75,18.24,41.61,16.97,43.96,15.96,46.79
1777759841,8.56,11.50,6.50,18.08,41.60,16.89,43.96,16.62,46.87
1777759843,8.56,11.25,6.75,17.78,41.55,16.82,43.96,16.75,46.96
1777759844,8.50,11.25,6.50,17.94,41.56,16.84,43.96,17.05,47.10
1777759846,8.56,11.50,6.75,17.80,41.54,16.93,44.01,16.70,47.14
1777759847,8.56,11.50,6.50,17.80,41.53,16.99,44.03,16.61,47.21
1777759849,8.56,11.75,6.25,17.92,41.54,16.88,44.01,16.35,47.19
1777759851,8.56,11.50,6.25,17.91,41.53,17.05,44.03,16.65,47.22
1777759852,8.50,11.75,6.50,18.05,41.54,16.84,44.03,16.38,47.12
1777759854,8.50,11.50,6.50,18.05,41.52,16.83,44.02,16.48,47.09
1777759855,8.56,11.25,6.25,18.01,41.49,16.87,44.03,16.59,47.07
1777759857,8.56,11.50,6.25,17.87,41.45,16.84,44.03,16.49,47.02
1777759859,8.56,12.00,6.00,18.12,41.44,16.88,44.02,16.20,46.97
1777759860,8.56,11.50,6.25,17.87,41.37,16.80,44.01,16.00,46.91
1777759862,8.50,11.75,6.50,18.17,41.41,16.95,44.05,16.74,47.02
1777759863,8.50,11.75,6.25,17.73,41.32,16.93,44.07,16.59,46.98
1777759865,8.50,11.75,6.25,17.90,41.34,17.06,44.06,16.49,46.99
1777759867,8.50,11.50,6.75,17.87,41.34,16.92,44.04,16.48,46.97
1777759868,8.50,12.00,6.50,17.97,41.33,16.80,44.01,16.59,46.96
1777759870,8.50,11.75,6.50,18.11,41.35,16.94,44.04,16.63,46.96
1777759871,8.50,11.50,6.50,17.94,41.32,16.95,44.05,16.33,46.89
1777759873,8.56,12.00,6.25,17.90,41.28,16.92,44.03,16.55,46.93
1777759875,8.56,11.75,6.50,17.97,41.29,16.98,44.05,16.39,46.89
1777759876,8.56,11.75,6.00,18.17,41.33,17.11,44.09,16.90,46.97
1777759878,8.50,12.00,6.25,17.88,41.29,16.98,44.07,16.33,46.89
1777759879,8.50,11.75,6.25,17.84,41.30,16.97,44.08,16.58,46.94
1777759881,8.50,11.25,6.50,17.92,41.32,16.94,44.05,16.31,46.93
1777759883,8.50,11.75,6.50,17.86,41.29,17.04,44.03,16.51,46.95
1777759884,8.44,12.25,6.25,17.92,41.32,17.01,44.00,16.62,46.99
1777759886,8.50,12.00,6.00,17.96,41.33,16.89,43.97,16.30,46.96
1777759888,8.50,12.25,6.25,17.96,41.35,17.05,43.99,16.63,47.03
1777759889,8.50,11.50,6.25,17.92,41.36,16.96,43.97,16.40,47.01
1777759891,8.44,11.75,6.75,17.87,41.36,16.98,43.98,15.94,46.97
1777759892,8.50,11.75,6.00,18.21,41.43,16.98,43.97,16.24,47.03
1777759894,8.50,11.75,6.50,17.97,41.40,17.01,43.97,16.05,47.02
1777759896,8.50,11.75,6.00,17.91,41.41,17.07,43.99,16.37,47.08
1777759897,8.50,11.00,6.50,18.20,41.48,17.03,43.99,16.18,47.04
1777759899,8.50,11.50,6.25,17.87,41.43,17.05,44.00,16.54,47.12
1777759900,8.44,11.50,6.00,18.07,41.48,17.12,44.01,16.40,47.11
1777759902,8.56,12.00,6.25,17.98,41.46,17.18,44.00,16.70,47.17
1777759904,8.44,11.75,6.25,17.76,41.43,16.95,43.97,16.51,47.15
1777759905,8.50,11.25,6.25,17.76,41.43,17.03,43.99,16.47,47.17
1777759907,8.50,11.25,6.50,17.81,41.44,16.98,43.98,16.63,47.20
1777759908,8.50,11.50,6.25,17.87,41.44,16.96,43.96,16.54,47.18
1777759910,8.50,11.75,6.25,17.80,41.43,16.98,43.94,16.63,47.19
1777759912,8.50,11.75,6.25,18.00,41.46,17.04,43.91,16.53,47.15
1777759913,8.50,11.75,6.75,17.93,41.45,17.16,43.93,16.25,47.10
1777759915,8.50,11.50,6.25,17.90,41.45,17.00,43.88,16.31,47.11
1777759916,8.50,11.75,6.25,17.84,41.44,17.07,43.86,16.43,47.12
1777759918,8.50,11.50,6.25,17.81,41.43,17.04,43.82,16.24,47.08
1777759920,8.50,11.75,6.50,17.73,41.43,17.13,43.84,16.08,47.03
1777759921,8.50,11.50,6.00,17.84,41.45,17.06,43.81,16.59,47.10
1777759923,8.50,11.75,6.25,17.87,41.45,16.99,43.78,16.43,47.07
1777759924,8.50,11.25,6.00,17.90,41.46,17.09,43.79,16.61,47.09
1777759926,8.44,11.75,6.25,17.89,41.45,17.14,43.78,16.61,47.09
1777759928,8.44,11.75,6.25,17.66,41.42,17.12,43.78,16.56,47.08
1777759929,8.50,11.50,6.25,17.76,41.45,17.15,43.79,16.30,47.04
1777759931,8.50,11.75,6.25,17.71,41.45,17.03,43.76,16.58,47.09
1777759932,8.50,11.75,6.25,17.92,41.47,16.96,43.75,16.59,47.10
1777759934,8.44,11.25,6.50,17.94,41.48,17.02,43.74,16.69,47.12
1777759936,8.50,11.75,6.25,17.97,41.50,17.22,43.76,16.40,47.08
1777759937,8.44,11.75,6.75,17.78,41.48,17.13,43.76,16.23,47.05
1777759939,8.50,11.25,6.50,17.92,41.50,17.17,43.78,16.62,47.11
1777759941,8.44,10.75,6.75,17.86,41.48,17.02,43.74,16.33,47.05
1777759942,8.50,11.75,6.25,17.79,41.51,17.08,43.74,16.43,47.06
1777759944,8.44,11.75,6.25,17.76,41.47,17.02,43.75,16.59,47.07
1777759945,8.56,11.25,6.25,17.87,41.50,17.02,43.78,16.14,46.99
1777759947,8.50,11.50,6.25,17.82,41.49,17.05,43.79,16.76,47.10
1777759949,8.50,11.25,6.50,17.89,41.51,17.05,43.77,16.48,47.05
1777759950,8.50,11.25,6.25,17.88,41.52,17.02,43.75,16.51,47.04
1777759952,8.50,11.75,6.00,17.87,41.52,17.22,43.78,16.70,47.07
1777759953,8.50,11.50,6.25,17.90,41.52,17.08,43.78,17.06,47.11
1777759955,8.50,12.00,6.00,17.84,41.50,16.95,43.76,16.60,47.02
1777759957,8.50,11.50,6.25,17.94,41.52,17.00,43.78,16.51,46.98
1777759958,8.50,12.00,6.50,17.97,41.55,17.01,43.79,16.18,46.93
1777759960,8.50,11.75,6.25,17.84,41.53,17.15,43.82,16.13,46.93
1777759961,8.50,11.25,6.25,18.03,41.57,17.06,43.77,16.10,46.93
1777759963,8.50,11.75,6.50,17.56,41.50,17.02,43.73,16.08,46.90
1777759965,8.50,11.75,6.50,17.80,41.53,17.01,43.72,16.51,46.96
1777759966,8.50,12.00,6.25,17.87,41.57,17.00,43.72,16.54,46.93
1777759968,8.50,11.50,6.25,18.02,41.60,17.06,43.72,16.31,46.89
1777759969,8.50,12.00,6.25,17.75,41.58,17.08,43.72,16.12,46.85
1777759971,8.50,11.50,6.00,17.93,41.63,17.16,43.76,16.00,46.77
1777759973,8.50,11.50,6.25,17.88,41.63,17.13,43.77,16.70,46.89
1777759974,8.50,11.75,6.25,17.69,41.60,17.02,43.76,16.00,46.76
1777759976,8.50,11.50,6.25,17.73,41.60,17.00,43.77,16.06,46.76
1777759977,8.50,11.25,6.50,17.86,41.63,16.98,43.75,16.26,46.79
1777759979,8.50,11.75,6.25,17.98,41.66,16.98,43.75,16.67,46.85
1777759981,8.56,11.50,6.25,17.96,41.65,16.95,43.75,16.84,46.89
1777759982,8.56,12.00,6.25,17.96,41.67,17.06,43.77,16.40,46.80
1777759984,8.50,12.00,6.50,17.79,41.66,16.97,43.76,16.06,46.73
1777759985,8.50,11.00,6.00,17.74,41.63,17.13,43.79,16.57,46.81
1777759987,8.50,11.50,6.25,17.94,41.70,17.13,43.79,16.65,46.83
1777759989,8.50,11.50,6.25,17.86,41.66,17.03,43.78,16.39,46.80
1777759990,8.50,11.75,6.25,17.58,41.62,17.03,43.76,16.52,46.83
1777759992,8.56,11.50,6.00,17.76,41.65,17.03,43.76,16.70,46.85
1777759994,8.50,11.50,6.25,18.01,41.68,17.06,43.77,16.46,46.86
1777759995,8.50,11.75,6.25,17.83,41.66,17.04,43.76,16.64,46.91
1777759997,8.50,11.50,6.25,18.02,41.70,17.05,43.76,16.80,46.93
1777759998,8.50,12.00,6.25,17.90,41.70,17.12,43.78,16.84,46.95
1777760000,8.56,11.75,6.00,17.97,41.72,17.23,43.80,16.68,46.91
1777760002,8.50,11.50,5.75,17.66,41.66,17.02,43.77,16.67,46.89
1777760003,8.50,11.50,6.00,17.97,41.71,17.08,43.78,15.96,46.76
1777760005,8.50,11.75,6.00,17.90,41.69,17.09,43.82,16.70,46.86
1777760006,8.50,11.75,6.00,17.67,41.66,17.07,43.81,16.82,46.88
1777760008,8.50,11.25,6.00,17.88,41.70,16.90,43.80,16.53,46.82
1777760010,8.50,11.25,6.50,17.94,41.70,17.02,43.85,16.78,46.85
1777760011,8.56,11.50,6.25,18.07,41.73,17.02,43.85,16.25,46.78
1777760013,8.50,11.50,6.25,18.13,41.76,16.91,43.84,16.74,46.86
1777760014,8.50,11.50,6.50,17.79,41.72,16.96,43.86,16.87,46.87
1777760016,8.50,11.25,6.25,17.69,41.71,16.94,43.89,17.14,46.91
1777760018,8.50,11.50,6.50,17.84,41.75,16.99,43.92,16.66,46.83
1777760019,8.50,11.75,6.25,17.94,41.77,17.05,43.93,16.05,46.76
1777760021,8.50,11.50,5.75,17.64,41.74,17.02,43.93,16.58,46.85
1777760022,8.56,11.00,6.25,17.80,41.77,17.00,43.95,16.07,46.77
1777760024,8.50,11.75,6.25,17.90,41.79,16.95,43.92,16.71,46.87
1777760026,8.56,11.75,6.50,17.81,41.77,16.91,43.90,16.63,46.86
1777760027,8.56,11.75,6.25,17.96,41.80,16.94,43.93,16.81,46.90
1777760029,8.50,11.50,6.50,17.76,41.78,16.94,43.94,16.06,46.76
1777760030,8.50,11.50,6.25,17.84,41.78,16.90,43.96,17.06,46.93
1777760032,8.56,11.75,6.25,17.73,41.77,16.96,43.99,16.97,46.93
1777760034,8.50,12.00,6.00,18.15,41.83,16.91,44.01,16.02,46.79
1777760035,8.56,11.75,6.00,17.57,41.76,16.91,44.03,16.01,46.78
1777760037,8.56,11.50,6.50,17.69,41.78,16.94,44.04,16.06,46.78
1777760038,8.56,12.00,6.00,17.86,41.82,16.91,44.04,16.59,46.86
1777760040,8.56,11.75,6.50,17.77,41.81,17.04,44.08,16.55,46.85
1777760042,8.56,11.50,6.00,17.80,41.83,16.88,44.08,16.56,46.85
1777760043,8.63,11.75,6.50,17.94,41.86,16.91,44.08,16.64,46.87
1777760045,8.63,11.50,6.50,18.06,41.90,16.98,44.08,16.88,46.91
1777760046,8.69,12.00,6.25,17.80,41.86,17.02,44.07,16.65,46.88
1777760048,8.69,11.75,6.50,17.81,41.90,17.09,44.07,16.49,46.87
1777760050,8.69,11.75,6.25,17.90,41.90,17.04,44.02,16.52,46.88
1777760051,8.69,12.00,6.25,17.69,41.88,16.95,44.02,16.58,46.91
1777760053,8.69,11.50,6.50,17.94,41.93,17.05,44.02,16.55,46.90
1777760055,8.75,11.75,6.00,17.71,41.91,17.04,44.01,16.57,46.97
1777760056,8.75,12.00,5.75,17.78,41.94,16.92,43.98,16.59,47.05
1777760058,8.81,11.75,6.25,17.81,41.97,17.06,44.01,16.63,47.14
1777760059,8.75,11.50,6.00,17.98,42.02,16.97,43.99,16.54,47.21
1777760061,8.81,11.75,6.25,18.00,42.05,16.91,43.97,17.26,47.40
1777760063,8.81,12.00,6.25,17.68,42.01,16.95,43.97,16.80,47.39
1777760064,8.75,11.25,6.00,17.62,42.07,17.09,43.99,16.70,47.37
1777760066,8.88,11.75,6.25,17.69,42.11,16.98,43.95,16.77,47.40
1777760067,8.88,11.50,6.00,17.72,42.14,16.90,43.92,16.40,47.32
1777760069,8.81,11.75,6.00,17.76,42.19,17.08,43.96,16.84,47.35
1777760071,8.88,11.75,6.25,17.55,42.16,17.00,43.92,16.58,47.22
1777760072,8.81,12.00,6.00,17.78,42.24,16.89,43.91,17.20,47.26
1777760074,8.81,11.75,5.75,17.82,42.28,16.97,43.94,16.61,47.15
1777760075,8.81,11.50,6.25,17.61,42.30,17.04,43.95,16.94,47.23
1777760077,8.88,11.50,6.25,17.72,42.30,16.78,43.93,16.38,47.14
1777760079,8.81,11.25,5.50,17.61,42.30,16.78,43.94,16.46,47.12
1777760080,8.81,11.25,6.00,17.63,42.33,16.97,43.97,16.52,47.08
1777760082,8.81,11.50,6.25,17.63,42.29,16.97,43.96,16.13,46.97
1777760083,8.81,11.75,6.00,17.80,42.31,16.78,43.95,16.39,46.97
1777760085,8.81,11.50,5.50,17.80,42.26,16.97,44.00,16.35,46.92
1777760087,8.81,11.50,5.75,17.62,42.20,16.90,44.01,16.29,46.85
1777760088,8.88,11.50,5.75,17.62,42.19,16.90,44.05,16.65,46.89
1777760090,8.81,11.00,6.25,17.96,42.20,17.01,44.09,16.63,46.84
1777760091,8.75,11.50,6.25,17.73,42.14,16.93,44.09,16.83,46.86
1777760093,8.81,11.25,6.25,17.69,42.12,17.03,44.11,16.15,46.74
1777760095,8.75,11.50,5.75,17.80,42.13,17.00,44.11,16.28,46.76
1777760096,8.75,11.50,6.25,17.82,42.14,17.02,44.09,16.32,46.73
1777760098,8.75,11.25,6.50,17.97,42.14,17.05,44.09,16.74,46.78
1777760099,8.75,12.00,6.50,17.59,42.09,17.13,44.08,16.87,46.80
1777760101,8.75,11.50,6.25,17.58,42.07,16.98,44.04,16.35,46.71
1777760103,8.69,11.50,6.00,17.66,42.08,17.11,44.04,16.08,46.67
1777760104,8.69,11.75,6.50,17.94,42.06,16.98,44.00,16.40,46.76
1777760106,8.69,11.50,6.25,18.01,42.08,17.11,44.01,16.44,46.76
1777760108,8.69,11.25,6.25,17.72,42.02,17.14,44.01,16.76,46.81
1777760109,8.69,11.75,6.00,17.84,42.04,17.13,43.97,16.16,46.72
1777760111,8.75,11.50,6.50,17.90,42.05,17.12,43.97,16.10,46.72
1777760112,8.69,11.50,6.50,17.69,42.03,17.08,43.93,16.62,46.83
1777760114,8.75,11.75,5.50,17.71,42.01,17.06,43.91,16.44,46.83
1777760116,8.69,11.50,6.25,17.64,42.00,17.04,43.88,16.71,46.89
1777760117,8.69,11.50,6.25,17.74,42.03,17.02,43.85,16.67,46.92
1777760119,8.69,11.50,6.25,17.73,42.04,17.29,43.85,16.71,46.98
1777760120,8.63,11.25,6.50,17.88,42.06,17.06,43.81,16.66,47.03
1777760122,8.56,11.75,6.25,17.82,42.10,17.09,43.77,16.64,47.10
1777760124,8.63,11.00,6.25,17.76,42.08,16.99,43.72,17.15,47.26
1777760125,8.63,11.50,6.25,17.55,42.05,17.05,43.75,16.37,47.20
1777760127,8.63,11.50,6.50,17.52,42.06,17.05,43.76,15.99,47.22
1777760128,8.63,11.25,6.25,17.78,42.10,17.02,43.76,16.67,47.42
1777760130,8.63,11.50,6.00,17.75,42.12,17.07,43.79,16.55,47.46
1777760132,8.69,12.25,6.00,17.65,42.11,16.99,43.79,16.59,47.54
1777760133,8.63,12.00,6.00,17.72,42.15,16.95,43.80,16.40,47.54
1777760135,8.63,11.50,6.00,17.49,42.13,16.94,43.83,16.59,47.62
1777760136,8.69,11.50,6.25,17.52,42.21,16.99,43.87,16.52,47.65
1777760138,8.69,11.75,6.25,17.70,42.30,17.05,43.92,16.07,47.62
1777760140,8.69,11.75,6.25,17.92,42.38,17.09,43.92,16.06,47.64
1777760141,8.69,11.75,6.25,17.61,42.39,16.94,43.90,16.62,47.75
1777760143,8.75,12.00,6.25,17.38,42.39,16.94,43.90,16.59,47.73
1777760144,8.75,11.50,6.25,17.44,42.42,16.96,43.92,16.04,47.61
1777760146,8.75,12.00,6.25,17.61,42.44,17.06,43.96,16.48,47.59
1777760148,8.75,11.25,6.25,17.34,42.43,16.83,43.92,16.62,47.51
1777760149,8.75,12.00,6.25,17.34,42.42,17.01,43.94,16.62,47.42
1777760151,8.69,11.75,6.00,17.37,42.43,17.04,43.95,16.48,47.30
1777760152,8.75,11.00,6.25,17.70,42.46,16.93,43.96,16.46,47.19
1777760154,8.81,11.50,6.25,17.86,42.48,16.96,43.97,16.58,47.16
1777760156,8.75,11.50,6.25,17.77,42.43,16.90,43.97,16.66,47.15
1777760157,8.75,11.25,6.50,17.62,42.36,16.89,43.98,16.44,47.06
1777760159,8.75,11.75,6.25,17.54,42.31,16.98,44.01,16.63,47.07
1777760161,8.75,12.00,5.75,17.73,42.31,16.95,43.99,16.29,46.98
1777760162,8.75,12.25,6.25,17.67,42.27,16.86,44.00,16.37,46.96
1777760164,8.75,11.75,6.25,17.76,42.24,16.89,44.03,16.50,46.92
1777760165,8.75,12.25,6.25,17.94,42.27,16.87,44.01,16.38,46.88
1777760167,8.75,12.00,6.25,17.84,42.22,16.84,44.01,16.92,46.94
1777760169,8.75,11.00,6.25,17.70,42.19,16.96,44.02,16.59,46.88
1777760170,8.81,11.25,6.25,17.53,42.13,16.95,44.02,16.73,46.92
1777760172,8.81,11.50,6.25,17.66,42.13,16.82,44.00,16.53,46.94
1777760173,8.81,11.75,6.00,17.75,42.13,16.87,43.99,16.12,46.93
1777760175,8.75,11.25,6.50,17.73,42.12,16.91,44.02,16.46,47.06
1777760177,8.75,11.50,6.50,17.79,42.13,16.90,44.01,16.78,47.21
1777760178,8.75,11.25,6.25,17.80,42.15,16.90,44.01,16.59,47.29
1777760180,8.75,11.75,6.25,17.75,42.18,16.81,44.01,16.18,47.36
1777760181,8.69,11.50,6.25,17.62,42.18,16.90,44.00,16.87,47.55
1777760183,8.69,11.50,6.25,17.67,42.20,16.83,43.99,15.95,47.48
1777760185,8.75,11.50,6.50,17.89,42.26,16.78,44.00,16.22,47.60
1777760186,8.75,11.25,6.00,17.57,42.22,16.88,44.03,16.81,47.72
1777760188,8.69,11.00,6.50,17.93,42.28,16.81,44.04,16.33,47.62
1777760189,8.69,11.75,6.25,17.96,42.28,16.76,44.05,16.48,47.61
1777760191,8.69,11.50,6.25,17.85,42.26,16.80,44.09,16.48,47.55
1777760193,8.69,11.25,6.00,17.80,42.26,16.76,44.08,16.51,47.50
1777760194,8.75,11.75,6.25,17.73,42.24,16.78,44.10,16.48,47.44
1777760196,8.69,11.75,6.25,17.66,42.23,16.75,44.09,16.31,47.36
1777760197,8.75,11.75,6.50,17.56,42.22,16.91,44.13,16.07,47.28
1777760199,8.75,11.75,6.00,17.88,42.27,16.88,44.14,16.48,47.30
1777760201,8.69,11.50,6.00,17.61,42.25,16.80,44.14,16.58,47.29
1777760202,8.69,11.50,6.50,17.73,42.23,16.93,44.16,16.36,47.24
1777760204,8.75,11.75,6.50,17.68,42.22,16.83,44.17,16.28,47.23
1777760205,8.75,11.50,6.25,17.81,42.22,16.84,44.19,16.08,47.18
1777760207,8.69,11.75,6.50,17.63,42.18,16.82,44.18,17.37,47.40
1777760209,8.75,11.50,6.00,17.74,42.20,16.82,44.17,16.26,47.22
1777760210,8.75,11.00,6.25,17.69,42.14,16.79,44.18,16.85,47.35
1777760212,8.75,11.75,6.25,17.73,42.15,16.83,44.18,16.74,47.37
1777760214,8.69,11.50,6.25,17.74,42.17,16.84,44.19,16.11,47.32
1777760215,8.75,12.00,6.50,17.86,42.18,16.91,44.20,16.14,47.40
1777760217,8.69,11.75,6.25,17.79,42.19,16.79,44.17,16.70,47.55
1777760218,8.75,11.75,6.25,17.58,42.16,16.76,44.16,16.16,47.53
1777760220,8.75,11.75,6.25,17.59,42.13,16.87,44.17,16.33,47.55
1777760222,8.75,11.75,6.25,17.74,42.16,16.91,44.19,16.26,47.52
1777760223,8.81,12.00,6.00,17.91,42.17,16.87,44.20,16.70,47.56
1777760225,8.75,11.50,6.25,17.90,42.18,16.78,44.19,16.05,47.40
1777760226,8.75,11.75,6.25,17.80,42.15,16.95,44.21,16.11,47.37
1777760228,8.81,12.00,5.75,17.81,42.19,16.84,44.21,17.06,47.50
1777760230,8.75,11.50,6.00,17.66,42.13,16.99,44.23,16.75,47.41
1777760231,8.75,11.75,6.25,17.77,42.18,16.94,44.22,16.27,47.30
1777760233,8.81,11.75,6.00,17.73,42.19,16.87,44.20,16.13,47.25
1777760234,8.75,11.50,6.25,17.73,42.17,16.83,44.17,16.92,47.36
1777760236,8.75,11.25,6.25,17.69,42.17,16.84,44.14,16.12,47.26
1777760238,8.75,11.75,6.25,17.77,42.16,17.02,44.15,16.53,47.37
1777760239,8.75,11.00,6.25,17.74,42.16,16.93,44.15,16.19,47.32
1777760241,8.75,11.50,5.75,17.69,42.15,16.91,44.13,16.15,47.34
1777760242,8.69,11.50,6.75,17.68,42.17,16.93,44.13,16.20,47.36
1777760244,8.75,11.25,6.00,17.88,42.18,16.93,44.13,16.35,47.38
1777760246,8.75,11.50,6.25,17.70,42.16,16.98,44.12,16.34,47.39
1777760247,8.69,11.50,6.75,17.56,42.15,16.96,44.09,16.13,47.36
1777760249,8.69,11.00,6.25,17.70,42.15,16.98,44.09,17.01,47.49
1777760250,8.69,11.75,6.00,17.59,42.14,16.98,44.08,16.15,47.35
1777760252,8.75,11.75,6.50,17.80,42.21,16.99,44.04,16.64,47.43
1777760254,8.75,11.50,6.25,17.52,42.16,17.06,44.03,16.16,47.35
1777760255,8.75,11.75,6.25,17.62,42.18,16.99,44.01,17.11,47.50
1777760257,8.69,11.50,6.50,17.73,42.22,17.05,44.01,16.60,47.42
1777760258,8.69,11.25,6.00,17.75,42.23,17.13,44.02,16.14,47.33
1777760260,8.69,12.00,6.50,17.69,42.19,16.98,43.98,16.08,47.32
1777760262,8.69,11.75,6.00,17.85,42.23,17.03,43.98,16.63,47.39
1777760263,8.69,11.75,6.25,17.62,42.20,17.05,43.98,16.64,47.37
1777760265,8.69,11.25,6.25,17.75,42.22,16.98,43.97,16.27,47.30
1777760266,8.75,11.75,6.00,17.70,42.20,17.01,43.97,16.54,47.32
1777760268,8.69,11.25,6.25,17.50,42.17,16.95,43.96,16.35,47.30
1777760270,8.75,12.00,6.25,17.62,42.19,17.05,43.97,16.93,47.42
1777760271,8.75,11.50,6.25,17.66,42.21,16.99,43.96,17.20,47.47
1777760273,8.75,11.25,6.25,17.75,42.23,16.99,43.98,16.94,47.45
1777760275,8.75,11.25,6.50,17.71,42.23,17.14,44.00,16.08,47.35
1777760276,8.75,11.50,6.00,17.69,42.26,17.05,43.97,16.55,47.46
1777760278,8.69,11.50,6.00,17.62,42.26,17.00,43.96,16.29,47.42
1777760279,8.75,11.50,6.50,17.63,42.25,17.02,43.97,16.14,47.37
1777760281,8.75,12.00,6.50,17.52,42.21,17.16,44.00,16.10,47.36
1777760283,8.75,11.25,6.50,17.55,42.21,17.06,44.01,16.83,47.46
1777760284,8.75,11.25,6.00,17.50,42.20,16.91,44.02,17.05,47.48
1777760286,8.75,11.50,6.25,17.66,42.21,17.00,44.03,16.11,47.32
1777760287,8.75,11.75,6.25,17.67,42.23,16.94,44.03,16.80,47.39
1777760289,8.69,11.75,6.50,17.72,42.24,16.99,44.04,16.83,47.39
1777760291,8.69,11.25,6.25,17.62,42.22,16.83,43.99,16.49,47.35
1777760292,8.75,11.50,6.50,17.51,42.22,16.94,44.02,16.15,47.31
1777760294,8.69,11.50,6.25,17.65,42.25,16.94,44.04,16.70,47.46
1777760295,8.69,11.50,6.00,17.47,42.26,16.97,44.06,16.48,47.49
1777760297,8.69,11.25,6.25,17.45,42.28,16.91,44.07,16.72,47.60
1777760299,8.75,11.75,6.00,17.39,42.29,16.99,44.10,16.64,47.64
1777760300,8.75,11.75,6.25,17.78,42.37,16.94,44.08,17.15,47.79
1777760302,8.75,11.25,6.25,17.67,42.37,16.87,44.08,16.95,47.82
1777760303,8.75,11.00,6.25,17.66,42.38,16.91,44.08,16.50,47.79
1777760305,8.69,11.25,6.00,17.44,42.35,16.96,44.07,16.62,47.84
1777760307,8.75,11.50,5.75,17.77,42.42,16.89,44.06,16.40,47.81
1777760308,8.69,11.00,6.25,17.55,42.41,16.88,44.07,16.98,47.86
1777760310,8.63,11.50,6.25,17.50,42.39,16.90,44.06,16.94,47.79
1777760311,8.69,11.00,6.25,17.76,42.41,16.95,44.04,17.06,47.76
1777760313,8.63,11.50,6.00,17.57,42.40,16.93,44.02,16.55,47.60
1777760315,8.75,11.50,6.00,17.61,42.37,16.92,44.03,16.52,47.55
1777760316,8.63,11.50,5.75,17.63,42.37,16.93,44.01,16.79,47.56
1777760318,8.63,11.75,6.25,17.63,42.37,17.03,44.04,16.19,47.42
1777760319,8.69,11.25,6.25,17.68,42.38,17.03,44.01,17.10,47.53
1777760321,8.69,11.50,6.00,17.54,42.37,17.02,44.00,16.49,47.42
1777760323,8.69,11.25,6.25,17.51,42.36,16.98,43.99,16.63,47.41
1777760324,8.63,11.50,6.25,17.67,42.38,17.05,44.01,16.66,47.42
1777760326,8.69,11.25,6.25,17.48,42.35,16.98,44.03,16.64,47.40
1777760328,8.75,11.25,6.25,17.47,42.35,17.11,44.04,16.59,47.38
1777760329,8.69,11.50,6.25,17.49,42.35,17.04,44.05,16.58,47.39
1777760331,8.69,11.25,6.50,17.49,42.34,16.98,44.04,16.52,47.40
1777760332,8.63,11.75,6.25,17.77,42.38,17.07,44.05,16.40,47.39
1777760334,8.63,11.50,6.25,17.45,42.31,17.02,44.06,16.63,47.42
1777760336,8.63,11.00,5.75,17.52,42.32,16.89,44.03,16.54,47.41
1777760337,8.69,11.00,6.25,17.40,42.31,17.05,44.05,16.51,47.39
1777760339,8.63,11.75,6.50,17.49,42.31,17.02,44.05,16.68,47.43
1777760340,8.56,11.25,6.25,17.51,42.35,16.97,44.03,16.63,47.44
1777760342,8.63,11.75,6.50,17.70,42.37,17.02,44.04,16.33,47.41
1777760344,8.56,11.50,6.25,17.42,42.32,16.90,44.03,16.58,47.48
1777760345,8.63,11.50,6.25,17.50,42.35,17.04,44.06,16.19,47.41
1777760347,8.63,11.50,6.50,17.64,42.36,16.88,44.03,16.65,47.48
1777760348,8.63,11.25,6.25,17.80,42.39,16.92,44.05,16.60,47.44
1777760350,8.63,11.00,6.50,17.36,42.34,17.06,44.09,16.29,47.39
1777760352,8.63,12.00,6.25,17.65,42.40,16.91,44.08,16.02,47.34
1777760353,8.56,11.25,5.75,17.55,42.38,16.99,44.10,15.95,47.32
1777760355,8.56,11.50,6.00,17.76,42.40,17.09,44.11,16.08,47.33
1777760356,8.56,11.50,6.00,17.85,42.43,16.98,44.12,16.23,47.36
1777760358,8.56,11.25,6.00,17.63,42.39,16.96,44.12,16.52,47.42
1777760360,8.56,11.75,5.75,17.51,42.38,16.98,44.14,16.53,47.42
1777760361,8.56,11.25,6.25,17.55,42.39,16.99,44.15,16.13,47.34
1777760363,8.56,12.00,6.25,17.37,42.38,16.98,44.14,16.51,47.40
1777760364,8.56,11.50,6.25,17.47,42.38,17.06,44.12,16.77,47.45
1777760366,8.56,11.25,6.25,17.59,42.41,17.05,44.11,15.93,47.31
1777760368,8.56,11.50,6.25,17.73,42.44,17.00,44.07,16.13,47.33
1777760369,8.56,11.75,6.25,17.49,42.41,16.96,44.04,16.08,47.29
1777760371,8.56,11.75,6.25,17.46,42.41,17.05,44.05,16.34,47.30
1777760372,8.56,11.25,6.25,17.52,42.42,17.01,44.02,16.40,47.31
1777760374,8.56,11.75,5.75,17.53,42.45,16.97,43.99,16.58,47.32
1777760376,8.56,11.50,6.25,17.61,42.45,17.00,43.97,16.17,47.23
1777760377,8.63,11.50,6.25,17.55,42.45,16.91,43.96,16.64,47.30
1777760379,8.56,11.50,5.75,17.40,42.44,16.91,43.97,16.55,47.27
1777760381,8.63,11.75,6.25,17.49,42.47,17.07,43.99,16.12,47.20
1777760382,8.56,11.75,6.25,17.45,42.47,17.03,44.00,16.06,47.20
1777760384,8.63,11.75,6.25,17.48,42.49,16.96,43.99,16.51,47.26
1777760385,8.56,11.50,6.50,17.62,42.51,17.00,43.99,15.92,47.15
1777760387,8.63,11.50,6.00,17.80,42.56,16.93,44.01,16.14,47.19
1777760389,8.63,11.75,6.50,17.35,42.47,17.03,44.02,16.47,47.26
1777760390,8.63,11.75,6.25,17.33,42.47,17.05,44.03,16.08,47.18
1777760392,8.63,11.25,6.50,17.44,42.48,16.93,44.02,16.66,47.28
1777760393,8.69,11.75,6.50,17.62,42.53,16.96,44.05,16.70,47.28
1777760395,8.69,11.75,6.25,17.36,42.53,16.86,44.02,16.47,47.24
1777760397,8.63,11.50,6.50,17.44,42.56,16.92,44.01,16.29,47.19
1777760398,8.63,12.00,6.50,17.41,42.60,16.89,44.02,16.53,47.22
1777760400,8.69,12.00,6.25,17.39,42.68,16.86,44.02,16.58,47.21
1777760401,8.63,12.00,6.25,17.49,42.75,16.97,44.05,16.48,47.16
1777760403,8.69,11.75,6.50,17.76,42.80,17.12,44.07,16.66,47.19
1777760405,8.69,12.00,6.50,17.68,42.80,17.09,44.07,16.45,47.14
1777760406,8.69,12.00,6.25,17.30,42.74,16.87,44.07,16.22,47.07
1777760408,8.69,11.75,6.25,17.73,42.77,16.82,44.09,16.12,47.04
1777760409,8.69,11.25,6.25,17.58,42.70,16.80,44.10,16.33,47.08
1777760411,8.69,11.50,6.25,17.66,42.67,16.79,44.10,16.36,47.08
1777760413,8.69,11.75,6.50,17.41,42.62,16.94,44.13,16.45,47.08
1777760414,8.69,11.75,6.50,17.63,42.63,16.84,44.11,16.76,47.12
1777760416,8.69,11.25,6.50,17.39,42.58,16.96,44.16,16.27,47.06
1777760417,8.69,11.50,6.25,17.66,42.60,16.91,44.13,16.40,47.07
1777760419,8.75,11.75,6.25,17.38,42.54,16.93,44.18,16.28,47.06
1777760421,8.75,12.00,6.25,17.41,42.52,17.13,44.22,16.24,47.09
1777760422,8.75,11.75,6.25,17.69,42.55,17.07,44.22,16.09,47.09
1777760424,8.75,11.50,6.50,17.37,42.49,16.83,44.19,16.09,47.11
1777760425,8.75,11.75,6.25,17.64,42.51,16.87,44.19,16.22,47.14
1777760427,8.69,11.25,5.75,17.51,42.49,16.76,44.13,15.94,47.11
1777760429,8.75,11.75,6.00,17.63,42.50,16.86,44.13,16.26,47.19
1777760430,8.75,11.75,6.25,17.47,42.47,16.91,44.15,16.42,47.21
1777760432,8.81,11.75,6.00,17.61,42.46,16.83,44.15,16.59,47.24
1777760434,8.81,11.75,6.25,17.81,42.51,16.77,44.14,16.48,47.21
1777760435,8.75,11.75,6.00,17.37,42.44,16.87,44.18,16.44,47.25
1777760437,8.81,11.50,6.25,17.86,42.50,16.76,44.19,16.35,47.26
1777760438,8.75,11.50,6.25,17.79,42.49,16.74,44.19,16.23,47.27
1777760440,8.75,11.75,6.25,17.49,42.43,16.78,44.22,16.12,47.28
1777760442,8.75,11.00,6.25,17.70,42.50,16.81,44.23,16.92,47.40
1777760443,8.75,11.25,6.25,17.46,42.44,16.79,44.24,16.59,47.31
1777760445,8.75,11.25,6.25,17.62,42.48,16.76,44.24,16.48,47.25
1777760446,8.75,11.75,6.00,17.53,42.47,16.83,44.26,16.47,47.21
1777760448,8.75,11.75,6.25,17.74,42.49,16.83,44.28,16.39,47.15
1777760450,8.75,11.50,6.25,17.70,42.47,16.86,44.28,16.47,47.13
1777760451,8.75,11.25,6.00,17.41,42.44,16.92,44.28,16.79,47.17
1777760453,8.69,11.25,5.75,17.78,42.50,16.79,44.25,16.47,47.07
1777760454,8.75,11.25,6.25,17.44,42.42,16.84,44.30,16.46,47.09
1777760456,8.75,11.50,5.75,17.67,42.47,16.91,44.31,16.66,47.13
1777760458,8.69,11.75,6.00,17.43,42.44,16.91,44.29,16.58,47.15
1777760459,8.69,11.25,6.00,17.68,42.49,16.77,44.26,16.40,47.20
1777760461,8.69,11.75,6.25,17.27,42.44,16.80,44.23,16.42,47.28
1777760462,8.69,11.50,5.50,17.66,42.50,16.81,44.26,16.09,47.35
1777760464,8.75,12.00,5.75,17.40,42.51,16.72,44.25,16.52,47.56
1777760466,8.69,11.00,6.25,17.41,42.54,16.81,44.27,16.62,47.71
1777760467,8.69,11.50,6.00,17.46,42.59,16.81,44.30,16.48,47.83
1777760469,8.75,10.75,5.25,17.62,42.66,16.81,44.31,16.63,47.96
1777760470,8.69,11.25,6.25,17.46,42.68,16.91,44.34,16.62,48.03
1777760472,8.69,11.50,5.75,17.36,42.71,16.84,44.35,16.44,48.05
1777760474,8.69,11.50,6.25,17.62,42.81,16.82,44.36,16.59,48.11
1777760475,8.69,12.00,6.00,17.57,42.86,16.83,44.36,16.55,48.13
1777760477,8.69,12.00,5.75,17.46,42.90,16.76,44.37,16.71,48.17
1777760478,8.69,10.75,6.00,17.50,42.95,16.74,44.41,16.37,48.13
1777760480,8.69,11.75,6.00,17.44,42.95,16.76,44.47,16.47,48.19
1777760482,8.63,11.75,5.50,17.43,42.98,16.66,44.53,16.42,48.16
1777760483,8.63,11.25,6.00,17.27,42.96,16.67,44.56,16.68,48.23
1777760485,8.63,11.50,5.75,17.66,43.02,16.68,44.59,16.19,48.14
1777760486,8.63,11.25,5.75,17.44,42.98,16.70,44.63,16.68,48.23
1777760488,8.63,11.50,6.00,17.58,42.99,16.80,44.64,16.54,48.19
1777760490,8.63,11.50,6.00,17.52,42.98,16.76,44.63,16.49,48.18
1777760491,8.56,10.75,5.75,17.55,42.99,16.66,44.63,16.55,48.18
1777760493,8.63,11.75,6.25,17.38,42.97,16.69,44.65,16.61,48.18
1777760495,8.56,11.75,6.00,17.80,43.08,16.66,44.65,16.53,48.17
1777760496,8.56,11.25,5.75,17.51,43.08,16.59,44.67,16.70,48.20
1777760498,8.63,12.00,6.00,17.61,43.14,16.72,44.72,16.55,48.19
1777760499,8.63,11.25,5.75,17.33,43.16,16.59,44.72,16.44,48.20
1777760501,8.69,11.75,6.00,17.41,43.19,16.59,44.76,16.53,48.26
1777760503,8.69,11.50,5.75,17.89,43.30,16.61,44.76,16.40,48.22
1777760504,8.63,11.50,6.25,17.73,43.27,16.63,44.77,16.42,48.19
1777760506,8.75,11.50,5.75,17.27,43.17,16.65,44.78,16.31,48.10
1777760507,8.63,11.75,5.75,17.36,43.16,16.68,44.81,16.43,48.02
1777760509,8.69,11.50,6.00,17.26,43.10,16.80,44.79,16.38,47.87
1777760511,8.75,11.25,5.75,17.70,43.11,16.71,44.78,16.69,47.79
1777760512,8.69,11.25,6.00,17.39,43.00,16.77,44.78,16.44,47.65
1777760514,8.69,11.50,6.00,17.69,43.03,16.69,44.78,16.15,47.57
1777760515,8.63,11.00,6.25,17.30,42.94,16.66,44.77,16.40,47.56
1777760517,8.63,10.75,5.75,17.62,42.93,16.72,44.79,15.95,47.50
1777760519,8.69,11.50,6.00,17.34,42.88,16.69,44.80,15.90,47.52
1777760520,8.63,11.50,6.25,17.64,42.91,16.78,44.82,16.95,47.66
1777760522,8.69,11.50,6.25,17.38,42.83,16.75,44.83,16.21,47.53
1777760523,8.63,11.50,6.00,17.73,42.87,16.64,44.79,16.19,47.54
1777760525,8.63,11.50,6.25,17.57,42.83,16.79,44.82,16.33,47.65
1777760527,8.69,11.75,5.75,17.49,42.82,16.74,44.78,16.33,47.74
1777760528,8.69,11.25,6.00,17.57,42.86,16.76,44.78,16.54,47.88
1777760530,8.75,11.50,6.00,17.51,42.88,16.70,44.77,16.28,47.93
1777760531,8.69,11.50,5.50,17.54,42.94,16.72,44.74,16.55,48.06
1777760533,8.69,11.50,5.75,17.26,42.92,16.70,44.72,16.35,48.11
1777760535,8.63,11.50,5.75,17.38,42.98,16.76,44.70,16.43,48.15
1777760536,8.69,11.25,5.75,17.29,43.05,16.81,44.68,16.57,48.19
1777760538,8.63,11.75,5.50,17.11,43.11,16.66,44.63,16.53,48.15
1777760539,8.69,11.50,5.75,17.43,43.23,16.91,44.66,17.08,48.17
1777760541,8.56,11.00,5.75,17.39,43.29,16.68,44.64,16.61,48.02
1777760543,8.63,11.50,5.00,17.15,43.29,16.65,44.65,16.26,47.92
1777760544,8.63,11.25,5.50,17.31,43.36,16.80,44.66,16.42,47.90
1777760546,8.63,11.25,6.00,17.48,43.41,16.59,44.63,16.14,47.83
1777760548,8.63,11.25,5.75,17.26,43.45,16.62,44.62,16.36,47.79
1777760549,8.63,11.00,6.00,17.54,43.55,16.62,44.63,16.27,47.71
1777760551,8.63,11.75,5.50,17.23,43.54,16.67,44.65,15.96,47.55
1777760552,8.63,11.00,5.75,17.28,43.56,16.72,44.70,16.21,47.53
1777760554,8.56,11.50,6.00,17.48,43.58,16.59,44.72,16.06,47.44
1777760556,8.56,11.50,5.50,17.48,43.53,16.71,44.75,16.08,47.43
1777760557,8.56,11.00,6.00,17.29,43.41,16.69,44.75,16.27,47.44
1777760559,8.56,11.50,5.50,17.49,43.39,16.72,44.77,16.27,47.42
1777760560,8.50,11.25,6.25,17.42,43.33,16.80,44.80,16.29,47.41
1777760562,8.56,11.50,6.25,17.26,43.24,16.76,44.79,15.65,47.32
1777760564,8.50,11.00,6.00,17.53,43.23,16.89,44.80,16.19,47.40
1777760565,8.56,11.50,5.75,17.52,43.21,16.66,44.75,16.76,47.49
1777760567,8.50,11.75,5.75,17.50,43.18,16.79,44.78,16.24,47.42
1777760568,8.44,11.75,6.00,17.69,43.19,16.69,44.75,15.75,47.37
1777760570,8.50,11.50,6.25,17.65,43.13,16.91,44.73,16.33,47.51
1777760572,8.44,11.25,6.00,17.66,43.13,16.85,44.70,16.34,47.54
1777760573,8.50,11.75,6.25,17.64,43.13,16.86,44.68,16.52,47.64
1777760575,8.50,11.50,6.25,17.45,43.08,16.79,44.66,16.55,47.70
1777760576,8.50,11.75,5.75,17.66,43.11,16.80,44.66,16.27,47.76
1777760578,8.50,11.75,5.75,17.67,43.12,16.86,44.62,15.99,47.81
1777760580,8.50,11.25,6.25,17.71,43.13,16.87,44.60,15.94,47.84
1777760581,8.56,11.75,5.75,17.35,43.09,16.81,44.56,16.40,47.98
1777760583,8.44,11.50,5.75,17.51,43.16,16.79,44.53,15.90,47.93
1777760584,8.50,11.50,6.00,17.54,43.22,16.69,44.50,16.12,48.02
1777760586,8.50,11.25,6.00,17.66,43.29,16.65,44.49,15.97,48.00
1777760588,8.56,11.50,6.00,17.55,43.33,16.69,44.52,16.27,48.07
1777760589,8.56,11.25,6.00,17.55,43.36,16.75,44.55,16.54,48.13
1777760591,8.50,11.50,6.00,17.55,43.41,16.86,44.59,16.16,48.06
1777760592,8.56,11.25,6.50,17.49,43.42,16.76,44.61,16.30,48.07
1777760594,8.56,11.75,6.50,17.53,43.46,16.62,44.60,16.40,48.08
1777760596,8.50,11.50,6.00,17.48,43.45,16.62,44.58,15.83,47.95
1777760597,8.56,11.75,6.50,17.34,43.46,16.61,44.59,15.78,47.89
1777760599,8.50,10.75,6.00,17.52,43.52,16.62,44.61,16.33,47.94
1777760601,8.50,11.50,6.50,17.41,43.49,16.47,44.61,16.03,47.89
1777760602,8.50,11.50,6.25,17.41,43.49,16.62,44.64,16.05,47.86
1777760604,8.50,11.75,6.75,17.54,43.52,16.58,44.64,16.29,47.93
1777760605,8.50,11.75,6.50,17.41,43.51,16.53,44.65,16.12,47.92
1777760607,8.56,11.75,6.50,17.29,43.51,16.84,44.72,16.02,47.95
1777760609,8.56,10.75,6.25,17.53,43.55,16.66,44.71,16.19,48.06
1777760610,8.50,10.75,6.50,17.67,43.56,16.49,44.71,16.07,48.11
1777760612,8.56,10.50,6.50,17.55,43.53,16.59,44.76,16.44,48.20
1777760613,8.56,10.25,6.25,17.55,43.51,16.83,44.81,16.23,48.22
1777760615,8.63,11.25,6.00,17.38,43.47,16.66,44.81,16.10,48.24
1777760617,8.56,11.00,6.50,17.19,43.42,16.66,44.81,16.05,48.22
1777760618,8.56,10.75,6.25,17.44,43.42,16.65,44.85,16.02,48.20
1777760620,8.56,10.75,6.50,17.52,43.44,16.61,44.87,16.00,48.20
1777760621,8.56,10.75,6.50,17.38,43.40,16.65,44.88,16.30,48.24
1777760623,8.56,11.00,6.00,17.58,43.41,16.65,44.90,16.23,48.22
1777760625,8.56,11.25,6.25,17.46,43.36,16.62,44.90,15.98,48.17
1777760626,8.63,11.25,6.25,17.58,43.36,16.73,44.94,16.02,48.17
1777760628,8.56,10.50,6.50,17.37,43.31,16.56,44.93,16.06,48.13
1777760629,8.56,11.25,6.50,17.34,43.27,16.71,44.96,16.39,48.17
1777760631,8.56,10.75,6.50,17.75,43.31,16.63,44.94,15.69,48.02
1777760633,8.56,10.75,6.50,17.48,43.25,16.58,44.91,16.00,48.05
1777760634,8.63,10.75,6.25,17.73,43.25,16.53,44.90,16.19,48.04
1777760636,8.63,11.00,6.25,17.41,43.15,16.66,44.94,16.11,48.00
1777760637,8.63,11.00,7.00,17.38,43.11,16.57,44.95,16.27,48.01
1777760639,8.69,11.00,6.50,17.63,43.13,16.73,44.99,15.74,47.91
1777760641,8.63,10.25,6.50,17.76,43.10,16.50,44.96,15.91,47.92
1777760642,8.63,11.00,6.50,17.42,43.02,16.62,45.00,16.17,47.95
1777760644,8.69,10.25,6.50,17.27,42.97,16.54,45.02,16.62,48.03
1777760645,8.63,11.00,6.00,17.22,42.93,16.59,45.04,16.05,47.95
1777760647,8.63,11.00,6.25,17.58,42.96,16.66,45.02,16.59,48.05
1777760649,8.63,11.00,6.25,17.52,42.94,16.61,45.00,16.40,48.04
1777760650,8.63,10.50,6.25,17.30,42.89,16.57,44.98,15.61,47.93
1777760652,8.63,11.00,6.00,17.41,42.90,16.54,44.97,16.08,48.05
1777760654,8.56,10.75,6.00,17.52,42.91,16.60,44.95,16.14,48.11
1777760655,8.56,10.75,6.50,17.47,42.87,16.63,44.95,16.48,48.21
1777760657,8.56,10.75,6.25,17.36,42.86,16.58,44.93,16.52,48.27
1777760658,8.56,11.25,6.25,17.75,42.92,16.61,44.90,16.04,48.25
1777760660,8.56,10.75,6.50,17.28,42.86,16.54,44.89,16.44,48.37
1777760662,8.56,11.00,6.25,17.41,42.89,16.56,44.90,16.32,48.39
1777760663,8.50,10.50,6.00,17.42,42.90,16.67,44.93,16.05,48.41
1777760665,8.50,10.75,5.75,17.66,42.97,16.64,44.91,16.23,48.49
1777760666,8.56,10.75,5.75,17.73,43.00,16.67,44.89,16.06,48.51
1777760668,8.50,10.75,6.00,17.68,43.00,16.75,44.88,16.47,48.62
1777760670,8.50,10.50,6.25,17.76,43.02,16.63,44.86,16.22,48.61
1777760671,8.50,10.75,6.00,17.46,42.97,16.65,44.85,16.33,48.63
1777760673,8.44,11.00,6.00,17.28,42.93,16.64,44.86,15.78,48.54
1777760674,8.56,10.75,6.00,17.30,42.93,16.74,44.85,16.27,48.59
1777760676,8.56,10.75,6.00,17.42,42.93,16.66,44.83,16.30,48.60
1777760678,8.56,10.50,6.00,17.63,42.98,16.70,44.81,16.36,48.62
1777760679,8.56,10.25,6.00,17.30,42.91,16.65,44.78,16.03,48.58
1777760681,8.56,10.75,6.25,17.66,42.94,16.70,44.78,16.01,48.57
1777760682,8.63,10.75,5.75,17.72,42.95,16.70,44.76,16.08,48.57
1777760684,8.56,10.25,6.00,17.42,42.88,16.61,44.75,16.29,48.58
1777760686,8.63,10.75,6.00,17.62,42.90,16.84,44.77,15.83,48.48
1777760687,8.56,10.75,6.00,17.30,42.85,16.71,44.73,16.16,48.56
1777760689,8.56,10.50,6.00,17.37,42.86,16.62,44.70,16.07,48.55
1777760690,8.63,10.75,6.25,17.38,42.85,16.59,44.67,16.40,48.61
1777760692,8.56,10.75,6.00,17.42,42.84,16.64,44.68,16.13,48.56
1777760694,8.63,11.25,6.25,17.23,42.82,16.70,44.70,15.98,48.55
1777760695,8.69,10.75,6.25,17.24,42.80,16.64,44.68,15.96,48.55
1777760697,8.69,10.75,5.75,17.55,42.86,16.75,44.70,15.87,48.58
1777760698,8.63,10.75,6.25,17.34,42.84,16.66,44.72,16.28,48.69
1777760700,8.63,10.50,6.00,17.57,42.89,16.68,44.73,15.94,48.68
1777760702,8.63,10.75,5.75,17.58,42.91,16.59,44.74,16.17,48.79
1777760703,8.63,10.75,6.25,17.55,42.94,16.63,44.76,16.29,48.88
1777760705,8.63,10.75,6.25,17.44,42.95,16.50,44.75,16.33,48.96
1777760706,8.63,11.00,6.25,17.62,43.02,16.61,44.79,16.26,48.97
1777760708,8.63,11.00,6.00,17.48,43.01,16.72,44.83,16.33,49.03
1777760710,8.69,10.00,6.00,17.26,43.02,16.55,44.81,15.99,49.03
1777760711,8.69,10.50,5.75,17.52,43.08,16.66,44.84,16.29,49.14
1777760713,8.63,10.75,5.50,17.46,43.09,16.68,44.84,15.94,49.08
1777760715,8.63,10.25,6.00,17.41,43.11,16.48,44.83,16.16,49.15
1777760716,8.63,10.75,6.25,17.47,43.16,16.59,44.84,16.15,49.18
1777760718,8.69,10.50,6.00,17.34,43.19,16.63,44.86,16.12,49.19
1777760719,8.63,10.25,5.75,17.48,43.25,16.61,44.88,16.19,49.23
1777760721,8.63,10.50,5.75,17.32,43.25,16.50,44.88,16.44,49.27
1777760723,8.56,10.75,5.75,17.37,43.29,16.60,44.93,16.23,49.27
1777760724,8.69,11.00,5.50,17.45,43.29,16.52,44.93,16.56,49.33
1777760726,8.69,10.25,5.50,17.09,43.27,16.67,44.95,15.98,49.26
1777760727,8.63,10.75,6.25,17.24,43.32,16.71,44.97,16.18,49.32
1777760729,8.69,10.75,5.75,17.23,43.32,16.58,44.93,16.28,49.33
1777760731,8.63,10.50,6.25,17.17,43.33,16.59,44.94,15.98,49.20
1777760732,8.63,11.00,6.25,17.16,43.36,16.52,44.91,15.77,49.08
1777760734,8.69,10.75,5.00,17.14,43.37,16.55,44.89,16.03,48.99
1777760735,8.63,10.75,6.00,17.30,43.40,16.53,44.91,15.76,48.83
1777760737,8.63,10.50,6.25,17.31,43.39,16.66,44.97,15.92,48.74
1777760739,8.63,10.25,6.25,17.48,43.39,16.59,45.00,15.93,48.69
1777760740,8.56,10.50,6.25,17.29,43.36,16.62,45.00,15.96,48.73
1777760742,8.56,10.50,6.25,17.20,43.31,16.66,45.01,16.13,48.77
1777760743,8.56,10.50,5.75,17.02,43.27,16.70,45.02,15.61,48.71
1777760745,8.56,10.50,5.75,17.37,43.33,16.66,45.05,16.30,48.84
1777760747,8.56,11.00,6.00,17.34,43.31,16.69,45.08,15.46,48.71
1777760748,8.56,10.75,5.75,17.44,43.34,16.61,45.09,15.80,48.76
1777760750,8.56,10.75,6.00,17.23,43.33,16.57,45.12,15.60,48.74
1777760751,8.63,10.75,5.50,17.39,43.39,16.64,45.17,15.88,48.83
1777760753,8.63,10.25,5.50,17.35,43.41,16.63,45.19,16.08,48.93
1777760755,8.56,10.25,5.50,17.36,43.46,16.66,45.20,16.19,49.03
1777760756,8.63,10.25,5.75,17.08,43.45,16.59,45.17,15.78,49.09
1777760758,8.63,10.50,5.50,17.07,43.47,16.70,45.19,16.08,49.29
1777760759,8.63,10.50,5.75,17.23,43.52,16.62,45.19,15.87,49.44
1777760761,8.56,10.50,5.75,17.22,43.57,16.62,45.20,15.87,49.54
1777760763,8.63,10.50,5.75,17.41,43.65,16.59,45.21,15.89,49.65
1777760764,8.63,10.50,5.75,17.25,43.65,16.72,45.21,15.87,49.68
1777760766,8.63,10.50,5.75,17.06,43.66,16.56,45.18,15.77,49.68
1777760768,8.56,10.25,5.50,17.10,43.68,16.59,45.13,15.99,49.71
1777760769,8.56,10.50,6.00,17.34,43.73,16.71,45.10,15.99,49.70
1777760771,8.50,10.25,5.50,17.19,43.72,16.59,45.08,15.98,49.72
1777760772,8.56,10.50,5.50,17.13,43.79,16.62,45.09,15.94,49.73
1777760774,8.50,10.25,5.75,17.06,43.84,16.61,45.10,16.01,49.78
1777760776,8.50,10.75,5.75,17.25,43.94,16.55,45.10,15.99,49.78
1777760777,8.44,10.00,6.00,17.14,43.99,16.62,45.09,15.39,49.72
1777760779,8.50,10.75,6.00,16.93,44.01,16.63,45.08,15.75,49.74
1777760780,8.50,10.25,5.75,17.09,44.04,16.51,45.03,15.83,49.60
1777760782,8.44,10.50,5.50,17.09,44.01,16.65,45.05,15.69,49.49
1777760784,8.50,9.75,5.75,17.21,44.00,16.53,44.99,16.05,49.43
1777760785,8.44,10.25,5.50,17.19,43.96,16.62,45.02,15.28,49.29
1777760787,8.44,10.75,5.75,16.99,43.86,16.67,45.06,15.80,49.39
1777760788,8.50,10.50,5.75,17.30,43.89,16.72,45.06,15.74,49.44
1777760790,8.50,10.25,5.50,17.09,43.86,16.67,45.09,15.71,49.48
1777760792,8.44,10.50,5.50,17.09,43.83,16.69,45.07,16.18,49.59
1777760793,8.50,9.75,5.50,17.04,43.86,16.60,45.09,15.67,49.55
1777760795,8.50,10.25,5.50,17.19,43.88,16.55,45.10,15.70,49.67
1777760796,8.50,10.00,5.50,17.10,43.89,16.50,45.10,15.45,49.73
1777760798,8.50,10.00,5.75,17.31,43.94,16.56,45.11,15.66,49.85
1777760800,8.50,10.25,5.75,17.43,43.97,16.66,45.15,15.87,49.93
1777760801,8.44,10.25,5.50,17.26,43.96,16.57,45.17,15.26,49.83
1777760803,8.44,10.50,5.75,17.23,43.97,16.55,45.22,15.46,49.87
1777760804,8.44,9.75,5.25,16.91,43.95,16.51,45.24,15.81,49.88
1777760806,8.44,10.00,5.25,17.11,43.95,16.56,45.27,15.80,49.86
1777760808,8.44,10.00,5.50,16.99,43.94,16.51,45.27,15.56,49.86
1777760809,8.44,10.00,5.50,17.03,43.94,16.53,45.27,15.26,49.87
1777760811,8.44,10.25,5.25,17.10,43.97,16.50,45.26,15.98,50.05
1777760812,8.44,10.00,5.50,16.83,43.96,16.50,45.26,15.53,50.05
1777760814,8.44,10.25,5.50,16.91,44.02,16.34,45.26,15.86,50.19
1777760816,8.44,10.25,5.50,16.87,44.07,16.48,45.29,16.15,50.33
1777760817,8.38,10.50,5.75,17.00,44.16,16.55,45.32,15.69,50.35
1777760819,8.38,10.00,5.50,17.08,44.27,16.52,45.32,15.86,50.44
1777760821,8.38,10.50,5.50,16.84,44.31,16.51,45.34,15.83,50.45
1777760822,8.38,10.00,5.25,17.01,44.42,16.50,45.32,15.69,50.47
1777760824,8.38,10.00,6.00,16.81,44.48,16.45,45.31,15.69,50.45
1777760825,8.38,10.75,5.50,17.18,44.58,16.49,45.34,15.50,50.41
1777760827,8.31,10.50,5.50,17.19,44.66,16.46,45.35,15.80,50.45
1777760829,8.31,10.50,5.50,16.99,44.65,16.46,45.38,15.58,50.40
1777760830,8.31,10.75,5.50,16.98,44.68,16.44,45.38,15.66,50.34
1777760832,8.25,10.50,5.75,16.93,44.69,16.38,45.40,15.41,50.19
1777760833,8.31,10.50,5.75,16.87,44.68,16.37,45.40,15.50,50.06
1777760835,8.31,10.25,5.50,17.03,44.75,16.46,45.42,15.60,49.90
1777760837,8.25,9.75,5.50,17.11,44.76,16.53,45.42,15.71,49.82
1777760838,8.25,10.25,5.50,17.01,44.73,16.44,45.42,15.23,49.75
1777760840,8.31,10.00,6.00,16.99,44.72,16.42,45.41,15.31,49.85
1777760841,8.31,10.25,5.75,16.89,44.67,16.37,45.42,15.98,50.08
1777760843,8.31,10.00,5.75,16.91,44.63,16.40,45.44,15.66,50.09
1777760845,8.31,10.50,5.25,16.95,44.61,16.47,45.47,15.47,50.19
1777760846,8.25,10.50,5.75,17.01,44.61,16.55,45.49,15.41,50.28
1777760848,8.25,10.25,6.00,16.95,44.58,16.51,45.49,16.01,50.46
1777760849,8.25,10.25,6.00,17.08,44.59,16.37,45.48,15.69,50.46
1777760851,8.25,10.50,6.00,17.02,44.58,16.36,45.52,15.45,50.45
1777760853,8.25,10.75,6.00,16.85,44.52,16.37,45.54,15.61,50.50
1777760854,8.25,10.25,6.00,17.02,44.55,16.27,45.51,15.62,50.53
1777760856,8.25,10.50,6.00,17.02,44.55,16.41,45.57,15.82,50.61
1777760857,8.25,10.75,6.00,17.12,44.51,16.28,45.58,15.74,50.62
1777760859,8.25,10.75,6.00,17.19,44.51,16.52,45.63,15.66,50.62
1777760861,8.31,10.25,6.00,17.03,44.44,16.50,45.64,15.55,50.63
1777760862,8.25,10.00,5.75,17.23,44.42,16.39,45.63,15.54,50.64
1777760864,8.31,10.50,6.25,17.19,44.35,16.50,45.61,15.69,50.68
1777760865,8.25,10.25,5.75,17.05,44.29,16.40,45.60,15.41,50.65
1777760867,8.25,10.75,6.00,16.89,44.22,16.43,45.62,15.48,50.70
1777760869,8.25,10.50,5.50,17.05,44.21,16.47,45.65,15.73,50.79
1777760870,8.25,10.50,6.25,16.80,44.15,16.40,45.63,15.54,50.78
1777760872,8.31,10.50,6.00,16.99,44.14,16.36,45.62,15.70,50.83
1777760874,8.25,10.25,6.25,17.17,44.15,16.46,45.62,15.54,50.80
1777760875,8.31,10.50,6.00,16.99,44.09,16.56,45.66,15.40,50.78
1777760877,8.25,10.25,6.00,17.36,44.11,16.52,45.63,15.26,50.73
1777760878,8.19,10.75,6.00,17.14,44.02,16.47,45.61,15.27,50.72
1777760880,8.25,10.50,5.75,17.06,43.97,16.61,45.62,15.47,50.77
1777760882,8.25,10.50,6.00,17.06,43.93,16.59,45.57,15.61,50.88
1777760883,8.19,10.00,6.00,17.04,43.93,16.48,45.57,15.95,51.05
1777760885,8.25,10.25,6.00,16.91,43.91,16.41,45.56,15.47,51.11
1777760886,8.25,10.50,6.00,17.05,43.96,16.34,45.53,15.92,51.30
1777760888,8.31,10.50,5.75,16.98,43.96,16.42,45.51,15.47,51.32
1777760890,8.31,11.00,5.50,16.77,43.93,16.62,45.52,15.78,51.43
1777760891,8.31,10.50,5.75,17.08,44.02,16.50,45.45,15.66,51.46
1777760893,8.31,10.25,5.75,16.83,44.00,16.51,45.46,15.41,51.45
1777760894,8.25,10.50,6.00,16.90,44.03,16.46,45.42,15.62,51.50
1777760896,8.25,10.25,5.50,16.94,44.04,16.51,45.41,15.77,51.52
1777760898,8.31,10.25,6.00,16.90,44.03,16.44,45.38,15.37,51.43
1777760899,8.25,10.00,5.50,16.98,44.06,16.55,45.37,15.28,51.39
1777760901,8.19,10.75,6.00,16.88,44.03,16.40,45.30,15.65,51.42
1777760902,8.25,10.25,6.00,16.89,44.03,16.50,45.31,15.37,51.34
1777760904,8.25,10.50,6.00,16.96,44.04,16.41,45.30,15.11,51.28
1777760906,8.25,10.50,5.50,16.98,44.09,16.47,45.33,15.65,51.36
1777760907,8.25,10.75,6.00,16.98,44.10,16.48,45.35,15.59,51.33
1777760909,8.25,10.75,5.75,17.02,44.14,16.48,45.37,15.46,51.28
1777760910,8.25,10.75,6.00,17.33,44.18,16.40,45.37,15.24,51.22
1777760912,8.25,10.50,6.25,17.05,44.14,16.39,45.38,15.46,51.23
1777760914,8.25,10.75,6.25,17.10,44.13,16.48,45.38,15.28,51.16
1777760915,8.25,11.00,6.00,17.05,44.13,16.42,45.41,15.30,51.12
1777760917,8.31,10.25,5.75,17.02,44.09,16.47,45.42,15.30,51.09
1777760918,8.31,10.75,6.00,17.12,44.09,16.48,45.43,15.72,51.11
1777760920,8.31,10.75,6.50,17.17,44.06,16.48,45.43,14.90,50.91
1777760922,8.31,10.50,6.50,17.10,44.02,16.51,45.44,15.17,50.89
1777760923,8.31,10.25,6.50,17.14,43.99,16.55,45.43,15.20,50.84
1777760925,8.25,10.75,6.25,17.22,43.96,16.57,45.44,15.37,50.81
1777760927,8.31,10.75,6.25,17.00,43.87,16.47,45.42,15.34,50.70
1777760928,8.25,10.50,6.25,17.10,43.85,16.46,45.41,15.55,50.62
1777760930,8.25,10.75,5.75,17.10,43.83,16.38,45.38,15.32,50.49
1777760931,8.31,10.75,6.25,17.27,43.83,16.48,45.40,15.10,50.38
1777760933,8.31,10.50,6.50,17.09,43.79,16.51,45.36,15.73,50.40
1777760935,8.31,10.75,6.50,17.13,43.78,16.49,45.36,15.37,50.31
1777760936,8.25,10.25,6.25,17.12,43.76,16.62,45.35,14.99,50.25
1777760938,8.25,10.25,6.50,17.13,43.75,16.60,45.35,15.13,50.28
1777760939,8.25,10.25,6.00,17.40,43.75,16.52,45.34,15.38,50.39
1777760941,8.25,10.50,6.25,17.18,43.69,16.48,45.31,15.28,50.41
1777760943,8.19,10.50,6.25,17.02,43.66,16.55,45.28,15.37,50.49
1777760944,8.25,10.75,6.50,17.25,43.67,16.46,45.23,15.42,50.55
1777760946,8.25,10.25,6.50,17.40,43.68,16.65,45.24,14.76,50.48
1777760947,8.25,10.75,5.75,17.27,43.62,16.52,45.20,15.00,50.53
1777760949,8.25,10.50,6.25,17.09,43.59,16.59,45.19,14.77,50.50
1777760951,8.25,10.50,6.50,17.07,43.59,16.55,45.18,15.00,50.55
1777760952,8.19,10.75,6.50,16.98,43.58,16.64,45.16,15.42,50.62
1777760954,8.19,10.50,6.50,17.02,43.57,16.48,45.13,15.00,50.57
1777760955,8.25,10.75,6.25,16.92,43.56,16.54,45.14,15.33,50.66
1777760957,8.25,10.75,6.25,17.04,43.56,16.37,45.14,14.88,50.62
1777760959,8.19,10.75,6.25,16.91,43.53,16.61,45.16,15.10,50.68
1777760960,8.25,10.50,6.25,17.42,43.60,16.72,45.21,15.00,50.68
1777760962,8.25,10.75,6.25,17.25,43.56,16.61,45.18,15.05,50.73
1777760963,8.31,10.50,6.50,17.23,43.56,16.59,45.17,14.87,50.73
1777760965,8.25,10.75,6.25,17.13,43.55,16.55,45.16,15.04,50.78
1777760967,8.25,10.75,6.50,17.04,43.53,16.55,45.14,15.10,50.79
1777760968,8.25,11.00,6.00,17.01,43.52,16.55,45.19,15.03,50.80
1777760970,8.25,10.25,6.25,16.91,43.52,16.60,45.20,15.22,50.84
1777760971,8.25,10.75,6.25,17.08,43.55,16.68,45.22,15.37,50.88
1777760973,8.31,10.50,6.25,17.22,43.58,16.66,45.18,15.26,50.86
1777760975,8.25,10.50,6.50,17.21,43.59,16.59,45.17,15.44,50.89
1777760976,8.25,11.00,6.50,17.17,43.56,16.51,45.12,14.94,50.79
1777760978,8.31,10.75,6.25,17.41,43.62,16.48,45.12,15.27,50.84
1777760980,8.31,11.25,6.50,17.12,43.56,16.48,45.10,15.09,50.82
1777760981,8.38,11.00,6.50,17.08,43.57,16.58,45.10,15.48,50.87
1777760983,8.31,11.00,6.50,17.09,43.57,16.64,45.09,15.33,50.80
1777760984,8.31,11.25,6.25,17.18,43.58,16.63,45.06,15.27,50.76
1777760986,8.31,10.75,6.25,16.95,43.55,16.63,45.06,15.13,50.69
1777760988,8.31,10.50,6.50,17.15,43.58,16.62,45.05,15.03,50.66
1777760989,8.31,11.00,6.00,17.08,43.59,16.63,45.04,15.48,50.71
1777760991,8.38,11.00,6.25,17.21,43.61,16.68,45.07,15.37,50.66
1777760992,8.31,11.00,6.25,17.18,43.62,16.55,45.04,15.02,50.57
1777760994,8.38,11.25,6.25,17.13,43.59,16.58,45.06,15.38,50.56
1777760996,8.38,11.25,6.50,17.11,43.59,16.57,45.04,14.76,50.44
1777760997,8.31,11.00,6.50,17.52,43.66,16.48,44.99,15.21,50.47
1777760999,8.31,10.50,6.50,17.11,43.62,16.66,45.00,15.13,50.47
1777761000,8.38,11.00,6.50,17.03,43.61,16.57,44.98,15.47,50.54
1777761002,8.38,10.50,6.25,16.89,43.58,16.72,45.02,15.03,50.49
1777761004,8.38,11.00,6.50,16.94,43.62,16.52,44.99,15.35,50.60
1777761005,8.31,10.50,5.75,16.87,43.62,16.72,45.00,15.26,50.65
1777761007,8.38,10.75,5.75,17.16,43.71,16.72,45.00,15.23,50.73
1777761008,8.38,10.25,6.25,17.26,43.78,16.55,44.97,15.23,50.87
1777761010,8.31,11.00,6.25,17.10,43.81,16.63,44.97,15.31,51.09
1777761012,8.38,11.00,6.25,17.00,43.85,16.53,45.00,15.54,51.32
1777761013,8.38,10.50,6.25,16.99,43.90,16.58,45.04,15.15,51.42
1777761015,8.44,10.75,6.00,16.93,43.92,16.53,45.06,15.38,51.54
1777761016,8.38,10.25,6.00,17.05,43.95,16.56,45.09,15.50,51.63
1777761018,8.38,10.50,5.50,16.99,43.94,16.53,45.11,15.26,51.60
1777761020,8.44,11.00,6.00,16.92,43.96,16.57,45.11,15.34,51.65
1777761021,8.44,10.75,6.25,16.90,43.99,16.51,45.10,14.92,51.54
1777761023,8.44,10.50,6.00,16.88,44.00,16.49,45.11,14.94,51.45
1777761024,8.44,10.75,6.00,16.86,44.01,16.48,45.09,14.67,51.31
1777761026,8.38,10.25,6.25,17.26,44.08,16.52,45.09,15.51,51.34
1777761028,8.44,10.75,6.00,17.04,44.07,16.49,45.10,15.56,51.22
1777761029,8.44,10.50,6.25,16.94,44.04,16.46,45.10,15.42,51.11
1777761031,8.44,10.75,6.00,17.09,44.07,16.50,45.10,15.09,50.98
1777761032,8.44,10.25,6.25,17.05,44.06,16.44,45.13,15.21,50.98
1777761034,8.44,10.25,6.00,16.94,44.04,16.48,45.12,15.02,50.99
1777761036,8.44,10.75,6.00,17.09,44.09,16.43,45.13,15.19,51.14
1777761037,8.44,10.50,5.75,16.98,44.09,16.51,45.16,15.28,51.29
1777761039,8.44,10.75,5.75,16.87,44.10,16.52,45.19,15.25,51.41
1777761041,8.50,10.50,5.75,17.02,44.20,16.40,45.21,15.29,51.54
1777761042,8.50,11.00,5.75,16.88,44.22,16.50,45.23,15.37,51.64
1777761044,8.50,10.50,5.75,17.11,44.28,16.59,45.26,15.23,51.68
1777761045,8.50,10.50,6.00,16.89,44.28,16.54,45.27,15.23,51.76
1777761047,8.50,11.00,5.75,16.87,44.26,16.43,45.29,15.23,51.80
1777761049,8.50,10.50,5.75,16.83,44.26,16.52,45.33,15.13,51.79
1777761050,8.50,10.25,5.50,16.98,44.29,16.38,45.31,15.45,51.76
1777761052,8.50,10.50,6.00,17.08,44.27,16.51,45.32,15.17,51.62
1777761053,8.44,10.50,5.75,16.98,44.26,16.51,45.31,14.95,51.46
1777761055,8.44,10.50,6.00,16.85,44.21,16.54,45.30,15.46,51.43
1777761057,8.44,10.50,6.00,16.91,44.21,16.42,45.28,15.45,51.31
1777761058,8.44,10.25,5.75,16.86,44.17,16.52,45.28,15.76,51.29
1777761060,8.38,10.50,6.25,17.28,44.23,16.37,45.23,15.63,51.22
1777761061,8.38,10.25,6.00,16.84,44.16,16.47,45.28,15.37,51.18
1777761063,8.44,10.75,6.00,16.90,44.17,16.64,45.32,15.30,51.22
1777761065,8.38,10.50,6.00,16.80,44.16,16.58,45.36,15.11,51.25
1777761066,8.44,10.25,6.00,16.93,44.21,16.44,45.35,15.56,51.38
1777761068,8.31,10.50,6.00,16.80,44.20,16.48,45.35,15.36,51.41
1777761069,8.44,11.00,6.00,17.09,44.26,16.52,45.40,15.77,51.54
1777761071,8.38,10.25,5.75,16.94,44.25,16.44,45.37,15.67,51.56
1777761073,8.38,10.50,6.00,16.77,44.22,16.60,45.41,15.45,51.55
1777761074,8.38,10.75,6.00,16.84,44.17,16.41,45.39,15.34,51.51
1777761076,8.38,11.00,6.00,17.05,44.18,16.49,45.41,15.57,51.47
1777761077,8.31,11.00,6.25,17.05,44.17,16.40,45.39,15.29,51.20
1777761079,8.31,10.75,5.75,16.93,44.13,16.42,45.41,15.45,51.03
1777761081,8.31,10.75,5.75,17.23,44.14,16.39,45.40,15.13,50.77
1777761082,8.31,10.50,6.00,16.81,44.10,16.47,45.42,15.39,50.64
1777761084,8.31,11.00,6.00,16.86,44.09,16.51,45.41,15.23,50.51
1777761085,8.25,10.50,6.25,16.80,44.10,16.48,45.40,15.13,50.41
1777761087,8.25,10.75,5.75,16.98,44.12,16.65,45.44,15.22,50.39
1777761089,8.25,11.00,6.25,16.98,44.10,16.46,45.41,14.84,50.30
1777761090,8.31,10.75,6.00,16.98,44.11,16.50,45.40,15.34,50.38
1777761092,8.25,10.25,6.25,16.98,44.11,16.58,45.41,15.58,50.41
1777761094,8.25,10.50,6.00,17.37,44.18,16.48,45.38,15.73,50.43
1777761095,8.25,10.25,5.75,16.87,44.08,16.63,45.39,15.28,50.34
1777761097,8.31,10.75,6.25,16.83,44.07,16.55,45.35,15.23,50.31
1777761098,8.25,10.75,6.25,16.90,44.08,16.63,45.34,15.56,50.37
1777761100,8.25,10.75,6.50,17.31,44.15,16.55,45.29,15.29,50.31
1777761102,8.25,10.75,6.25,16.76,44.06,16.58,45.28,15.21,50.30
1777761103,8.25,10.75,6.50,16.87,44.07,16.66,45.28,15.16,50.28
1777761105,8.25,10.25,6.00,16.99,44.09,16.65,45.26,15.53,50.36
1777761106,8.25,10.75,6.25,16.98,44.13,16.56,45.22,15.28,50.33
1777761108,8.25,10.75,6.25,17.17,44.19,16.56,45.19,15.45,50.36
1777761110,8.25,10.50,6.25,16.83,44.17,16.62,45.17,15.78,50.42
1777761111,8.25,10.50,6.25,16.99,44.24,16.65,45.14,15.49,50.38
1777761113,8.31,10.75,6.25,16.89,44.26,16.57,45.13,15.67,50.39
1777761114,8.31,11.00,6.25,16.86,44.29,16.53,45.13,15.07,50.26
1777761116,8.25,11.00,6.25,16.87,44.32,16.55,45.13,15.25,50.29
1777761118,8.25,11.00,6.00,16.94,44.34,16.56,45.12,15.30,50.30
1777761119,8.31,10.50,6.00,16.91,44.37,16.60,45.11,15.51,50.31
1777761121,8.25,10.75,5.75,16.92,44.39,16.64,45.12,15.36,50.23
1777761122,8.25,10.25,6.50,16.89,44.40,16.58,45.11,15.51,50.23
1777761124,8.31,11.00,6.25,16.83,44.41,16.53,45.11,15.48,50.23
1777761126,8.31,10.75,6.25,16.97,44.48,16.68,45.15,15.41,50.23
1777761127,8.31,10.75,6.00,16.94,44.49,16.68,45.14,15.25,50.21
1777761129,8.31,10.50,6.25,17.37,44.54,16.51,45.12,15.23,50.19
1777761130,8.31,10.25,6.00,16.88,44.46,16.63,45.14,15.30,50.20
1777761132,8.31,10.50,5.75,16.99,44.43,16.56,45.11,14.95,50.10
1777761134,8.38,10.50,5.50,16.95,44.39,16.53,45.07,15.41,50.17
1777761135,8.31,10.25,5.75,17.03,44.37,16.53,45.04,15.62,50.18
1777761137,8.31,11.00,6.25,17.02,44.31,16.55,45.08,15.28,50.13
1777761138,8.31,10.75,6.00,16.88,44.29,16.54,45.10,15.56,50.18
1777761140,8.38,10.25,6.00,16.87,44.26,16.64,45.13,15.74,50.23
1777761142,8.38,10.25,6.00,16.85,44.27,16.52,45.17,15.30,50.20
1777761143,8.31,10.00,5.75,16.84,44.31,16.58,45.18,15.27,50.25
1777761145,8.38,10.25,6.25,16.95,44.32,16.59,45.17,15.75,50.42
1777761147,8.31,10.50,6.25,17.15,44.37,16.55,45.17,15.47,50.42
1777761148,8.31,10.50,6.00,16.91,44.30,16.57,45.17,15.94,50.51
1777761150,8.31,10.75,5.75,16.98,44.25,16.57,45.18,15.62,50.42
1777761151,8.31,10.25,5.75,17.01,44.24,16.55,45.17,15.80,50.41
1777761153,8.38,10.25,6.25,17.14,44.22,16.50,45.16,15.39,50.31
1777761155,8.31,10.25,6.25,16.97,44.17,16.63,45.18,15.69,50.32
1777761156,8.38,10.75,6.00,17.09,44.21,16.56,45.16,15.56,50.28
1777761158,8.31,10.75,6.25,17.04,44.20,16.61,45.15,15.44,50.24
1777761159,8.31,10.75,6.00,16.85,44.18,16.59,45.13,15.81,50.28
1777761161,8.31,10.25,6.00,17.30,44.29,16.62,45.16,15.46,50.20
1777761163,8.25,10.25,6.00,16.87,44.27,16.59,45.14,15.87,50.26
1777761164,8.31,10.25,6.00,17.14,44.35,16.50,45.12,15.29,50.15
1777761166,8.31,10.00,6.25,16.79,44.32,16.64,45.15,15.77,50.23
1777761167,8.31,10.75,6.00,16.95,44.33,16.52,45.12,15.26,50.11
1777761169,8.31,10.75,6.00,16.95,44.31,16.55,45.14,15.66,50.14
1777761171,8.31,10.25,6.00,16.95,44.31,16.57,45.12,15.56,50.12
1777761172,8.31,10.75,6.00,17.05,44.32,16.58,45.12,15.56,50.07
1777761174,8.31,10.75,6.00,16.84,44.25,16.54,45.14,14.83,49.93
1777761175,8.31,10.50,6.00,17.21,44.26,16.53,45.14,15.37,49.96
1777761177,8.31,10.00,6.00,16.91,44.19,16.69,45.18,15.14,49.91
1777761179,8.31,10.75,6.00,16.85,44.11,16.42,45.13,15.56,49.95
1777761180,8.38,10.25,6.00,17.03,44.14,16.48,45.12,15.69,49.96
1777761182,8.31,10.75,6.50,16.69,44.09,16.55,45.16,15.73,49.93
1777761183,8.31,10.25,6.00,16.87,44.13,16.58,45.18,15.32,49.85
1777761185,8.31,10.25,6.00,16.97,44.11,16.55,45.18,15.58,49.89
1777761187,8.31,10.50,6.00,17.02,44.12,16.51,45.16,15.34,49.83
1777761188,8.31,10.75,6.00,16.87,44.10,16.57,45.15,15.40,49.80
1777761190,8.38,10.50,5.75,16.95,44.10,16.61,45.18,15.59,49.83
1777761191,8.31,10.75,6.00,16.88,44.09,16.67,45.16,15.63,49.82
1777761193,8.31,11.00,6.25,17.02,44.13,16.58,45.15,15.22,49.75
1777761195,8.31,10.25,6.25,17.11,44.18,16.51,45.13,15.57,49.82
1777761196,8.31,10.25,6.00,16.87,44.17,16.53,45.12,15.24,49.76
1777761198,8.31,10.25,6.00,16.90,44.19,16.56,45.17,15.44,49.82
1777761200,8.31,10.75,6.00,16.88,44.19,16.65,45.17,15.26,49.81
1777761201,8.31,10.50,6.25,16.91,44.20,16.51,45.14,15.41,49.84
1777761203,8.31,10.50,6.25,17.01,44.20,16.51,45.14,15.19,49.82
1777761204,8.31,10.25,6.25,17.31,44.26,16.63,45.14,15.45,49.90
1777761206,8.25,10.50,6.50,16.86,44.19,16.49,45.13,15.58,49.92
1777761208,8.31,10.75,5.75,17.33,44.29,16.40,45.10,15.61,49.95
1777761209,8.31,10.25,6.25,17.12,44.30,16.51,45.14,15.62,49.97
1777761211,8.31,10.25,6.25,17.03,44.32,16.58,45.17,15.85,49.98
1777761212,8.31,10.50,6.00,17.38,44.42,16.45,45.17,15.83,49.96
1777761214,8.31,11.00,6.00,16.86,44.35,16.44,45.17,15.57,49.88
1777761216,8.31,10.50,6.25,16.98,44.40,16.58,45.21,15.67,49.84
1777761217,8.38,10.25,6.25,16.90,44.37,16.58,45.20,15.75,49.78
1777761219,8.38,10.75,6.25,17.10,44.39,16.51,45.20,15.47,49.66
1777761220,8.38,10.75,6.25,16.90,44.33,16.58,45.22,15.62,49.60
1777761222,8.38,10.75,5.75,16.76,44.28,16.55,45.21,15.84,49.58
1777761224,8.38,10.50,6.25,16.87,44.26,16.70,45.25,15.76,49.52
1777761225,8.31,10.50,6.25,16.95,44.24,16.58,45.21,15.69,49.43
1777761227,8.38,10.75,6.00,17.09,44.26,16.55,45.22,15.45,49.36
1777761228,8.38,10.50,6.25,16.98,44.21,16.72,45.26,15.43,49.31
1777761230,8.44,10.00,6.25,16.91,44.18,16.55,45.21,15.45,49.30
1777761232,8.38,10.25,6.00,16.98,44.17,16.66,45.23,15.28,49.26
1777761233,8.38,11.00,6.00,17.02,44.17,16.66,45.22,15.47,49.26
1777761235,8.44,10.75,6.50,17.00,44.15,16.63,45.19,15.73,49.26
1777761236,8.38,9.75,6.25,16.88,44.11,16.66,45.16,15.91,49.29
1777761238,8.44,10.50,6.25,17.30,44.15,16.70,45.14,15.54,49.22
1777761240,8.38,9.75,6.25,16.87,44.09,16.62,45.11,16.02,49.32
1777761241,8.38,10.75,5.75,16.80,44.07,16.76,45.15,15.30,49.22
1777761243,8.44,10.00,5.75,17.00,44.11,16.70,45.12,15.63,49.29
1777761244,8.38,10.00,6.25,17.26,44.13,16.57,45.10,15.45,49.27
1777761246,8.38,10.50,6.25,16.88,44.06,16.60,45.09,15.73,49.35
1777761248,8.38,10.50,6.25,17.19,44.10,16.59,45.06,15.69,49.36
1777761249,8.31,10.75,6.25,16.88,44.08,16.63,45.05,15.47,49.33
1777761251,8.38,10.50,6.00,16.98,44.11,16.75,45.05,15.59,49.39
1777761253,8.31,10.50,5.75,16.97,44.16,16.59,45.01,15.56,49.41
1777761254,8.31,10.75,5.75,17.09,44.22,16.60,45.00,15.54,49.45
1777761256,8.38,10.25,6.25,16.87,44.19,16.76,45.01,15.85,49.52
1777761257,8.31,10.50,6.25,16.80,44.17,16.70,45.01,15.63,49.47
1777761259,8.31,10.50,6.00,16.83,44.23,16.70,45.01,15.76,49.47
1777761261,8.38,10.75,6.00,16.77,44.25,16.84,45.06,15.93,49.54
1777761262,8.31,10.25,6.00,16.71,44.32,16.72,45.01,15.44,49.48
1777761264,8.31,10.50,6.00,16.74,44.38,16.59,44.97,15.92,49.68
1777761265,8.38,10.50,5.75,17.08,44.49,16.65,45.03,16.09,49.92
1777761267,8.38,11.00,5.50,16.83,44.49,16.53,45.07,15.57,49.98
1777761269,8.38,10.25,5.25,16.72,44.53,16.52,45.14,15.86,50.13
1777761270,8.38,10.25,5.50,16.80,44.62,16.55,45.24,15.35,50.20
1777761272,8.38,10.50,5.75,16.58,44.65,16.57,45.35,15.71,50.42
1777761273,8.31,10.50,5.50,16.94,44.78,16.59,45.41,15.62,50.58
1777761275,8.31,9.50,6.00,16.80,44.82,16.58,45.46,15.73,50.77
1777761277,8.38,10.00,5.50,16.75,44.88,16.54,45.56,15.31,50.83
1777761278,8.31,10.00,5.75,16.91,44.95,16.53,45.62,15.26,50.94
1777761280,8.31,10.50,5.75,17.03,45.01,16.48,45.64,15.36,51.03
1777761281,8.31,10.50,5.25,16.59,44.98,16.61,45.66,15.66,51.13
1777761283,8.25,10.00,5.50,16.79,45.05,16.56,45.63,15.65,51.16
1777761285,8.31,10.25,5.75,16.72,45.05,16.55,45.59,15.66,51.14
1777761286,8.25,10.25,5.25,16.88,45.09,16.62,45.53,15.91,51.15
1777761288,8.25,10.75,5.75,16.77,45.09,16.61,45.46,15.62,51.08
1777761289,8.19,10.25,5.25,16.79,45.11,16.51,45.43,15.77,51.07
1777761291,8.19,10.25,5.00,16.91,45.14,16.55,45.40,15.73,51.03
1777761293,8.19,10.00,5.50,16.60,45.14,16.54,45.38,15.85,51.01
1777761294,8.19,10.50,5.75,16.83,45.21,16.51,45.35,15.84,50.93
1777761296,8.19,10.50,5.50,16.91,45.25,16.50,45.32,15.98,50.83
1777761297,8.13,10.50,5.25,16.86,45.23,16.63,45.31,15.55,50.57
1777761299,8.19,10.50,6.00,16.58,45.17,16.50,45.29,15.90,50.42
1777761301,8.19,10.75,6.00,16.69,45.20,16.50,45.30,15.42,50.15
1777761302,8.19,10.50,6.00,16.77,45.21,16.59,45.31,15.90,50.05
1777761304,8.19,10.75,6.00,16.91,45.22,16.59,45.32,15.66,49.87
1777761306,8.13,10.50,6.00,16.92,45.20,16.53,45.32,15.83,49.79
1777761307,8.19,10.50,6.25,16.95,45.18,16.54,45.34,15.70,49.64
1777761309,8.19,9.75,6.25,16.69,45.06,16.50,45.32,15.68,49.56
1777761310,8.19,10.50,6.00,16.86,45.02,16.60,45.34,15.78,49.50
1777761312,8.25,10.50,6.00,16.79,44.95,16.48,45.30,15.17,49.33
1777761314,8.25,10.25,6.25,16.87,44.91,16.42,45.27,15.35,49.29
1777761315,8.19,10.50,6.25,16.87,44.85,16.45,45.29,15.64,49.28
1777761317,8.19,10.50,6.00,16.98,44.81,16.48,45.32,15.80,49.28
1777761318,8.19,10.50,6.00,17.16,44.79,16.48,45.36,15.59,49.25
1777761320,8.19,10.50,6.00,16.99,44.73,16.59,45.40,15.62,49.31
1777761322,8.19,10.50,6.25,17.19,44.73,16.43,45.37,15.74,49.37
1777761323,8.19,10.50,6.00,17.10,44.69,16.54,45.39,15.66,49.41
1777761325,8.19,10.50,6.00,16.92,44.65,16.59,45.41,15.80,49.45
1777761326,8.19,10.50,6.00,16.91,44.63,16.60,45.43,15.63,49.48
1777761328,8.19,10.75,6.00,16.72,44.60,16.49,45.41,15.23,49.45
1777761330,8.19,10.75,6.00,17.02,44.66,16.55,45.44,15.34,49.50
1777761331,8.19,10.50,6.25,16.89,44.68,16.58,45.43,15.56,49.57
1777761333,8.25,10.50,5.75,16.70,44.70,16.56,45.43,15.54,49.64
1777761334,8.25,10.75,6.50,16.85,44.74,16.52,45.43,15.80,49.76
1777761336,8.19,10.25,5.75,16.87,44.75,16.52,45.42,15.80,49.81
1777761338,8.19,10.25,6.00,16.68,44.71,16.47,45.41,15.70,49.82
1777761339,8.25,10.75,6.00,16.97,44.76,16.60,45.44,15.66,49.81
1777761341,8.25,10.50,6.00,16.87,44.76,16.56,45.44,15.83,49.85
1777761342,8.25,9.75,6.25,16.73,44.75,16.62,45.45,15.30,49.72
1777761344,8.25,10.25,6.50,16.89,44.81,16.46,45.44,15.88,49.79
1777761346,8.25,10.75,6.50,16.85,44.81,16.50,45.45,15.21,49.59
1777761347,8.25,11.00,6.25,16.76,44.79,16.45,45.44,15.28,49.55
1777761349,8.31,11.00,5.75,16.87,44.76,16.44,45.44,15.61,49.54
1777761350,8.25,10.50,6.25,16.87,44.74,16.48,45.46,15.43,49.49
1777761352,8.25,10.75,6.25,16.96,44.74,16.54,45.47,15.44,49.44
1777761354,8.31,11.00,6.50,16.87,44.67,16.47,45.46,16.05,49.50
1777761355,8.31,10.25,6.00,16.77,44.59,16.50,45.47,15.75,49.45
1777761357,8.25,11.00,6.50,16.95,44.58,16.54,45.47,15.71,49.43
1777761359,8.25,10.50,5.50,16.57,44.49,16.50,45.46,15.64,49.42
1777761360,8.25,10.75,6.25,16.80,44.51,16.50,45.46,15.71,49.47
1777761362,8.25,10.75,5.75,16.94,44.50,16.58,45.47,15.80,49.45
1777761363,8.25,11.00,5.75,16.85,44.46,16.50,45.46,15.85,49.49
1777761365,8.31,10.75,6.25,16.64,44.43,16.49,45.49,15.74,49.49
1777761367,8.31,11.00,5.75,16.80,44.44,16.42,45.45,15.51,49.50
1777761368,8.31,10.50,6.25,17.26,44.53,16.47,45.43,15.15,49.56
1777761370,8.25,10.75,6.25,16.80,44.48,16.58,45.45,15.43,49.64
1777761371,8.25,10.75,6.25,17.01,44.50,16.62,45.45,15.86,49.74
1777761373,8.31,10.75,6.00,17.17,44.54,16.57,45.42,15.40,49.65
1777761375,8.25,10.75,6.00,16.91,44.49,16.58,45.40,15.51,49.65
1777761376,8.25,10.75,6.50,16.71,44.44,16.55,45.40,15.77,49.67
1777761378,8.31,11.00,6.25,17.03,44.50,16.52,45.41,15.56,49.62
1777761379,8.19,10.75,6.00,16.94,44.47,16.57,45.43,15.87,49.64
1777761381,8.19,10.50,6.00,16.98,44.47,16.55,45.45,15.18,49.51
1777761383,8.19,11.00,6.25,16.94,44.48,16.66,45.47,15.45,49.53
1777761384,8.19,10.75,6.25,16.81,44.46,16.53,45.45,15.33,49.49
1777761386,8.13,11.00,6.25,16.57,44.43,16.52,45.44,15.70,49.54
1777761387,8.13,10.50,6.00,16.85,44.48,16.66,45.43,15.48,49.48
1777761389,8.13,10.50,6.00,16.87,44.47,16.62,45.39,15.91,49.50
1777761391,8.06,10.75,5.75,16.68,44.44,16.66,45.35,15.69,49.42
1777761392,8.13,10.50,6.25,17.09,44.51,16.54,45.27,15.96,49.47
1777761394,8.06,11.00,6.25,16.79,44.48,16.53,45.26,15.34,49.43
1777761395,8.06,10.50,6.00,16.73,44.54,16.51,45.26,15.66,49.57
1777761397,8.00,10.25,6.00,16.76,44.58,16.50,45.24,15.74,49.65
1777761399,8.00,11.00,6.00,16.55,44.57,16.55,45.26,15.91,49.70
1777761400,8.06,11.00,6.25,16.87,44.59,16.55,45.27,15.72,49.63
1777761402,8.06,10.75,6.00,16.87,44.58,16.55,45.26,15.76,49.57
1777761403,8.00,10.75,6.25,16.76,44.53,16.62,45.29,15.87,49.56
1777761405,8.00,10.75,6.00,16.83,44.51,16.66,45.30,15.30,49.42
1777761407,8.00,10.50,5.75,16.87,44.52,16.69,45.31,15.30,49.37
1777761408,8.00,10.75,6.25,17.15,44.56,16.55,45.28,15.55,49.38
1777761410,8.00,10.50,5.75,16.90,44.51,16.59,45.29,15.66,49.39
1777761411,7.94,10.00,6.00,16.64,44.47,16.59,45.29,15.91,49.45
1777761413,7.88,10.75,5.50,16.91,44.52,16.53,45.28,15.85,49.44
1777761415,7.88,10.00,6.25,16.74,44.53,16.50,45.28,15.93,49.49
1777761416,7.88,10.25,6.00,16.88,44.57,16.49,45.27,15.80,49.52
1777761418,7.88,10.25,6.25,16.80,44.59,16.56,45.31,15.51,49.50
1777761420,7.88,10.25,5.75,17.05,44.68,16.56,45.32,15.58,49.61
1777761421,7.81,10.50,6.00,16.57,44.64,16.76,45.38,15.62,49.71
1777761423,7.75,10.50,5.50,16.56,44.68,16.55,45.35,15.73,49.85
1777761424,7.81,10.25,6.25,16.70,44.73,16.56,45.40,15.72,49.97
1777761426,7.81,10.50,5.75,16.83,44.79,16.53,45.43,15.47,50.03
1777761428,7.81,10.75,5.75,16.98,44.86,16.58,45.47,15.91,50.20
1777761429,7.81,10.00,5.75,16.72,44.84,16.62,45.47,15.56,50.28
1777761431,7.75,10.50,5.75,16.89,44.93,16.54,45.49,15.61,50.43
1777761432,7.69,9.75,5.50,16.67,44.93,16.53,45.56,15.70,50.55
1777761434,7.75,10.75,5.75,16.64,44.96,16.54,45.59,15.74,50.63
1777761436,7.69,10.50,5.50,16.48,45.00,16.48,45.60,15.43,50.57
1777761437,7.75,10.75,5.50,16.66,45.10,16.55,45.63,15.67,50.52
1777761439,7.75,10.50,5.50,16.60,45.18,16.62,45.67,15.57,50.40
1777761440,7.75,10.00,5.50,16.67,45.27,16.42,45.64,15.38,50.28
1777761442,7.75,11.00,5.75,16.72,45.34,16.39,45.65,15.36,50.15
1777761444,7.75,10.50,5.75,16.65,45.41,16.55,45.66,15.90,50.05
1777761445,7.75,10.50,5.50,16.87,45.51,16.47,45.60,15.62,49.78
1777761447,7.75,10.50,5.75,16.91,45.54,16.59,45.62,15.81,49.62
1777761448,7.75,10.50,5.75,16.87,45.54,16.50,45.58,15.60,49.48
1777761450,7.75,10.25,6.00,16.72,45.48,16.42,45.57,15.35,49.38
1777761452,7.75,10.50,5.75,16.84,45.45,16.41,45.58,15.66,49.33
1777761453,7.75,10.75,5.75,16.86,45.41,16.61,45.60,15.90,49.30
1777761455,7.75,10.75,5.75,16.87,45.39,16.47,45.55,15.81,49.27
1777761456,7.75,10.25,5.75,16.67,45.34,16.40,45.55,15.79,49.26
1777761458,7.75,10.00,5.75,16.91,45.36,16.47,45.57,15.51,49.24
1777761460,7.75,10.50,5.75,16.93,45.35,16.48,45.56,15.74,49.38
1777761461,7.69,10.25,5.75,16.83,45.28,16.53,45.58,15.76,49.44
1777761463,7.75,10.50,5.75,16.97,45.19,16.50,45.55,15.73,49.50
1777761464,7.69,9.75,5.75,16.81,45.09,16.57,45.55,15.82,49.51
1777761466,7.75,10.50,5.25,16.98,45.05,16.59,45.55,15.36,49.42
1777761468,7.75,10.50,5.75,17.07,45.04,16.44,45.52,15.46,49.42
1777761469,7.69,10.50,5.75,16.81,44.99,16.55,45.53,15.51,49.39
1777761471,7.69,10.50,5.75,16.98,45.03,16.59,45.55,15.84,49.44
1777761473,7.69,10.25,5.75,16.93,45.03,16.48,45.53,15.36,49.41
1777761474,7.69,10.25,5.75,16.80,44.99,16.52,45.55,15.56,49.52
1777761476,7.63,10.50,5.75,16.67,44.92,16.54,45.52,15.97,49.65
1777761477,7.63,10.50,5.75,16.93,44.92,16.51,45.52,15.84,49.59
1777761479,7.69,10.50,6.00,16.70,44.84,16.40,45.50,15.67,49.53
1777761481,7.69,10.00,5.75,16.95,44.84,16.49,45.52,15.41,49.41
1777761482,7.63,10.25,6.00,17.12,44.84,16.55,45.54,15.62,49.37
1777761484,7.56,10.50,5.75,16.78,44.75,16.57,45.54,15.93,49.31
1777761485,7.56,10.00,6.00,16.91,44.72,16.54,45.54,15.78,49.22
1777761487,7.56,10.75,6.25,16.83,44.70,16.44,45.54,15.54,49.17
1777761489,7.56,11.00,5.50,16.80,44.70,16.45,45.54,15.51,49.17
1777761490,7.63,10.75,6.00,16.70,44.66,16.47,45.56,15.73,49.19
1777761492,7.63,10.25,6.00,16.86,44.66,16.46,45.56,15.84,49.19
1777761493,7.63,10.50,6.00,16.84,44.61,16.58,45.59,15.36,49.10
1777761495,7.63,10.25,5.75,16.89,44.63,16.53,45.56,15.28,49.10
1777761497,7.56,10.50,6.00,16.70,44.61,16.50,45.58,15.46,49.13
1777761498,7.63,10.25,6.00,16.74,44.63,16.55,45.56,15.51,49.18
1777761500,7.56,10.50,6.00,16.84,44.63,16.53,45.52,15.70,49.26
1777761501,7.56,10.00,6.00,16.72,44.59,16.44,45.47,15.37,49.26
1777761503,7.56,10.50,6.00,17.05,44.64,16.48,45.46,15.49,49.32
1777761505,7.56,10.50,6.00,16.80,44.61,16.55,45.45,15.63,49.33
1777761506,7.56,10.50,6.00,16.96,44.65,16.51,45.43,15.80,49.41
1777761508,7.56,10.50,6.00,16.83,44.64,16.55,45.43,15.35,49.44
1777761509,7.56,10.25,6.00,16.93,44.70,16.43,45.40,15.62,49.65
1777761511,7.56,10.50,5.75,16.91,44.77,16.49,45.41,15.50,49.70
1777761513,7.56,10.75,5.75,16.92,44.83,16.47,45.44,15.80,49.81
1777761514,7.56,10.50,6.25,16.70,44.86,16.45,45.44,15.55,49.82
1777761516,7.56,10.25,5.50,16.87,44.96,16.43,45.43,15.45,49.87
1777761517,7.56,10.25,5.75,16.80,45.04,16.56,45.48,15.60,50.03
1777761519,7.56,10.75,5.75,16.68,45.09,16.58,45.54,15.58,50.17
1777761521,7.50,10.50,5.25,16.87,45.21,16.53,45.58,15.76,50.31
1777761522,7.50,10.50,5.75,17.08,45.35,16.47,45.57,15.97,50.40
1777761524,7.44,10.75,5.75,16.93,45.41,16.36,45.58,15.65,50.39
1777761526,7.44,10.75,5.75,16.69,45.46,16.37,45.58,15.72,50.40
1777761527,7.50,10.75,5.75,16.91,45.52,16.49,45.61,15.49,50.32
1777761529,7.44,10.75,5.75,17.03,45.55,16.43,45.60,15.83,50.25
1777761530,7.50,11.00,6.00,17.01,45.56,16.41,45.60,15.54,50.06
1777761532,7.50,10.50,6.00,16.90,45.54,16.50,45.62,15.79,49.99
1777761534,7.50,10.75,6.00,16.99,45.54,16.51,45.63,15.56,49.82
1777761535,7.50,10.50,6.00,16.84,45.48,16.40,45.61,15.44,49.73
1777761537,7.50,10.50,5.50,16.80,45.44,16.40,45.62,15.65,49.69
1777761538,7.50,10.75,6.00,16.83,45.41,16.52,45.64,15.68,49.63
1777761540,7.44,10.50,6.00,16.94,45.35,16.44,45.64,15.81,49.57
1777761542,7.44,11.00,6.25,16.81,45.30,16.53,45.64,15.37,49.44
1777761543,7.44,11.00,6.00,16.79,45.25,16.48,45.62,15.51,49.40
1777761545,7.50,10.50,6.25,16.96,45.27,16.51,45.65,15.43,49.36
1777761546,7.44,11.00,6.00,17.05,45.28,16.46,45.65,15.72,49.37
1777761548,7.44,11.00,5.75,16.81,45.27,16.45,45.66,15.37,49.30
1777761550,7.44,10.75,6.25,16.78,45.30,16.42,45.66,15.71,49.32
1777761551,7.44,10.75,6.00,16.74,45.31,16.60,45.70,15.61,49.30
1777761553,7.38,11.25,6.00,16.94,45.39,16.50,45.71,15.77,49.34
1777761554,7.31,10.75,6.00,16.87,45.42,16.38,45.71,15.83,49.37
1777761556,7.31,10.75,6.25,16.80,45.45,16.43,45.72,15.62,49.34
1777761558,7.31,10.75,6.25,16.70,45.48,16.41,45.73,15.66,49.38
1777761559,7.25,11.00,5.75,16.89,45.56,16.38,45.72,15.43,49.36
1777761561,7.31,10.75,5.75,16.77,45.55,16.43,45.74,15.35,49.42
1777761562,7.25,10.50,5.75,16.91,45.55,16.40,45.74,15.60,49.47
1777761564,7.25,10.00,6.00,17.00,45.50,16.39,45.74,15.70,49.49
1777761566,7.19,10.50,6.00,16.73,45.38,16.44,45.79,15.32,49.40
1777761567,7.13,10.75,6.00,16.85,45.29,16.37,45.77,15.45,49.39
1777761569,7.19,10.50,5.50,16.84,45.16,16.39,45.78,15.73,49.43
1777761570,7.13,10.75,6.00,16.98,45.10,16.37,45.78,15.44,49.37
1777761572,7.06,10.50,5.75,17.12,45.03,16.33,45.77,15.88,49.46
1777761574,7.06,10.50,6.00,16.70,44.91,16.61,45.82,15.63,49.43
1777761575,7.06,10.50,6.00,16.91,44.87,16.44,45.80,15.45,49.39
1777761577,7.06,10.00,6.00,16.83,44.80,16.34,45.79,15.66,49.43
1777761579,7.06,11.00,5.75,16.64,44.72,16.46,45.82,15.78,49.49
1777761580,7.00,10.75,6.00,16.70,44.68,16.43,45.79,15.44,49.42
1777761582,6.94,10.25,6.00,17.05,44.70,16.51,45.78,15.46,49.45
1777761583,6.94,10.75,6.00,16.65,44.63,16.44,45.76,15.94,49.49
1777761585,6.88,10.50,6.00,16.78,44.63,16.44,45.78,15.34,49.42
1777761587,6.88,10.50,6.00,17.02,44.67,16.55,45.80,15.37,49.44
1777761588,6.88,10.75,6.00,16.98,44.64,16.48,45.77,15.69,49.43
1777761590,6.88,10.25,5.75,16.80,44.60,16.44,45.76,15.47,49.36
1777761591,6.88,10.75,6.25,16.87,44.57,16.43,45.75,15.87,49.33
1777761593,6.81,10.50,5.75,16.81,44.58,16.40,45.73,15.39,49.20
1777761595,6.81,10.75,5.75,16.83,44.58,16.48,45.76,16.05,49.25
1777761596,6.81,10.50,5.75,16.83,44.56,16.53,45.76,15.69,49.18
1777761598,6.75,10.75,6.00,17.11,44.60,16.53,45.77,15.53,49.16
1777761599,6.75,10.75,6.50,16.98,44.56,16.44,45.75,15.75,49.22
1777761601,6.69,10.75,6.00,16.94,44.55,16.48,45.74,15.36,49.16
1777761603,6.69,10.75,6.00,16.80,44.51,16.47,45.73,15.50,49.20
1777761604,6.69,10.25,6.25,17.08,44.53,16.47,45.68,15.80,49.26
1777761606,6.63,10.50,6.00,16.80,44.48,16.48,45.71,15.85,49.28
1777761607,6.63,10.25,6.25,16.78,44.48,16.42,45.67,15.71,49.30
1777761609,6.63,10.75,5.75,16.83,44.50,16.51,45.68,15.22,49.33
1777761611,6.63,10.50,6.00,17.16,44.59,16.54,45.69,15.48,49.53
1777761612,6.63,10.00,6.25,16.98,44.59,16.59,45.72,15.71,49.76
1777761614,6.63,10.25,6.00,16.80,44.62,16.41,45.69,15.37,49.84
1777761615,6.69,10.25,6.00,16.85,44.68,16.50,45.68,15.69,49.92
1777761617,6.63,10.00,5.75,16.93,44.75,16.53,45.67,15.71,49.89
1777761619,6.63,10.75,6.00,16.59,44.74,16.44,45.62,15.69,49.83
1777761620,6.63,10.75,6.00,16.80,44.77,16.54,45.60,15.84,49.79
1777761622,6.63,11.00,6.00,16.64,44.70,16.41,45.57,15.46,49.66
1777761623,6.63,10.50,5.75,17.14,44.76,16.46,45.59,15.58,49.61
1777761625,6.63,11.00,6.00,16.83,44.68,16.50,45.59,15.62,49.53
1777761627,6.63,10.75,6.25,16.74,44.64,16.41,45.56,15.31,49.39
1777761628,6.63,11.00,6.00,16.88,44.65,16.44,45.58,15.58,49.39
1777761630,6.63,10.00,5.50,16.70,44.61,16.48,45.59,15.16,49.26
1777761632,6.63,10.50,6.00,17.02,44.66,16.55,45.58,15.71,49.32
1777761633,6.63,11.00,6.00,16.75,44.59,16.51,45.57,15.37,49.23
1777761635,6.56,10.50,6.00,17.05,44.61,16.49,45.56,15.41,49.19
1777761636,6.56,10.50,5.75,16.87,44.56,16.51,45.54,15.56,49.19
1777761638,6.50,10.25,6.00,16.80,44.55,16.62,45.57,15.73,49.17
1777761640,6.56,10.25,6.25,16.76,44.52,16.55,45.57,15.67,49.16
1777761641,6.56,10.75,5.75,16.80,44.53,16.38,45.54,15.68,49.15
1777761643,6.56,10.75,5.75,16.80,44.53,16.61,45.58,15.71,49.18
1777761644,6.56,10.25,5.75,16.73,44.52,16.56,45.59,15.81,49.20
1777761646,6.56,10.25,6.00,16.85,44.50,16.51,45.58,15.56,49.17
1777761648,6.56,10.25,6.00,16.99,44.54,16.48,45.60,15.45,49.19
1777761649,6.50,10.50,6.00,16.95,44.53,16.48,45.60,15.69,49.25
1777761651,6.56,10.75,6.25,16.90,44.49,16.55,45.66,15.69,49.28
1777761652,6.56,10.75,6.25,17.26,44.56,16.49,45.67,15.37,49.23
1777761654,6.56,10.50,6.25,16.88,44.48,16.42,45.70,15.56,49.29
1777761656,6.56,11.00,6.00,16.65,44.43,16.37,45.73,15.56,49.29
1777761657,6.56,10.75,6.25,16.86,44.46,16.46,45.75,15.38,49.30
1777761659,6.63,10.25,5.50,16.96,44.46,16.36,45.75,15.37,49.34
1777761660,6.56,10.75,5.75,16.79,44.42,16.48,45.74,15.54,49.37
1777761662,6.56,10.75,5.50,16.98,44.43,16.47,45.75,15.69,49.39
1777761664,6.56,10.50,5.25,16.77,44.40,16.37,45.72,15.60,49.38
1777761665,6.56,10.75,5.25,16.84,44.41,16.33,45.70,15.67,49.37
1777761667,6.50,10.75,5.75,16.99,44.43,16.44,45.70,15.79,49.42
1777761668,6.56,10.00,5.75,16.80,44.44,16.45,45.72,15.90,49.48
1777761670,6.56,10.75,6.00,16.62,44.44,16.40,45.71,15.36,49.44
1777761672,6.56,10.75,6.00,16.79,44.50,16.49,45.71,15.94,49.61
1777761673,6.50,10.50,6.00,16.82,44.54,16.47,45.68,15.69,49.69
1777761675,6.56,10.50,6.00,17.11,44.64,16.55,45.71,15.91,49.83
1777761677,6.56,10.50,5.75,17.02,44.64,16.59,45.71,15.56,49.89
1777761678,6.56,10.50,6.00,17.02,44.71,16.40,45.69,15.45,50.00
1777761680,6.56,10.50,5.75,16.62,44.68,16.47,45.71,15.58,50.12
1777761681,6.56,10.50,5.50,16.98,44.80,16.44,45.70,15.86,50.18
1777761683,6.56,10.50,6.00,16.71,44.80,16.55,45.71,15.62,50.16
1777761685,6.56,10.25,5.75,16.87,44.86,16.48,45.69,15.55,50.18
1777761686,6.56,10.00,5.50,16.66,44.85,16.49,45.71,15.77,50.24
1777761688,6.56,10.25,5.25,16.91,44.91,16.50,45.73,15.73,50.29
1777761689,6.56,10.25,5.50,16.68,44.89,16.58,45.78,15.77,50.37
1777761691,6.56,10.00,5.50,16.83,44.93,16.49,45.77,15.90,50.45
1777761693,6.56,10.50,5.75,16.80,44.93,16.43,45.74,15.61,50.49
1777761694,6.56,9.75,5.75,16.87,44.96,16.53,45.73,15.75,50.61
1777761696,6.56,10.50,5.75,16.98,44.97,16.50,45.69,16.22,50.73
1777761697,6.56,10.25,5.75,16.72,44.93,16.51,45.69,15.64,50.74
1777761699,6.56,10.25,5.00,16.90,44.95,16.53,45.67,15.57,50.76
1777761701,6.50,10.25,5.50,16.78,44.95,16.57,45.67,15.77,50.85
1777761702,6.56,10.00,5.75,16.80,44.96,16.39,45.65,15.38,50.79
1777761704,6.50,10.50,5.50,16.66,44.97,16.61,45.70,15.62,50.86
1777761705,6.56,9.75,5.50,16.74,45.03,16.54,45.75,15.79,50.91
1777761707,6.50,10.25,5.50,16.80,45.08,16.39,45.76,15.95,50.93
1777761709,6.50,10.25,5.50,16.83,45.15,16.50,45.76,15.65,50.92
1777761710,6.50,10.00,5.50,16.70,45.26,16.44,45.73,15.60,50.95
1777761712,6.50,10.25,5.75,16.87,45.41,16.40,45.79,15.94,51.06
1777761713,6.50,10.25,5.00,16.75,45.50,16.41,45.88,15.99,51.15
1777761715,6.50,10.25,5.75,16.77,45.60,16.53,45.97,15.43,51.11
1777761717,6.50,10.50,5.25,16.66,45.67,16.48,45.96,15.56,51.17
1777761718,6.44,10.25,5.25,16.72,45.75,16.46,46.00,15.92,51.20
1777761720,6.50,10.50,5.75,16.80,45.84,16.40,45.98,16.02,51.15
1777761721,6.44,10.50,5.75,16.67,45.87,16.37,46.00,15.69,50.96
1777761723,6.50,10.75,6.00,16.69,45.90,16.33,46.00,15.79,50.80
1777761725,6.50,10.75,5.75,16.72,45.90,16.26,45.99,15.66,50.55
1777761726,6.38,10.75,5.75,16.84,45.93,16.42,46.03,16.05,50.41
1777761728,6.44,10.75,5.00,16.92,45.91,16.34,46.02,15.57,50.12
1777761730,6.44,10.50,5.75,16.88,45.84,16.24,46.00,15.77,49.96
1777761731,6.38,11.00,5.75,16.80,45.78,16.39,46.03,15.78,49.81
1777761733,6.44,10.50,5.50,16.81,45.75,16.33,46.03,15.67,49.67
1777761734,6.44,11.00,6.00,16.88,45.71,16.29,46.04,15.83,49.62
1777761736,6.38,10.50,6.00,16.81,45.67,16.31,46.05,15.56,49.50
1777761738,6.38,10.75,5.50,16.63,45.63,16.29,46.04,15.47,49.45
1777761739,6.44,10.00,6.00,16.83,45.64,16.29,46.06,15.68,49.43
1777761741,6.44,10.50,5.75,16.79,45.62,16.39,46.07,15.85,49.45
1777761742,6.44,10.50,6.00,16.66,45.57,16.47,46.09,15.57,49.43
1777761744,6.44,10.75,5.75,16.55,45.51,16.39,46.07,15.62,49.43
1777761746,6.38,10.50,5.75,16.80,45.53,16.30,46.04,15.62,49.48
1777761747,6.44,10.25,5.75,16.87,45.50,16.27,46.02,15.97,49.50
1777761749,6.38,10.25,5.50,16.57,45.39,16.40,46.04,15.41,49.42
1777761750,6.44,10.25,5.25,16.76,45.41,16.28,46.05,15.64,49.50
1777761752,6.44,9.75,5.50,16.76,45.40,16.38,46.12,15.75,49.61
1777761754,6.38,10.50,5.25,16.79,45.41,16.40,46.19,15.73,49.79
1777761755,6.38,10.25,5.25,16.87,45.43,16.28,46.19,15.14,49.89
1777761757,6.44,10.25,5.50,16.70,45.43,16.32,46.20,15.77,50.12
1777761758,6.44,10.50,5.00,16.59,45.42,16.38,46.21,15.34,50.18
1777761760,6.44,10.00,5.25,16.70,45.46,16.38,46.21,15.53,50.37
1777761762,6.38,10.25,5.25,16.76,45.51,16.34,46.22,15.47,50.51
1777761763,6.44,10.25,5.00,16.83,45.54,16.29,46.23,15.62,50.57
1777761765,6.44,10.25,5.25,16.66,45.55,16.24,46.23,15.39,50.51
1777761766,6.44,10.50,5.25,16.93,45.61,16.34,46.24,15.64,50.50
1777761768,6.44,9.75,5.50,16.73,45.59,16.33,46.24,15.43,50.41
1777761770,6.44,10.25,5.00,16.72,45.60,16.23,46.22,15.61,50.33
1777761771,6.44,10.50,5.25,16.58,45.56,16.25,46.20,15.37,50.20
1777761773,6.44,10.25,5.50,16.83,45.60,16.30,46.22,15.70,50.18
1777761774,6.44,9.75,5.25,16.69,45.56,16.22,46.20,15.48,50.06
1777761776,6.44,10.25,5.75,16.94,45.55,16.29,46.19,15.39,49.96
1777761778,6.38,10.25,5.25,16.76,45.50,16.23,46.19,15.19,49.87
1777761779,6.44,10.75,5.50,16.79,45.47,16.31,46.18,15.94,49.92
1777761781,6.38,10.50,5.25,16.72,45.48,16.27,46.15,15.36,49.77
1777761783,6.38,10.50,5.25,16.80,45.54,16.19,46.12,15.70,49.75
1777761784,6.38,11.00,5.50,16.76,45.53,16.21,46.10,15.58,49.62
1777761786,6.38,11.00,5.75,16.55,45.49,16.38,46.15,15.47,49.49
1777761787,6.44,11.00,6.00,16.99,45.49,16.26,46.12,15.51,49.40
1777761789,6.44,10.75,6.00,16.94,45.44,16.38,46.15,15.71,49.41
1777761791,6.44,10.50,5.50,16.74,45.34,16.24,46.13,15.26,49.30
1777761792,6.38,10.50,5.25,16.76,45.31,16.34,46.15,15.52,49.34
1777761794,6.38,11.00,5.75,16.76,45.24,16.44,46.16,15.60,49.30
1777761795,6.44,10.75,6.00,16.76,45.20,16.22,46.15,15.44,49.27
1777761797,6.44,10.75,5.50,16.57,45.13,16.38,46.19,15.45,49.27
1777761799,6.38,10.75,5.75,16.84,45.15,16.36,46.20,15.47,49.30
1777761800,6.44,10.75,5.50,16.67,45.09,16.29,46.19,15.73,49.37
1777761802,6.44,11.00,5.75,16.65,45.06,16.40,46.22,15.50,49.37
1777761803,6.44,10.50,6.00,16.91,45.07,16.29,46.20,15.73,49.41
1777761805,6.44,10.50,5.75,16.98,45.06,16.33,46.20,15.56,49.39
1777761807,6.44,11.00,5.75,16.67,44.98,16.47,46.24,15.47,49.39
1777761808,6.44,10.50,6.00,16.79,44.99,16.36,46.23,15.61,49.45
1777761810,6.38,10.50,5.50,16.93,45.01,16.37,46.20,15.65,49.48
1777761811,6.44,10.50,6.00,16.79,44.97,16.40,46.19,15.26,49.45
1777761813,6.44,10.25,5.50,16.92,44.98,16.43,46.14,15.49,49.50
1777761815,6.44,10.50,6.00,16.72,44.91,16.39,46.14,15.35,49.48
1777761816,6.44,10.50,6.00,16.88,44.93,16.37,46.13,15.49,49.52
1777761818,6.50,11.00,5.75,16.80,44.91,16.39,46.13,15.28,49.49
1777761819,6.50,10.25,6.00,16.87,44.95,16.42,46.11,15.63,49.55
1777761821,6.44,10.50,6.25,16.58,44.88,16.26,46.09,15.61,49.57
1777761823,6.50,10.75,6.00,16.96,44.94,16.29,46.09,15.51,49.58
1777761824,6.50,10.25,6.00,16.94,44.94,16.29,46.07,15.58,49.67
1777761826,6.50,10.25,6.00,16.82,44.92,16.44,46.07,15.87,49.73
1777761827,6.50,11.00,6.00,16.67,44.90,16.39,46.05,15.50,49.69
1777761829,6.50,10.50,5.75,16.69,44.92,16.44,46.05,15.77,49.75
1777761831,6.44,10.75,6.00,16.77,44.92,16.43,46.03,15.84,49.76
1777761832,6.50,10.50,6.00,16.72,44.91,16.48,46.03,15.64,49.73
1777761834,6.44,10.75,6.00,16.80,44.94,16.55,46.05,15.60,49.72
1777761836,6.44,10.75,6.00,16.51,44.89,16.38,46.02,15.64,49.71
1777761837,6.38,10.75,6.00,16.97,44.95,16.64,46.07,15.49,49.67
1777761839,6.44,10.25,6.25,16.72,44.92,16.42,46.03,15.82,49.70
1777761840,6.38,10.75,6.00,16.83,44.95,16.29,46.03,15.50,49.64
1777761842,6.38,10.25,6.00,16.76,44.95,16.41,46.05,15.50,49.63
1777761844,6.38,11.00,6.00,16.92,44.95,16.34,46.04,15.55,49.63
1777761845,6.38,10.25,5.75,16.62,44.92,16.33,46.00,16.08,49.72
1777761847,6.38,10.75,6.25,16.87,44.94,16.52,46.04,15.47,49.60
1777761848,6.38,10.75,6.25,16.83,44.92,16.34,46.00,15.54,49.58
1777761850,6.38,10.50,6.00,16.72,44.91,16.52,46.03,15.47,49.56
1777761852,6.44,10.50,6.25,16.81,44.94,16.37,46.00,15.81,49.62
1777761853,6.38,10.00,6.25,16.76,44.96,16.44,46.02,15.49,49.60
1777761855,6.38,10.50,6.25,16.93,45.02,16.39,46.01,15.90,49.69
1777761856,6.44,10.75,5.75,16.67,44.99,16.33,45.98,15.65,49.67
1777761858,6.50,10.50,5.50,16.80,45.03,16.39,46.00,15.58,49.68
1777761860,6.44,10.50,6.00,16.86,45.07,16.40,46.02,15.25,49.64
1777761861,6.44,10.75,5.75,16.73,45.10,16.41,46.01,15.74,49.78
1777761863,6.50,10.25,5.75,16.90,45.20,16.49,46.03,15.78,49.83
1777761864,6.44,10.50,5.75,16.76,45.26,16.42,45.97,15.54,49.86
1777761866,6.50,10.75,5.75,16.46,45.30,16.40,45.96,15.47,49.92
1777761868,6.50,10.75,6.25,16.78,45.40,16.39,45.97,15.51,49.97
1777761869,6.50,10.75,5.50,16.68,45.43,16.34,45.97,16.01,50.07
1777761871,6.50,10.75,5.50,16.83,45.44,16.41,45.98,15.63,50.03
1777761872,6.44,11.00,6.00,16.73,45.48,16.32,45.96,15.53,50.00
1777761874,6.50,11.00,5.75,16.78,45.49,16.40,45.97,15.58,49.94
1777761876,6.50,10.25,6.00,16.90,45.49,16.41,46.00,15.49,49.81
1777761877,6.50,11.00,6.00,16.70,45.42,16.43,46.00,15.75,49.77
1777761879,6.50,10.50,6.00,16.76,45.38,16.47,46.00,15.58,49.68
1777761881,6.44,11.00,6.00,17.06,45.40,16.40,46.01,15.51,49.62
1777761882,6.50,11.00,5.50,16.80,45.32,16.58,46.05,15.79,49.61
1777761884,6.50,10.75,6.00,16.76,45.29,16.37,46.01,15.38,49.52
1777761885,6.44,10.75,5.75,16.83,45.25,16.51,46.03,15.36,49.64
1777761887,6.44,10.75,6.25,16.65,45.22,16.39,46.02,16.08,49.88
1777761889,6.44,11.00,6.00,16.79,45.22,16.49,46.08,15.45,49.87
1777761890,6.44,10.50,5.75,16.66,45.23,16.40,46.07,15.32,49.94
1777761892,6.44,10.75,6.00,16.72,45.24,16.44,46.07,15.41,50.02
1777761893,6.50,10.25,6.00,16.56,45.23,16.49,46.05,15.82,50.18
1777761895,6.44,10.25,6.00,16.85,45.30,16.49,46.05,15.73,50.26
1777761897,6.50,10.00,6.00,16.87,45.31,16.42,46.03,15.52,50.28
1777761898,6.50,10.50,6.00,16.73,45.30,16.43,46.02,15.60,50.31
1777761900,6.50,10.50,5.75,16.83,45.32,16.37,46.00,15.63,50.28
1777761901,6.44,10.25,6.00,16.70,45.29,16.44,46.03,15.62,50.22
1777761903,6.44,10.50,6.00,16.83,45.32,16.31,46.00,15.75,50.18
1777761905,6.44,10.50,6.00,16.56,45.28,16.46,46.03,15.58,50.10
1777761906,6.44,10.50,6.00,16.85,45.28,16.30,46.00,15.64,50.05
1777761908,6.44,10.75,5.75,16.71,45.27,16.40,46.02,15.86,50.05
1777761909,6.44,10.50,5.75,16.75,45.22,16.40,46.04,15.72,49.96
1777761911,6.50,10.25,6.00,16.72,45.20,16.40,46.06,15.87,49.96
1777761913,6.50,10.75,6.50,16.97,45.21,16.48,46.07,15.45,49.84
1777761914,6.50,11.00,6.00,16.66,45.15,16.38,46.03,15.56,49.80
1777761916,6.50,10.75,6.00,16.78,45.16,16.39,46.04,15.90,49.79
1777761917,6.50,10.50,6.25,16.80,45.15,16.40,46.05,15.41,49.69
1777761919,6.50,10.75,6.00,16.91,45.16,16.40,46.03,15.45,49.68
1777761921,6.56,11.00,6.00,16.72,45.15,16.44,46.04,15.88,49.74
1777761922,6.50,10.50,6.00,16.98,45.18,16.45,46.05,15.94,49.71
1777761924,6.56,10.50,6.25,16.76,45.13,16.40,46.05,15.52,49.62
1777761925,6.56,10.50,5.75,16.85,45.14,16.56,46.05,15.64,49.59
1777761927,6.63,10.75,5.75,16.72,45.13,16.45,46.01,15.37,49.50
1777761929,6.63,10.75,5.75,16.77,45.18,16.45,46.03,15.69,49.55
1777761930,6.63,10.75,6.00,16.49,45.17,16.37,46.00,15.57,49.58
1777761932,6.63,10.75,5.75,16.85,45.28,16.55,46.01,15.65,49.68
1777761934,6.63,10.25,5.75,16.96,45.37,16.39,45.96,15.51,49.75
1777761935,6.63,10.25,5.25,16.85,45.42,16.44,45.94,15.36,49.80
1777761937,6.63,10.50,5.75,16.27,45.37,16.50,45.93,15.80,49.90
1777761938,6.69,10.50,5.75,16.60,45.48,16.37,45.93,15.35,49.85
1777761940,6.63,10.50,5.75,16.74,45.56,16.50,45.97,15.93,49.96
1777761942,6.63,10.75,5.25,16.76,45.62,16.50,45.98,15.94,49.97
1777761943,6.69,9.75,5.50,16.73,45.69,16.40,45.97,15.58,49.97
1777761945,6.63,10.50,5.50,16.49,45.69,16.37,45.92,15.74,50.08
1777761946,6.63,11.00,5.75,16.66,45.81,16.38,45.96,15.64,50.19
1777761948,6.63,10.25,6.00,16.66,45.87,16.33,45.95,15.84,50.33
1777761950,6.63,10.75,5.75,16.51,45.87,16.53,46.00,15.37,50.29
1777761951,6.69,11.00,5.75,16.54,45.89,16.41,45.95,15.58,50.31
1777761953,6.63,11.00,5.75,16.52,45.91,16.41,45.91,15.51,50.21
1777761954,6.63,10.75,5.75,16.74,45.93,16.40,45.92,15.56,50.10
1777761956,6.63,10.50,5.75,16.62,45.88,16.33,45.89,15.33,49.95
1777761958,6.63,10.50,6.00,16.67,45.87,16.40,45.89,15.62,49.87
1777761959,6.63,10.75,5.75,16.48,45.78,16.43,45.88,15.68,49.79
1777761961,6.63,11.25,6.00,16.76,45.80,16.32,45.88,15.80,49.74
1777761962,6.63,11.25,6.25,16.83,45.77,16.25,45.89,15.78,49.66
1777761964,6.63,10.25,5.75,16.45,45.70,16.32,45.91,15.94,49.64
1777761966,6.63,10.75,6.25,16.86,45.74,16.39,45.96,15.89,49.59
1777761967,6.63,11.25,5.75,16.57,45.68,16.44,45.98,15.90,49.54
1777761969,6.63,11.00,6.25,16.68,45.69,16.29,45.98,15.52,49.48
1777761970,6.69,10.25,6.25,16.75,45.70,16.27,45.96,15.91,49.53
1777761972,6.69,10.75,5.75,16.72,45.65,16.39,46.04,15.59,49.49
1777761974,6.69,10.50,6.00,16.87,45.65,16.30,46.03,15.87,49.52
1777761975,6.69,10.50,6.00,16.75,45.60,16.38,46.07,15.29,49.44
1777761977,6.69,10.75,6.00,16.78,45.59,16.37,46.08,15.90,49.56
1777761978,6.69,10.50,5.75,16.74,45.55,16.37,46.09,15.68,49.52
1777761980,6.69,10.50,6.00,16.70,45.53,16.37,46.11,15.34,49.48
1777761982,6.69,10.75,6.00,16.96,45.52,16.44,46.12,15.77,49.57
1777761983,6.69,10.75,6.00,16.76,45.46,16.40,46.14,15.94,49.61
1777761985,6.69,10.25,6.00,16.88,45.41,16.37,46.14,15.44,49.53
1777761987,6.63,11.00,6.00,16.78,45.37,16.45,46.14,15.47,49.52
1777761988,6.63,10.50,6.00,16.87,45.36,16.37,46.12,15.84,49.59
1777761990,6.63,10.50,5.75,16.74,45.29,16.43,46.14,15.52,49.51
1777761991,6.56,10.25,6.00,16.70,45.27,16.43,46.17,15.82,49.57
1777761993,6.63,10.75,6.00,16.91,45.26,16.66,46.24,15.63,49.53
1777761995,6.56,10.00,5.75,16.90,45.26,16.41,46.20,15.34,49.48
1777761996,6.56,10.50,6.25,17.04,45.27,16.48,46.21,15.71,49.57
1777761998,6.56,10.50,6.00,16.76,45.21,16.49,46.21,15.84,49.59
1777761999,6.56,10.75,6.25,16.71,45.19,16.46,46.18,15.84,49.59
1777762001,6.56,10.50,6.00,16.84,45.20,16.45,46.18,15.58,49.55
1777762003,6.56,10.50,6.25,16.79,45.18,16.46,46.16,15.66,49.57
1777762004,6.56,10.50,5.75,16.80,45.18,16.51,46.13,16.17,49.65
1777762006,6.56,10.25,5.75,16.81,45.19,16.46,46.10,15.94,49.63
1777762007,6.56,10.25,6.00,16.60,45.11,16.47,46.07,15.55,49.55
1777762009,6.56,10.75,5.75,16.98,45.16,16.56,46.03,15.44,49.52
1777762011,6.56,11.00,5.75,16.52,45.08,16.55,46.00,15.51,49.53
1777762012,6.56,10.75,6.25,16.66,45.08,16.56,45.99,15.68,49.54
1777762014,6.56,10.50,6.00,16.94,45.11,16.47,45.95,15.43,49.50
1777762015,6.56,10.75,5.50,16.93,45.11,16.48,45.96,15.39,49.49
1777762017,6.56,10.75,6.25,16.66,45.03,16.63,45.98,15.80,49.58
1777762019,6.56,10.75,6.25,16.94,45.05,16.51,45.97,15.62,49.54
1777762020,6.56,10.75,6.25,16.65,45.02,16.55,45.99,15.96,49.60
1777762022,6.56,11.00,5.75,16.94,45.07,16.48,45.99,15.26,49.44
1777762023,6.56,10.50,5.50,16.64,45.04,16.57,45.98,15.32,49.41
1777762025,6.56,10.75,6.25,16.77,45.06,16.44,45.95,15.37,49.38
1777762027,6.56,11.00,6.00,16.79,45.08,16.40,45.91,15.87,49.44
1777762028,6.56,10.75,6.00,16.87,45.11,16.49,45.91,15.65,49.41
1777762030,6.56,11.00,6.00,16.66,45.13,16.43,45.89,15.35,49.38
1777762031,6.63,10.50,6.00,16.72,45.16,16.48,45.90,15.77,49.46
1777762033,6.56,10.50,6.00,16.66,45.18,16.46,45.92,15.30,49.50
1777762035,6.56,10.50,5.50,16.70,45.21,16.51,45.91,15.70,49.80
1777762036,6.56,10.75,5.75,16.86,45.28,16.51,45.92,15.40,49.98
1777762038,6.56,10.50,5.75,16.66,45.28,16.48,45.91,15.44,50.17
1777762040,6.56,10.50,6.00,16.80,45.35,16.56,45.90,15.56,50.34
1777762041,6.56,10.00,6.00,16.94,45.42,16.59,45.89,15.74,50.50
1777762043,6.56,10.75,6.00,16.73,45.40,16.50,45.88,15.48,50.57
1777762044,6.56,10.50,6.00,16.59,45.43,16.49,45.90,15.66,50.65
1777762046,6.56,10.50,5.25,16.83,45.48,16.58,45.92,15.47,50.57
1777762048,6.56,10.75,5.75,16.70,45.46,16.51,45.91,15.62,50.47
1777762049,6.56,10.25,6.00,16.88,45.45,16.45,45.91,15.86,50.37
1777762051,6.56,11.00,5.50,16.98,45.47,16.44,45.87,15.54,50.21
1777762052,6.56,10.50,5.75,16.49,45.39,16.48,45.86,15.83,50.13
1777762054,6.56,10.50,5.75,16.83,45.41,16.55,45.88,15.60,49.96
1777762056,6.56,11.00,6.00,16.83,45.39,16.50,45.90,15.26,49.79
1777762057,6.50,10.75,5.50,16.80,45.36,16.46,45.89,15.76,49.77
1777762059,6.56,11.00,6.25,16.66,45.33,16.39,45.88,15.66,49.67
1777762060,6.56,11.00,6.00,16.76,45.32,16.55,45.90,15.60,49.56
1777762062,6.63,11.00,6.25,16.91,45.34,16.51,45.87,15.82,49.55
1777762064,6.63,10.75,5.75,16.69,45.31,16.40,45.86,15.78,49.51
1777762065,6.56,10.75,6.25,16.88,45.34,16.52,45.89,15.77,49.46
1777762067,6.63,10.75,6.00,16.80,45.30,16.46,45.87,15.39,49.39
1777762068,6.69,10.50,5.50,16.62,45.23,16.32,45.87,15.23,49.32
1777762070,6.63,11.00,6.25,16.71,45.20,16.55,45.90,15.73,49.40
1777762072,6.69,10.50,5.75,16.90,45.20,16.54,45.88,15.56,49.37
1777762073,6.63,10.50,5.75,16.91,45.19,16.44,45.85,15.64,49.40
1777762075,6.63,10.75,6.00,16.91,45.19,16.53,45.84,15.61,49.46
1777762076,6.63,11.00,5.50,16.87,45.20,16.53,45.85,15.88,49.53
1777762078,6.56,10.50,6.00,17.04,45.24,16.40,45.80,15.34,49.46
1777762080,6.69,10.25,6.00,16.76,45.22,16.58,45.83,15.51,49.53
1777762081,6.63,10.75,5.50,16.60,45.23,16.62,45.84,15.65,49.58
1777762083,6.63,10.75,6.00,16.70,45.30,16.53,45.80,15.80,49.61
1777762084,6.56,9.75,6.00,16.91,45.36,16.48,45.77,15.99,49.65
1777762086,6.56,10.50,5.75,16.48,45.31,16.45,45.76,15.38,49.62
1777762088,6.63,10.25,6.00,16.72,45.39,16.57,45.82,15.42,49.76
1777762089,6.63,10.50,5.75,16.63,45.41,16.49,45.89,15.37,49.96
1777762091,6.63,10.75,5.50,16.76,45.44,16.55,45.96,15.50,50.16
1777762093,6.56,11.00,6.00,16.77,45.45,16.59,46.02,15.60,50.34
1777762094,6.63,10.50,5.25,16.76,45.46,16.43,46.00,15.87,50.56
1777762096,6.63,10.25,5.75,16.76,45.48,16.48,46.02,15.77,50.67
1777762097,6.63,10.75,5.50,16.72,45.54,16.48,46.02,15.61,50.75
1777762099,6.63,10.50,6.00,16.72,45.61,16.62,46.08,15.83,50.84
1777762101,6.63,10.75,5.75,16.70,45.71,16.33,46.03,15.87,50.86
1777762102,6.63,10.50,5.50,16.70,45.76,16.51,46.09,15.85,50.80
1777762104,6.63,10.50,5.50,16.68,45.85,16.47,46.09,15.56,50.65
1777762105,6.63,10.25,5.50,16.68,45.87,16.41,46.07,15.53,50.51
1777762107,6.63,10.00,5.75,16.78,45.88,16.47,46.09,16.05,50.52
1777762109,6.69,10.00,5.25,16.85,45.91,16.40,46.08,15.61,50.41
1777762110,6.63,10.50,5.50,16.89,45.93,16.45,46.09,15.97,50.40
1777762112,6.56,10.25,5.75,16.43,45.91,16.37,46.07,15.51,50.31
1777762113,6.63,10.00,5.75,16.70,45.99,16.42,46.07,15.70,50.39
1777762115,6.63,10.50,5.25,16.43,45.98,16.41,46.10,15.83,50.51
1777762117,6.63,9.75,5.50,16.69,46.03,16.48,46.13,15.46,50.54
1777762118,6.63,10.25,5.25,16.51,45.99,16.53,46.18,15.26,50.59
1777762120,6.56,10.25,5.50,16.71,46.04,16.31,46.16,15.57,50.72
1777762121,6.63,10.25,5.50,16.54,46.02,16.43,46.22,15.76,50.86
1777762123,6.63,10.00,5.50,16.48,46.03,16.31,46.25,15.58,50.95
1777762125,6.63,10.00,5.50,16.60,46.05,16.38,46.29,15.69,51.05
1777762126,6.63,10.25,5.25,16.70,46.03,16.35,46.29,15.87,51.15
1777762128,6.63,10.50,5.50,16.70,46.00,16.48,46.33,15.61,51.11
1777762129,6.56,10.00,5.50,16.71,45.99,16.43,46.32,15.89,51.18
1777762131,6.63,10.25,5.25,16.80,46.01,16.38,46.30,15.94,51.19
1777762133,6.63,10.25,5.25,16.54,45.95,16.48,46.35,15.60,51.13
1777762134,6.56,10.00,5.25,16.52,45.94,16.43,46.35,15.57,51.12
1777762136,6.56,9.50,5.25,16.67,45.94,16.49,46.39,15.77,51.12
1777762138,6.63,10.25,5.50,16.55,45.93,16.56,46.43,15.64,51.03
1777762139,6.63,10.25,5.25,16.43,45.90,16.37,46.35,15.49,50.98
1777762141,6.56,10.25,5.25,16.55,45.93,16.43,46.40,15.82,51.02
1777762142,6.56,10.25,5.25,16.45,45.90,16.33,46.39,15.70,51.03
1777762144,6.56,10.75,5.00,16.62,45.92,16.40,46.43,15.52,51.01
1777762146,6.50,10.25,5.25,16.42,45.91,16.44,46.39,15.90,51.08
1777762147,6.50,10.50,5.25,16.62,45.97,16.43,46.35,15.69,51.09
1777762149,6.44,10.75,5.00,16.36,45.96,16.36,46.34,15.72,51.06
1777762150,6.44,10.50,5.50,16.48,45.99,16.48,46.37,15.41,51.02
1777762152,6.44,10.75,5.25,16.37,45.98,16.33,46.39,15.34,50.99
1777762154,6.50,10.25,4.75,16.27,45.96,16.32,46.40,15.66,51.04
1777762155,6.44,10.00,5.00,16.51,46.00,16.37,46.37,15.33,50.99
1777762157,6.44,10.25,5.25,16.37,45.99,16.35,46.33,15.56,51.01
1777762158,6.44,10.25,5.75,16.46,46.03,16.42,46.29,15.37,50.95
1777762160,6.44,10.25,5.75,16.51,46.04,16.29,46.25,15.42,50.92
1777762162,6.44,10.25,5.25,16.59,46.01,16.51,46.28,15.54,50.86
1777762163,6.44,10.50,5.25,16.67,45.94,16.40,46.26,16.05,50.82
1777762165,6.44,10.25,5.50,16.44,45.85,16.45,46.28,15.78,50.66
1777762166,6.38,10.00,5.75,16.62,45.86,16.32,46.28,15.22,50.49
1777762168,6.44,10.25,5.75,16.67,45.87,16.36,46.30,15.46,50.53
1777762170,6.38,10.00,5.75,16.73,45.86,16.29,46.33,15.71,50.60
1777762171,6.38,10.50,5.75,16.69,45.86,16.31,46.35,15.56,50.63
1777762173,6.38,10.00,5.75,16.59,45.86,16.33,46.36,15.47,50.65
1777762174,6.38,10.00,5.75,16.62,45.89,16.32,46.35,15.60,50.69
1777762176,6.44,10.50,5.50,16.50,45.89,16.24,46.34,15.60,50.64
1777762178,6.38,10.75,5.00,16.45,45.88,16.25,46.35,15.73,50.68
1777762179,6.44,10.25,5.50,16.58,45.91,16.21,46.35,15.63,50.71
1777762181,6.38,10.50,5.25,16.56,45.95,16.50,46.43,15.98,50.79
1777762182,6.44,10.25,4.75,16.52,45.95,16.20,46.41,15.66,50.71
1777762184,6.44,10.25,5.50,16.35,45.96,16.35,46.40,15.98,50.71
1777762186,6.38,10.50,4.75,16.43,46.03,16.30,46.41,15.55,50.54
1777762187,6.44,10.25,5.50,16.49,46.06,16.23,46.40,15.70,50.48
1777762189,6.44,10.25,5.50,16.36,46.08,16.32,46.42,15.77,50.46
1777762191,6.44,10.25,4.75,16.59,46.16,16.40,46.44,15.80,50.47
1777762192,6.44,9.75,5.25,16.43,46.21,16.27,46.44,15.42,50.52
1777762194,6.44,10.00,5.00,16.52,46.30,16.23,46.43,15.80,50.65
1777762195,6.50,10.00,5.00,16.37,46.34,16.26,46.44,15.31,50.65
1777762197,6.44,10.75,5.25,16.21,46.36,16.28,46.45,15.29,50.74
1777762199,6.44,10.50,5.00,16.35,46.44,16.40,46.47,15.49,50.87
1777762200,6.38,10.50,5.00,16.51,46.46,16.27,46.50,15.56,50.97
1777762202,6.44,10.00,5.25,16.34,46.49,16.24,46.52,15.59,51.04
1777762203,6.44,10.50,5.00,16.41,46.49,16.32,46.55,15.71,51.11
1777762205,6.44,10.25,5.25,16.52,46.52,16.25,46.55,15.46,51.15
1777762207,6.44,10.50,4.75,16.54,46.53,16.34,46.54,15.23,51.20
1777762208,6.50,10.00,5.50,16.26,46.48,16.38,46.55,15.75,51.35
1777762210,6.44,10.00,5.25,16.20,46.46,16.16,46.53,15.73,51.39
1777762211,6.44,10.25,5.00,16.46,46.48,16.32,46.56,15.69,51.41
1777762213,6.44,9.75,5.25,16.16,46.41,16.36,46.56,15.38,51.41
1777762215,6.44,10.50,5.25,16.19,46.43,16.25,46.55,15.72,51.52
1777762216,6.44,10.25,5.25,16.22,46.42,16.33,46.60,15.84,51.56
1777762218,6.44,10.50,5.00,16.28,46.43,16.32,46.66,15.41,51.53
1777762219,6.44,10.25,5.50,16.28,46.44,16.20,46.72,15.45,51.57
1777762221,6.38,9.75,5.25,16.40,46.45,16.15,46.78,15.73,51.66
1777762223,6.44,10.00,5.25,16.44,46.44,16.33,46.85,15.56,51.68
1777762224,6.44,9.75,5.25,16.27,46.39,16.24,46.84,15.87,51.72
1777762226,6.44,9.75,5.25,16.37,46.39,16.17,46.79,15.42,51.59
1777762227,6.44,10.25,5.25,16.26,46.39,16.20,46.78,15.31,51.46
1777762229,6.38,10.25,5.25,16.51,46.41,16.16,46.75,15.31,51.33
1777762231,6.38,10.50,5.50,16.22,46.38,16.27,46.75,15.38,51.23
1777762232,6.38,9.50,4.75,16.27,46.39,16.25,46.69,15.91,51.22
1777762234,6.38,10.25,5.00,16.45,46.44,16.18,46.67,15.50,51.08
1777762235,6.38,10.00,4.75,16.72,46.51,16.18,46.65,15.74,51.11
1777762237,6.38,10.00,5.25,16.48,46.47,16.25,46.68,15.67,51.12
1777762239,6.38,9.50,5.50,16.43,46.46,16.08,46.70,15.47,51.14
1777762240,6.38,10.25,5.25,16.18,46.43,16.16,46.76,15.48,51.24
1777762242,6.38,10.25,5.00,16.30,46.45,16.12,46.83,15.22,51.33
1777762244,6.38,10.25,4.75,16.31,46.45,16.21,46.92,15.37,51.46
1777762245,6.38,10.00,5.25,16.27,46.45,16.27,47.00,15.66,51.65
1777762247,6.38,10.00,5.25,16.44,46.49,16.19,47.03,15.19,51.69
1777762248,6.44,10.50,5.25,16.30,46.48,16.29,47.14,15.91,51.93
1777762250,6.38,10.00,5.50,16.33,46.49,16.28,47.19,15.26,51.91
1777762252,6.38,10.50,5.25,16.23,46.47,16.31,47.21,15.81,52.04
1777762253,6.38,10.25,5.25,16.18,46.50,16.13,47.14,15.68,52.06
1777762255,6.38,10.25,4.50,16.24,46.49,16.25,47.16,15.45,52.07
1777762256,6.38,10.00,5.50,16.44,46.56,16.11,47.10,15.62,52.11
1777762258,6.38,10.25,5.50,16.31,46.54,16.27,47.04,15.37,52.07
1777762260,6.38,10.00,5.25,16.47,46.56,16.19,47.01,15.84,52.16
1777762261,6.38,10.00,5.00,16.40,46.56,16.19,47.00,15.20,52.04
1777762263,6.38,10.00,5.00,16.33,46.57,16.29,47.02,15.32,52.03
1777762264,6.38,10.00,5.50,16.27,46.58,16.27,46.99,15.71,52.06
1777762266,6.38,10.00,5.00,16.04,46.53,16.15,46.98,15.66,52.04
1777762268,6.38,10.25,5.00,16.41,46.59,16.14,46.96,15.28,51.98
1777762269,6.38,10.50,5.25,16.15,46.55,16.19,46.92,15.49,52.02
1777762271,6.31,10.50,5.75,16.17,46.55,16.39,46.92,15.38,51.99
1777762272,6.31,10.50,5.75,16.41,46.56,16.20,46.86,15.30,52.01
1777762274,6.38,10.50,5.00,16.44,46.55,16.31,46.89,15.39,52.05
1777762276,6.31,10.50,5.00,16.28,46.52,16.30,46.85,15.34,52.04
1777762277,6.38,10.50,5.50,16.16,46.50,16.23,46.80,15.24,52.04
1777762279,6.31,10.25,5.50,16.30,46.53,16.18,46.79,15.12,52.08
1777762280,6.31,10.75,5.75,16.02,46.48,16.12,46.75,15.34,52.14
1777762282,6.38,10.25,5.50,16.17,46.51,16.16,46.76,15.17,52.15
1777762284,6.38,10.50,5.50,16.49,46.59,16.21,46.75,15.41,52.21
1777762285,6.38,10.75,5.75,16.29,46.62,16.18,46.73,15.16,52.18
1777762287,6.38,10.50,6.00,16.27,46.64,16.09,46.71,15.52,52.21
1777762288,6.38,10.50,6.00,16.35,46.74,16.21,46.74,15.83,52.13
1777762290,6.44,10.25,6.00,16.29,46.74,16.19,46.80,15.05,51.84
1777762292,6.38,10.25,6.00,16.33,46.75,16.16,46.81,15.15,51.71
1777762293,6.38,10.75,6.25,16.24,46.71,16.11,46.82,14.84,51.54
1777762295,6.38,10.75,6.25,16.40,46.73,16.17,46.82,15.27,51.51
1777762297,6.38,10.75,6.00,16.35,46.72,16.23,46.85,15.34,51.43
1777762298,6.38,10.00,6.00,16.14,46.66,16.11,46.85,15.29,51.32
1777762300,6.44,10.00,5.75,16.33,46.66,16.15,46.85,15.37,51.25
1777762301,6.44,10.75,6.00,16.20,46.62,16.18,46.86,15.12,51.20
1777762303,6.44,11.00,5.75,16.16,46.60,16.23,46.85,15.32,51.26
1777762305,6.44,10.75,6.25,16.20,46.58,16.08,46.84,15.37,51.32
1777762306,6.44,10.25,6.00,16.44,46.60,16.11,46.82,15.37,51.47
1777762308,6.44,10.50,6.00,16.13,46.52,16.39,46.85,15.64,51.67
1777762309,6.44,10.75,6.00,16.52,46.57,16.21,46.82,15.37,51.76
1777762311,6.44,10.75,5.75,16.51,46.54,16.14,46.79,15.21,51.84
1777762313,6.50,10.50,6.25,16.43,46.53,16.13,46.75,15.15,51.95
1777762314,6.50,10.75,6.00,16.28,46.54,16.20,46.74,15.42,52.07
1777762316,6.50,10.75,6.25,16.63,46.58,16.17,46.74,15.73,52.19
1777762317,6.50,11.00,6.00,16.33,46.53,16.12,46.76,15.45,52.18
1777762319,6.50,10.75,6.00,16.26,46.46,16.14,46.78,15.58,52.21
1777762321,6.50,11.25,5.75,16.36,46.46,16.05,46.83,15.16,52.12
1777762322,6.44,10.50,6.00,16.34,46.40,16.19,46.86,15.34,52.15
1777762324,6.50,10.75,5.75,16.36,46.38,16.08,46.84,15.34,52.12
1777762325,6.44,10.50,6.50,16.73,46.38,16.21,46.85,15.34,52.09
1777762327,6.44,10.50,5.75,16.44,46.28,16.18,46.85,15.09,52.06
1777762329,6.50,10.75,5.75,16.50,46.28,16.17,46.88,15.36,52.11
1777762330,6.50,10.25,5.75,16.53,46.24,16.27,46.88,15.27,52.14
1777762332,6.50,10.75,6.00,16.59,46.26,16.32,46.93,14.88,52.14
1777762333,6.44,10.25,6.25,16.31,46.25,16.09,46.90,15.27,52.31
1777762335,6.44,10.25,5.75,16.23,46.26,16.25,46.96,15.10,52.40
1777762337,6.44,11.00,5.25,16.19,46.28,16.19,46.93,15.31,52.58
1777762338,6.50,10.75,5.75,16.39,46.37,16.16,46.93,14.76,52.60
1777762340,6.50,10.75,5.75,16.12,46.38,16.14,46.94,15.44,52.80
1777762341,6.50,11.00,5.75,16.49,46.47,16.27,46.94,15.09,52.85
1777762343,6.50,10.75,5.75,16.17,46.44,16.23,46.97,15.31,52.97
1777762345,6.50,10.75,5.25,16.31,46.51,16.16,46.98,14.87,52.99
1777762346,6.50,11.00,5.50,16.36,46.54,16.27,47.01,15.00,53.08
1777762348,6.50,10.50,5.75,16.67,46.64,16.16,46.99,14.94,53.09
1777762350,6.50,10.50,5.25,16.51,46.65,16.16,46.97,15.10,53.10
1777762351,6.50,11.00,5.75,16.55,46.70,16.18,46.95,15.48,53.02
1777762353,6.50,10.75,5.75,16.49,46.70,16.22,46.91,15.05,52.90
1777762354,6.56,10.75,6.00,16.37,46.71,16.12,46.88,15.58,52.95
1777762356,6.56,10.75,5.75,16.48,46.72,16.32,46.90,15.26,52.85
1777762358,6.56,10.50,5.75,16.10,46.65,16.16,46.89,14.94,52.71
1777762359,6.50,10.50,5.75,16.52,46.73,16.12,46.87,15.44,52.74
1777762361,6.56,10.50,6.00,16.24,46.71,16.19,46.88,15.37,52.67
1777762362,6.50,10.50,5.75,16.80,46.81,16.15,46.88,15.26,52.66
1777762364,6.50,10.00,6.00,16.33,46.74,16.16,46.90,15.09,52.66
1777762366,6.50,10.75,6.00,16.23,46.76,16.19,46.90,15.53,52.78
1777762367,6.50,10.75,6.00,16.30,46.76,16.19,46.91,15.09,52.70
1777762369,6.50,11.00,6.00,16.42,46.75,16.21,46.92,14.87,52.66
1777762370,6.50,10.75,6.00,16.27,46.68,16.05,46.87,14.87,52.57
1777762372,6.44,11.25,6.00,16.27,46.64,16.15,46.88,15.14,52.50
1777762374,6.50,10.75,5.75,16.35,46.60,16.15,46.89,15.04,52.37
1777762375,6.50,10.25,6.25,16.41,46.56,16.14,46.90,14.81,52.23
1777762377,6.50,10.75,6.25,16.43,46.49,16.19,46.92,14.64,52.13
1777762378,6.50,10.25,5.25,16.36,46.46,16.05,46.88,14.97,52.14
1777762380,6.44,10.00,6.00,16.41,46.41,16.15,46.92,14.70,52.05
1777762382,6.44,10.50,6.00,16.36,46.39,16.16,46.94,15.02,52.10
1777762383,6.44,10.50,6.00,16.26,46.33,16.16,46.95,14.64,52.01
1777762385,6.44,10.75,6.00,16.37,46.32,16.24,46.97,15.07,52.07
1777762386,6.38,10.25,6.50,16.23,46.28,16.16,46.93,14.80,52.01
1777762388,6.44,10.75,6.00,16.40,46.26,16.23,46.95,14.87,52.00
1777762390,6.44,10.50,6.25,16.16,46.21,16.19,46.95,15.30,52.07
1777762391,6.44,10.25,6.25,16.55,46.25,16.27,46.96,15.08,52.00
1777762393,6.50,10.50,6.00,16.30,46.17,16.26,46.93,14.85,51.97
1777762394,6.44,10.50,6.00,16.39,46.17,16.19,46.89,15.03,52.00
1777762396,6.44,11.00,6.00,16.22,46.13,16.26,46.87,14.80,51.93
1777762398,6.44,10.50,6.00,16.40,46.16,16.25,46.84,14.91,51.94
1777762399,6.44,10.50,5.75,16.33,46.14,16.19,46.88,15.08,51.93
1777762401,6.44,11.00,6.25,16.50,46.18,16.12,46.85,14.69,51.87
1777762403,6.50,10.75,5.75,16.34,46.16,16.32,46.90,14.85,51.88
1777762404,6.44,10.50,6.25,16.15,46.12,16.38,46.92,14.91,51.88
1777762406,6.44,11.00,5.75,16.35,46.16,16.33,46.91,15.03,51.88
1777762407,6.50,10.75,6.25,16.45,46.16,16.30,46.92,15.35,51.94
1777762409,6.50,10.75,6.00,16.43,46.17,16.26,46.89,15.19,51.90
1777762411,6.50,10.50,5.75,16.23,46.12,16.25,46.86,14.80,51.83
1777762412,6.44,10.75,6.00,16.37,46.15,16.31,46.83,15.29,51.91
1777762414,6.44,10.50,6.00,16.58,46.18,16.27,46.80,14.98,51.83
1777762415,6.50,10.25,6.50,16.40,46.14,16.45,46.77,15.31,51.85
1777762417,6.44,10.50,6.25,16.29,46.11,16.27,46.73,14.92,51.78
1777762419,6.50,10.75,6.25,16.45,46.16,16.34,46.75,15.43,51.85
1777762420,6.50,11.00,6.25,16.44,46.13,16.24,46.71,14.91,51.82
1777762422,6.56,10.75,6.00,16.30,46.13,16.33,46.71,15.19,51.93
1777762423,6.50,10.50,6.25,16.43,46.15,16.38,46.70,15.25,51.99
1777762425,6.50,10.50,5.75,16.33,46.12,16.33,46.66,15.30,52.05
1777762427,6.56,10.75,6.25,16.34,46.09,16.18,46.60,15.92,52.17
1777762428,6.50,10.75,6.25,16.16,46.05,16.42,46.61,14.92,52.01
1777762430,6.50,10.75,6.00,16.30,46.09,16.11,46.55,15.25,52.10
1777762431,6.56,10.50,6.25,16.37,46.11,16.31,46.59,15.20,52.12
1777762433,6.50,10.25,6.00,16.45,46.14,16.20,46.56,15.04,52.14
1777762435,6.50,10.25,5.75,16.65,46.17,16.29,46.56,15.14,52.18
1777762436,6.50,11.00,6.00,16.59,46.19,16.16,46.54,15.04,52.17
1777762438,6.56,10.75,6.00,16.20,46.13,16.33,46.57,14.81,52.14
1777762439,6.50,10.50,5.50,16.37,46.19,16.18,46.53,15.04,52.18
1777762441,6.50,10.75,6.00,16.19,46.16,16.29,46.57,14.98,52.18
1777762443,6.50,10.50,6.25,16.29,46.19,16.23,46.59,15.14,52.20
1777762444,6.50,10.50,6.25,16.28,46.22,16.30,46.61,15.05,52.21
1777762446,6.50,10.50,6.00,16.38,46.25,16.27,46.62,15.31,52.29
1777762448,6.50,10.25,6.25,16.38,46.24,16.29,46.64,15.32,52.27
1777762449,6.56,10.00,5.75,16.49,46.27,16.33,46.65,15.26,52.27
1777762451,6.50,10.00,5.50,16.48,46.29,16.32,46.67,14.99,52.26
1777762452,6.50,10.50,6.00,16.58,46.34,16.23,46.66,15.36,52.40
1777762454,6.50,10.50,5.50,16.35,46.32,16.49,46.68,14.99,52.40
1777762456,6.44,10.50,6.00,16.19,46.35,16.15,46.63,15.32,52.52
1777762457,6.44,10.50,6.00,16.36,46.41,16.32,46.68,14.87,52.51
1777762459,6.50,10.75,5.50,16.29,46.43,16.36,46.69,15.00,52.55
1777762460,6.44,10.75,6.25,16.33,46.44,16.27,46.68,15.27,52.58
1777762462,6.50,10.50,5.00,16.27,46.44,16.23,46.73,15.32,52.53
1777762464,6.50,10.75,6.00,16.41,46.46,16.12,46.74,14.87,52.43
1777762465,6.44,10.75,6.00,16.43,46.47,16.29,46.75,15.05,52.45
1777762467,6.50,10.75,6.00,16.58,46.45,16.40,46.81,15.05,52.41
1777762468,6.44,11.25,6.00,16.22,46.36,16.29,46.79,15.12,52.37
1777762470,6.38,11.00,6.00,16.39,46.35,16.22,46.80,15.11,52.26
1777762472,6.38,9.75,6.00,16.16,46.30,16.26,46.81,15.48,52.25
1777762473,6.38,10.50,6.25,16.44,46.33,16.28,46.83,15.45,52.19
1777762475,6.38,10.50,6.00,16.55,46.39,16.31,46.84,15.37,52.13
1777762476,6.38,10.75,6.00,16.80,46.43,16.29,46.82,15.05,52.09
1777762478,6.38,10.75,6.00,16.31,46.34,16.32,46.83,14.76,52.11
1777762480,6.38,10.50,6.00,16.37,46.39,16.32,46.82,15.56,52.31
1777762481,6.38,10.50,6.00,16.37,46.40,16.23,46.79,15.16,52.28
1777762483,6.38,10.75,6.00,16.33,46.42,16.37,46.80,15.34,52.35
1777762484,6.38,10.25,6.00,16.47,46.44,16.15,46.74,15.09,52.30
1777762486,6.38,10.25,6.00,16.44,46.42,16.27,46.77,15.43,52.33
1777762488,6.44,10.00,6.00,16.29,46.40,16.29,46.75,15.16,52.25
1777762489,6.38,10.50,6.00,16.59,46.44,16.27,46.77,15.09,52.22
1777762491,6.38,10.50,6.00,16.14,46.37,16.26,46.78,15.63,52.30
1777762492,6.44,10.50,6.00,16.36,46.39,16.29,46.77,15.35,52.23
1777762494,6.44,10.50,5.75,16.37,46.39,16.27,46.79,15.56,52.31
1777762496,6.44,10.75,6.00,16.36,46.39,16.29,46.80,15.31,52.35
1777762497,6.38,10.75,5.50,16.23,46.38,16.14,46.80,15.45,52.47
1777762499,6.50,10.50,5.75,16.26,46.39,16.23,46.81,15.27,52.56
1777762501,6.50,10.50,5.50,16.26,46.41,16.17,46.83,15.50,52.75
1777762502,6.50,10.25,5.75,16.33,46.45,16.17,46.84,15.44,52.84
1777762504,6.50,10.50,5.00,16.33,46.50,16.14,46.86,15.43,52.95
1777762505,6.50,10.25,5.75,16.49,46.60,16.12,46.92,15.19,53.00
1777762507,6.50,10.75,5.75,16.28,46.64,16.23,47.01,15.38,53.12
1777762509,6.50,10.50,5.25,16.37,46.70,16.23,47.05,15.28,53.16
1777762510,6.50,9.75,5.75,16.23,46.74,16.23,47.05,15.39,53.26
1777762512,6.44,10.50,6.00,16.21,46.78,16.16,47.03,15.78,53.40
1777762513,6.50,10.00,5.50,16.27,46.84,16.25,47.06,15.34,53.36
1777762515,6.44,10.25,5.75,15.97,46.84,16.33,47.07,15.62,53.48
1777762517,6.50,10.00,5.75,16.33,46.97,16.18,47.06,15.34,53.51
1777762518,6.50,10.25,5.25,16.19,47.01,16.24,47.07,15.32,53.56
1777762520,6.50,10.75,5.50,16.31,47.09,16.19,47.05,15.39,53.64
1777762521,6.50,10.50,5.50,16.41,47.10,16.18,47.07,15.49,53.67
1777762523,6.44,10.25,5.75,16.37,47.06,16.06,47.08,15.39,53.69
1777762525,6.44,10.50,5.25,16.17,47.00,16.25,47.09,15.48,53.69
1777762526,6.44,10.50,5.75,16.40,46.98,16.18,47.07,15.25,53.62
1777762528,6.44,10.75,6.00,16.29,46.89,16.15,47.05,15.26,53.62
1777762529,6.44,10.00,5.75,16.17,46.80,16.16,47.03,15.27,53.56
1777762531,6.50,10.25,5.50,16.13,46.74,16.12,47.00,15.23,53.45
1777762533,6.50,10.50,5.50,16.02,46.72,16.23,47.01,15.34,53.40
1777762534,6.44,10.50,6.00,16.48,46.77,16.16,46.99,15.33,53.37
1777762536,6.50,10.75,5.75,16.07,46.68,16.29,47.02,15.28,53.36
1777762537,6.50,10.25,5.75,16.40,46.70,16.13,47.00,15.01,53.32
1777762539,6.44,10.75,5.25,16.35,46.69,16.24,47.04,15.30,53.39
1777762541,6.50,10.50,5.50,16.17,46.64,16.30,47.05,15.31,53.47
1777762542,6.44,10.25,5.75,16.13,46.63,16.26,47.04,15.23,53.50
1777762544,6.44,10.25,5.25,16.27,46.66,16.34,47.06,15.33,53.60
1777762545,6.56,10.00,5.50,16.33,46.68,16.19,47.10,15.33,53.62
1777762547,6.50,10.50,5.50,16.02,46.64,16.29,47.12,15.16,53.61
1777762549,6.50,10.50,5.50,16.46,46.74,16.29,47.10,14.90,53.57
1777762550,6.50,10.75,5.50,16.24,46.71,16.28,47.07,15.40,53.65
1777762552,6.50,10.50,5.50,16.64,46.77,16.26,47.04,15.45,53.67
1777762554,6.50,10.75,5.25,16.12,46.67,16.21,47.01,14.94,53.58
1777762555,6.50,10.25,6.00,16.25,46.69,16.43,47.05,15.32,53.68
1777762557,6.50,10.50,5.75,16.10,46.65,16.16,47.01,15.16,53.69
1777762558,6.50,10.75,5.75,16.72,46.74,16.16,47.00,15.55,53.81
1777762560,6.50,10.50,6.00,16.39,46.70,16.22,47.01,14.87,53.73
1777762562,6.44,10.50,5.75,16.29,46.70,16.24,47.01,14.93,53.78
1777762563,6.50,10.50,5.75,16.16,46.69,16.14,47.03,14.81,53.80
1777762565,6.50,10.75,5.50,16.20,46.74,16.16,47.05,15.04,53.90
1777762566,6.44,10.75,5.75,16.19,46.78,16.21,47.07,14.80,53.91
1777762568,6.44,10.75,6.25,16.44,46.93,16.28,47.12,15.19,54.01
1777762570,6.44,10.75,5.75,16.23,46.99,16.12,47.10,15.36,54.07
1777762571,6.44,10.75,5.50,16.46,47.13,16.19,47.12,15.04,54.06
1777762573,6.44,10.25,6.00,16.34,47.16,16.09,47.13,14.98,54.11
1777762574,6.44,10.25,5.50,16.40,47.19,16.16,47.15,14.87,54.18
1777762576,6.44,10.25,5.50,16.22,47.20,16.09,47.19,14.98,54.26
1777762578,6.44,10.50,5.75,16.34,47.26,16.12,47.24,14.81,54.31
1777762579,6.50,10.50,5.75,16.27,47.27,16.05,47.29,15.03,54.40
1777762581,6.44,10.50,5.75,16.14,47.29,16.00,47.31,14.91,54.44
1777762582,6.50,10.50,5.75,16.40,47.37,16.08,47.37,15.02,54.54
1777762584,6.50,10.00,5.25,16.08,47.38,16.04,47.38,15.02,54.58
1777762586,6.50,10.75,5.50,16.21,47.39,16.10,47.42,15.02,54.63
1777762587,6.44,10.50,5.75,16.37,47.43,15.91,47.42,15.35,54.71
1777762589,6.50,10.75,5.25,16.38,47.45,16.17,47.46,15.12,54.67
1777762590,6.44,10.50,4.75,16.40,47.52,16.05,47.45,14.75,54.62
1777762592,6.44,10.25,5.75,16.09,47.49,16.16,47.51,15.24,54.72
1777762594,6.44,10.50,5.25,16.41,47.55,16.04,47.50,14.66,54.63
1777762595,6.44,10.25,6.00,16.48,47.60,16.04,47.51,15.07,54.69
1777762597,6.44,10.75,6.00,16.45,47.59,16.06,47.51,15.56,54.81
1777762598,6.44,10.50,6.00,16.11,47.54,16.03,47.55,15.01,54.76
1777762600,6.44,10.75,5.50,16.22,47.53,15.98,47.55,15.37,54.83
1777762602,6.44,10.75,5.50,16.49,47.55,15.99,47.57,14.80,54.79
1777762603,6.50,10.50,6.00,16.07,47.45,16.08,47.62,14.70,54.81
1777762605,6.50,10.25,5.50,16.12,47.48,15.99,47.62,15.31,54.93
1777762607,6.50,10.25,5.75,16.36,47.55,16.01,47.62,15.19,54.89
1777762608,6.50,10.25,5.75,16.18,47.60,15.98,47.63,14.71,54.79
1777762610,6.44,10.50,5.25,16.13,47.57,16.08,47.62,15.02,54.81
1777762611,6.44,10.75,6.00,16.18,47.58,15.91,47.56,15.11,54.75
1777762613,6.44,10.75,5.25,16.03,47.58,15.98,47.56,14.80,54.65
1777762615,6.50,10.75,5.75,16.35,47.60,16.09,47.54,14.54,54.48
1777762616,6.50,10.00,5.75,16.28,47.55,15.83,47.50,15.11,54.41
1777762618,6.50,10.00,5.50,16.37,47.47,16.01,47.51,15.10,54.20
1777762619,6.44,10.50,5.50,16.24,47.31,16.02,47.53,15.10,53.98
1777762621,6.44,10.25,5.75,16.19,47.19,15.90,47.52,14.86,53.76
1777762623,6.44,10.50,6.00,16.43,47.13,15.98,47.51,14.71,53.55
1777762624,6.50,10.50,5.75,16.27,46.96,16.00,47.53,15.13,53.48
1777762626,6.44,10.25,5.75,16.55,46.90,16.08,47.54,15.42,53.41
1777762627,6.44,10.25,6.00,16.19,46.74,16.19,47.57,14.98,53.26
1777762629,6.38,10.00,6.00,16.41,46.70,15.99,47.53,15.66,53.34
1777762631,6.38,10.25,6.00,16.45,46.68,16.08,47.54,14.55,53.16
1777762632,6.38,10.00,5.75,16.39,46.59,16.08,47.52,14.85,53.20
1777762634,6.38,10.00,5.75,16.54,46.57,15.99,47.48,15.28,53.28
1777762635,6.31,10.50,5.75,16.29,46.52,16.17,47.47,14.70,53.21
1777762637,6.38,11.00,6.00,16.24,46.46,15.98,47.42,15.45,53.36
1777762639,6.38,10.25,5.75,16.37,46.51,16.15,47.39,14.80,53.32
1777762640,6.38,10.00,5.75,16.34,46.47,16.03,47.34,14.80,53.45
1777762642,6.31,10.75,6.00,16.37,46.44,16.09,47.33,15.09,53.67
1777762643,6.31,10.50,5.75,16.38,46.43,16.21,47.35,14.73,53.78
1777762645,6.38,10.50,5.75,16.40,46.45,16.07,47.29,14.78,53.97
1777762647,6.38,10.75,5.50,16.53,46.47,16.15,47.32,15.34,54.23
1777762648,6.38,10.00,5.75,16.40,46.49,16.07,47.31,15.07,54.33
1777762650,6.38,10.75,5.50,16.36,46.48,16.03,47.33,14.58,54.37
1777762652,6.38,10.25,5.50,16.42,46.50,16.05,47.36,14.61,54.49
1777762653,6.38,10.75,5.75,16.33,46.47,16.13,47.42,14.94,54.64
1777762655,6.31,10.25,5.50,16.30,46.48,16.06,47.43,14.91,54.68
1777762656,6.38,10.00,6.00,16.38,46.50,16.11,47.44,15.14,54.73
1777762658,6.38,10.75,5.75,16.58,46.56,16.12,47.43,15.24,54.70
1777762660,6.38,11.00,6.00,16.41,46.49,16.06,47.39,15.22,54.62
1777762661,6.38,10.50,6.00,16.36,46.45,16.08,47.36,14.76,54.46
1777762663,6.38,10.00,6.00,16.25,46.42,16.05,47.36,14.93,54.41
1777762664,6.38,10.50,5.50,16.37,46.41,15.99,47.34,14.58,54.24
1777762666,6.38,10.75,6.00,16.47,46.34,15.97,47.34,15.30,54.24
1777762668,6.31,10.00,5.75,16.33,46.30,16.08,47.32,14.44,54.02
1777762669,6.31,10.50,6.00,16.61,46.32,16.05,47.28,14.54,53.91
1777762671,6.38,10.00,5.50,16.56,46.29,16.07,47.24,14.92,53.82
1777762672,6.31,10.50,6.25,16.35,46.25,16.16,47.26,14.91,53.75
1777762674,6.31,10.75,6.00,16.45,46.26,16.14,47.24,14.95,53.67
1777762676,6.38,10.25,6.25,16.66,46.31,16.19,47.25,14.74,53.58
1777762677,6.38,10.75,6.00,16.40,46.26,16.19,47.26,14.91,53.62
1777762679,6.38,10.75,6.00,16.44,46.26,16.16,47.24,14.88,53.63
1777762680,6.38,10.50,6.00,16.55,46.27,16.15,47.24,15.08,53.68
1777762682,6.38,10.75,6.00,16.62,46.28,16.04,47.21,14.93,53.69
1777762684,6.44,10.50,6.00,16.45,46.25,16.04,47.22,15.09,53.80
1777762685,6.44,10.00,6.00,16.10,46.18,16.12,47.23,15.23,53.93
1777762687,6.44,10.75,6.00,16.43,46.26,15.96,47.23,14.72,53.94
1777762688,6.44,10.50,6.00,16.69,46.29,16.01,47.25,14.51,54.00
1777762690,6.44,10.50,5.75,16.37,46.29,16.00,47.24,14.51,54.07
1777762692,6.50,10.75,6.00,16.27,46.32,16.03,47.28,14.99,54.23
1777762693,6.50,10.75,6.00,16.38,46.43,16.09,47.32,14.58,54.27
1777762695,6.50,10.75,6.00,16.49,46.47,15.98,47.31,14.70,54.39
1777762696,6.50,10.50,6.25,16.18,46.51,16.09,47.32,14.41,54.42
1777762698,6.50,10.75,5.75,16.53,46.59,16.05,47.30,15.08,54.59
1777762700,6.50,10.75,5.50,16.70,46.65,16.11,47.32,14.76,54.60
1777762701,6.50,10.75,5.75,16.37,46.61,16.08,47.34,14.51,54.65
1777762703,6.50,10.00,5.75,16.40,46.67,16.14,47.38,14.84,54.81
1777762705,6.50,10.50,5.75,16.33,46.70,16.03,47.38,14.99,54.93
1777762706,6.50,10.25,5.75,16.51,46.81,15.98,47.38,14.83,54.96
1777762708,6.50,10.50,5.75,16.52,46.89,16.02,47.41,15.08,55.08
1777762709,6.50,10.75,6.00,16.51,46.98,16.18,47.47,14.75,55.14
1777762711,6.50,10.75,6.00,16.73,47.07,16.04,47.46,14.74,55.23
1777762713,6.50,10.50,5.75,16.51,47.09,16.24,47.50,14.53,55.28
1777762714,6.50,10.75,5.25,16.44,47.13,16.04,47.50,14.75,55.40
1777762716,6.44,10.75,5.75,16.37,47.17,16.15,47.51,14.92,55.48
1777762717,6.50,10.00,5.25,16.29,47.23,16.01,47.48,14.76,55.50
1777762719,6.44,10.50,5.75,16.18,47.25,16.09,47.47,14.71,55.52
1777762721,6.50,10.00,5.75,16.23,47.29,16.09,47.46,14.91,55.55
1777762722,6.44,10.25,5.75,16.62,47.38,16.08,47.47,14.51,55.46
1777762724,6.44,11.00,6.00,16.17,47.32,15.99,47.46,14.59,55.43
1777762725,6.44,10.50,5.25,16.18,47.35,16.11,47.44,15.02,55.38
1777762727,6.44,10.00,5.50,16.36,47.45,16.09,47.41,15.19,55.31
1777762729,6.44,10.25,5.75,16.26,47.46,15.93,47.40,14.82,55.22
1777762730,6.44,10.50,5.75,16.48,47.49,15.99,47.42,14.98,55.30
1777762732,6.44,10.50,5.50,16.29,47.45,16.00,47.49,14.75,55.36
1777762733,6.44,10.25,5.75,16.19,47.42,16.02,47.55,15.31,55.54
1777762735,6.44,10.50,5.50,16.50,47.45,16.01,47.57,14.80,55.51
1777762737,6.44,10.00,5.00,16.18,47.41,16.03,47.56,14.88,55.59
1777762738,6.44,10.25,5.50,16.23,47.43,16.23,47.60,14.58,55.55
1777762740,6.38,9.75,5.75,16.25,47.43,16.23,47.60,14.75,55.57
1777762741,6.44,10.25,5.50,16.13,47.40,16.12,47.56,14.59,55.50
1777762743,6.44,10.25,5.50,16.24,47.41,16.02,47.53,14.90,55.44
1777762745,6.38,10.25,5.75,16.37,47.42,16.10,47.52,14.37,55.31
1777762746,6.38,10.00,5.00,16.23,47.33,16.08,47.53,15.02,55.45
1777762748,6.38,10.00,5.25,16.43,47.35,16.09,47.56,14.67,55.47
1777762749,6.38,9.75,5.50,16.34,47.30,16.14,47.56,14.44,55.50
1777762751,6.38,10.00,5.00,16.33,47.27,16.22,47.56,15.15,55.69
1777762753,6.31,9.50,5.25,16.43,47.27,16.14,47.53,14.62,55.64
1777762754,6.31,9.50,5.25,16.16,47.21,16.25,47.53,14.75,55.70
1777762756,6.31,10.00,5.50,16.49,47.25,16.17,47.50,15.00,55.75
1777762758,6.38,9.75,5.00,16.22,47.18,16.10,47.49,14.74,55.71
1777762759,6.38,10.00,5.50,16.36,47.19,16.17,47.49,14.72,55.74
1777762761,6.31,9.75,4.75,16.46,47.19,16.03,47.48,14.51,55.70
1777762762,6.31,10.00,5.25,16.24,47.14,16.10,47.47,14.80,55.78
1777762764,6.31,10.00,5.75,16.23,47.17,16.00,47.44,14.86,55.76
1777762766,6.31,10.50,5.75,15.95,47.14,15.95,47.39,14.94,55.71
1777762767,6.31,10.00,5.50,16.42,47.26,15.94,47.35,15.11,55.63
1777762769,6.25,10.50,5.50,16.05,47.26,15.97,47.33,14.96,55.42
1777762770,6.25,10.00,5.75,16.51,47.38,16.01,47.32,14.51,55.10
1777762772,6.31,10.50,5.50,16.31,47.35,16.05,47.32,15.00,54.92
1777762774,6.25,10.50,6.00,16.51,47.34,16.09,47.32,14.95,54.66
1777762775,6.25,10.50,5.50,16.31,47.27,16.19,47.34,14.80,54.43
1777762777,6.25,10.00,5.75,16.27,47.20,16.05,47.31,14.98,54.29
1777762778,6.25,10.25,5.25,16.51,47.18,15.97,47.33,14.87,54.21
1777762780,6.25,10.75,6.00,16.49,47.14,15.95,47.36,14.98,54.28
1777762782,6.25,10.50,5.75,16.35,47.13,16.02,47.38,14.76,54.31
1777762783,6.25,10.75,6.00,16.35,47.21,15.91,47.38,14.94,54.41
1777762785,6.25,10.00,5.25,16.35,47.26,16.05,47.45,14.48,54.41
1777762786,6.25,10.25,5.75,16.18,47.30,15.97,47.47,14.87,54.59
1777762788,6.19,10.00,6.00,16.40,47.37,16.12,47.53,14.27,54.57
1777762790,6.25,10.75,5.75,16.59,47.47,15.98,47.52,14.84,54.73
1777762791,6.25,10.75,5.50,16.24,47.45,15.92,47.52,14.87,54.81
1777762793,6.25,10.00,5.75,16.53,47.52,16.06,47.55,14.72,54.74
1777762794,6.31,10.75,5.75,16.22,47.48,15.88,47.54,15.08,54.69
1777762796,6.25,10.75,5.75,16.55,47.52,16.00,47.59,14.98,54.54
1777762798,6.25,10.75,6.00,16.26,47.44,15.92,47.57,14.98,54.39
1777762799,6.31,10.25,6.00,16.40,47.42,15.99,47.56,14.92,54.20
1777762801,6.31,10.25,5.75,16.26,47.34,16.10,47.60,14.80,54.03
1777762802,6.31,10.25,6.00,16.36,47.29,15.99,47.58,14.76,53.92
1777762804,6.31,10.25,5.25,16.26,47.23,16.19,47.62,14.75,53.84
1777762806,6.31,10.75,6.00,16.34,47.21,16.00,47.59,14.94,53.80
1777762807,6.31,10.25,5.75,16.51,47.20,16.00,47.57,14.98,53.71
1777762809,6.31,10.75,6.25,16.19,47.10,15.96,47.57,14.36,53.55
1777762811,6.31,10.50,6.00,16.41,47.05,15.98,47.56,14.80,53.55
1777762812,6.31,10.50,5.75,16.36,46.96,16.05,47.58,14.92,53.53
1777762814,6.31,10.25,6.25,16.33,46.85,16.05,47.57,14.70,53.44
1777762815,6.31,10.75,6.25,16.54,46.78,16.12,47.53,14.55,53.41
1777762817,6.31,10.50,6.25,16.56,46.69,16.08,47.54,14.48,53.38
1777762819,6.38,10.50,6.00,16.21,46.54,16.05,47.50,14.93,53.47
1777762820,6.38,10.25,6.25,16.76,46.59,15.99,47.48,14.60,53.41
1777762822,6.38,10.50,6.00,16.40,46.47,16.07,47.51,15.05,53.47
1777762823,6.38,10.75,6.00,16.54,46.48,16.09,47.49,14.94,53.50
1777762825,6.38,10.50,6.00,16.54,46.47,16.17,47.47,14.74,53.57
1777762827,6.31,10.50,5.50,16.33,46.46,16.18,47.46,14.94,53.73
1777762828,6.31,10.25,6.25,16.72,46.55,16.16,47.42,15.02,53.85
1777762830,6.31,10.50,6.00,16.30,46.47,16.14,47.36,14.96,53.86
1777762831,6.31,10.75,6.00,16.51,46.48,16.12,47.33,14.94,53.84
1777762833,6.31,10.75,6.00,16.42,46.46,16.08,47.28,14.91,53.77
1777762835,6.31,10.00,6.00,16.70,46.45,16.19,47.29,14.98,53.73
1777762836,6.31,10.75,6.00,16.59,46.40,16.05,47.25,14.78,53.66
1777762838,6.31,10.25,6.00,16.35,46.33,16.25,47.31,14.98,53.66
1777762839,6.31,10.50,6.00,16.61,46.37,16.23,47.32,14.70,53.57
1777762841,6.31,10.25,6.00,16.43,46.34,16.22,47.32,14.48,53.51
1777762843,6.31,10.25,6.00,16.62,46.38,16.23,47.27,14.69,53.51
1777762844,6.31,10.50,6.00,16.64,46.40,16.29,47.26,15.07,53.57
1777762846,6.25,10.00,6.00,16.41,46.40,16.16,47.22,14.47,53.56
1777762847,6.31,10.50,5.75,16.39,46.45,16.16,47.21,14.95,53.79
1777762849,6.31,10.25,5.75,16.30,46.46,16.25,47.25,14.44,53.90
1777762851,6.31,10.50,5.25,16.30,46.52,16.21,47.26,14.97,54.13
1777762852,6.31,10.25,6.00,16.36,46.55,16.33,47.24,14.68,54.16
1777762854,6.31,10.50,5.50,16.39,46.61,16.20,47.21,15.05,54.23
1777762856,6.31,10.50,5.50,16.66,46.71,16.30,47.21,14.84,54.15
1777762857,6.25,10.00,5.50,16.48,46.72,16.29,47.21,14.75,54.15
1777762859,6.25,10.25,5.50,16.47,46.76,16.28,47.16,14.43,54.15
1777762860,6.31,10.25,5.50,16.39,46.78,16.27,47.13,14.99,54.24
1777762862,6.31,10.00,5.75,16.45,46.80,16.21,47.11,14.44,54.04
1777762864,6.25,10.25,6.00,16.34,46.83,16.24,47.07,14.63,53.96
1777762865,6.31,10.00,5.25,16.35,46.84,16.20,47.05,14.51,53.84
1777762867,6.31,10.00,5.75,16.40,46.88,16.14,47.04,14.97,53.85
1777762868,6.31,10.25,5.75,16.27,46.89,16.19,47.06,14.66,53.80
1777762870,6.31,10.50,5.75,16.49,46.90,16.29,47.08,15.19,53.95
1777762872,6.38,10.50,5.75,16.33,46.81,16.28,47.06,14.96,53.91
1777762873,6.38,10.25,5.50,16.61,46.83,16.33,47.05,15.11,53.92
1777762875,6.38,10.25,5.50,16.26,46.73,16.23,46.99,15.09,53.85
1777762876,6.38,9.75,5.50,16.39,46.73,16.23,46.96,14.88,53.71
1777762878,6.38,10.50,5.75,16.27,46.71,16.32,46.97,14.97,53.62
1777762880,6.44,10.50,5.25,16.20,46.69,16.27,46.96,15.20,53.57
1777762881,6.44,10.00,5.75,16.60,46.70,16.19,46.94,14.86,53.39
1777762883,6.44,10.25,6.00,16.47,46.65,16.38,46.97,14.82,53.26
1777762884,6.44,10.00,5.50,16.29,46.59,16.25,46.95,15.00,53.18
1777762886,6.44,10.50,5.50,16.37,46.55,16.31,46.95,14.55,53.05
1777762888,6.44,10.50,5.50,16.29,46.51,16.23,46.94,14.78,53.05
1777762889,6.44,10.25,6.00,16.33,46.47,16.22,46.94,15.01,53.04
1777762891,6.44,10.50,6.00,16.21,46.42,16.19,46.96,14.72,52.93
1777762892,6.44,10.25,6.25,16.48,46.42,16.21,46.98,14.44,52.82
1777762894,6.44,10.75,5.75,16.35,46.34,16.36,47.02,14.84,52.83
1777762896,6.44,10.50,6.00,16.43,46.31,16.27,47.00,14.35,52.71
1777762897,6.44,10.75,6.00,16.31,46.29,16.23,46.97,14.87,52.73
1777762899,6.50,10.00,6.25,16.45,46.32,16.14,46.96,15.32,52.78
1777762900,6.44,10.00,6.00,16.33,46.34,16.23,46.97,14.96,52.69
1777762902,6.44,10.50,6.25,16.21,46.41,16.20,46.95,14.98,52.68
1777762904,6.44,10.25,6.00,16.51,46.51,16.08,46.92,14.78,52.65
1777762905,6.50,10.50,6.00,16.34,46.60,16.29,46.95,14.80,52.70
1777762907,6.50,10.25,5.50,16.63,46.71,16.22,46.93,14.57,52.68
1777762909,6.50,10.25,5.50,16.29,46.73,16.21,46.92,15.01,52.78
1777762910,6.50,10.75,5.75,16.40,46.73,16.13,46.92,15.05,52.74
1777762912,6.44,10.50,5.75,16.40,46.72,16.08,46.93,14.94,52.72
1777762913,6.44,10.50,5.75,16.33,46.69,16.26,46.97,15.14,52.75
1777762915,6.50,10.00,5.50,16.62,46.74,16.24,46.99,14.93,52.80
1777762917,6.44,10.75,5.25,16.37,46.71,16.16,47.00,14.59,52.91
1777762918,6.50,10.25,5.25,16.35,46.76,16.30,47.02,14.78,53.08
1777762920,6.50,10.50,5.50,16.35,46.82,16.08,47.01,14.62,53.18
1777762921,6.44,10.25,5.75,16.44,46.90,16.29,47.11,15.08,53.37
1777762923,6.50,10.25,5.75,16.36,46.95,16.31,47.21,15.11,53.61
1777762925,6.50,10.50,5.50,16.29,46.98,16.21,47.25,15.34,53.89
1777762926,6.50,10.50,5.50,16.16,47.02,16.24,47.30,15.13,54.07
1777762928,6.50,10.75,5.00,16.23,47.10,16.17,47.28,14.66,54.14
1777762929,6.50,10.50,5.75,16.22,47.17,16.25,47.32,15.08,54.34
1777762931,6.50,10.50,5.25,16.50,47.26,16.18,47.31,14.62,54.40
1777762933,6.44,10.25,5.75,16.48,47.30,16.17,47.31,14.85,54.58
1777762934,6.44,10.00,5.50,16.23,47.29,16.25,47.31,15.19,54.78
1777762936,6.44,9.75,5.00,16.28,47.33,16.13,47.35,14.71,54.86
1777762937,6.44,10.50,5.00,16.55,47.37,16.12,47.42,14.61,54.98
1777762939,6.44,9.50,5.25,16.23,47.31,16.12,47.47,14.77,55.08
1777762941,6.44,10.25,5.25,16.23,47.32,16.22,47.49,14.77,55.15
1777762942,6.38,10.25,5.50,16.24,47.34,16.23,47.47,14.62,55.13
1777762944,6.38,10.50,5.50,16.29,47.32,16.19,47.48,15.26,55.23
1777762945,6.38,10.00,5.50,15.94,47.27,16.15,47.43,15.27,55.23
1777762947,6.38,10.25,5.25,16.44,47.37,16.19,47.45,15.13,55.17
1777762949,6.38,10.00,5.50,16.30,47.38,15.96,47.43,15.12,55.17
1777762950,6.38,10.25,5.00,16.25,47.47,15.99,47.46,14.96,55.15
1777762952,6.38,10.00,5.50,16.29,47.55,16.09,47.46,14.73,55.14
1777762953,6.31,10.25,5.75,16.23,47.60,15.98,47.46,15.37,55.28
1777762955,6.31,10.25,5.00,16.33,47.69,16.09,47.53,15.09,55.24
1777762957,6.25,10.00,5.50,16.04,47.70,16.11,47.55,15.18,55.28
1777762958,6.31,10.00,5.50,16.27,47.77,15.98,47.57,15.22,55.28
1777762960,6.25,10.00,5.50,16.18,47.75,16.05,47.60,15.33,55.26
1777762962,6.31,10.25,5.50,16.38,47.78,16.06,47.60,14.87,55.13
1777762963,6.25,10.25,4.75,16.17,47.74,16.04,47.59,15.43,55.17
1777762965,6.25,10.00,5.00,16.07,47.69,16.05,47.62,14.87,55.00
1777762966,6.19,10.00,5.00,16.23,47.69,16.11,47.62,15.11,54.99
1777762968,6.25,9.75,5.00,16.37,47.71,15.93,47.58,15.10,54.92
1777762970,6.25,10.25,5.75,16.33,47.68,15.90,47.58,14.96,54.83
1777762971,6.25,10.00,5.25,16.24,47.66,16.07,47.60,15.05,54.78
1777762973,6.19,9.75,5.25,16.33,47.66,15.91,47.58,15.63,54.81
1777762974,6.19,10.50,5.50,16.53,47.67,15.94,47.55,14.82,54.61
1777762976,6.19,10.00,5.75,16.31,47.62,15.89,47.55,14.79,54.56
1777762978,6.19,10.25,5.75,16.38,47.60,16.19,47.60,14.84,54.50
1777762979,6.25,10.00,5.75,16.24,47.58,16.02,47.56,14.64,54.40
1777762981,6.19,10.25,5.75,16.24,47.52,16.08,47.60,15.35,54.43
1777762982,6.19,9.75,5.50,16.39,47.48,16.09,47.61,15.37,54.33
1777762984,6.25,10.25,5.25,16.17,47.33,16.03,47.59,14.98,54.13
1777762986,6.25,10.50,6.00,16.36,47.27,16.07,47.56,15.43,54.07
1777762987,6.19,10.50,5.75,16.29,47.19,15.97,47.52,15.13,53.87
1777762989,6.19,10.25,5.75,16.47,47.15,16.23,47.57,14.97,53.69
1777762990,6.25,10.00,6.00,16.51,47.08,16.02,47.52,14.76,53.54
1777762992,6.25,10.25,6.00,16.16,47.00,15.91,47.49,15.02,53.46
1777762994,6.25,9.50,6.00,16.28,46.97,15.87,47.49,14.69,53.27
1777762995,6.25,9.50,5.75,16.31,46.95,16.03,47.52,14.74,53.19
1777762997,6.25,10.75,6.00,16.19,46.90,16.05,47.52,15.09,53.15
1777762998,6.25,10.75,5.50,16.23,46.86,15.98,47.50,14.99,53.05
1777763000,6.25,11.00,6.00,16.52,46.90,15.99,47.47,14.81,52.96
1777763002,6.25,10.50,5.50,16.21,46.87,16.05,47.50,15.05,52.95
1777763003,6.19,10.00,6.00,16.34,46.94,15.98,47.48,14.63,52.83
1777763005,6.25,10.50,6.00,16.45,47.01,16.19,47.50,15.11,52.85
1777763006,6.25,10.50,6.00,16.23,47.02,15.99,47.48,15.13,52.84
1777763008,6.31,10.50,6.25,16.48,47.10,16.02,47.50,15.05,52.80
1777763010,6.31,10.75,6.50,16.30,47.08,15.98,47.50,15.01,52.77
1777763011,6.31,10.75,5.75,16.16,47.05,16.09,47.52,15.13,52.80
1777763013,6.31,10.75,6.25,16.32,47.08,15.96,47.52,14.70,52.72
1777763015,6.31,10.25,6.25,16.16,47.11,15.98,47.52,15.09,52.80
1777763016,6.25,10.25,6.00,16.38,47.18,16.08,47.53,14.87,52.76
1777763018,6.31,10.25,6.50,16.35,47.21,16.19,47.56,14.60,52.71
1777763019,6.31,10.75,6.00,16.26,47.22,16.12,47.55,15.03,52.78
1777763021,6.25,10.50,5.75,16.44,47.20,16.19,47.61,14.73,52.71
1777763023,6.38,11.00,6.00,16.34,47.11,16.01,47.58,14.71,52.70
1777763024,6.31,10.25,6.25,16.33,47.03,15.95,47.59,14.72,52.71
1777763026,6.31,10.75,6.00,16.77,47.04,16.03,47.58,14.61,52.70
1777763027,6.31,10.75,6.50,16.34,46.88,16.01,47.60,14.99,52.77
1777763029,6.31,10.50,5.75,16.36,46.83,16.01,47.61,14.66,52.70
1777763031,6.31,10.50,6.25,16.47,46.78,15.94,47.61,15.01,52.79
1777763032,6.31,10.50,6.00,16.59,46.72,16.06,47.62,14.67,52.74
1777763034,6.31,10.75,6.00,16.39,46.62,16.00,47.61,14.98,52.80
1777763035,6.31,10.50,6.25,16.15,46.53,16.12,47.67,14.70,52.76
1777763037,6.31,10.50,6.25,16.37,46.56,16.05,47.67,14.58,52.74
1777763039,6.31,10.75,5.50,16.29,46.53,16.01,47.70,15.05,52.85
1777763040,6.31,10.25,6.00,16.42,46.51,16.13,47.69,14.56,52.76
1777763042,6.31,10.75,6.25,16.48,46.49,16.03,47.63,14.82,52.79
1777763043,6.25,10.75,5.75,16.34,46.45,16.05,47.62,14.51,52.71
1777763045,6.25,10.75,5.75,16.34,46.44,15.91,47.60,14.86,52.77
1777763047,6.25,10.00,6.25,16.47,46.45,15.90,47.61,15.10,52.80
1777763048,6.19,10.75,6.50,16.35,46.43,16.02,47.63,14.91,52.74
1777763050,6.19,10.50,6.25,16.44,46.43,16.01,47.65,15.12,52.77
1777763051,6.13,11.00,6.25,16.61,46.44,16.08,47.66,14.62,52.68
1777763053,6.13,11.00,6.00,16.19,46.35,16.12,47.63,14.55,52.68
1777763055,6.13,10.25,6.25,16.47,46.40,16.12,47.61,14.80,52.72
1777763056,6.13,10.50,6.25,16.45,46.37,16.15,47.59,14.75,52.72
1777763058,6.13,10.50,6.00,16.40,46.36,16.15,47.61,15.14,52.76
1777763059,6.06,10.75,6.25,16.33,46.34,16.08,47.58,15.05,52.73
1777763061,6.00,11.25,6.00,16.38,46.37,16.15,47.58,14.64,52.65
1777763063,6.00,10.75,6.25,16.29,46.37,16.12,47.61,14.94,52.68
1777763064,6.00,10.50,5.50,16.39,46.38,16.20,47.63,14.62,52.65
1777763066,6.00,10.25,6.00,16.20,46.35,16.18,47.62,14.92,52.70
1777763068,6.00,10.75,6.25,16.43,46.41,16.16,47.60,14.68,52.65
1777763069,6.00,10.50,6.00,16.20,46.35,16.14,47.54,14.93,52.69
1777763071,6.00,10.75,5.75,16.35,46.36,16.24,47.52,15.27,52.74
1777763072,6.00,10.25,6.25,16.53,46.38,16.08,47.48,14.99,52.69
1777763074,5.94,10.25,5.75,16.48,46.37,16.29,47.48,15.09,52.71
1777763076,6.00,10.25,5.75,16.57,46.39,16.16,47.46,15.26,52.73
1777763077,6.00,10.25,6.25,16.24,46.32,16.08,47.41,15.05,52.70
1777763079,6.00,10.50,5.75,16.56,46.38,16.25,47.39,15.19,52.73
1777763080,6.00,10.25,6.25,16.64,46.36,16.16,47.37,15.33,52.73
1777763082,6.00,10.50,6.25,16.48,46.33,16.23,47.37,14.83,52.65
1777763084,6.00,10.25,6.25,16.28,46.29,16.19,47.34,15.60,52.75
1777763085,6.00,10.50,6.25,16.20,46.24,16.25,47.36,15.11,52.65
1777763087,6.00,10.75,6.00,16.44,46.26,16.23,47.35,14.80,52.57
1777763088,6.00,10.50,6.00,16.51,46.25,16.28,47.32,15.23,52.60
1777763090,6.06,10.25,5.75,16.45,46.21,16.05,47.29,15.02,52.54
1777763092,6.00,10.25,6.25,16.67,46.23,16.18,47.32,15.13,52.52
1777763093,6.00,10.75,5.50,16.71,46.23,16.06,47.25,14.85,52.45
1777763095,6.00,10.75,6.00,16.57,46.21,16.29,47.26,14.96,52.43
1777763096,6.06,10.50,5.25,16.37,46.18,16.13,47.21,14.96,52.38
1777763098,6.00,10.75,6.25,16.26,46.17,16.33,47.19,14.80,52.33
1777763100,6.06,10.50,6.00,16.50,46.21,16.21,47.17,14.98,52.34
1777763101,6.00,10.75,6.00,16.51,46.23,16.35,47.17,14.80,52.27
1777763103,6.06,10.75,6.00,16.56,46.23,16.22,47.15,14.93,52.25
1777763104,6.00,10.25,5.50,16.29,46.17,16.19,47.13,14.91,52.23
1777763106,6.06,10.00,6.00,16.43,46.17,16.19,47.13,15.25,52.26
1777763108,6.06,10.50,6.00,16.69,46.25,16.21,47.14,14.87,52.19
1777763109,6.06,10.75,6.00,16.43,46.22,16.08,47.12,15.03,52.23
1777763111,6.06,10.00,5.75,16.34,46.23,16.30,47.15,14.87,52.21
1777763112,6.13,10.25,6.00,16.60,46.27,16.16,47.15,15.10,52.23
1777763114,6.13,10.25,6.00,16.29,46.22,16.19,47.17,14.98,52.19
1777763116,6.19,10.25,5.75,16.44,46.24,16.19,47.20,14.66,52.12
1777763117,6.19,10.25,6.00,16.50,46.26,16.29,47.25,14.81,52.14
1777763119,6.13,10.75,5.75,16.59,46.28,16.21,47.26,14.88,52.16
1777763121,6.19,10.75,6.00,16.33,46.26,16.23,47.30,15.37,52.24
1777763122,6.19,10.50,6.00,16.64,46.32,16.21,47.31,15.05,52.17
1777763124,6.19,10.75,6.25,16.47,46.29,16.28,47.32,15.55,52.25
1777763125,6.25,10.75,6.25,16.37,46.29,16.20,47.27,15.16,52.18
1777763127,6.19,10.25,6.25,16.56,46.32,16.26,47.29,14.88,52.09
1777763129,6.25,10.75,5.75,16.59,46.34,16.27,47.29,15.00,52.10
1777763130,6.25,10.25,6.25,16.48,46.31,16.33,47.33,15.38,52.14
1777763132,6.25,10.25,6.00,16.27,46.27,16.23,47.32,14.95,52.06
1777763133,6.19,9.75,6.00,16.51,46.32,16.22,47.33,15.01,52.10
1777763135,6.25,10.00,6.00,16.19,46.28,16.23,47.33,15.03,52.09
1777763137,6.25,10.00,6.00,16.59,46.38,16.24,47.33,15.56,52.20
1777763138,6.25,10.25,6.00,16.41,46.33,16.23,47.30,15.18,52.13
1777763140,6.31,11.00,6.00,16.26,46.34,16.26,47.34,15.66,52.21
1777763141,6.31,10.75,6.00,16.71,46.39,16.27,47.35,15.48,52.15
1777763143,6.25,10.25,6.00,16.55,46.38,16.12,47.33,15.48,52.15
1777763145,6.31,10.00,6.25,16.43,46.35,16.19,47.35,15.34,52.13
1777763146,6.31,10.00,6.00,16.36,46.32,16.22,47.36,15.51,52.15
1777763148,6.31,10.75,6.00,16.51,46.34,16.23,47.34,15.23,52.06
1777763149,6.31,10.00,6.00,16.62,46.34,16.20,47.31,15.37,52.06
1777763151,6.31,10.00,6.25,16.50,46.33,16.13,47.31,14.83,51.93
1777763153,6.31,11.00,6.00,16.43,46.32,16.25,47.30,15.17,51.96
1777763154,6.38,10.25,6.50,16.28,46.29,16.39,47.31,15.02,51.92
1777763156,6.31,10.75,6.00,16.54,46.35,16.38,47.28,15.45,51.92
1777763157,6.31,10.50,5.75,16.41,46.33,16.47,47.28,14.92,51.80
1777763159,6.38,10.25,6.00,16.45,46.34,16.29,47.23,15.35,51.85
1777763161,6.31,10.25,5.75,16.56,46.36,16.25,47.18,15.37,51.80
1777763162,6.31,10.75,6.00,16.47,46.34,16.29,47.18,15.09,51.73
1777763164,6.38,10.75,5.75,16.51,46.36,16.21,47.17,15.28,51.71
1777763166,6.31,10.00,5.50,16.60,46.36,16.30,47.18,14.98,51.66
1777763167,6.38,10.00,6.00,16.60,46.35,16.28,47.18,15.51,51.72
1777763169,6.31,10.75,5.75,16.37,46.31,16.16,47.14,15.10,51.64
1777763170,6.38,10.75,5.75,16.62,46.34,16.37,47.17,15.32,51.66
1777763172,6.38,10.50,6.00,16.19,46.27,16.27,47.14,15.10,51.62
1777763174,6.31,10.75,6.00,16.59,46.34,16.28,47.16,14.83,51.55
1777763175,6.31,10.00,6.25,16.64,46.37,16.19,47.14,15.04,51.56
1777763177,6.38,10.75,5.50,16.58,46.35,16.29,47.17,15.58,51.65
1777763178,6.38,10.25,6.00,16.47,46.36,16.36,47.18,15.40,51.62
1777763180,6.38,10.50,6.00,16.33,46.35,16.30,47.18,14.98,51.54
1777763182,6.38,10.25,6.00,16.55,46.39,16.28,47.15,15.13,51.57
1777763183,6.44,10.75,5.75,16.40,46.36,16.37,47.18,15.10,51.53
1777763185,6.38,10.50,5.50,16.55,46.39,16.25,47.15,15.13,51.53
1777763186,6.44,10.50,6.00,16.31,46.37,16.41,47.18,14.96,51.46
1777763188,6.38,10.50,5.75,16.41,46.41,16.26,47.15,15.11,51.49
1777763190,6.38,10.50,6.25,16.37,46.42,16.29,47.13,15.39,51.51
1777763191,6.44,10.50,6.25,16.45,46.45,16.41,47.15,15.28,51.45
1777763193,6.38,10.25,5.75,16.62,46.48,16.24,47.13,15.39,51.48
1777763194,6.38,10.00,6.25,16.61,46.48,16.42,47.15,15.62,51.48
1777763196,6.38,10.00,5.75,16.39,46.43,16.31,47.12,15.23,51.42
1777763198,6.44,10.75,5.75,16.44,46.43,16.23,47.08,15.32,51.42
1777763199,6.38,10.50,5.75,16.34,46.40,16.31,47.06,15.13,51.38
1777763201,6.44,10.50,6.25,16.31,46.41,16.38,47.04,15.31,51.40
1777763202,6.44,10.25,6.25,16.35,46.40,16.23,47.02,15.23,51.38
1777763204,6.44,10.25,5.75,16.91,46.47,16.40,47.04,15.42,51.43
1777763206,6.44,10.50,6.50,16.50,46.43,16.33,47.00,15.60,51.43
1777763207,6.44,10.00,6.00,16.48,46.41,16.30,47.02,15.30,51.37
1777763209,6.44,10.50,6.25,16.52,46.41,16.46,47.05,15.29,51.36
1777763210,6.38,10.00,5.75,16.43,46.39,16.32,47.02,15.30,51.37
1777763212,6.38,10.50,6.00,16.52,46.40,16.33,47.02,15.44,51.40
1777763214,6.38,10.50,6.25,16.59,46.42,16.40,46.98,15.56,51.42
1777763215,6.38,10.00,6.25,16.65,46.43,16.37,46.96,15.38,51.39
1777763217,6.38,10.25,6.00,16.50,46.43,16.40,46.98,15.46,51.39
1777763219,6.38,10.25,5.75,16.34,46.42,16.31,46.97,15.37,51.38
1777763220,6.38,10.50,6.00,16.56,46.44,16.38,46.93,15.14,51.35
1777763222,6.38,10.50,6.00,16.59,46.43,16.40,46.94,15.38,51.40
1777763223,6.31,10.50,5.50,16.60,46.43,16.44,46.95,15.75,51.47
1777763225,6.38,10.25,6.00,16.42,46.38,16.34,46.95,15.64,51.46
1777763227,6.38,9.75,5.75,16.59,46.40,16.36,46.94,15.62,51.46
1777763228,6.38,10.25,6.00,16.41,46.37,16.42,46.95,15.54,51.44
1777763230,6.31,10.25,5.75,16.52,46.41,16.44,46.91,15.69,51.45
1777763231,6.31,10.75,5.75,16.38,46.39,16.25,46.85,15.55,51.40
1777763233,6.31,10.25,5.75,16.41,46.40,16.40,46.87,15.69,51.40
1777763235,6.31,9.75,6.25,16.34,46.40,16.30,46.82,15.52,51.32
1777763236,6.38,10.50,6.25,16.59,46.46,16.41,46.85,15.73,51.33
1777763238,6.31,10.75,5.50,16.33,46.46,16.37,46.84,15.34,51.24
1777763239,6.31,10.50,5.50,16.57,46.58,16.40,46.86,15.82,51.29
1777763241,6.31,10.25,5.75,16.49,46.68,16.41,46.87,15.47,51.19
1777763243,6.31,10.75,6.25,16.58,46.81,16.29,46.83,15.38,51.16
1777763244,6.31,10.50,6.00,16.48,46.88,16.30,46.88,15.48,51.16
1777763246,6.31,10.75,5.75,16.76,47.02,16.19,46.91,15.52,51.17
1777763247,6.31,10.75,6.25,16.66,47.12,16.23,46.93,15.45,51.16
1777763249,6.31,10.00,6.25,16.65,47.19,16.42,46.98,15.66,51.20
1777763251,6.31,10.75,6.00,16.34,47.18,16.24,46.96,15.47,51.17
1777763252,6.31,10.50,6.00,16.49,47.21,16.38,46.98,15.40,51.14
1777763254,6.31,10.75,6.25,16.42,47.17,16.19,46.98,15.52,51.15
1777763255,6.31,10.75,6.25,16.50,47.15,16.11,46.98,15.63,51.16
1777763257,6.31,10.50,6.00,16.40,47.11,16.23,47.01,15.45,51.08
1777763259,6.31,10.50,6.00,16.33,47.05,16.33,47.07,15.47,51.08
1777763260,6.31,10.25,6.00,16.38,47.01,16.29,47.05,15.33,51.04
1777763262,6.31,10.75,5.75,16.30,46.92,16.40,47.05,15.37,51.02
1777763263,6.31,10.25,6.25,16.44,46.86,16.26,47.02,15.54,51.00
1777763265,6.25,10.50,6.00,16.37,46.76,16.34,47.04,15.44,50.95
1777763267,6.31,10.50,6.00,16.50,46.71,16.27,47.06,15.51,50.92
1777763268,6.31,10.75,6.00,16.37,46.61,16.18,47.11,15.51,50.91
1777763270,6.31,11.00,5.75,16.51,46.56,16.29,47.15,15.50,50.88
1777763272,6.31,10.75,6.00,16.37,46.46,16.38,47.15,15.31,50.82
1777763273,6.31,10.50,6.00,16.51,46.45,16.12,47.10,15.47,50.82
1777763275,6.31,10.75,6.00,16.38,46.39,16.30,47.13,15.62,50.81
1777763276,6.31,10.50,6.00,16.63,46.38,16.27,47.13,15.71,50.79
1777763278,6.31,10.50,5.75,16.42,46.31,16.32,47.16,15.46,50.73
1777763280,6.31,10.50,5.50,16.70,46.32,16.30,47.15,15.43,50.70
1777763281,6.31,10.25,6.00,16.68,46.31,16.19,47.14,15.81,50.77
1777763283,6.31,10.00,5.75,16.66,46.30,16.25,47.16,15.29,50.71
1777763284,6.31,10.00,6.00,16.55,46.26,16.38,47.17,15.62,50.79
1777763286,6.31,10.25,6.00,16.63,46.28,16.23,47.12,15.32,50.76
1777763288,6.31,10.25,5.50,16.46,46.28,16.18,47.09,15.66,50.82
1777763289,6.31,10.00,5.75,16.57,46.37,16.46,47.11,15.28,50.79
1777763291,6.31,10.50,5.25,16.46,46.45,16.38,47.13,15.59,50.85
1777763292,6.38,10.25,5.25,16.52,46.55,16.24,47.11,15.40,50.90
1777763294,6.31,9.75,5.50,16.72,46.61,16.34,47.14,15.76,51.07
1777763296,6.31,10.00,5.50,16.53,46.62,16.17,47.08,15.69,51.23
1777763297,6.31,9.75,5.25,16.33,46.63,16.22,47.09,15.75,51.33
1777763299,6.31,10.00,5.50,16.59,46.72,16.17,47.13,15.23,51.27
1777763300,6.31,10.25,5.75,16.48,46.73,16.40,47.20,15.67,51.42
1777763302,6.31,10.00,5.00,16.64,46.75,16.16,47.23,16.03,51.62
1777763304,6.31,10.00,5.50,16.41,46.74,16.21,47.31,15.59,51.66
1777763305,6.31,10.25,5.25,16.60,46.79,16.32,47.42,15.54,51.76
1777763307,6.25,10.00,5.25,16.45,46.79,16.17,47.37,15.65,51.87
1777763308,6.31,10.00,5.25,16.25,46.74,16.28,47.37,15.61,51.90
1777763310,6.25,10.75,5.25,16.45,46.76,16.21,47.37,15.74,51.93
1777763312,6.25,10.50,5.75,16.43,46.75,16.36,47.41,15.92,51.99
1777763313,6.25,9.75,5.50,16.64,46.77,16.27,47.43,15.75,52.01
1777763315,6.31,10.25,5.50,16.59,46.80,16.16,47.39,15.75,52.03
1777763317,6.31,10.50,5.50,16.38,46.81,16.23,47.38,15.81,52.07
1777763318,6.25,10.25,5.50,16.44,46.89,16.07,47.35,15.76,52.07
1777763320,6.25,10.00,5.25,16.50,46.90,16.14,47.39,15.82,52.10
1777763321,6.31,10.25,5.75,16.56,46.95,16.08,47.40,15.90,52.14
1777763323,6.31,9.75,5.50,16.51,46.92,16.17,47.39,15.69,52.07
1777763325,6.31,9.75,5.75,16.72,46.93,16.16,47.38,15.85,52.06
1777763326,6.31,10.25,5.75,16.39,46.84,16.23,47.39,15.64,51.99
1777763328,6.31,10.25,5.50,16.72,46.87,16.12,47.37,16.05,52.04
1777763329,6.31,9.75,5.75,16.66,46.83,16.20,47.38,15.31,51.80
1777763331,6.25,10.50,5.75,16.56,46.79,16.15,47.39,15.59,51.68
1777763333,6.25,10.50,5.75,16.37,46.76,16.25,47.42,15.50,51.54
1777763334,6.25,10.25,5.50,16.54,46.75,16.19,47.45,15.23,51.40
1777763336,6.31,10.50,5.75,16.62,46.74,16.19,47.46,15.76,51.37
1777763337,6.31,10.50,5.75,16.23,46.69,16.17,47.44,15.58,51.22
1777763339,6.31,10.25,6.00,16.54,46.78,16.21,47.44,15.72,51.14
1777763341,6.31,10.75,5.25,16.59,46.85,16.11,47.43,16.09,51.12
1777763342,6.31,10.50,5.75,16.54,46.91,16.20,47.45,15.69,50.98
1777763344,6.31,10.75,5.75,16.55,46.96,16.10,47.42,16.09,50.98
1777763345,6.31,10.75,6.00,16.67,47.04,16.25,47.44,15.80,50.87
1777763347,6.31,10.50,5.75,16.66,47.08,16.12,47.40,15.30,50.73
1777763349,6.38,10.00,5.50,16.38,47.04,16.28,47.40,15.63,50.77
1777763350,6.38,10.00,6.00,16.62,47.08,16.33,47.40,15.75,50.74
1777763352,6.31,10.50,6.00,16.48,47.01,16.24,47.37,15.60,50.73
1777763353,6.31,10.50,6.00,16.36,46.98,16.18,47.37,15.43,50.71
1777763355,6.38,10.00,5.50,16.41,47.00,16.23,47.38,15.67,50.80
1777763357,6.38,9.75,6.00,16.45,46.99,16.23,47.39,15.58,50.91
1777763358,6.38,10.25,5.50,16.52,47.00,16.28,47.40,15.43,51.02
1777763360,6.31,9.50,5.75,16.52,46.96,16.17,47.38,15.84,51.24
1777763361,6.31,10.00,5.25,16.53,46.95,16.32,47.41,15.42,51.33
1777763363,6.38,10.00,5.75,16.58,46.92,16.23,47.41,15.64,51.51
1777763365,6.31,9.25,5.75,16.49,46.87,16.15,47.40,15.56,51.61
1777763366,6.31,9.75,5.50,16.65,46.85,16.27,47.47,15.51,51.67
1777763368,6.31,10.00,5.75,16.55,46.80,16.24,47.47,15.79,51.80
1777763370,6.25,9.75,5.50,16.23,46.74,16.27,47.48,15.62,51.80
1777763371,6.31,10.50,5.75,16.48,46.79,16.38,47.51,16.02,51.84
1777763373,6.31,10.50,5.50,16.34,46.75,16.32,47.48,15.73,51.68
1777763374,6.31,9.75,5.50,16.66,46.82,16.33,47.45,15.83,51.55
1777763376,6.25,9.75,5.50,16.34,46.76,16.27,47.38,15.43,51.37
1777763378,6.25,10.50,5.50,16.55,46.79,16.23,47.36,15.53,51.31
1777763379,6.25,10.00,5.75,16.59,46.79,16.33,47.37,15.79,51.25
1777763381,6.31,10.25,5.75,16.35,46.74,16.19,47.29,15.63,51.19
1777763382,6.25,9.50,5.75,16.60,46.74,16.28,47.31,15.40,51.07
1777763384,6.25,10.00,5.75,16.42,46.68,16.25,47.28,15.58,51.07
1777763386,6.25,9.75,5.75,16.59,46.69,16.40,47.30,16.06,51.19
1777763387,6.25,9.75,5.75,16.51,46.68,16.29,47.26,15.50,51.12
1777763389,6.25,9.50,5.50,16.44,46.66,16.41,47.26,15.77,51.19
1777763390,6.25,10.25,5.50,16.43,46.67,16.32,47.21,15.64,51.18
1777763392,6.25,10.25,5.00,16.45,46.69,16.28,47.19,15.54,51.19
1777763394,6.31,10.25,5.75,16.58,46.71,16.24,47.15,15.49,51.31
1777763395,6.25,10.25,5.00,16.35,46.68,16.37,47.17,15.63,51.47
1777763397,6.25,10.25,5.75,16.42,46.69,16.22,47.14,15.37,51.55
1777763398,6.25,10.00,5.75,16.28,46.71,16.33,47.15,15.70,51.68
1777763400,6.25,10.00,5.50,16.33,46.74,16.24,47.14,15.31,51.71
1777763402,6.25,10.00,5.00,16.81,46.84,16.23,47.15,15.77,51.82
1777763403,6.25,9.75,5.50,16.55,46.85,16.24,47.14,15.35,51.76
1777763405,6.25,9.75,5.00,16.58,46.88,16.38,47.18,15.99,51.89
1777763406,6.25,10.50,5.50,16.52,46.89,16.16,47.17,15.37,51.80
1777763408,6.25,9.50,5.25,16.42,46.82,16.31,47.22,15.58,51.83
1777763410,6.19,10.25,5.75,16.30,46.81,16.27,47.22,15.67,51.80
1777763411,6.19,10.00,5.25,16.30,46.74,16.16,47.21,15.44,51.71
1777763413,6.25,10.00,5.50,16.55,46.74,16.40,47.23,15.49,51.63
1777763414,6.19,9.50,5.75,16.54,46.66,16.23,47.19,15.45,51.49
1777763416,6.19,10.00,5.50,16.55,46.63,16.25,47.18,15.80,51.45
1777763418,6.19,9.75,5.75,16.42,46.55,16.31,47.17,15.44,51.27
1777763419,6.25,10.50,5.25,16.52,46.56,16.37,47.17,15.50,51.19
1777763421,6.19,10.50,5.75,16.46,46.50,16.32,47.17,15.51,51.13
1777763422,6.19,10.25,5.75,16.59,46.49,16.30,47.17,15.55,51.04
1777763424,6.19,9.75,5.50,16.48,46.44,16.17,47.15,15.28,50.93
1777763426,6.19,10.50,6.00,16.49,46.40,16.37,47.20,15.51,50.92
1777763427,6.19,10.50,6.00,16.34,46.35,16.29,47.23,15.19,50.83
1777763429,6.19,9.75,5.75,16.62,46.35,16.28,47.25,15.61,50.89
1777763431,6.13,10.00,5.75,16.39,46.29,16.17,47.21,15.49,50.85
1777763432,6.19,10.50,5.75,16.44,46.30,16.32,47.18,15.73,50.88
1777763434,6.13,10.25,6.00,16.27,46.23,16.16,47.14,15.50,50.81
1777763435,6.19,10.50,6.25,16.91,46.31,16.22,47.15,15.96,50.88
1777763437,6.19,10.25,6.00,16.73,46.28,16.23,47.14,15.59,50.80
1777763439,6.19,10.75,5.75,16.40,46.21,16.22,47.13,15.84,50.82
1777763440,6.19,10.25,6.00,16.62,46.26,16.33,47.12,15.59,50.79
1777763442,6.13,10.00,6.00,16.48,46.22,16.39,47.15,15.82,50.83
1777763443,6.19,9.50,6.00,16.83,46.27,16.33,47.13,15.51,50.77
1777763445,6.19,10.50,6.00,16.44,46.22,16.29,47.13,15.53,50.79
1777763447,6.19,10.75,6.00,16.90,46.30,16.37,47.08,15.28,50.75
1777763448,6.19,10.50,6.00,16.70,46.26,16.34,47.06,15.51,50.79
1777763450,6.19,10.25,5.75,16.67,46.25,16.23,47.03,15.51,50.80
1777763451,6.13,10.00,6.00,16.40,46.18,16.33,47.03,15.87,50.86
1777763453,6.19,10.50,6.00,16.75,46.22,16.26,47.00,15.58,50.81
1777763455,6.19,10.50,6.25,16.72,46.22,16.39,47.02,15.20,50.77
1777763456,6.19,10.25,5.50,16.45,46.17,16.34,47.02,15.54,50.83
1777763458,6.19,10.75,5.75,16.45,46.16,16.27,47.02,15.68,50.87
1777763459,6.13,10.75,5.75,16.51,46.17,16.50,47.06,14.92,50.75
1777763461,6.19,10.50,6.00,16.40,46.16,16.41,47.04,15.51,50.86
1777763463,6.19,10.50,6.00,16.85,46.22,16.29,47.03,15.40,50.84
1777763464,6.13,10.50,6.00,16.57,46.17,16.33,47.05,15.55,50.86
1777763466,6.19,10.25,6.00,16.62,46.21,16.40,47.09,15.56,50.86
1777763467,6.13,10.75,6.00,16.40,46.16,16.38,47.06,15.53,50.87
1777763469,6.13,10.50,6.00,16.73,46.21,16.26,47.06,15.51,50.90
1777763471,6.13,10.25,6.25,16.83,46.25,16.44,47.08,15.49,50.92
1777763472,6.13,10.50,6.00,16.59,46.24,16.27,47.03,15.18,50.89
1777763474,6.13,11.00,6.00,16.50,46.23,16.25,47.04,15.78,51.02
1777763475,6.13,10.75,6.00,16.53,46.26,16.43,47.08,15.26,50.94
1777763477,6.13,10.50,5.75,16.73,46.29,16.27,47.09,15.45,50.96
1777763479,6.13,10.50,6.00,16.36,46.23,16.51,47.13,15.39,50.96
1777763480,6.13,11.00,6.25,16.55,46.27,16.37,47.11,15.56,50.98
1777763482,6.13,10.75,5.75,16.78,46.34,16.37,47.13,15.45,50.96
1777763484,6.19,10.75,6.00,16.84,46.35,16.37,47.14,15.45,50.95
1777763485,6.13,10.50,6.25,16.66,46.34,16.33,47.15,15.40,50.92
1777763487,6.13,11.00,6.25,16.51,46.30,16.41,47.18,15.50,50.93
1777763488,6.19,10.25,6.00,16.59,46.32,16.37,47.16,15.73,50.96
1777763490,6.19,10.25,6.00,16.40,46.28,16.27,47.13,15.50,50.94
1777763492,6.19,10.75,5.75,16.66,46.33,16.33,47.12,15.52,50.92
1777763493,6.19,10.50,6.25,16.44,46.27,16.37,47.08,15.47,50.89
1777763495,6.19,9.75,6.25,16.55,46.30,16.40,47.07,15.41,50.88
1777763496,6.19,10.50,6.00,16.47,46.29,16.45,47.05,15.50,50.88
1777763498,6.19,10.75,5.75,16.56,46.30,16.39,47.05,15.56,50.88
1777763500,6.19,10.75,6.00,16.70,46.32,16.37,47.03,15.62,50.90
1777763501,6.13,10.75,6.25,16.74,46.35,16.23,47.01,15.55,50.88
1777763503,6.25,9.75,6.25,16.76,46.33,16.43,47.03,15.21,50.87
1777763504,6.19,10.50,6.00,16.78,46.37,16.33,47.01,15.01,50.90
1777763506,6.19,10.25,5.75,16.66,46.35,16.41,47.04,15.40,51.00
1777763508,6.25,10.25,5.75,16.50,46.31,16.31,47.04,15.22,50.97
1777763509,6.25,10.50,6.00,16.76,46.35,16.29,47.05,15.63,51.05
1777763511,6.25,10.50,5.50,16.51,46.32,16.30,47.04,15.34,51.04
1777763512,6.19,10.50,5.75,16.70,46.35,16.34,47.06,15.29,51.00
1777763514,6.25,10.25,5.75,16.70,46.32,16.34,47.11,15.53,51.03
1777763516,6.19,10.50,5.75,16.64,46.30,16.54,47.15,15.56,51.03
1777763517,6.25,10.50,5.50,16.59,46.29,16.33,47.14,15.26,50.96
1777763519,6.25,10.50,5.75,16.83,46.33,16.42,47.15,15.37,50.96
1777763520,6.31,10.25,5.75,16.79,46.34,16.28,47.15,15.45,50.95
1777763522,6.25,10.50,6.00,16.48,46.29,16.22,47.16,15.39,50.94
1777763524,6.19,10.75,6.00,16.61,46.31,16.31,47.20,15.58,50.96
1777763525,6.19,10.25,6.00,16.75,46.33,16.39,47.22,15.46,50.89
1777763527,6.25,10.25,6.00,16.65,46.30,16.38,47.23,15.48,50.86
1777763529,6.25,10.00,5.50,16.59,46.28,16.29,47.23,15.57,50.86
1777763530,6.19,10.25,5.75,16.69,46.30,16.26,47.21,15.82,50.85
1777763532,6.19,10.75,5.50,16.70,46.32,16.20,47.21,15.59,50.80
1777763533,6.19,10.25,6.25,16.85,46.33,16.17,47.16,16.10,50.84
1777763535,6.19,10.75,6.00,16.47,46.28,16.38,47.19,15.80,50.78
1777763537,6.25,10.75,5.50,16.67,46.38,16.31,47.17,15.43,50.71
1777763538,6.19,11.00,6.00,16.78,46.40,16.38,47.18,15.62,50.73
1777763540,6.25,10.75,5.75,16.61,46.42,16.27,47.17,15.66,50.73
1777763541,6.25,10.25,5.50,16.79,46.51,16.30,47.16,15.34,50.66
1777763543,6.19,10.75,5.75,16.80,46.56,16.27,47.14,15.72,50.72
1777763545,6.25,10.50,6.00,16.48,46.54,16.33,47.16,15.31,50.66
1777763546,6.25,10.75,6.00,16.71,46.60,16.32,47.14,15.66,50.73
1777763548,6.25,10.75,6.00,16.64,46.67,16.37,47.16,15.56,50.73
1777763549,6.25,10.75,5.50,16.51,46.71,16.28,47.14,15.60,50.78
1777763551,6.19,10.75,6.00,16.86,46.82,16.38,47.17,15.56,50.87
1777763553,6.19,11.00,6.00,16.64,46.85,16.27,47.16,15.60,51.00
1777763554,6.25,10.25,6.00,16.79,46.94,16.34,47.16,15.37,51.09
1777763556,6.25,10.25,6.25,16.79,47.04,16.25,47.15,15.63,51.26
1777763557,6.19,9.75,6.00,16.70,47.05,16.37,47.17,15.66,51.41
1777763559,6.25,10.50,5.75,16.51,47.02,16.29,47.15,15.51,51.46
1777763561,6.25,10.00,6.00,16.74,47.07,16.33,47.19,16.02,51.57
1777763562,6.25,10.50,5.50,16.87,47.10,16.25,47.17,15.75,51.51
1777763564,6.25,10.00,6.00,16.57,47.08,16.45,47.25,15.56,51.44
1777763565,6.25,10.75,6.00,16.55,47.08,16.32,47.21,15.51,51.38
1777763567,6.25,10.50,5.75,16.45,47.01,16.38,47.28,15.96,51.38
1777763569,6.19,10.50,6.00,16.62,46.98,16.29,47.29,15.54,51.25
1777763570,6.19,10.00,6.00,16.73,46.92,16.43,47.33,15.68,51.21
1777763572,6.19,10.50,6.00,16.47,46.79,16.29,47.30,15.49,51.14
1777763573,6.13,10.75,6.00,16.72,46.77,16.29,47.28,15.68,51.12
1777763575,6.19,10.00,6.00,16.49,46.67,16.25,47.27,15.45,51.04
1777763577,6.19,10.75,6.00,16.72,46.66,16.25,47.26,16.02,51.08
1777763578,6.19,10.25,6.00,16.72,46.61,16.27,47.25,15.66,50.97
1777763580,6.19,10.25,6.25,16.83,46.62,16.23,47.21,15.71,50.93
1777763582,6.19,10.75,6.00,16.87,46.61,16.25,47.26,15.51,50.86
1777763583,6.19,10.50,6.00,16.66,46.55,16.36,47.26,15.74,50.86
1777763585,6.19,10.50,5.50,16.79,46.57,16.29,47.27,15.70,50.82
1777763586,6.19,10.75,6.00,16.59,46.51,16.48,47.28,15.62,50.78
1777763588,6.19,10.50,6.00,16.80,46.52,16.44,47.29,15.87,50.80
1777763590,6.19,10.50,6.25,16.63,46.48,16.41,47.26,16.12,50.86
1777763591,6.13,10.50,6.00,16.47,46.46,16.33,47.27,15.48,50.74
1777763593,6.13,10.50,6.25,16.67,46.47,16.29,47.24,15.53,50.76
1777763594,6.19,10.50,6.25,16.57,46.48,16.30,47.21,15.60,50.78
1777763596,6.19,10.75,5.50,16.56,46.48,16.29,47.17,15.58,50.76
1777763598,6.19,10.50,5.75,16.49,46.48,16.44,47.19,16.05,50.82
1777763599,6.19,10.50,5.50,16.61,46.52,16.36,47.19,15.48,50.74
1777763601,6.19,10.25,5.75,16.38,46.56,16.27,47.19,15.78,50.88
1777763602,6.13,10.00,5.50,16.51,46.63,16.23,47.17,15.77,50.98
1777763604,6.13,10.25,5.75,16.36,46.64,16.27,47.24,15.41,51.04
1777763606,6.25,10.00,5.25,16.40,46.73,16.29,47.27,15.63,51.22
1777763607,6.19,10.50,5.50,16.34,46.79,16.27,47.31,15.45,51.35
1777763609,6.19,10.25,5.50,16.58,46.85,16.29,47.34,15.66,51.55
1777763610,6.19,11.00,5.50,16.38,46.85,16.23,47.31,15.58,51.70
1777763612,6.13,10.75,5.25,16.52,46.93,16.29,47.35,15.40,51.77
1777763614,6.19,10.00,5.75,16.39,47.00,16.29,47.40,15.83,51.92
1777763615,6.19,10.50,5.75,16.42,47.11,16.29,47.43,15.31,51.87
1777763617,6.13,10.50,5.75,16.44,47.20,16.27,47.45,15.73,51.98
1777763618,6.19,10.50,5.75,16.56,47.30,16.23,47.47,15.34,51.88
1777763620,6.19,10.50,5.75,16.39,47.32,16.24,47.49,15.32,51.74
1777763622,6.13,10.75,6.00,16.39,47.37,16.27,47.55,15.57,51.66
1777763623,6.19,10.50,5.75,16.53,47.44,16.24,47.58,15.44,51.53
1777763625,6.19,10.00,5.75,16.45,47.46,16.13,47.61,15.51,51.47
1777763626,6.13,10.75,6.00,16.76,47.53,16.15,47.65,15.99,51.50
1777763628,6.13,10.25,5.50,16.40,47.52,16.05,47.65,15.94,51.47
1777763630,6.19,10.50,5.75,16.64,47.56,16.16,47.69,15.56,51.36
1777763631,6.19,10.50,6.25,16.68,47.62,16.11,47.71,15.78,51.36
1777763633,6.19,10.50,5.75,16.65,47.63,16.27,47.76,15.56,51.28
1777763635,6.19,10.50,6.50,16.49,47.62,16.18,47.75,15.56,51.28
1777763636,6.13,10.75,5.75,16.70,47.63,16.25,47.79,15.60,51.27
1777763638,6.19,10.50,6.25,16.52,47.56,16.22,47.80,15.47,51.27
1777763639,6.19,10.00,6.00,16.61,47.53,16.01,47.80,15.46,51.34
1777763641,6.19,10.50,6.25,16.49,47.50,16.22,47.85,15.28,51.36
1777763643,6.19,10.50,6.00,16.72,47.54,16.12,47.82,15.55,51.40
1777763644,6.19,10.25,5.75,16.83,47.55,16.09,47.83,15.22,51.37
1777763646,6.19,10.50,5.00,16.48,47.50,16.12,47.87,15.98,51.52
1777763647,6.19,10.00,5.25,16.59,47.53,16.05,47.85,15.51,51.47
1777763649,6.19,10.25,5.50,16.50,47.51,16.18,47.88,15.68,51.53
1777763651,6.19,10.00,5.50,16.65,47.53,16.14,47.87,15.59,51.54
1777763652,6.19,10.00,5.50,16.80,47.54,16.10,47.87,15.71,51.60
1777763654,6.19,10.00,5.50,16.51,47.45,16.23,47.87,15.33,51.62
1777763655,6.19,10.50,5.50,16.51,47.41,16.14,47.88,15.47,51.64
1777763657,6.13,9.25,5.50,16.59,47.39,16.19,47.89,15.54,51.61
1777763659,6.13,10.00,5.00,16.68,47.37,16.25,47.89,15.32,51.56
1777763660,6.19,10.25,5.25,16.54,47.32,16.31,47.89,15.86,51.64
1777763662,6.19,9.75,5.75,16.70,47.34,16.17,47.86,15.78,51.63
1777763663,6.19,10.25,5.75,16.47,47.26,16.26,47.90,15.61,51.63
1777763665,6.19,10.25,5.75,16.40,47.19,16.20,47.89,15.87,51.76
1777763667,6.13,10.25,5.50,16.55,47.17,16.25,47.90,15.54,51.80
1777763668,6.13,10.25,5.25,16.58,47.10,16.18,47.88,15.59,51.83
1777763670,6.13,10.50,5.50,16.51,47.06,16.16,47.84,16.00,51.94
1777763671,6.13,10.00,5.75,16.38,47.00,16.15,47.81,15.92,51.93
1777763673,6.13,10.00,5.25,16.58,46.98,16.19,47.80,15.64,51.86
1777763675,6.19,10.00,5.50,16.66,46.92,16.27,47.78,15.54,51.77
1777763676,6.13,10.00,5.25,16.62,46.81,16.12,47.73,15.51,51.62
1777763678,6.06,10.25,5.50,16.78,46.78,16.33,47.73,15.81,51.52
1777763680,6.13,10.25,5.75,16.81,46.72,16.17,47.67,15.66,51.34
1777763681,6.13,10.75,5.50,16.51,46.62,16.28,47.67,15.62,51.21
1777763683,6.06,10.50,5.25,16.30,46.55,16.34,47.67,15.65,51.09
1777763684,6.13,10.25,5.50,16.50,46.54,16.32,47.66,15.45,50.97
1777763686,6.13,10.00,5.50,16.45,46.48,16.40,47.66,15.63,50.93
1777763688,6.06,9.75,5.75,16.55,46.50,16.31,47.65,15.97,50.95
1777763689,6.06,10.00,6.00,16.62,46.50,16.19,47.60,15.62,50.86
1777763691,6.13,10.25,5.75,16.64,46.50,16.36,47.59,15.66,50.87
1777763692,6.13,10.50,5.50,16.44,46.48,16.25,47.59,15.30,50.86
1777763694,6.13,10.25,6.00,16.79,46.55,16.27,47.57,15.52,50.96
1777763696,6.13,10.25,5.50,16.68,46.54,16.27,47.54,15.90,51.04
1777763697,6.13,10.25,5.50,16.50,46.50,16.33,47.53,15.47,50.95
1777763699,6.13,10.25,5.75,16.70,46.53,16.33,47.53,15.25,50.85
1777763700,6.13,10.50,6.00,16.46,46.49,16.25,47.52,15.39,50.86
1777763702,6.13,11.25,6.00,16.72,46.51,16.10,47.49,15.75,50.91
1777763704,6.13,11.25,6.00,16.65,46.48,16.23,47.48,15.58,50.88
1777763705,6.13,11.25,6.00,16.64,46.46,16.33,47.47,15.47,50.83
1777763707,6.13,10.25,5.75,16.41,46.43,16.37,47.44,15.70,50.88
1777763708,6.13,11.25,6.25,16.71,46.49,16.41,47.42,15.59,50.86
1777763710,6.13,10.25,6.25,16.69,46.50,16.33,47.42,15.33,50.82
1777763712,6.13,11.00,5.75,16.55,46.48,16.34,47.41,15.53,50.87
1777763713,6.06,11.25,6.00,16.47,46.49,16.31,47.43,15.37,50.87
1777763715,6.13,11.00,5.75,16.71,46.53,16.25,47.44,15.74,50.98
1777763716,6.13,11.00,5.75,16.62,46.54,16.33,47.48,15.70,51.02
1777763718,6.13,11.00,5.50,16.43,46.49,16.33,47.50,15.69,51.06
1777763720,6.13,10.50,6.00,16.64,46.50,16.19,47.46,15.75,51.08
1777763721,6.13,11.00,6.00,16.66,46.51,16.36,47.50,15.67,51.04
1777763723,6.19,10.75,5.75,16.64,46.50,16.36,47.51,15.47,50.95
1777763724,6.13,10.75,6.25,16.76,46.52,16.36,47.50,15.61,50.93
1777763726,6.19,10.75,5.75,16.67,46.50,16.33,47.49,15.69,50.90
1777763728,6.19,11.00,6.00,16.54,46.47,16.27,47.46,15.51,50.86
1777763729,6.19,11.25,5.75,16.70,46.51,16.29,47.48,15.72,50.92
1777763731,6.19,10.50,5.75,16.44,46.48,16.23,47.51,15.51,50.98
1777763733,6.25,10.75,5.75,16.89,46.56,16.19,47.54,16.04,51.19
1777763734,6.19,11.50,6.00,16.42,46.52,16.22,47.57,15.46,51.24
1777763736,6.19,11.25,6.00,16.77,46.61,16.29,47.59,15.77,51.42
1777763737,6.19,10.75,6.00,16.40,46.64,16.38,47.61,15.28,51.43
1777763739,6.13,11.25,6.00,16.72,46.79,16.24,47.62,15.43,51.51
1777763741,6.19,11.25,6.00,16.66,46.88,16.19,47.62,15.13,51.53
1777763742,6.19,11.25,5.75,16.76,46.96,16.22,47.64,15.49,51.60
1777763744,6.19,11.00,6.00,16.55,46.99,16.24,47.66,15.68,51.60
1777763745,6.13,10.75,5.50,16.73,47.06,16.26,47.67,15.39,51.50
1777763747,6.19,10.50,6.00,16.63,47.08,16.21,47.65,16.19,51.59
1777763749,6.19,11.25,5.75,16.70,47.13,16.37,47.65,15.52,51.45
1777763750,6.13,11.00,5.75,16.46,47.13,16.28,47.67,15.17,51.39
1777763752,6.13,11.00,5.25,16.61,47.16,16.28,47.71,15.70,51.51
1777763753,6.13,11.25,5.75,16.40,47.10,16.19,47.69,15.71,51.48
1777763755,6.13,11.25,6.00,16.51,47.07,16.18,47.67,15.70,51.46
1777763757,6.13,11.00,6.00,16.69,47.09,16.08,47.61,16.03,51.51
1777763758,6.06,11.25,6.00,16.74,47.10,16.17,47.63,15.70,51.46
1777763760,6.13,11.25,6.00,16.59,47.05,16.16,47.62,15.68,51.49
1777763761,6.13,10.25,6.00,16.71,47.06,16.13,47.62,15.64,51.49
1777763763,6.13,11.50,6.00,16.77,47.02,16.23,47.67,15.45,51.48
1777763765,6.13,10.75,5.50,16.69,46.92,16.16,47.65,15.84,51.53
1777763766,6.13,11.00,6.00,16.47,46.82,16.13,47.62,15.64,51.49
1777763768,6.13,10.50,6.00,16.60,46.78,16.20,47.62,15.98,51.51
1777763769,6.13,11.25,5.50,16.40,46.68,16.19,47.60,15.45,51.36
1777763771,6.13,10.50,6.00,16.52,46.68,16.26,47.62,15.76,51.36
1777763773,6.13,11.25,5.75,16.53,46.65,16.23,47.61,15.26,51.24
1777763774,6.06,11.25,6.00,16.47,46.62,16.29,47.62,15.58,51.29
1777763776,6.13,11.25,5.75,16.40,46.64,16.14,47.60,15.34,51.29
1777763777,6.13,10.75,5.50,16.45,46.66,16.16,47.60,15.72,51.39
1777763779,6.13,10.50,5.50,16.65,46.72,16.12,47.60,15.42,51.44
1777763781,6.13,10.50,5.50,16.55,46.73,16.20,47.60,16.13,51.64
1777763782,6.13,10.50,5.75,16.56,46.78,16.27,47.61,15.69,51.64
1777763784,6.13,10.75,6.00,16.39,46.76,16.19,47.61,15.54,51.65
1777763786,6.06,11.25,5.75,16.37,46.75,16.19,47.64,15.73,51.71
1777763787,6.13,10.50,5.50,16.76,46.80,16.22,47.67,15.34,51.64
1777763789,6.13,10.75,5.75,16.53,46.74,16.13,47.66,15.55,51.64
1777763790,6.06,10.25,5.75,16.65,46.68,16.14,47.64,15.34,51.52
1777763792,6.13,11.50,6.25,16.55,46.61,16.16,47.68,15.74,51.51
1777763794,6.19,11.25,6.00,16.51,46.57,16.21,47.70,15.41,51.39
1777763795,6.13,10.75,6.00,16.37,46.55,16.11,47.71,15.45,51.35
1777763797,6.13,10.75,6.00,16.57,46.62,16.12,47.72,15.72,51.34
1777763798,6.13,10.75,6.00,16.48,46.65,16.10,47.70,15.56,51.27
1777763800,6.13,10.75,5.75,16.76,46.72,16.23,47.72,15.48,51.22
1777763802,6.19,10.75,5.75,16.76,46.74,16.19,47.72,15.71,51.21
1777763803,6.19,11.00,5.75,16.49,46.68,16.17,47.73,15.73,51.17
1777763805,6.13,10.75,6.00,16.78,46.69,16.30,47.78,15.35,51.09
1777763806,6.13,10.75,5.75,16.41,46.60,16.30,47.77,15.22,51.06
1777763808,6.13,11.25,5.75,16.53,46.60,16.12,47.71,15.35,51.05
1777763810,6.19,11.00,5.75,16.62,46.59,16.16,47.72,15.20,51.00
1777763811,6.19,11.00,6.25,16.59,46.58,16.13,47.72,15.23,50.97
1777763813,6.19,11.00,6.00,16.34,46.54,16.33,47.75,15.59,51.00
1777763814,6.19,11.00,6.00,16.70,46.60,16.08,47.71,15.30,50.95
1777763816,6.19,11.25,6.00,16.76,46.62,16.30,47.75,15.26,50.95
1777763818,6.19,11.00,6.00,16.40,46.54,16.11,47.73,15.30,50.94
1777763819,6.13,11.25,6.00,16.76,46.60,16.33,47.75,15.65,51.02
1777763821,6.13,10.75,6.00,16.78,46.60,16.31,47.75,15.59,51.00
1777763822,6.19,11.25,6.00,16.53,46.56,16.26,47.75,15.55,50.99
1777763824,6.13,11.25,6.25,16.70,46.59,16.37,47.79,15.26,50.95
1777763826,6.19,11.00,6.00,16.55,46.57,16.22,47.76,15.56,51.02
1777763827,6.13,10.75,6.25,16.63,46.57,16.37,47.76,15.36,51.01
1777763829,6.19,10.75,6.25,16.66,46.57,16.44,47.75,16.06,51.14
1777763830,6.19,11.25,6.00,16.77,46.61,16.25,47.73,15.47,51.05
1777763832,6.19,11.50,6.00,16.55,46.58,16.39,47.77,15.59,51.11
1777763834,6.13,11.50,6.00,16.70,46.64,16.27,47.76,15.39,51.09
1777763835,6.13,10.75,6.25,16.46,46.61,16.26,47.75,15.66,51.13
1777763837,6.19,10.75,6.25,16.75,46.68,16.13,47.70,15.51,51.10
1777763839,6.19,11.00,6.00,16.62,46.66,16.26,47.71,15.25,51.05
1777763840,6.19,12.00,6.25,16.76,46.70,16.24,47.68,15.66,51.07
1777763842,6.25,11.75,6.25,16.62,46.70,16.20,47.63,15.49,51.03
1777763843,6.19,11.50,5.75,16.39,46.73,16.28,47.64,15.77,51.04
1777763845,6.19,11.50,6.25,16.44,46.78,16.29,47.62,15.45,50.96
1777763847,6.19,11.00,6.25,16.62,46.89,16.33,47.61,15.65,50.99
1777763848,6.19,11.50,6.00,16.54,46.92,16.22,47.57,15.46,50.92
1777763850,6.25,11.75,5.75,16.38,46.93,16.23,47.56,15.58,50.97
1777763851,6.19,11.50,5.75,16.66,47.01,16.27,47.56,15.22,50.89
1777763853,6.19,11.50,5.50,16.55,47.02,16.31,47.58,15.62,50.96
1777763855,6.25,11.50,6.00,16.29,46.97,16.32,47.57,15.38,50.91
1777763856,6.25,11.50,6.00,16.39,46.98,16.27,47.55,15.98,51.02
1777763858,6.19,11.25,6.25,16.66,46.98,16.18,47.53,15.46,50.95
1777763859,6.25,11.50,6.25,16.78,46.96,16.30,47.55,15.73,50.99
1777763861,6.25,11.00,6.25,16.74,46.94,16.25,47.52,15.27,50.94
1777763863,6.25,11.25,6.25,16.53,46.89,16.35,47.54,15.56,50.99
1777763864,6.31,10.75,6.25,16.55,46.86,16.37,47.54,15.34,50.98
1777763866,6.19,11.25,6.00,16.53,46.79,16.30,47.57,15.69,51.05
1777763867,6.25,11.25,5.50,16.71,46.79,16.27,47.59,15.51,51.01
1777763869,6.31,11.25,6.25,16.59,46.73,16.27,47.63,15.79,51.04
1777763871,6.31,10.75,6.00,16.71,46.71,16.25,47.66,15.57,50.99
1777763872,6.31,11.00,6.25,16.74,46.69,16.19,47.64,15.62,51.00
1777763874,6.31,11.00,6.00,16.77,46.65,16.12,47.64,15.40,50.97
1777763875,6.31,11.00,6.00,16.56,46.61,16.28,47.65,15.62,50.97
1777763877,6.31,11.00,6.00,16.41,46.57,16.25,47.66,15.59,50.94
1777763879,6.31,11.25,6.00,16.55,46.58,16.20,47.66,15.48,50.90
1777763880,6.25,11.25,5.50,16.69,46.59,16.23,47.67,15.78,50.96
1777763882,6.31,11.25,5.50,16.64,46.53,16.23,47.67,15.34,50.88
1777763884,6.25,11.00,5.75,16.66,46.53,16.27,47.67,15.57,50.92
1777763885,6.25,10.50,5.75,16.37,46.46,16.18,47.67,15.77,50.96
1777763887,6.25,11.25,5.75,16.83,46.53,16.19,47.68,15.60,50.93
1777763888,6.25,11.25,6.00,16.52,46.46,16.11,47.66,15.60,50.95
1777763890,6.25,11.25,6.25,16.75,46.49,16.27,47.71,15.69,50.96
1777763892,6.25,10.50,6.00,16.69,46.45,16.19,47.72,15.68,50.94
1777763893,6.25,10.25,6.00,16.66,46.43,16.23,47.74,15.66,50.95
1777763895,6.25,11.25,6.25,16.68,46.43,16.36,47.78,16.01,51.03
1777763896,6.25,11.25,6.00,16.59,46.41,16.16,47.77,15.59,51.00
1777763898,6.25,11.00,6.00,16.64,46.40,16.08,47.75,15.55,50.99
1777763900,6.25,11.25,6.00,16.59,46.38,16.31,47.79,15.84,51.06
1777763901,6.25,10.50,5.75,16.39,46.33,16.19,47.73,15.37,50.99
1777763903,6.25,10.75,6.00,16.62,46.39,16.26,47.73,15.73,51.08
1777763904,6.25,11.00,6.25,16.47,46.35,16.18,47.72,15.67,51.08
1777763906,6.25,11.50,6.00,16.66,46.40,16.23,47.74,15.69,51.07
1777763908,6.25,11.50,6.25,16.44,46.35,16.16,47.74,15.63,51.03
1777763909,6.31,11.00,6.00,16.70,46.41,16.15,47.72,15.69,51.02
1777763911,6.25,11.25,6.00,16.72,46.41,16.20,47.75,15.70,51.00
1777763912,6.31,11.50,6.00,16.64,46.43,16.37,47.76,15.71,50.98
1777763914,6.25,11.25,6.00,16.70,46.46,16.38,47.78,15.87,51.00
1777763916,6.25,11.00,6.25,16.41,46.42,16.38,47.75,15.63,50.94
1777763917,6.25,11.00,6.00,16.70,46.50,16.40,47.76,15.78,50.93
1777763919,6.31,11.00,6.00,16.76,46.50,16.28,47.74,15.62,50.88
1777763920,6.25,10.75,6.00,16.74,46.50,16.23,47.75,16.16,50.97
1777763922,6.31,11.25,6.25,16.82,46.51,16.17,47.73,15.40,50.85
1777763924,6.25,10.75,6.00,16.54,46.46,16.33,47.76,15.75,50.91
1777763925,6.25,11.50,6.00,16.77,46.49,16.31,47.78,15.52,50.89
1777763927,6.31,11.50,5.75,16.74,46.46,16.32,47.78,15.70,50.92
1777763928,6.25,11.00,6.25,16.51,46.43,16.24,47.78,15.26,50.85
1777763930,6.25,11.00,5.25,16.70,46.49,16.19,47.77,15.72,50.94
1777763932,6.31,11.25,6.00,16.75,46.51,16.21,47.77,15.69,50.91
1777763933,6.31,11.00,6.25,16.63,46.48,16.30,47.76,15.78,50.94
1777763935,6.31,11.25,5.75,16.69,46.50,16.20,47.71,15.77,50.91
1777763937,6.31,11.00,5.50,16.85,46.53,16.37,47.69,15.62,50.88
1777763938,6.31,11.50,6.00,16.61,46.50,16.17,47.61,15.60,50.86
1777763940,6.31,11.00,5.50,16.54,46.52,16.25,47.65,15.44,50.83
1777763941,6.38,11.50,6.00,16.68,46.55,16.32,47.69,15.79,50.88
1777763943,6.31,11.25,6.00,16.41,46.52,16.25,47.66,15.31,50.80
1777763945,6.31,10.75,6.00,16.59,46.57,16.19,47.62,15.76,50.87
1777763946,6.31,11.50,5.75,16.72,46.60,16.27,47.62,15.73,50.88
1777763948,6.31,11.00,5.75,16.90,46.63,16.28,47.62,15.59,50.90
1777763949,6.31,11.00,5.75,16.86,46.63,16.25,47.58,15.51,50.91
1777763951,6.31,11.00,6.25,16.59,46.61,16.29,47.60,15.37,50.92
1777763953,6.31,11.00,6.00,16.86,46.63,16.26,47.61,15.66,50.95
1777763954,6.25,11.25,6.00,16.66,46.59,16.27,47.62,15.46,50.94
1777763956,6.25,10.75,5.75,16.51,46.56,16.43,47.65,15.73,51.01
1777763957,6.31,11.25,6.00,16.68,46.60,16.23,47.61,15.63,51.04
1777763959,6.25,11.25,6.00,16.72,46.62,16.19,47.60,15.76,51.09
1777763961,6.25,11.50,6.00,16.65,46.65,16.16,47.55,15.87,51.16
1777763962,6.31,11.25,6.25,16.59,46.69,16.22,47.55,15.70,51.21
1777763964,6.25,10.75,6.25,16.60,46.77,16.28,47.56,15.69,51.22
1777763965,6.31,11.25,6.00,16.55,46.87,16.26,47.55,15.77,51.24
1777763967,6.31,11.75,5.75,16.72,46.95,16.30,47.56,15.62,51.19
1777763969,6.31,11.00,6.00,16.54,46.98,16.17,47.56,15.49,51.12
1777763970,6.31,11.00,6.00,16.36,46.98,16.32,47.60,15.39,51.05
1777763972,6.31,11.25,6.25,16.44,46.98,16.31,47.61,15.69,51.04
1777763973,6.31,11.00,5.50,16.52,46.96,16.36,47.63,15.52,50.96
1777763975,6.25,11.25,6.25,16.73,46.94,16.19,47.58,15.46,50.89
1777763977,6.31,10.75,6.00,16.70,46.87,16.27,47.61,15.62,50.89
1777763978,6.31,11.25,6.00,16.59,46.78,16.26,47.64,15.51,50.82
1777763980,6.25,11.25,5.75,16.70,46.74,16.29,47.65,15.68,50.82
1777763981,6.25,11.00,6.00,16.80,46.67,16.33,47.66,15.50,50.75
1777763983,6.25,10.75,6.25,16.62,46.60,16.25,47.64,15.31,50.70
1777763985,6.25,10.75,6.00,16.59,46.56,16.27,47.64,15.64,50.75
1777763986,6.19,10.75,6.00,16.41,46.50,16.25,47.68,15.58,50.73
1777763988,6.19,11.00,5.75,16.72,46.52,16.30,47.68,15.30,50.67
1777763990,6.25,10.75,6.00,16.44,46.45,16.26,47.67,15.37,50.67
1777763991,6.25,11.00,5.50,16.69,46.46,16.19,47.65,15.43,50.69
1777763993,6.25,11.00,6.00,16.59,46.44,16.23,47.67,15.51,50.69
1777763994,6.25,10.75,5.50,16.58,46.41,16.32,47.70,15.61,50.74
1777763996,6.19,11.00,5.75,16.75,46.42,16.29,47.71,15.56,50.75
1777763998,6.19,11.25,6.00,16.66,46.38,16.33,47.73,15.58,50.76
1777763999,6.19,11.25,6.00,16.75,46.41,16.29,47.71,15.62,50.78
1777764001,6.19,11.00,5.75,16.50,46.36,16.33,47.68,15.56,50.71
1777764002,6.19,11.25,5.75,16.60,46.37,16.37,47.64,15.51,50.70
1777764004,6.13,11.25,5.50,16.76,46.41,16.40,47.64,15.66,50.70
1777764006,6.13,11.00,6.00,16.60,46.39,16.24,47.61,15.94,50.71
1777764007,6.19,10.75,5.25,16.54,46.41,16.29,47.61,15.63,50.67
1777764009,6.13,11.25,6.00,16.71,46.44,16.33,47.62,15.49,50.64
1777764010,6.13,11.50,5.75,16.85,46.45,16.40,47.62,15.62,50.66
1777764012,6.13,11.25,6.00,16.68,46.43,16.27,47.62,15.61,50.65
1777764014,6.06,11.25,6.00,16.80,46.47,16.52,47.67,15.67,50.64
1777764015,6.13,10.75,6.00,16.66,46.49,16.42,47.63,15.27,50.58
1777764017,6.13,11.50,5.50,16.72,46.50,16.27,47.64,15.71,50.67
1777764018,6.06,11.00,6.00,16.74,46.48,16.29,47.63,15.32,50.62
1777764020,6.13,11.50,6.00,16.70,46.48,16.33,47.64,15.88,50.74
1777764022,6.13,11.50,6.00,16.56,46.45,16.42,47.63,15.71,50.72
1777764023,6.13,11.00,5.75,16.62,46.47,16.37,47.63,15.73,50.71
1777764025,6.06,11.50,6.00,16.77,46.48,16.31,47.63,15.34,50.68
1777764026,6.06,11.00,6.00,16.80,46.49,16.37,47.59,15.80,50.77
1777764028,6.13,11.25,6.00,16.55,46.42,16.33,47.56,15.46,50.70
1777764030,6.13,11.25,6.00,16.58,46.45,16.36,47.55,15.94,50.76
1777764031,6.13,10.75,6.00,16.55,46.42,16.41,47.52,15.90,50.75
1777764033,6.06,11.00,5.75,16.57,46.40,16.27,47.44,15.51,50.67
1777764035,6.13,11.00,6.00,16.80,46.40,16.43,47.43,15.86,50.71
1777764036,6.13,11.00,6.00,16.57,46.33,16.40,47.42,15.37,50.60
1777764038,6.13,11.25,5.75,16.87,46.37,16.42,47.41,15.89,50.67
1777764039,6.13,10.75,6.00,16.61,46.31,16.23,47.37,16.04,50.68
1777764041,6.13,11.25,5.75,16.66,46.32,16.46,47.39,15.70,50.62
1777764043,6.13,10.75,6.00,16.91,46.35,16.25,47.33,15.67,50.61
1777764044,6.19,10.75,6.00,16.59,46.31,16.33,47.32,15.80,50.63
1777764046,6.06,11.00,6.00,16.83,46.35,16.40,47.34,15.34,50.55
1777764047,6.13,11.00,6.00,16.59,46.31,16.29,47.30,15.56,50.58
1777764049,6.13,10.50,6.00,16.61,46.30,16.11,47.29,15.66,50.58
1777764051,6.19,11.25,6.00,16.85,46.35,16.31,47.35,15.48,50.54
1777764052,6.13,11.25,5.50,16.71,46.33,16.28,47.35,15.50,50.56
1777764054,6.13,11.00,6.00,16.87,46.37,16.30,47.36,15.58,50.56
1777764055,6.13,11.50,6.00,16.58,46.32,16.40,47.37,15.98,50.61
1777764057,6.19,11.25,5.25,16.87,46.35,16.29,47.38,15.62,50.54
1777764059,6.19,11.00,5.50,16.74,46.33,16.37,47.41,15.41,50.51
1777764060,6.13,11.00,5.75,16.75,46.35,16.24,47.39,15.73,50.58
1777764062,6.13,11.25,6.25,16.79,46.35,16.38,47.42,15.24,50.50
1777764063,6.13,11.00,6.00,16.62,46.31,16.41,47.44,15.95,50.61
1777764065,6.13,10.75,5.75,16.74,46.33,16.32,47.44,15.51,50.53
1777764067,6.19,11.25,6.00,16.67,46.33,16.29,47.44,15.66,50.55
1777764068,6.13,11.00,6.00,16.56,46.34,16.24,47.44,15.50,50.54
1777764070,6.13,10.75,6.00,16.72,46.37,16.43,47.46,15.59,50.59
1777764071,6.13,10.75,6.25,16.85,46.42,16.32,47.43,15.66,50.65
1777764073,6.19,11.25,5.75,16.72,46.43,16.40,47.46,15.55,50.70
1777764075,6.13,11.00,6.25,16.81,46.48,16.37,47.48,15.90,50.82
1777764076,6.13,10.75,6.00,16.57,46.48,16.39,47.47,15.63,50.85
1777764078,6.19,11.25,6.00,16.63,46.51,16.34,47.46,15.52,50.88
1777764079,6.13,11.25,5.50,16.66,46.52,16.49,47.48,15.96,51.00
1777764081,6.13,11.25,6.00,16.53,46.51,16.44,47.46,15.83,50.98
1777764083,6.19,11.25,5.75,16.75,46.56,16.36,47.41,15.37,50.92
1777764084,6.19,11.00,6.00,16.87,46.61,16.30,47.39,15.49,50.93
1777764086,6.25,11.00,6.00,16.64,46.56,16.29,47.34,15.77,50.93
1777764088,6.19,10.75,6.00,16.77,46.54,16.37,47.32,15.48,50.82
1777764089,6.25,11.50,6.00,16.72,46.52,16.31,47.32,15.69,50.80
1777764091,6.25,11.25,6.00,16.52,46.50,16.54,47.35,16.03,50.79
1777764092,6.19,11.25,6.00,16.59,46.51,16.27,47.30,15.86,50.69
1777764094,6.19,11.00,5.75,16.92,46.57,16.29,47.31,15.69,50.59
1777764096,6.19,11.25,5.75,16.75,46.56,16.29,47.33,15.88,50.59
1777764097,6.19,11.25,5.50,16.76,46.60,16.33,47.38,15.66,50.53
1777764099,6.19,11.50,5.50,16.68,46.60,16.42,47.39,15.61,50.52
1777764100,6.19,11.50,6.00,16.63,46.62,16.41,47.41,15.37,50.45
1777764102,6.19,11.25,5.75,16.75,46.66,16.25,47.38,15.73,50.50
1777764104,6.19,11.50,6.00,16.58,46.67,16.48,47.43,15.66,50.47
1777764105,6.25,11.50,6.00,16.59,46.73,16.27,47.41,15.85,50.49
1777764107,6.19,11.25,6.00,16.70,46.77,16.33,47.42,15.88,50.45
1777764108,6.19,11.25,6.00,16.76,46.78,16.27,47.40,15.68,50.41
1777764110,6.19,10.75,6.00,16.74,46.79,16.27,47.39,15.66,50.38
1777764112,6.19,10.75,6.00,16.61,46.72,16.34,47.39,15.68,50.35
1777764113,6.19,11.00,6.00,16.72,46.65,16.34,47.38,15.61,50.32
1777764115,6.25,10.75,5.75,16.77,46.59,16.34,47.39,15.56,50.32
1777764116,6.19,11.50,5.50,16.88,46.56,16.17,47.39,15.90,50.36
1777764118,6.13,11.00,6.00,16.71,46.48,16.25,47.41,15.66,50.34
1777764120,6.19,11.25,6.00,16.73,46.44,16.29,47.42,15.46,50.33
1777764121,6.19,11.25,6.00,16.63,46.43,16.19,47.43,15.70,50.39
1777764123,6.13,11.25,6.00,16.68,46.43,16.27,47.48,15.62,50.37
1777764124,6.19,11.25,6.00,16.51,46.36,16.31,47.50,15.79,50.38
1777764126,6.19,11.50,5.75,16.90,46.43,16.19,47.47,15.75,50.37
1777764128,6.19,11.50,6.25,16.61,46.41,16.36,47.48,15.57,50.36
1777764129,6.19,10.75,6.00,16.86,46.48,16.36,47.50,15.93,50.42
1777764131,6.19,11.25,5.75,16.76,46.54,16.22,47.49,15.58,50.36
1777764133,6.19,11.75,6.00,16.75,46.61,16.37,47.52,15.72,50.38
1777764134,6.19,11.50,6.50,16.62,46.65,16.31,47.51,15.80,50.41
1777764136,6.25,11.25,5.75,16.87,46.74,16.33,47.54,15.54,50.37
1777764137,6.25,11.50,6.00,16.76,46.72,16.19,47.55,15.37,50.36
1777764139,6.25,11.50,6.25,16.69,46.69,16.30,47.59,15.73,50.44
1777764141,6.25,11.00,5.75,16.76,46.66,16.18,47.57,15.73,50.45
1777764142,6.25,11.25,6.00,16.71,46.60,16.43,47.60,15.51,50.42
1777764144,6.19,11.25,6.25,16.80,46.57,16.13,47.54,15.62,50.44
1777764145,6.25,11.25,6.00,16.66,46.52,16.40,47.58,16.02,50.48
1777764147,6.25,11.50,6.00,16.66,46.50,16.27,47.55,15.54,50.41
1777764149,6.25,11.25,6.00,16.77,46.49,16.23,47.53,15.92,50.47
1777764150,6.25,11.00,6.00,16.56,46.40,16.11,47.49,15.70,50.44
1777764152,6.25,11.25,5.75,16.75,46.39,16.29,47.52,15.88,50.46
1777764153,6.25,11.25,6.25,16.58,46.30,16.32,47.53,15.73,50.45
1777764155,6.19,11.00,6.25,16.70,46.28,16.29,47.52,15.72,50.44
1777764157,6.25,11.25,6.00,16.64,46.25,16.27,47.53,15.82,50.49
1777764158,6.19,11.25,6.00,16.65,46.20,16.31,47.52,15.40,50.42
1777764160,6.19,11.25,5.75,16.75,46.22,16.27,47.53,15.45,50.42
1777764161,6.25,11.00,6.25,16.71,46.19,16.26,47.53,16.05,50.54
1777764163,6.25,10.75,6.00,16.92,46.22,16.40,47.55,15.67,50.51
1777764165,6.25,11.00,5.75,16.85,46.19,16.36,47.53,15.65,50.51
1777764166,6.25,11.00,6.00,16.94,46.22,16.40,47.59,15.58,50.51
1777764168,6.25,11.50,5.75,16.66,46.17,16.33,47.62,15.37,50.50
1777764169,6.25,11.25,5.50,16.81,46.19,16.22,47.63,15.84,50.61
1777764171,6.19,11.25,6.00,16.94,46.20,16.40,47.66,15.60,50.57
1777764173,6.19,11.25,5.50,16.66,46.16,16.19,47.64,15.84,50.64
1777764174,6.25,11.00,5.50,16.97,46.20,16.33,47.64,15.58,50.61
1777764176,6.25,11.25,6.00,16.91,46.19,16.26,47.62,15.50,50.60
1777764177,6.19,11.00,5.50,16.68,46.15,16.34,47.64,15.69,50.60
1777764179,6.25,10.50,6.00,16.94,46.19,16.38,47.68,15.78,50.62
1777764181,6.25,10.50,6.00,16.94,46.17,16.36,47.64,15.73,50.61
1777764182,6.25,11.00,6.00,16.70,46.14,16.27,47.62,15.60,50.58
1777764184,6.31,11.25,6.00,16.68,46.13,16.40,47.63,15.75,50.60
1777764186,6.31,10.75,6.25,16.86,46.16,16.27,47.61,15.78,50.58
1777764187,6.25,11.00,6.00,16.93,46.17,16.21,47.63,15.73,50.57
1777764189,6.25,11.00,6.00,16.75,46.13,16.28,47.62,15.40,50.53
1777764190,6.25,10.75,6.00,16.87,46.16,16.27,47.61,15.36,50.53
1777764192,6.25,11.00,6.00,16.88,46.14,16.32,47.61,15.90,50.62
1777764194,6.19,11.00,5.75,16.85,46.12,16.31,47.60,15.34,50.50
1777764195,6.19,11.25,5.25,16.70,46.10,16.33,47.62,15.66,50.57
1777764197,6.19,11.25,5.75,16.88,46.14,16.27,47.62,15.81,50.60
1777764198,6.19,11.25,6.00,16.95,46.13,16.36,47.65,15.85,50.61
1777764200,6.25,11.00,5.75,16.79,46.11,16.34,47.70,16.21,50.68
1777764202,6.19,11.00,5.50,16.70,46.12,16.15,47.67,15.47,50.54
1777764203,6.25,10.75,6.00,16.96,46.19,16.23,47.68,15.98,50.64
1777764205,6.25,11.50,6.00,16.84,46.16,16.27,47.68,15.89,50.63
1777764206,6.25,11.50,6.00,16.77,46.17,16.25,47.68,15.80,50.59
1777764208,6.25,11.25,5.75,16.76,46.16,16.27,47.69,15.69,50.59
1777764210,6.25,11.25,6.00,16.94,46.21,16.29,47.66,15.77,50.61
1777764211,6.25,11.25,5.25,16.72,46.18,16.19,47.66,15.75,50.61
1777764213,6.25,10.75,6.00,16.76,46.19,16.42,47.69,15.87,50.61
1777764214,6.19,11.25,6.25,16.51,46.18,16.30,47.67,15.64,50.55
1777764216,6.25,11.25,6.25,16.83,46.23,16.29,47.64,15.53,50.52
1777764218,6.25,11.25,5.75,16.71,46.24,16.37,47.68,15.87,50.59
1777764219,6.25,11.00,5.75,16.60,46.24,16.26,47.65,15.70,50.55
1777764221,6.25,11.00,5.50,16.69,46.27,16.26,47.61,15.58,50.53
1777764222,6.25,11.00,5.75,16.99,46.34,16.27,47.61,15.72,50.55
1777764224,6.25,11.50,5.75,16.85,46.36,16.23,47.59,15.49,50.49
1777764226,6.25,11.25,6.00,16.76,46.36,16.29,47.56,15.81,50.52
1777764227,6.25,11.75,6.25,16.85,46.45,16.19,47.53,15.75,50.50
1777764229,6.25,11.00,6.00,16.80,46.53,16.25,47.56,16.17,50.55
1777764230,6.31,11.00,5.75,16.76,46.55,16.29,47.55,15.60,50.45
1777764232,6.25,11.50,6.00,16.91,46.64,16.29,47.59,15.80,50.50
1777764234,6.25,11.25,6.00,16.83,46.63,16.27,47.60,15.98,50.52
1777764235,6.31,11.00,5.25,16.93,46.63,16.19,47.59,15.69,50.49
1777764237,6.25,11.50,6.25,16.94,46.64,16.32,47.62,15.89,50.50
1777764239,6.31,11.25,6.00,16.73,46.59,16.28,47.62,15.58,50.45
1777764240,6.31,11.50,6.25,16.98,46.55,16.23,47.62,15.68,50.45
1777764242,6.31,11.25,6.25,16.74,46.47,16.25,47.63,15.60,50.44
1777764243,6.31,11.00,6.00,16.73,46.41,16.28,47.67,15.90,50.46
1777764245,6.31,10.75,6.00,16.49,46.34,16.19,47.66,16.12,50.51
1777764247,6.38,11.00,5.75,16.76,46.35,16.26,47.71,15.79,50.45
1777764248,6.31,11.25,6.00,16.98,46.36,16.37,47.72,15.98,50.49
1777764250,6.31,11.25,6.00,16.89,46.34,16.27,47.71,15.81,50.44
1777764251,6.25,11.25,6.00,16.94,46.36,16.37,47.71,15.92,50.47
1777764253,6.31,11.00,6.00,16.91,46.34,16.33,47.72,15.96,50.49
1777764255,6.31,10.75,6.25,16.67,46.31,16.25,47.71,16.10,50.51
1777764256,6.31,11.25,6.00,16.83,46.32,16.21,47.71,15.61,50.45
1777764258,6.31,11.50,6.00,17.02,46.33,16.23,47.73,15.45,50.42
1777764259,6.25,11.00,6.00,17.10,46.32,16.19,47.70,15.69,50.46
1777764261,6.31,11.25,6.00,16.83,46.24,16.29,47.70,15.95,50.51
1777764263,6.25,10.25,6.00,16.72,46.21,16.36,47.63,15.59,50.42
1777764264,6.31,11.25,6.00,16.83,46.20,16.25,47.62,16.05,50.51
1777764266,6.25,11.25,5.50,16.78,46.19,16.34,47.62,15.98,50.50
1777764267,6.25,11.00,6.00,16.67,46.16,16.29,47.58,16.01,50.51
1777764269,6.25,10.75,5.50,16.79,46.19,16.38,47.56,15.49,50.41
1777764271,6.25,11.00,5.75,16.94,46.18,16.29,47.57,16.01,50.50
1777764272,6.19,11.00,6.00,16.84,46.13,16.44,47.59,15.82,50.45
1777764274,6.25,10.75,6.25,16.63,46.08,16.38,47.59,15.61,50.42
1777764275,6.25,11.25,6.00,16.94,46.12,16.36,47.57,15.98,50.45
1777764277,6.25,11.00,6.25,16.69,46.06,16.52,47.59,15.96,50.44
1777764279,6.25,11.25,5.50,17.01,46.13,16.29,47.56,15.58,50.37
1777764280,6.25,11.25,6.00,16.70,46.06,16.34,47.53,15.66,50.38
1777764282,6.25,11.25,6.00,16.99,46.09,16.36,47.52,15.85,50.41
1777764283,6.25,11.00,6.00,16.70,46.03,16.37,47.50,15.77,50.38
1777764285,6.25,11.25,5.75,17.02,46.07,16.48,47.49,15.83,50.39
1777764287,6.25,11.25,6.00,16.70,46.00,16.40,47.48,15.57,50.33
1777764288,6.25,11.50,6.00,17.00,46.02,16.36,47.42,15.80,50.35
1777764290,6.25,11.25,6.25,16.70,45.98,16.40,47.41,15.33,50.23
1777764292,6.25,11.25,5.50,16.72,45.99,16.32,47.35,15.93,50.30
1777764293,6.25,11.50,6.00,16.92,46.07,16.34,47.35,15.80,50.25
1777764295,6.31,11.25,6.25,16.91,46.04,16.37,47.35,15.84,50.24
1777764296,6.31,11.25,6.00,16.76,46.04,16.50,47.39,15.98,50.23
1777764298,6.25,11.00,6.00,16.76,46.04,16.32,47.37,15.86,50.25
1777764300,6.25,11.25,6.00,16.70,46.03,16.44,47.42,15.84,50.24
1777764301,6.31,10.50,6.00,16.81,46.04,16.39,47.44,15.97,50.28
1777764303,6.31,10.75,6.00,16.70,46.01,16.42,47.49,15.76,50.26
1777764304,6.25,11.00,6.00,16.87,46.06,16.36,47.50,15.99,50.30
1777764306,6.25,11.00,5.75,16.85,46.07,16.33,47.49,16.02,50.30
1777764308,6.31,10.50,5.75,17.15,46.14,16.47,47.51,15.43,50.21
1777764309,6.25,11.00,6.00,17.01,46.12,16.45,47.49,15.62,50.22
1777764311,6.31,10.75,6.00,16.59,46.08,16.44,47.50,15.98,50.28
1777764312,6.31,11.25,5.50,16.83,46.09,16.31,47.48,16.22,50.31
1777764314,6.25,11.25,6.00,16.73,46.08,16.47,47.50,15.72,50.24
1777764316,6.25,11.25,5.75,16.75,46.06,16.49,47.48,15.94,50.30
1777764317,6.25,11.25,6.00,16.79,46.05,16.44,47.45,15.89,50.26
1777764319,6.25,11.50,6.00,16.97,46.10,16.46,47.45,15.47,50.21
1777764320,6.25,11.00,6.00,16.87,46.09,16.37,47.42,15.48,50.20
1777764322,6.19,10.25,6.00,16.91,46.09,16.25,47.41,15.72,50.25
1777764324,6.25,11.00,6.25,16.76,46.06,16.43,47.43,15.44,50.22
1777764325,6.25,10.50,5.75,16.83,46.06,16.31,47.44,15.86,50.24
1777764327,6.25,11.25,5.75,16.65,46.06,16.32,47.45,15.58,50.19
1777764328,6.25,11.00,6.25,16.80,46.07,16.34,47.47,15.75,50.24
1777764330,6.19,10.75,6.25,16.78,46.06,16.32,47.48,15.93,50.24
1777764332,6.25,11.25,5.75,17.00,46.09,16.31,47.49,15.61,50.20
1777764333,6.19,11.00,6.00,16.77,46.04,16.37,47.50,15.84,50.24
1777764335,6.25,11.25,5.75,16.73,46.05,16.45,47.52,16.09,50.29
1777764336,6.25,11.25,5.75,16.70,46.03,16.24,47.48,15.55,50.19
1777764338,6.19,11.25,6.00,16.81,46.07,16.30,47.47,15.92,50.26
1777764340,6.19,11.25,6.25,16.56,46.01,16.31,47.46,16.32,50.32
1777764341,6.19,11.25,6.00,17.05,46.11,16.38,47.47,16.09,50.27
1777764343,6.19,11.25,5.75,16.91,46.08,16.30,47.45,15.66,50.18
1777764345,6.25,11.00,6.25,16.83,46.07,16.29,47.45,15.78,50.21
1777764346,6.25,11.00,6.00,16.91,46.09,16.43,47.50,15.61,50.19
1777764348,6.25,11.25,6.25,17.02,46.07,16.32,47.50,15.67,50.19
1777764349,6.25,11.00,5.25,16.78,46.03,16.36,47.56,16.02,50.24
1777764351,6.25,11.25,6.00,16.83,46.06,16.31,47.56,16.02,50.24
1777764353,6.25,11.50,6.00,16.73,46.08,16.31,47.55,15.80,50.20
1777764354,6.25,11.00,6.00,16.84,46.07,16.44,47.54,16.05,50.25
1777764356,6.25,10.50,6.25,16.99,46.11,16.27,47.50,15.81,50.18
1777764357,6.25,11.00,5.50,16.80,46.05,16.37,47.54,15.74,50.13
1777764359,6.25,11.50,5.75,17.05,46.09,16.23,47.48,15.77,50.14
1777764361,6.25,11.50,5.50,16.83,46.05,16.24,47.46,15.45,50.08
1777764362,6.25,11.00,6.00,16.93,46.07,16.25,47.45,16.02,50.16
1777764364,6.25,11.00,6.00,16.70,46.02,16.20,47.46,16.09,50.15
1777764365,6.19,11.50,6.25,16.70,46.01,16.55,47.56,16.29,50.17
1777764367,6.25,10.75,6.00,17.02,46.07,16.36,47.51,15.87,50.12
1777764369,6.25,11.00,6.00,16.94,46.06,16.29,47.51,16.05,50.14
1777764370,6.25,11.50,6.00,17.13,46.08,16.37,47.52,15.74,50.08
1777764372,6.25,11.00,6.00,16.75,46.04,16.38,47.55,16.22,50.16
1777764373,6.25,11.00,5.50,16.61,46.05,16.37,47.55,15.71,50.10
1777764375,6.25,11.25,5.50,16.77,46.07,16.49,47.59,15.83,50.15
1777764377,6.25,10.75,6.00,16.71,46.08,16.33,47.60,15.77,50.16
1777764378,6.31,10.75,6.00,16.86,46.11,16.32,47.61,15.64,50.18
1777764380,6.25,11.00,6.00,17.02,46.15,16.33,47.62,16.08,50.25
1777764381,6.25,11.25,6.00,16.90,46.13,16.43,47.63,15.37,50.14
1777764383,6.25,11.00,6.00,16.85,46.13,16.49,47.63,15.34,50.14
1777764385,6.19,10.75,6.00,16.75,46.12,16.42,47.63,15.66,50.18
1777764386,6.25,11.25,5.50,16.83,46.12,16.37,47.63,15.84,50.21
1777764388,6.25,11.00,5.75,17.00,46.15,16.44,47.64,15.26,50.13
1777764390,6.25,11.25,5.75,16.71,46.13,16.30,47.62,16.06,50.27
1777764391,6.25,11.25,6.00,16.85,46.15,16.33,47.62,15.97,50.24
1777764393,6.31,11.25,6.00,16.83,46.19,16.39,47.60,15.92,50.23
1777764394,6.25,10.75,6.00,16.70,46.18,16.41,47.58,16.27,50.27
1777764396,6.31,11.00,5.75,16.87,46.24,16.38,47.55,15.91,50.20
1777764398,6.31,10.50,5.75,16.83,46.27,16.33,47.53,15.80,50.17
1777764399,6.31,11.25,5.75,16.92,46.33,16.40,47.54,16.12,50.20
1777764401,6.31,10.75,5.75,16.52,46.29,16.30,47.50,16.30,50.22
1777764402,6.31,11.25,5.75,16.95,46.36,16.40,47.52,15.90,50.14
1777764404,6.38,11.25,6.00,16.89,46.34,16.29,47.52,15.88,50.13
1777764406,6.31,11.00,6.00,17.09,46.33,16.43,47.53,15.92,50.15
1777764407,6.38,11.00,6.00,16.99,46.30,16.36,47.51,15.76,50.12
1777764409,6.31,11.00,6.00,16.79,46.23,16.38,47.53,16.32,50.20
1777764410,6.38,11.00,6.00,16.80,46.20,16.23,47.50,15.68,50.09
1777764412,6.38,11.25,5.75,16.87,46.18,16.31,47.54,15.80,50.12
1777764414,6.31,10.75,6.00,16.72,46.09,16.31,47.52,16.00,50.12
1777764415,6.31,10.75,6.00,16.98,46.11,16.40,47.52,15.84,50.08
1777764417,6.38,11.00,5.50,17.15,46.12,16.44,47.53,15.87,50.09
1777764418,6.31,11.25,5.50,16.83,46.07,16.26,47.50,16.43,50.18
1777764420,6.31,10.50,6.00,16.88,46.09,16.27,47.52,15.85,50.07
1777764422,6.31,11.00,5.50,16.80,46.05,16.23,47.51,16.08,50.10
1777764423,6.31,11.50,6.00,16.64,46.04,16.51,47.57,16.16,50.10
1777764425,6.31,11.25,6.00,17.14,46.15,16.25,47.54,16.25,50.13
1777764426,6.38,11.25,5.75,16.97,46.20,16.29,47.57,16.38,50.16
1777764428,6.31,11.50,6.00,17.14,46.28,16.40,47.59,15.77,50.05
1777764430,6.31,11.00,6.00,16.76,46.29,16.51,47.60,15.48,50.00
1777764431,6.38,11.50,6.00,16.65,46.32,16.31,47.60,16.07,50.10
1777764433,6.38,11.25,6.25,16.72,46.38,16.53,47.62,15.85,50.07
1777764434,6.31,11.75,6.00,16.91,46.49,16.26,47.55,15.82,50.07
1777764436,6.31,10.75,6.25,16.94,46.54,16.42,47.57,15.69,50.04
1777764438,6.38,11.50,6.25,16.61,46.53,16.23,47.54,15.44,49.99
1777764439,6.31,11.25,6.25,16.66,46.59,16.44,47.60,15.78,50.04
1777764441,6.31,11.25,6.00,16.67,46.61,16.25,47.57,16.02,50.08
1777764443,6.38,11.50,6.25,16.72,46.63,16.28,47.59,15.89,50.05
1777764444,6.38,11.25,6.00,16.70,46.61,16.26,47.58,15.66,49.98
1777764446,6.38,10.75,6.25,17.26,46.67,16.41,47.61,15.51,49.96
1777764447,6.38,11.00,5.75,16.78,46.50,16.25,47.63,15.88,50.01
1777764449,6.38,11.00,5.75,16.87,46.45,16.27,47.65,16.24,50.08
1777764451,6.38,11.25,6.00,16.77,46.38,16.36,47.69,15.91,50.06
1777764452,6.44,11.00,6.00,16.72,46.32,16.37,47.68,16.22,50.13
1777764454,6.31,10.75,6.00,17.16,46.35,16.27,47.69,15.53,50.03
1777764455,6.38,11.00,6.25,16.78,46.23,16.30,47.71,15.72,50.08
1777764457,6.31,11.00,6.25,16.58,46.17,16.40,47.73,15.48,50.05
1777764459,6.38,11.25,6.25,16.72,46.13,16.27,47.71,15.58,50.08
1777764460,6.38,11.25,6.25,16.83,46.12,16.21,47.71,16.31,50.20
1777764462,6.38,11.25,6.25,16.61,46.06,16.32,47.73,16.05,50.17
1777764463,6.31,11.25,6.25,16.65,46.05,16.28,47.70,16.27,50.24
1777764465,6.38,11.00,6.00,16.96,46.06,16.34,47.65,15.67,50.12
1777764467,6.31,11.25,5.75,17.01,46.05,16.22,47.67,15.81,50.14
1777764468,6.31,10.75,6.25,17.16,46.06,16.32,47.70,15.51,50.10
1777764470,6.31,11.00,5.50,16.78,45.96,16.34,47.68,15.47,50.09
1777764471,6.31,11.25,5.50,17.13,46.01,16.47,47.67,15.73,50.16
1777764473,6.31,10.75,5.75,17.00,45.97,16.20,47.63,15.95,50.20
1777764475,6.25,11.00,6.00,16.80,45.93,16.29,47.61,16.40,50.27
1777764476,6.25,11.25,5.75,16.65,45.89,16.29,47.60,15.77,50.15
1777764478,6.25,11.00,6.00,16.83,45.91,16.44,47.59,16.24,50.21
1777764479,6.31,11.25,5.50,17.05,45.94,16.38,47.58,15.62,50.10
1777764481,6.25,10.50,6.00,16.76,45.88,16.31,47.57,15.31,50.06
1777764483,6.25,11.25,6.00,17.13,45.95,16.37,47.58,15.75,50.12
1777764484,6.25,11.00,6.00,16.91,45.94,16.43,47.59,16.20,50.21
1777764486,6.31,11.00,5.75,16.79,45.94,16.45,47.58,15.98,50.17
1777764487,6.25,10.75,5.75,16.80,45.94,16.55,47.61,16.26,50.22
1777764489,6.25,11.00,6.00,17.20,45.99,16.27,47.56,16.08,50.19
1777764491,6.19,11.00,6.00,16.95,45.96,16.48,47.61,16.23,50.25
1777764492,6.19,11.25,5.75,16.62,45.90,16.42,47.58,15.94,50.23
1777764494,6.19,11.25,6.25,16.83,45.93,16.46,47.58,15.67,50.14
1777764496,6.25,11.25,6.00,16.83,45.92,16.41,47.59,16.01,50.21
1777764497,6.25,10.75,6.25,16.65,45.89,16.50,47.62,15.83,50.18
1777764499,6.19,11.00,5.75,16.90,45.92,16.40,47.60,15.97,50.22
1777764500,6.31,10.50,5.50,16.98,45.92,16.33,47.61,15.80,50.20
1777764502,6.25,11.25,6.00,16.98,45.92,16.38,47.63,15.71,50.18
1777764504,6.25,11.00,6.25,17.01,45.89,16.26,47.58,16.21,50.25
1777764505,6.25,11.00,6.25,16.62,45.84,16.46,47.62,15.78,50.15
1777764507,6.19,11.25,6.25,16.81,45.89,16.40,47.62,16.09,50.19
1777764508,6.25,12.00,6.25,16.83,45.89,16.37,47.65,15.46,50.06
1777764510,6.19,11.25,5.75,16.68,45.88,16.52,47.68,15.84,50.13
1777764512,6.13,11.25,6.00,17.05,45.93,16.47,47.69,15.89,50.15
1777764513,6.13,11.00,6.00,17.00,45.94,16.46,47.72,15.92,50.17
1777764515,6.19,11.25,6.25,16.78,45.91,16.37,47.71,15.79,50.15
1777764516,6.19,10.75,6.00,16.61,45.89,16.55,47.73,15.80,50.18
1777764518,6.19,10.75,6.50,16.83,45.94,16.49,47.72,16.06,50.23
1777764520,6.25,11.25,6.25,17.07,45.98,16.48,47.70,16.22,50.25
1777764521,6.19,11.25,6.25,17.13,46.02,16.55,47.71,15.73,50.17
1777764523,6.25,10.75,5.75,17.06,46.01,16.44,47.69,15.87,50.21
1777764524,6.31,10.50,5.75,17.27,46.05,16.42,47.69,16.07,50.25
1777764526,6.25,11.00,5.50,16.77,45.97,16.42,47.69,15.83,50.23
1777764528,6.19,10.75,6.25,16.81,45.99,16.36,47.68,15.86,50.27
1777764529,6.25,11.00,6.25,17.05,46.02,16.53,47.68,15.83,50.26
1777764531,6.25,11.25,6.00,17.19,46.03,16.41,47.61,15.77,50.24
1777764532,6.19,11.25,6.00,16.68,45.96,16.49,47.60,15.73,50.23
1777764534,6.25,11.25,6.00,17.22,46.02,16.30,47.52,15.71,50.23
1777764536,6.25,11.25,6.00,16.92,45.94,16.57,47.55,15.89,50.24
1777764537,6.25,11.00,5.75,16.93,45.95,16.44,47.51,16.22,50.26
1777764539,6.25,11.25,6.00,16.95,45.92,16.49,47.46,15.89,50.18
1777764541,6.25,11.00,6.00,17.12,45.93,16.54,47.43,15.97,50.18
1777764542,6.25,10.75,6.00,16.98,45.89,16.48,47.44,15.78,50.14
1777764544,6.25,10.75,6.00,16.66,45.84,16.48,47.45,15.78,50.12
1777764545,6.19,10.75,5.75,17.01,45.91,16.53,47.43,15.80,50.12
1777764547,6.19,10.75,5.75,16.78,45.86,16.43,47.39,15.90,50.14
1777764549,6.19,11.00,5.75,16.87,45.89,16.48,47.36,16.23,50.19
1777764550,6.19,11.25,6.00,16.80,45.89,16.43,47.34,15.89,50.12
1777764552,6.19,10.75,5.75,16.90,45.89,16.48,47.33,16.01,50.13
1777764553,6.19,10.75,6.00,16.76,45.87,16.39,47.28,16.29,50.21
1777764555,6.19,11.50,6.25,16.76,45.86,16.47,47.30,15.83,50.11
1777764557,6.13,11.25,6.00,17.09,45.91,16.33,47.27,15.87,50.12
1777764558,6.19,11.00,6.00,16.83,45.86,16.43,47.29,16.08,50.15
1777764560,6.13,11.00,6.00,16.84,45.85,16.48,47.29,15.95,50.13
1777764561,6.13,11.00,6.00,16.92,45.82,16.48,47.30,15.92,50.11
1777764563,6.19,10.75,5.75,17.16,45.86,16.44,47.30,16.33,50.16
1777764565,6.19,11.25,6.00,16.96,45.81,16.62,47.34,15.83,50.08
1777764566,6.19,11.00,5.50,16.88,45.79,16.54,47.31,16.06,50.11
1777764568,6.19,11.25,6.25,17.01,45.82,16.64,47.29,15.84,50.06
1777764569,6.19,11.25,5.75,16.80,45.80,16.44,47.23,15.94,50.05
1777764571,6.13,11.25,6.00,17.03,45.81,16.46,47.23,15.82,50.04
1777764573,6.19,11.00,6.00,16.83,45.75,16.44,47.21,15.78,49.99
1777764574,6.19,11.00,6.00,16.98,45.78,16.48,47.22,16.05,50.05
1777764576,6.19,11.25,6.00,17.13,45.78,16.47,47.23,16.19,50.08
1777764577,6.25,11.25,5.75,16.95,45.72,16.43,47.27,15.86,50.03
1777764579,6.25,11.25,6.25,16.80,45.69,16.37,47.26,15.97,50.06
1777764581,6.25,11.00,6.00,17.01,45.70,16.57,47.25,16.33,50.12
1777764582,6.19,11.25,6.00,16.86,45.69,16.41,47.24,16.15,50.06
1777764584,6.31,11.25,6.00,16.80,45.67,16.59,47.30,16.03,50.03
1777764585,6.25,11.25,6.00,16.83,45.67,16.55,47.30,16.08,50.03
1777764587,6.25,11.25,6.00,16.86,45.67,16.44,47.34,16.02,50.04
1777764589,6.25,11.25,6.00,16.72,45.67,16.40,47.35,16.26,50.10
1777764590,6.25,11.50,6.25,17.06,45.72,16.51,47.37,15.99,50.08
1777764592,6.25,11.50,6.00,16.60,45.68,16.43,47.35,16.07,50.10
1777764594,6.25,11.25,6.00,16.66,45.70,16.51,47.36,16.07,50.11
1777764595,6.25,11.25,6.00,17.03,45.78,16.62,47.38,16.02,50.09
1777764597,6.25,11.00,6.00,16.90,45.75,16.42,47.32,16.00,50.06
1777764598,6.25,11.50,6.00,16.90,45.77,16.44,47.36,16.23,50.08
1777764600,6.25,11.25,6.25,16.91,45.80,16.41,47.36,15.85,50.00
1777764602,6.25,10.75,6.25,16.91,45.78,16.48,47.41,15.88,49.99
1777764603,6.25,11.00,5.75,16.77,45.78,16.42,47.39,16.35,50.05
1777764605,6.25,11.00,5.75,16.83,45.78,16.40,47.40,15.98,49.96
1777764606,6.25,11.00,6.00,16.91,45.81,16.48,47.44,16.13,49.96
1777764608,6.25,10.75,5.75,16.79,45.83,16.40,47.42,16.31,49.96
1777764610,6.25,11.00,6.00,16.62,45.80,16.44,47.42,16.10,49.92
1777764611,6.25,11.25,6.00,16.80,45.84,16.45,47.42,15.62,49.83
1777764613,6.25,11.25,6.00,16.67,45.82,16.43,47.43,16.29,49.93
1777764614,6.25,11.00,6.00,16.80,45.85,16.54,47.45,16.31,49.92
1777764616,6.19,11.25,6.00,16.92,45.88,16.52,47.44,15.96,49.86
1777764618,6.25,11.25,6.00,17.23,45.95,16.37,47.42,16.07,49.88
1777764619,6.25,11.25,6.00,16.65,45.89,16.37,47.40,16.39,49.93
1777764621,6.25,11.00,6.00,17.26,46.08,16.33,47.36,16.06,49.85
1777764622,6.25,11.25,5.75,16.65,46.10,16.47,47.38,16.33,49.87
1777764624,6.25,11.50,6.00,16.70,46.21,16.38,47.35,16.23,49.83
1777764626,6.25,11.50,5.75,16.74,46.27,16.42,47.37,16.33,49.84
1777764627,6.25,11.25,6.00,16.83,46.30,16.39,47.34,16.23,49.81
1777764629,6.31,11.00,6.00,17.03,46.33,16.44,47.36,16.10,49.78
1777764630,6.25,10.75,6.25,17.04,46.30,16.40,47.37,16.19,49.78
1777764632,6.25,11.25,5.75,17.17,46.28,16.42,47.38,15.90,49.70
1777764634,6.25,11.25,5.75,16.88,46.20,16.40,47.36,16.16,49.79
1777764635,6.25,10.75,5.75,16.92,46.15,16.47,47.37,16.31,49.80
1777764637,6.25,11.00,6.00,16.69,46.09,16.43,47.41,16.13,49.76
1777764638,6.25,11.00,6.25,16.87,46.09,16.42,47.43,15.61,49.69
1777764640,6.25,11.00,6.25,16.65,46.03,16.57,47.49,16.41,49.83
1777764642,6.25,11.25,6.00,16.91,46.05,16.51,47.48,16.23,49.85
1777764643,6.19,11.00,6.00,16.83,46.00,16.43,47.47,16.37,49.87
1777764645,6.25,11.25,6.00,16.75,45.99,16.47,47.46,16.16,49.86
1777764647,6.25,11.00,6.25,17.13,46.09,16.45,47.43,16.32,49.86
1777764648,6.25,11.00,6.00,16.99,46.06,16.46,47.40,16.33,49.84
1777764650,6.19,10.50,5.75,16.89,46.02,16.53,47.39,15.89,49.76
1777764651,6.19,11.25,6.25,16.83,46.03,16.52,47.39,15.87,49.75
1777764653,6.19,10.75,6.00,17.26,46.08,16.57,47.41,15.95,49.76
1777764655,6.13,10.50,5.75,16.99,46.02,16.49,47.43,16.00,49.79
1777764656,6.13,11.25,6.00,17.41,46.05,16.48,47.43,16.30,49.87
1777764658,6.19,11.00,5.75,17.11,45.98,16.52,47.45,16.27,49.89
1777764659,6.13,11.25,5.75,16.85,45.91,16.47,47.47,15.84,49.81
1777764661,6.13,10.75,5.75,17.12,45.94,16.43,47.50,16.20,49.87
1777764663,6.13,10.75,5.50,17.10,45.92,16.44,47.50,15.88,49.84
1777764664,6.13,11.00,6.00,16.87,45.89,16.44,47.49,16.18,49.89
1777764666,6.13,10.75,5.50,16.85,45.87,16.44,47.46,15.80,49.82
1777764667,6.13,11.00,5.75,17.06,45.92,16.49,47.45,16.29,49.89
1777764669,6.13,11.25,6.50,16.80,45.89,16.43,47.45,15.80,49.79
1777764671,6.13,10.75,6.00,16.96,45.90,16.59,47.48,16.40,49.88
1777764672,6.13,10.75,5.75,16.78,45.88,16.48,47.47,16.10,49.83
1777764674,6.06,11.25,6.00,16.68,45.87,16.46,47.50,16.23,49.86
1777764675,6.06,11.00,6.25,16.83,45.89,16.47,47.49,16.33,49.88
1777764677,6.06,11.25,6.00,17.01,45.93,16.50,47.50,16.14,49.86
1777764679,6.06,10.75,5.75,16.83,45.88,16.54,47.51,16.12,49.85
1777764680,6.06,10.75,5.75,17.15,45.95,16.53,47.51,16.61,49.94
1777764682,6.00,11.25,6.00,17.15,45.97,16.59,47.49,16.08,49.87
1777764683,6.00,10.75,6.00,17.01,45.94,16.50,47.46,16.29,49.93
1777764685,6.00,11.25,6.25,16.93,45.94,16.59,47.49,15.86,49.89
1777764687,6.00,11.25,6.00,16.93,45.93,16.56,47.52,16.17,49.95
1777764688,6.06,10.75,6.00,16.77,45.92,16.57,47.50,16.19,49.99
1777764690,6.00,11.00,5.75,17.23,45.98,16.44,47.47,15.75,49.93
1777764692,6.06,10.50,6.25,17.05,45.96,16.49,47.47,16.07,49.97
1777764693,6.06,11.25,6.00,16.91,45.91,16.42,47.43,15.80,49.94
1777764695,6.06,11.25,6.00,16.76,45.91,16.44,47.41,16.29,50.01
1777764696,6.06,11.00,6.00,17.06,45.96,16.61,47.40,16.00,49.97
1777764698,6.00,11.25,6.00,16.79,45.93,16.50,47.35,15.58,49.90
1777764700,6.06,11.25,6.00,16.88,45.94,16.62,47.34,15.95,49.97
1777764701,6.00,10.75,6.00,16.89,45.94,16.44,47.28,15.61,49.92
1777764703,6.00,10.75,6.00,17.05,45.97,16.59,47.29,16.23,49.99
1777764704,6.06,11.25,6.00,16.86,45.91,16.53,47.24,15.81,49.88
1777764706,6.06,11.00,5.75,17.00,45.92,16.49,47.26,16.18,49.92
1777764708,6.06,11.00,6.00,16.80,45.91,16.51,47.25,16.46,49.95
1777764709,6.00,11.00,6.00,16.77,45.89,16.51,47.23,16.48,49.94
1777764711,6.06,11.50,6.00,16.95,45.91,16.48,47.23,15.88,49.83
1777764712,6.06,11.00,6.00,16.87,45.87,16.40,47.25,16.24,49.88
1777764714,6.13,11.00,6.00,16.84,45.84,16.48,47.24,15.84,49.81
1777764716,6.13,11.00,5.50,16.75,45.82,16.53,47.26,16.27,49.87
1777764717,6.06,11.25,6.00,17.19,45.88,16.49,47.23,16.12,49.84
1777764719,6.13,10.75,6.00,17.07,45.86,16.45,47.24,16.44,49.90
1777764720,6.13,11.00,6.25,16.67,45.79,16.48,47.29,16.19,49.85
1777764722,6.13,10.75,6.00,16.67,45.80,16.50,47.34,16.21,49.87
1777764724,6.13,11.25,6.50,16.76,45.84,16.45,47.35,16.01,49.88
1777764725,6.13,11.00,6.25,16.73,45.85,16.53,47.35,16.33,49.97
1777764727,6.13,10.75,6.00,16.89,45.88,16.48,47.35,15.70,49.89
1777764728,6.13,11.00,6.25,16.76,45.86,16.50,47.37,15.56,49.86
1777764730,6.13,10.75,5.75,16.83,45.88,16.49,47.38,16.16,49.98
1777764732,6.13,11.25,5.75,16.87,45.89,16.54,47.35,16.11,49.97
1777764733,6.06,11.25,5.75,16.70,45.86,16.55,47.34,16.29,50.01
1777764735,6.13,11.50,6.00,16.76,45.86,16.46,47.33,16.16,50.00
1777764736,6.19,10.50,5.75,16.80,45.85,16.51,47.35,16.34,50.03
1777764738,6.13,10.75,6.00,16.78,45.84,16.34,47.34,15.83,49.98
1777764740,6.13,11.00,5.75,16.92,45.88,16.47,47.37,16.19,50.07
1777764741,6.13,11.25,5.75,16.66,45.83,16.48,47.41,16.08,50.06
1777764743,6.13,11.25,6.00,16.94,45.86,16.61,47.45,16.01,50.05
1777764745,6.13,11.25,6.00,16.80,45.85,16.37,47.42,15.84,50.04
1777764746,6.19,11.00,5.75,16.66,45.86,16.48,47.45,16.11,50.05
1777764748,6.19,11.25,5.75,17.16,45.95,16.43,47.45,15.98,50.01
1777764749,6.19,11.00,6.25,16.90,45.91,16.47,47.46,16.01,50.01
1777764751,6.19,11.00,6.00,16.73,45.90,16.51,47.46,15.89,49.95
1777764753,6.19,11.50,5.75,16.99,45.94,16.56,47.46,16.34,50.00
1777764754,6.19,11.25,5.75,16.72,45.90,16.44,47.46,15.97,49.92
1777764756,6.13,10.75,6.00,16.72,45.92,16.58,47.47,16.14,49.91
1777764757,6.19,10.75,5.75,16.80,45.96,16.40,47.44,16.46,49.95
1777764759,6.19,11.25,6.00,16.90,45.99,16.54,47.43,16.12,49.90
1777764761,6.19,11.50,6.25,16.76,46.00,16.46,47.42,15.96,49.88
1777764762,6.19,11.25,6.00,16.90,46.05,16.55,47.42,16.26,49.92
1777764764,6.19,11.50,6.25,16.80,46.11,16.39,47.38,16.21,49.89
1777764765,6.19,11.00,6.25,17.07,46.24,16.47,47.39,15.84,49.84
1777764767,6.19,10.75,6.00,16.69,46.25,16.47,47.39,16.02,49.87
1777764769,6.25,11.50,6.25,17.06,46.34,16.62,47.42,16.05,49.89
1777764770,6.19,11.25,6.25,16.91,46.31,16.48,47.40,16.19,49.92
1777764772,6.13,11.25,5.75,17.12,46.34,16.41,47.38,16.24,49.93
1777764773,6.06,10.75,6.25,17.03,46.26,16.40,47.39,16.29,49.93
1777764775,6.00,11.00,6.00,16.86,46.21,16.37,47.38,16.21,49.92
1777764777,5.94,11.25,6.00,16.79,46.15,16.42,47.40,16.31,49.92
1777764778,5.88,11.25,6.25,16.95,46.16,16.51,47.43,16.19,49.88
1777764780,5.75,11.00,6.25,16.71,46.11,16.38,47.44,16.19,49.90
1777764781,5.75,11.50,6.00,16.62,46.11,16.28,47.43,16.19,49.91
1777764783,5.69,11.50,6.25,16.59,46.16,16.40,47.45,16.23,49.94
1777764785,5.69,11.50,6.25,16.95,46.29,16.48,47.49,16.52,49.98
1777764786,5.63,11.75,6.25,17.05,46.41,16.27,47.49,16.05,49.91
1777764788,5.63,11.25,6.00,16.88,46.49,16.34,47.52,16.23,49.96
1777764789,5.63,11.25,6.25,16.67,46.56,16.33,47.56,16.37,50.00
1777764791,5.63,11.25,6.50,17.00,46.68,16.37,47.59,16.00,49.94
1777764793,5.56,11.00,6.75,16.70,46.71,16.29,47.61,16.37,50.02
1777764794,5.56,11.50,6.00,16.80,46.71,16.27,47.64,15.84,49.96
1777764796,5.50,11.00,6.25,17.02,46.81,16.31,47.70,16.24,50.02
1777764798,5.50,11.00,6.25,16.98,46.83,16.16,47.68,15.88,50.01
1777764799,5.56,11.25,6.25,16.86,46.84,16.29,47.72,15.99,50.03
1777764801,5.56,11.50,6.00,16.91,46.86,16.27,47.71,16.08,50.08
1777764802,5.56,10.75,6.25,16.93,46.83,16.33,47.71,16.05,50.07
1777764804,5.56,11.50,6.50,16.64,46.81,16.44,47.76,16.23,50.10
1777764806,5.56,11.25,6.50,17.04,46.81,16.34,47.80,16.46,50.14
1777764807,5.56,11.50,6.00,17.14,46.77,16.17,47.79,16.18,50.08
1777764809,5.56,10.50,6.25,16.87,46.65,16.38,47.87,15.97,50.06
1777764810,5.56,11.25,6.00,16.91,46.57,16.26,47.85,15.82,50.04
1777764812,5.56,11.50,6.25,17.26,46.55,16.28,47.86,15.82,50.06
1777764814,5.56,11.75,6.25,16.92,46.45,16.42,47.87,16.07,50.10
1777764815,5.56,11.75,6.25,17.08,46.40,16.33,47.88,16.31,50.14
1777764817,5.56,11.00,6.25,16.82,46.34,16.25,47.86,16.34,50.15
1777764818,5.56,11.25,6.00,17.09,46.38,16.30,47.90,16.32,50.15
1777764820,5.56,11.75,5.75,17.00,46.44,16.25,47.89,16.48,50.19
1777764822,5.56,11.25,6.50,16.87,46.48,16.48,47.90,16.29,50.18
1777764823,5.56,11.50,6.25,16.84,46.53,16.31,47.88,16.03,50.17
1777764825,5.56,11.75,6.25,16.98,46.60,16.28,47.86,16.40,50.20
1777764826,5.56,11.25,6.25,16.90,46.62,16.40,47.92,16.29,50.17
1777764828,5.56,11.50,6.25,17.01,46.67,16.26,47.93,15.98,50.12
1777764830,5.56,11.00,6.25,16.77,46.62,16.23,47.89,15.72,50.06
1777764831,5.56,11.75,6.50,17.35,46.69,16.24,47.87,16.00,50.12
1777764833,5.56,11.75,6.00,17.02,46.59,16.31,47.87,16.44,50.18
1777764834,5.50,11.50,6.25,16.91,46.56,16.29,47.88,15.77,50.05
1777764836,5.56,11.50,6.00,16.96,46.54,16.16,47.90,16.05,50.09
1777764838,5.50,11.50,6.00,17.01,46.55,16.22,47.91,16.07,50.08
1777764839,5.50,11.50,6.25,16.81,46.49,16.40,47.95,16.16,50.10
1777764841,5.50,11.75,6.25,17.09,46.45,16.20,47.92,15.99,50.06
1777764842,5.44,11.25,6.00,17.13,46.41,16.31,47.94,15.79,50.03
1777764844,5.44,11.25,5.75,16.98,46.32,16.34,47.95,16.30,50.11
1777764846,5.50,11.50,6.50,17.01,46.25,16.34,47.95,16.35,50.11
1777764847,5.50,11.25,6.00,16.79,46.16,16.17,47.91,16.35,50.11
1777764849,5.44,11.00,6.25,16.90,46.13,16.13,47.90,16.33,50.12
1777764851,5.44,11.25,6.00,16.91,46.08,16.19,47.92,16.28,50.10
1777764852,5.44,11.25,6.25,16.98,46.02,16.32,47.95,16.30,50.12
1777764854,5.44,11.50,5.75,17.14,45.97,16.23,47.94,16.13,50.06
1777764855,5.44,11.25,6.00,17.35,45.97,16.31,47.95,16.16,50.07
1777764857,5.38,11.25,6.00,16.96,45.86,16.24,47.95,16.38,50.11
1777764859,5.38,10.75,6.25,17.15,45.85,16.32,47.96,16.01,50.08
1777764860,5.44,11.00,6.00,17.15,45.82,16.33,47.95,16.17,50.09
1777764862,5.44,11.25,6.00,17.09,45.78,16.23,47.90,16.27,50.10
1777764863,5.38,11.00,5.75,17.31,45.80,16.41,47.89,16.19,50.08
1777764865,5.44,11.25,6.00,16.99,45.73,16.37,47.86,16.12,50.04
1777764867,5.44,11.25,6.00,17.16,45.72,16.36,47.86,16.44,50.08
1777764868,5.38,11.00,6.00,17.38,45.73,16.31,47.80,15.87,49.96
1777764870,5.44,10.75,5.50,17.23,45.70,16.49,47.80,16.23,49.98
1777764871,5.44,11.25,6.25,17.09,45.67,16.32,47.78,16.26,49.99
1777764873,5.44,11.00,6.00,17.19,45.66,16.29,47.77,16.12,49.96
1777764875,5.44,11.00,6.00,16.90,45.61,16.29,47.72,16.19,49.95
1777764876,5.50,11.50,6.25,17.27,45.68,16.42,47.75,16.24,49.91
1777764878,5.44,11.25,5.75,17.33,45.68,16.40,47.74,15.62,49.83
1777764879,5.44,11.25,6.00,16.89,45.62,16.37,47.74,16.24,49.94
1777764881,5.56,11.50,6.00,17.29,45.69,16.33,47.72,15.91,49.90
1777764883,5.50,11.00,6.50,17.14,45.65,16.33,47.69,16.20,49.95
1777764884,5.44,11.75,6.00,17.51,45.70,16.29,47.68,15.97,49.89
1777764886,5.50,10.75,5.50,17.30,45.64,16.31,47.66,15.94,49.88
1777764887,5.50,11.50,6.25,17.12,45.61,16.40,47.65,16.24,49.91
1777764889,5.56,11.00,6.25,17.09,45.60,16.38,47.68,16.51,49.97
1777764891,5.56,11.25,5.50,17.25,45.62,16.51,47.73,16.16,49.89
1777764892,5.50,11.25,6.25,17.13,45.59,16.53,47.73,16.18,49.92
1777764894,5.50,11.25,6.00,17.37,45.63,16.29,47.68,16.25,49.94
1777764896,5.50,11.25,6.00,17.20,45.61,16.44,47.73,15.60,49.85
1777764897,5.50,11.25,6.25,16.85,45.56,16.37,47.75,16.16,49.97
1777764899,5.50,11.25,5.50,17.30,45.64,16.29,47.73,15.88,49.96
1777764900,5.50,11.50,6.00,17.14,45.62,16.37,47.76,16.15,50.03
1777764902,5.50,11.25,6.00,17.14,45.59,16.34,47.76,16.35,50.07
1777764904,5.50,11.25,6.00,17.24,45.60,16.40,47.79,15.95,49.97
1777764905,5.56,10.75,6.00,17.17,45.57,16.44,47.75,16.24,50.05
1777764907,5.56,11.25,5.75,16.94,45.56,16.26,47.71,16.32,50.03
1777764908,5.56,11.50,5.75,17.29,45.59,16.44,47.74,16.07,49.99
1777764910,5.56,11.75,6.00,17.13,45.58,16.28,47.71,16.05,49.98
1777764912,5.50,11.75,5.75,17.23,45.58,16.25,47.72,16.11,49.99
1777764913,5.56,11.00,6.00,16.94,45.50,16.40,47.77,16.47,50.05
1777764915,5.56,11.00,5.75,17.44,45.58,16.40,47.80,15.93,49.99
1777764916,5.56,11.25,6.00,17.23,45.56,16.29,47.78,16.08,50.03
1777764918,5.50,11.25,6.00,16.91,45.50,16.41,47.82,16.12,50.05
1777764920,5.56,10.75,6.25,17.12,45.54,16.25,47.82,16.03,50.04
1777764921,5.56,11.00,5.75,17.19,45.55,16.31,47.83,16.12,50.05
1777764923,5.56,11.25,6.25,16.94,45.48,16.15,47.81,16.14,50.08
1777764924,5.56,11.50,6.00,17.37,45.55,16.33,47.84,16.13,50.07
1777764926,5.56,11.25,6.00,17.05,45.48,16.32,47.84,16.38,50.12
1777764928,5.56,11.25,6.00,17.30,45.52,16.36,47.83,16.42,50.11
1777764929,5.56,11.50,6.25,17.23,45.50,16.29,47.82,16.20,50.07
1777764931,5.56,11.50,6.25,17.20,45.54,16.32,47.81,15.95,50.02
1777764932,5.56,11.00,5.75,17.37,45.58,16.23,47.78,15.85,50.00
1777764934,5.56,10.75,6.25,17.05,45.57,16.29,47.78,16.33,50.05
1777764936,5.56,11.75,6.25,17.23,45.67,16.27,47.76,15.88,49.97
1777764937,5.63,11.25,6.25,17.30,45.78,16.24,47.75,15.61,49.91
1777764939,5.63,11.00,5.75,17.15,45.83,16.44,47.79,16.29,49.99
1777764940,5.56,11.50,6.25,17.29,45.94,16.38,47.81,15.92,49.94
1777764942,5.63,11.50,6.25,17.26,46.00,16.43,47.82,15.95,49.95
1777764944,5.56,11.50,6.00,17.15,46.08,16.25,47.83,15.94,49.97
1777764945,5.56,11.50,6.00,17.29,46.13,16.41,47.85,16.44,50.05
1777764947,5.56,11.50,6.25,17.11,46.14,16.37,47.84,16.00,50.00
1777764949,5.56,11.00,5.75,17.43,46.22,16.34,47.85,15.87,50.00
1777764950,5.56,11.25,6.00,17.10,46.21,16.36,47.83,16.44,50.10
1777764952,5.56,11.00,6.25,17.23,46.27,16.27,47.84,16.08,50.07
1777764953,5.56,11.25,6.25,17.38,46.31,16.29,47.88,16.00,50.06
1777764955,5.56,11.50,6.25,17.31,46.28,16.28,47.88,16.01,50.06
1777764957,5.56,11.50,6.25,17.22,46.18,16.23,47.86,15.83,50.03
1777764958,5.50,11.50,6.25,16.97,46.06,16.21,47.84,16.24,50.11
1777764960,5.50,10.75,6.00,17.22,46.01,16.38,47.85,15.99,50.08
1777764961,5.56,11.50,6.25,17.04,45.87,16.29,47.84,15.98,50.08
1777764963,5.50,10.75,6.25,17.01,45.81,16.27,47.85,15.84,50.06
1777764965,5.50,11.00,6.00,17.23,45.79,16.37,47.86,15.94,50.07
1777764966,5.44,11.00,6.00,17.26,45.72,16.42,47.89,16.26,50.12
1777764968,5.50,10.75,6.00,17.03,45.65,16.31,47.87,15.75,50.05
1777764969,5.44,11.25,6.00,17.13,45.63,16.25,47.84,16.12,50.12
1777764971,5.44,11.00,6.25,17.03,45.60,16.55,47.86,15.98,50.10
1777764973,5.50,11.00,5.75,17.27,45.60,16.31,47.79,15.79,50.03
1777764974,5.44,11.50,5.50,17.10,45.55,16.32,47.76,15.92,50.04
1777764976,5.44,11.25,6.25,17.01,45.52,16.40,47.77,16.37,50.08
1777764977,5.44,11.50,6.25,16.93,45.51,16.38,47.73,15.81,49.99
1777764979,5.44,11.50,6.00,17.14,45.57,16.39,47.72,15.94,49.99
1777764981,5.44,11.25,6.25,17.41,45.64,16.47,47.72,16.31,50.02
1777764982,5.44,11.25,5.75,17.38,45.67,16.39,47.69,16.03,49.96
1777764984,5.44,11.50,6.00,17.30,45.69,16.51,47.70,16.19,49.98
1777764985,5.50,11.50,6.25,17.10,45.69,16.48,47.67,15.84,49.93
1777764987,5.44,11.50,6.00,17.41,45.81,16.31,47.64,15.98,49.95
1777764989,5.44,11.75,6.25,17.13,45.84,16.30,47.66,15.85,49.90
1777764990,5.44,11.00,6.25,17.09,45.92,16.34,47.67,16.08,49.96
1777764992,5.44,11.50,6.50,17.01,45.95,16.40,47.70,16.21,49.98
1777764994,5.44,11.75,6.25,17.15,46.00,16.37,47.72,15.78,49.93
1777764995,5.50,11.75,6.50,16.98,46.01,16.26,47.72,16.31,50.02
1777764997,5.50,11.50,6.25,17.13,46.04,16.34,47.75,16.11,50.01
1777764998,5.50,11.25,6.50,17.19,46.05,16.48,47.79,16.27,50.05
1777765000,5.50,11.00,6.25,17.41,46.06,16.27,47.78,15.87,50.00
1777765002,5.50,11.50,6.25,17.03,45.93,16.27,47.79,15.97,50.05
1777765003,5.50,11.00,6.00,17.54,45.91,16.27,47.76,15.84,50.03
1777765005,5.50,11.50,6.50,17.05,45.77,16.33,47.78,16.04,50.06
1777765006,5.50,11.25,6.25,17.05,45.69,16.40,47.80,15.91,50.04
1777765008,5.50,11.50,6.00,17.31,45.69,16.36,47.79,16.40,50.13
1777765010,5.56,11.25,6.00,17.43,45.65,16.27,47.77,16.42,50.13
1777765011,5.50,10.75,5.75,17.15,45.58,16.29,47.79,16.18,50.10
1777765013,5.50,11.25,6.25,17.02,45.49,16.29,47.78,15.82,50.07
1777765014,5.56,11.00,5.75,17.20,45.50,16.27,47.79,16.06,50.11
1777765016,5.50,11.25,6.50,17.26,45.48,16.38,47.78,15.98,50.09
1777765018,5.56,10.75,6.00,17.48,45.50,16.36,47.79,16.33,50.14
1777765019,5.50,11.25,6.00,17.09,45.42,16.44,47.82,15.98,50.08
1777765021,5.50,10.50,6.00,17.23,45.39,16.37,47.83,16.06,50.09
1777765022,5.56,11.25,6.00,17.13,45.36,16.29,47.84,15.97,50.09
1777765024,5.50,11.00,6.00,17.45,45.40,16.50,47.84,15.83,50.08
1777765026,5.50,11.00,6.00,17.16,45.34,16.28,47.78,16.01,50.12
1777765027,5.50,11.25,6.00,17.10,45.32,16.31,47.79,15.94,50.11
1777765029,5.50,11.25,6.00,17.40,45.33,16.41,47.80,16.38,50.16
1777765030,5.50,10.50,6.00,17.31,45.32,16.35,47.79,15.75,50.04
1777765032,5.44,10.50,6.00,17.38,45.32,16.28,47.79,16.16,50.11
1777765034,5.44,11.25,6.00,17.10,45.28,16.29,47.79,16.12,50.10
1777765035,5.44,10.75,6.00,17.14,45.27,16.31,47.80,15.82,50.04
1777765037,5.44,11.25,6.00,17.26,45.27,16.34,47.80,16.19,50.09
1777765038,5.44,10.75,6.00,17.25,45.24,16.37,47.82,15.73,50.03
1777765040,5.38,10.75,5.50,17.31,45.25,16.42,47.81,15.90,50.06
1777765042,5.38,10.75,5.75,17.62,45.29,16.32,47.77,16.40,50.17
1777765043,5.38,10.75,6.00,17.37,45.24,16.34,47.80,16.07,50.12
1777765045,5.38,11.00,6.00,17.56,45.25,16.39,47.82,16.27,50.16
1777765047,5.38,11.00,6.00,17.16,45.17,16.34,47.79,16.29,50.17
1777765048,5.31,11.25,6.00,17.30,45.18,16.43,47.77,15.99,50.15
1777765050,5.31,10.75,5.75,17.51,45.20,16.45,47.78,16.10,50.14
1777765051,5.31,11.25,5.75,17.08,45.14,16.51,47.76,16.27,50.14
1777765053,5.31,11.25,6.25,17.11,45.14,16.38,47.73,16.00,50.08
1777765055,5.25,10.75,6.00,17.17,45.14,16.33,47.72,15.94,50.06
1777765056,5.31,11.25,6.00,17.49,45.21,16.51,47.77,16.28,50.12
1777765058,5.31,10.75,6.00,17.11,45.16,16.57,47.79,16.44,50.14
1777765059,5.31,11.50,6.00,17.28,45.19,16.58,47.79,15.78,50.02
1777765061,5.25,11.50,6.00,17.30,45.20,16.42,47.74,16.08,50.04
1777765063,5.31,11.25,6.25,17.16,45.20,16.40,47.72,16.03,50.01
1777765064,5.31,11.25,6.00,17.30,45.27,16.31,47.71,16.27,50.03
1777765066,5.31,10.75,6.25,17.39,45.34,16.47,47.75,16.09,50.02
1777765067,5.31,11.25,6.25,17.12,45.36,16.31,47.70,16.05,49.99
1777765069,5.38,11.50,6.00,17.34,45.47,16.30,47.71,15.84,49.95
1777765071,5.38,11.25,6.25,17.18,45.51,16.27,47.71,16.13,49.97
1777765072,5.31,11.50,6.25,17.26,45.53,16.25,47.72,16.21,50.01
1777765074,5.38,11.75,6.25,17.01,45.55,16.41,47.77,15.69,49.91
1777765075,5.38,11.50,6.25,17.31,45.64,16.40,47.79,16.29,50.01
1777765077,5.31,10.75,6.25,17.15,45.65,16.28,47.79,16.04,49.95
1777765079,5.38,11.25,6.00,17.23,45.70,16.23,47.76,16.15,49.99
1777765080,5.38,11.75,6.25,17.33,45.69,16.41,47.75,15.60,49.89
1777765082,5.38,11.25,6.25,17.19,45.66,16.39,47.75,16.23,49.98
1777765083,5.38,11.00,6.25,17.33,45.64,16.29,47.76,15.83,49.94
1777765085,5.38,11.50,5.75,17.10,45.55,16.27,47.77,16.15,49.99
1777765087,5.38,11.50,6.00,17.44,45.56,16.31,47.74,16.01,49.97
1777765088,5.44,11.25,5.75,17.11,45.44,16.34,47.78,16.23,49.99
1777765090,5.44,11.50,6.25,17.34,45.45,16.29,47.74,16.14,49.96
1777765092,5.44,11.25,6.00,17.42,45.47,16.25,47.72,16.20,49.97
1777765093,5.44,11.25,6.25,17.44,45.47,16.36,47.75,16.27,49.98
1777765095,5.44,11.25,6.25,17.17,45.42,16.33,47.75,15.94,49.91
1777765096,5.38,11.25,6.00,17.28,45.46,16.39,47.75,16.25,49.94
1777765098,5.38,11.25,6.00,17.54,45.47,16.42,47.77,16.27,49.93
1777765100,5.50,10.50,6.00,17.34,45.42,16.30,47.75,16.25,49.95
1777765101,5.44,11.00,6.00,17.13,45.33,16.31,47.73,16.36,49.96
1777765103,5.44,11.00,5.75,17.47,45.35,16.31,47.72,16.32,49.94
1777765104,5.44,11.25,6.00,17.34,45.31,16.37,47.76,16.24,49.90
1777765106,5.38,11.25,6.25,17.13,45.25,16.41,47.75,15.87,49.86
1777765108,5.38,11.25,5.50,17.17,45.24,16.37,47.72,16.29,49.91
1777765109,5.44,11.25,6.00,17.26,45.27,16.47,47.73,16.23,49.89
1777765111,5.44,11.50,6.25,17.17,45.24,16.52,47.72,15.68,49.82
1777765112,5.44,11.25,6.00,17.25,45.28,16.39,47.69,16.27,49.90
1777765114,5.44,11.25,6.25,17.22,45.29,16.38,47.67,16.09,49.87
1777765116,5.44,11.25,6.50,17.37,45.35,16.34,47.63,16.32,49.91
1777765117,5.44,11.00,6.00,17.58,45.43,16.38,47.63,16.29,49.92
1777765119,5.38,11.50,6.25,17.15,45.37,16.46,47.62,16.13,49.90
1777765120,5.44,11.50,6.25,17.27,45.43,16.46,47.62,15.98,49.86
1777765122,5.44,11.50,6.25,17.30,45.45,16.31,47.59,16.27,49.90
1777765124,5.44,11.00,6.25,17.28,45.47,16.55,47.63,16.24,49.92
1777765125,5.44,10.75,6.25,17.26,45.46,16.52,47.64,15.98,49.88
1777765127,5.44,11.50,6.25,17.31,45.44,16.46,47.66,15.98,49.91
1777765128,5.44,11.25,6.00,17.03,45.35,16.37,47.66,16.27,49.98
1777765130,5.44,11.00,6.25,17.22,45.36,16.50,47.72,16.00,49.95
1777765132,5.44,11.00,6.00,17.38,45.36,16.40,47.72,16.35,50.05
1777765133,5.38,11.00,5.75,17.23,45.29,16.66,47.76,16.48,50.08
1777765135,5.38,11.00,6.00,17.13,45.23,16.43,47.69,15.98,50.00
1777765136,5.44,11.25,6.00,17.30,45.23,16.30,47.68,16.28,50.05
1777765138,5.38,11.50,5.75,17.19,45.19,16.44,47.70,16.16,50.04
1777765140,5.38,11.25,6.25,17.16,45.17,16.43,47.70,16.38,50.10
1777765141,5.44,11.75,6.00,17.41,45.20,16.34,47.68,15.93,50.04
1777765143,5.38,11.00,6.00,17.48,45.20,16.45,47.71,16.23,50.09
1777765145,5.44,11.25,6.25,17.19,45.14,16.44,47.72,16.03,50.07
1777765146,5.38,11.50,6.00,17.30,45.15,16.49,47.73,15.87,50.05
1777765148,5.38,11.00,6.00,17.22,45.13,16.40,47.70,16.04,50.08
1777765149,5.44,11.50,6.00,17.36,45.14,16.44,47.69,16.81,50.22
1777765151,5.44,11.00,6.00,17.34,45.13,16.44,47.66,15.85,50.05
1777765153,5.44,11.00,5.75,17.62,45.17,16.33,47.66,16.35,50.09
1777765154,5.38,11.50,6.25,17.35,45.12,16.46,47.67,16.28,50.06
1777765156,5.44,11.50,6.00,17.34,45.13,16.34,47.68,16.27,50.03
1777765157,5.38,11.50,6.00,17.32,45.12,16.38,47.66,16.05,49.99
1777765159,5.44,11.25,6.00,17.45,45.17,16.40,47.66,16.14,50.00
1777765161,5.44,11.00,6.00,17.23,45.12,16.42,47.65,16.09,49.98
1777765162,5.44,11.25,6.00,17.37,45.13,16.38,47.64,16.28,49.99
1777765164,5.44,10.75,6.25,17.61,45.19,16.47,47.66,16.22,49.99
1777765165,5.44,11.75,5.50,17.31,45.15,16.45,47.65,15.82,49.95
1777765167,5.44,11.50,6.00,17.23,45.13,16.44,47.65,15.91,49.95
1777765169,5.44,11.25,6.00,17.16,45.11,16.41,47.65,16.19,50.00
1777765170,5.44,11.25,6.25,17.24,45.13,16.49,47.68,15.80,49.95
1777765172,5.44,11.00,6.00,17.36,45.16,16.43,47.68,16.56,50.06
1777765173,5.50,11.50,5.75,17.14,45.14,16.48,47.64,16.29,50.02
1777765175,5.44,11.50,6.25,17.30,45.20,16.49,47.61,15.85,49.93
1777765177,5.50,11.25,6.25,17.30,45.23,16.48,47.62,16.05,49.97
1777765178,5.50,11.75,6.25,17.17,45.26,16.55,47.64,16.49,50.06
1777765180,5.44,11.75,5.75,17.33,45.33,16.41,47.63,15.98,49.98
1777765181,5.50,11.25,6.00,17.14,45.33,16.47,47.64,15.86,49.96
1777765183,5.50,11.25,6.25,17.58,45.44,16.45,47.67,16.22,50.03
1777765185,5.50,11.50,6.00,17.23,45.38,16.46,47.65,16.08,50.02
1777765186,5.50,11.25,6.00,17.46,45.40,16.37,47.61,16.21,50.05
1777765188,5.44,11.25,6.25,17.63,45.42,16.44,47.61,16.50,50.08
1777765190,5.44,11.50,6.25,17.30,45.33,16.48,47.63,16.23,50.03
1777765191,5.50,11.00,6.00,17.30,45.32,16.43,47.67,15.78,49.97
1777765193,5.44,11.50,6.00,17.12,45.29,16.40,47.68,16.18,50.02
1777765194,5.44,11.50,6.25,17.15,45.28,16.37,47.66,15.91,49.99
1777765196,5.44,11.25,6.00,17.11,45.26,16.42,47.69,16.14,50.03
1777765198,5.44,11.25,5.75,17.19,45.29,16.43,47.68,15.99,50.04
1777765199,5.38,11.25,6.50,17.33,45.31,16.49,47.67,16.48,50.12
1777765201,5.38,11.00,5.75,17.30,45.29,16.48,47.65,16.37,50.10
1777765202,5.38,11.25,6.50,17.13,45.24,16.41,47.62,15.92,50.03
1777765204,5.44,11.50,6.00,17.47,45.31,16.44,47.62,16.17,50.07
1777765206,5.44,11.50,6.00,17.17,45.28,16.42,47.61,16.31,50.11
1777765207,5.44,11.25,6.00,17.12,45.32,16.48,47.59,16.19,50.06
1777765209,5.44,11.75,6.25,17.24,45.42,16.29,47.56,16.05,50.04
1777765210,5.44,11.25,6.25,17.12,45.48,16.40,47.56,16.37,50.08
1777765212,5.44,11.75,6.50,17.13,45.55,16.46,47.58,16.17,50.07
1777765214,5.44,11.50,6.25,17.33,45.67,16.51,47.61,16.27,50.07
1777765215,5.50,11.50,6.25,17.20,45.71,16.55,47.63,16.26,50.10
1777765217,5.56,11.25,6.25,17.30,45.78,16.40,47.62,16.05,50.06
1777765218,5.50,11.75,6.25,17.72,45.91,16.28,47.62,16.11,50.08
1777765220,5.56,11.00,5.75,16.96,45.82,16.50,47.66,16.33,50.12
1777765222,5.56,11.75,6.25,17.10,45.88,16.42,47.69,16.27,50.11
1777765223,5.63,11.25,6.25,17.25,45.90,16.33,47.70,16.36,50.13
1777765225,5.63,12.00,6.25,17.14,45.90,16.29,47.71,15.94,50.07
1777765226,5.63,11.75,6.25,17.34,45.94,16.23,47.70,16.16,50.09
1777765228,5.63,11.75,6.25,17.20,45.94,16.19,47.71,16.29,50.13
1777765230,5.63,11.75,6.50,17.19,45.96,16.26,47.73,15.94,50.06
1777765231,5.63,12.00,6.25,17.21,45.96,16.40,47.76,15.98,50.05
1777765233,5.69,11.00,6.50,17.09,45.98,16.25,47.78,16.03,50.08
1777765234,5.69,11.75,6.25,17.31,46.04,16.41,47.84,16.24,50.10
1777765236,5.69,11.75,6.25,17.23,46.04,16.23,47.81,16.28,50.13
1777765238,5.69,11.75,6.75,17.19,46.03,16.28,47.83,15.94,50.09
1777765239,5.69,11.75,6.50,17.47,46.06,16.33,47.83,16.29,50.15
1777765241,5.69,11.25,6.50,17.21,45.96,16.33,47.83,16.03,50.10
1777765243,5.75,11.50,5.75,17.59,45.92,16.50,47.86,16.32,50.17
1777765244,5.75,10.75,6.25,17.27,45.78,16.25,47.81,16.28,50.17
1777765246,5.75,11.25,6.25,17.19,45.67,16.27,47.77,15.80,50.10
1777765247,5.75,11.25,6.25,17.30,45.58,16.47,47.78,16.35,50.17
1777765249,5.75,11.25,6.25,17.17,45.48,16.33,47.79,16.22,50.13
1777765251,5.75,11.25,6.25,17.25,45.42,16.33,47.78,16.28,50.15
1777765252,5.69,11.00,5.75,17.24,45.33,16.26,47.75,16.12,50.12
1777765254,5.69,11.25,6.00,17.38,45.30,16.44,47.78,16.11,50.10
1777765255,5.69,11.50,5.50,17.62,45.26,16.36,47.75,16.37,50.13
1777765257,5.69,11.25,6.25,17.30,45.19,16.29,47.73,15.80,50.03
1777765259,5.69,11.25,5.75,17.40,45.20,16.33,47.73,16.27,50.09
1777765260,5.69,11.25,6.25,17.29,45.15,16.29,47.72,16.76,50.17
1777765262,5.69,11.25,6.00,17.18,45.11,16.38,47.78,16.04,50.05
1777765263,5.69,11.25,5.50,17.41,45.11,16.28,47.76,16.01,50.02
1777765265,5.63,11.00,6.25,17.41,45.07,16.40,47.77,15.88,49.99
1777765267,5.63,11.00,6.00,17.42,45.06,16.40,47.76,16.11,49.99
1777765268,5.56,10.75,5.75,17.26,45.01,16.34,47.72,16.13,49.98
1777765270,5.56,11.00,6.00,17.33,45.00,16.44,47.75,16.05,49.94
1777765271,5.56,11.00,6.00,17.48,45.02,16.27,47.73,16.23,49.97
1777765273,5.56,10.75,5.75,17.65,45.03,16.34,47.73,15.77,49.86
1777765275,5.56,11.00,5.75,17.62,45.02,16.40,47.74,16.27,49.91
1777765276,5.63,11.00,6.00,17.44,44.98,16.40,47.76,16.26,49.87
1777765278,5.56,11.25,6.50,17.44,44.98,16.45,47.80,16.12,49.83
1777765279,5.56,11.00,6.00,17.41,44.93,16.44,47.79,16.32,49.87
1777765281,5.56,11.00,6.25,17.55,44.95,16.43,47.77,16.00,49.83
1777765283,5.50,10.75,6.25,17.41,44.92,16.40,47.77,16.33,49.90
1777765284,5.56,11.25,6.00,17.41,44.90,16.45,47.75,16.33,49.92
1777765286,5.56,11.25,6.25,17.69,44.95,16.44,47.73,16.23,49.94
1777765288,5.50,11.00,5.50,17.45,44.88,16.33,47.68,16.20,49.96
1777765289,5.50,11.00,6.00,17.30,44.86,16.48,47.69,16.23,49.98
1777765291,5.50,11.25,5.75,17.52,44.90,16.48,47.70,15.66,49.89
1777765292,5.50,11.25,6.00,17.48,44.88,16.55,47.70,16.44,50.02
1777765294,5.50,11.25,6.00,17.57,44.89,16.36,47.65,15.94,49.93
1777765296,5.50,10.75,6.00,17.56,44.89,16.48,47.65,15.93,49.92
1777765297,5.50,11.00,6.00,17.39,44.86,16.50,47.66,15.91,49.89
1777765299,5.50,10.75,6.25,17.39,44.86,16.45,47.62,16.31,49.96
1777765300,5.50,11.00,6.00,17.41,44.86,16.50,47.62,16.29,49.93
1777765302,5.50,10.25,6.25,17.35,44.83,16.49,47.64,16.09,49.90
1777765304,5.50,10.75,6.25,17.48,44.86,16.42,47.62,15.94,49.88
1777765305,5.56,10.75,6.00,17.04,44.78,16.52,47.66,16.17,49.93
1777765307,5.44,10.75,6.25,17.56,44.85,16.44,47.59,15.90,49.93
1777765308,5.50,11.00,6.00,17.19,44.83,16.54,47.57,16.70,50.06
1777765310,5.50,10.75,6.25,17.68,44.91,16.50,47.53,16.05,49.97
1777765312,5.50,10.75,6.00,17.55,44.91,16.55,47.52,16.04,49.99
1777765313,5.50,11.25,6.00,17.41,44.90,16.62,47.51,16.29,50.06
1777765315,5.50,11.00,6.00,17.53,44.94,16.55,47.46,16.15,50.06
1777765316,5.50,11.25,6.00,17.12,44.88,16.66,47.46,16.30,50.14
1777765318,5.50,11.00,6.25,17.32,44.92,16.44,47.43,16.02,50.13
1777765320,5.50,11.25,6.00,17.30,44.97,16.41,47.39,15.99,50.22
1777765321,5.50,11.00,6.00,17.55,45.04,16.41,47.36,16.17,50.33
1777765323,5.50,10.75,6.00,17.27,45.02,16.62,47.36,16.21,50.41
1777765324,5.50,10.50,6.00,17.21,45.00,16.44,47.33,16.36,50.47
1777765326,5.44,11.25,6.00,17.28,45.04,16.46,47.30,16.78,50.56
1777765328,5.44,11.00,6.25,17.41,45.08,16.33,47.32,15.87,50.42
1777765329,5.44,10.50,5.50,17.26,45.08,16.48,47.36,16.36,50.52
1777765331,5.44,11.25,6.00,17.31,45.09,16.38,47.32,16.17,50.47
1777765332,5.44,11.25,6.00,17.18,45.10,16.44,47.38,16.08,50.45
1777765334,5.50,10.75,5.75,17.39,45.16,16.55,47.42,16.20,50.44
1777765336,5.44,11.00,6.00,17.36,45.12,16.40,47.41,16.18,50.42
1777765337,5.44,10.25,6.25,17.21,45.09,16.39,47.39,16.23,50.38
1777765339,5.44,10.75,6.25,17.28,45.08,16.43,47.40,16.27,50.36
1777765341,5.44,10.75,6.25,17.25,45.04,16.43,47.44,16.03,50.29
1777765342,5.44,11.25,5.75,17.65,45.10,16.40,47.45,16.30,50.30
1777765344,5.44,11.25,6.00,17.66,45.11,16.36,47.47,16.16,50.28
1777765345,5.50,10.75,6.00,17.46,45.08,16.37,47.48,16.16,50.31
1777765347,5.50,10.50,6.50,17.46,45.11,16.33,47.49,16.20,50.37
1777765349,5.44,11.50,5.75,17.26,45.13,16.26,47.50,15.98,50.40
1777765350,5.44,11.00,6.00,17.33,45.17,16.37,47.55,15.95,50.46
1777765352,5.44,11.00,6.00,17.24,45.20,16.34,47.57,16.18,50.57
1777765353,5.38,11.00,5.25,17.21,45.25,16.23,47.58,15.94,50.58
1777765355,5.44,11.25,6.00,17.31,45.32,16.31,47.60,16.12,50.65
1777765357,5.38,11.00,6.00,17.17,45.39,16.27,47.62,16.38,50.73
1777765358,5.38,11.00,6.00,17.19,45.46,16.36,47.65,16.22,50.71
1777765360,5.44,11.25,6.00,17.27,45.53,16.29,47.67,15.94,50.62
1777765361,5.38,11.50,6.00,17.41,45.61,16.33,47.70,16.18,50.62
1777765363,5.44,10.75,6.25,17.27,45.66,16.29,47.71,16.27,50.59
1777765365,5.44,10.75,6.25,17.29,45.70,16.30,47.74,16.13,50.51
1777765366,5.44,11.25,5.50,17.30,45.75,16.39,47.80,16.32,50.46
1777765368,5.44,11.25,6.50,17.31,45.78,16.29,47.82,16.38,50.46
1777765369,5.38,11.25,6.25,17.35,45.84,16.30,47.86,15.94,50.43
1777765371,5.38,10.75,6.00,17.26,45.83,16.15,47.82,16.16,50.50
1777765373,5.44,11.25,5.75,17.26,45.83,16.29,47.87,16.51,50.60
1777765374,5.44,10.75,6.00,17.26,45.80,16.25,47.91,16.12,50.57
1777765376,5.38,11.25,6.00,17.17,45.71,16.36,47.91,16.15,50.56
1777765377,5.44,11.00,6.00,17.37,45.64,16.20,47.90,15.92,50.46
1777765379,5.38,11.00,5.75,17.39,45.53,16.34,47.92,16.16,50.41
1777765381,5.38,10.75,6.00,17.37,45.46,16.35,47.92,16.46,50.38
1777765382,5.38,10.50,6.25,17.23,45.37,16.33,47.90,15.98,50.23
1777765384,5.38,11.00,6.00,17.66,45.36,16.47,47.91,16.16,50.20
1777765385,5.38,11.00,6.00,17.21,45.23,16.25,47.87,15.97,50.11
1777765387,5.38,11.00,6.00,17.22,45.18,16.28,47.88,16.12,50.08
1777765389,5.38,10.75,6.25,17.59,45.20,16.42,47.91,16.36,50.08
1777765390,5.31,11.00,6.25,17.18,45.10,16.33,47.89,15.98,50.01
1777765392,5.31,11.25,6.00,17.19,45.08,16.29,47.86,15.92,49.98
1777765394,5.31,11.25,6.25,17.30,45.08,16.40,47.87,16.44,50.07
1777765395,5.31,11.25,5.75,17.28,45.07,16.24,47.88,16.31,50.03
1777765397,5.31,10.75,6.00,17.26,45.03,16.33,47.87,15.77,49.96
1777765398,5.38,10.75,5.75,17.63,45.08,16.34,47.86,16.18,50.03
1777765400,5.31,11.25,5.50,17.29,44.99,16.38,47.87,16.33,50.04
1777765402,5.31,11.00,5.50,17.24,44.99,16.32,47.84,16.13,50.02
1777765403,5.38,10.75,5.75,17.54,45.03,16.44,47.83,16.31,50.06
1777765405,5.38,11.25,5.75,17.14,44.96,16.45,47.81,16.44,50.07
1777765406,5.31,10.75,6.00,17.40,44.97,16.36,47.75,16.26,50.03
1777765408,5.38,11.25,6.00,17.23,44.92,16.37,47.76,16.01,49.97
1777765410,5.31,11.00,6.00,17.26,44.91,16.30,47.74,15.84,49.97
1777765411,5.31,11.00,6.00,17.29,44.93,16.28,47.74,16.11,50.00
1777765413,5.38,11.25,6.25,17.27,44.93,16.36,47.75,16.24,50.06
1777765414,5.31,11.00,6.00,17.34,44.94,16.44,47.76,15.97,50.03
1777765416,5.38,10.75,6.00,17.41,44.94,16.48,47.80,15.96,50.01
1777765418,5.38,11.25,5.50,17.25,44.93,16.37,47.78,16.01,50.05
1777765419,5.38,10.25,6.00,17.30,44.95,16.37,47.82,15.84,50.05
1777765421,5.25,11.00,5.75,17.37,44.96,16.44,47.84,15.69,50.01
1777765422,5.31,11.25,6.00,17.34,44.95,16.27,47.82,16.24,50.10
1777765424,5.25,11.25,6.25,17.28,44.91,16.39,47.80,16.19,50.10
1777765426,5.25,11.00,6.00,17.38,44.93,16.35,47.79,16.21,50.11
1777765427,5.25,11.00,5.75,17.27,44.92,16.48,47.82,16.23,50.08
1777765429,5.31,11.00,5.75,17.29,44.92,16.48,47.76,16.08,50.05
1777765430,5.19,11.25,6.25,17.26,44.90,16.62,47.78,15.80,50.01
1777765432,5.25,10.75,6.00,17.23,44.88,16.40,47.72,16.31,50.07
1777765434,5.25,11.25,6.00,17.30,44.92,16.44,47.70,15.99,49.99
1777765435,5.19,10.75,5.00,17.42,44.95,16.48,47.70,15.84,49.95
1777765437,5.25,10.75,6.00,17.18,44.90,16.37,47.68,16.17,50.01
1777765439,5.25,11.00,5.50,17.37,44.93,16.51,47.69,16.27,50.00
1777765440,5.25,11.25,6.00,17.22,44.91,16.39,47.64,16.12,49.99
1777765442,5.25,11.00,6.00,17.58,44.97,16.39,47.62,16.08,49.93
1777765443,5.25,11.25,6.00,17.28,44.94,16.49,47.62,15.98,49.90
1777765445,5.25,11.00,6.25,17.30,44.93,16.48,47.62,16.16,49.90
1777765447,5.25,11.25,6.00,17.24,44.94,16.41,47.62,16.15,49.88
1777765448,5.25,11.25,6.00,17.22,44.94,16.40,47.59,16.11,49.90
1777765450,5.31,11.25,5.50,17.24,44.95,16.44,47.55,15.87,49.88
1777765451,5.25,11.00,6.00,17.09,44.92,16.42,47.51,16.23,49.92
1777765453,5.25,11.00,6.00,17.19,44.93,16.57,47.52,15.65,49.82
1777765455,5.25,11.00,5.50,17.37,44.98,16.48,47.47,15.62,49.82
1777765456,5.25,11.25,6.00,17.13,44.93,16.37,47.46,16.29,49.92
1777765458,5.25,10.75,5.75,17.42,44.99,16.51,47.48,16.00,49.87
1777765459,5.25,11.00,6.00,17.24,44.96,16.52,47.49,16.23,49.91
1777765461,5.25,10.50,6.00,17.37,44.99,16.44,47.48,16.22,49.93
1777765463,5.25,10.75,6.00,17.25,44.97,16.37,47.44,16.27,49.97
1777765464,5.25,11.00,6.00,17.22,44.99,16.40,47.43,15.77,49.89
1777765466,5.19,11.25,6.25,17.40,45.03,16.51,47.46,16.16,49.96
1777765467,5.25,10.75,6.00,17.59,45.06,16.44,47.45,15.65,49.88
1777765469,5.25,11.00,6.00,17.18,44.99,16.58,47.47,16.22,50.03
1777765471,5.19,10.50,5.75,17.15,45.00,16.55,47.45,15.80,49.98
1777765472,5.19,11.00,5.50,17.34,45.04,16.49,47.44,16.19,50.05
1777765474,5.19,11.00,6.00,17.15,45.01,16.44,47.44,16.09,50.04
1777765475,5.25,11.25,6.00,17.19,45.04,16.62,47.47,16.18,50.06
1777765477,5.19,10.50,5.75,17.41,45.09,16.30,47.42,15.84,50.00
1777765479,5.19,11.50,6.00,17.18,45.07,16.48,47.44,15.88,50.04
1777765480,5.19,10.75,6.25,17.29,45.09,16.55,47.47,16.02,50.07
1777765482,5.19,11.00,6.00,17.58,45.13,16.47,47.51,16.25,50.10
1777765483,5.19,11.00,6.25,17.34,45.13,16.37,47.50,16.23,50.10
1777765485,5.19,10.75,6.25,17.34,45.15,16.43,47.53,15.84,50.03
1777765487,5.25,11.25,6.00,17.24,45.11,16.52,47.58,15.84,50.03
1777765488,5.19,11.25,5.75,17.15,45.09,16.41,47.58,16.04,50.06
1777765490,5.19,10.50,6.25,17.09,45.08,16.48,47.60,15.94,50.05
1777765492,5.19,11.00,5.75,17.30,45.12,16.57,47.66,16.15,50.09
1777765493,5.19,10.75,5.75,17.05,45.08,16.48,47.64,16.25,50.12
1777765495,5.25,11.00,6.25,17.02,45.10,16.51,47.65,16.45,50.15
1777765496,5.25,10.50,5.75,17.27,45.13,16.36,47.62,15.94,50.06
1777765498,5.25,11.00,5.75,16.98,45.11,16.40,47.62,16.29,50.12
1777765500,5.31,10.50,6.00,17.34,45.21,16.58,47.63,16.43,50.14
1777765501,5.25,11.75,6.00,17.20,45.21,16.38,47.59,16.12,50.05
1777765503,5.31,11.25,6.00,17.41,45.26,16.37,47.55,16.29,50.05
1777765504,5.31,11.00,5.25,17.14,45.26,16.47,47.53,15.95,49.96
1777765506,5.38,10.75,6.25,17.30,45.36,16.48,47.50,15.93,49.90
1777765508,5.38,11.50,6.25,17.13,45.42,16.34,47.46,15.81,49.85
1777765509,5.38,11.00,5.75,17.05,45.49,16.44,47.49,16.14,49.89
1777765511,5.31,10.50,6.25,17.01,45.56,16.39,47.48,15.63,49.80
1777765512,5.31,11.50,6.25,17.17,45.70,16.50,47.50,16.23,49.87
1777765514,5.31,11.50,6.25,17.22,45.81,16.31,47.50,16.28,49.88
1777765516,5.31,11.50,6.25,17.23,45.87,16.33,47.52,16.23,49.89
1777765517,5.31,11.25,6.00,17.25,45.95,16.41,47.56,16.33,49.91
1777765519,5.38,11.00,6.25,17.20,46.00,16.31,47.57,16.43,49.95
1777765520,5.38,11.50,6.50,17.31,46.08,16.46,47.61,16.14,49.91
1777765522,5.38,11.25,6.25,17.26,46.12,16.44,47.59,16.37,49.95
1777765524,5.38,11.25,6.50,17.11,46.17,16.37,47.59,15.95,49.89
1777765525,5.31,11.00,6.00,17.33,46.23,16.29,47.57,15.94,49.89
1777765527,5.38,11.25,6.50,17.09,46.17,16.62,47.64,16.02,49.89
1777765528,5.38,11.25,6.25,17.26,46.16,16.33,47.59,15.83,49.84
1777765530,5.31,11.25,5.75,17.13,46.10,16.33,47.60,16.09,49.88
1777765532,5.31,11.50,6.25,17.12,46.03,16.40,47.62,16.14,49.87
1777765533,5.31,11.00,6.25,17.26,46.00,16.34,47.65,15.98,49.85
1777765535,5.31,11.25,6.50,17.34,45.97,16.56,47.72,16.42,49.94
1777765537,5.38,11.25,6.00,17.30,45.91,16.34,47.69,15.87,49.87
1777765538,5.31,11.00,6.00,16.98,45.79,16.33,47.66,15.87,49.86
1777765540,5.25,11.00,6.00,17.09,45.73,16.40,47.69,16.31,49.92
1777765541,5.31,10.75,6.00,17.21,45.69,16.31,47.68,15.87,49.85
1777765543,5.25,11.50,6.25,17.02,45.60,16.37,47.65,16.27,49.89
1777765545,5.38,11.00,6.25,17.38,45.57,16.44,47.68,16.59,49.94
1777765546,5.31,11.25,6.00,17.09,45.48,16.48,47.69,15.90,49.84
1777765548,5.31,11.00,6.25,17.45,45.49,16.33,47.64,16.21,49.87
1777765549,5.31,10.75,6.00,17.42,45.44,16.33,47.65,16.30,49.89
1777765551,5.31,11.25,6.25,17.09,45.34,16.45,47.67,15.80,49.77
1777765553,5.31,11.25,6.00,17.41,45.36,16.40,47.66,16.32,49.82
1777765554,5.31,11.50,6.25,17.22,45.31,16.33,47.64,16.31,49.74
1777765556,5.31,11.50,6.25,17.01,45.26,16.40,47.64,16.23,49.62
1777765557,5.31,11.25,6.00,17.45,45.31,16.34,47.63,16.80,49.61
1777765559,5.31,10.75,6.00,17.55,45.33,16.50,47.65,16.48,49.49
1777765561,5.31,11.00,6.00,17.13,45.26,16.43,47.62,16.02,49.39
1777765562,5.31,11.00,6.25,17.53,45.34,16.36,47.62,16.33,49.44
1777765564,5.31,11.25,6.00,17.15,45.26,16.46,47.65,15.90,49.38
1777765565,5.31,11.25,6.00,17.02,45.23,16.52,47.69,15.92,49.41
1777765567,5.38,11.25,6.00,17.10,45.26,16.48,47.68,15.92,49.47
1777765569,5.38,11.25,6.25,17.24,45.29,16.52,47.66,16.13,49.56
1777765570,5.38,10.50,6.25,17.15,45.28,16.57,47.65,15.86,49.56
1777765572,5.38,10.75,6.00,17.55,45.35,16.47,47.63,16.43,49.68
1777765573,5.31,11.00,6.00,17.08,45.28,16.52,47.60,16.40,49.68
1777765575,5.38,10.75,6.00,17.30,45.32,16.50,47.56,15.80,49.58
1777765577,5.38,11.25,5.75,17.37,45.31,16.42,47.52,16.27,49.69
1777765578,5.38,10.75,6.00,17.24,45.27,16.58,47.53,16.36,49.74
1777765580,5.38,10.75,5.50,17.05,45.22,16.59,47.54,15.74,49.65
1777765581,5.38,10.75,6.00,17.45,45.27,16.41,47.51,15.96,49.73
1777765583,5.25,11.00,6.00,17.29,45.21,16.44,47.51,16.22,49.78
1777765585,5.31,10.75,6.00,17.69,45.25,16.47,47.52,15.73,49.75
1777765586,5.31,11.00,6.00,17.53,45.23,16.43,47.51,16.29,49.85
1777765588,5.31,11.25,5.75,17.34,45.18,16.54,47.51,16.30,49.86
1777765590,5.38,11.00,6.00,17.10,45.13,16.46,47.48,16.12,49.82
1777765591,5.31,11.00,6.00,17.29,45.17,16.37,47.46,16.26,49.86
1777765593,5.31,10.75,6.00,17.23,45.17,16.46,47.47,16.33,49.93
1777765594,5.38,10.50,5.75,17.01,45.13,16.49,47.45,15.76,49.83
1777765596,5.38,11.25,6.00,17.29,45.21,16.45,47.47,16.09,49.90
1777765598,5.38,10.75,6.00,17.23,45.19,16.48,47.48,16.45,49.95
1777765599,5.38,11.00,6.00,17.23,45.18,16.53,47.50,15.94,49.85
1777765601,5.38,10.75,6.00,17.34,45.21,16.44,47.52,16.19,49.91
1777765602,5.31,11.00,6.00,17.15,45.16,16.51,47.56,16.16,49.92
1777765604,5.38,11.25,6.00,17.24,45.17,16.49,47.55,15.85,49.88
1777765606,5.25,11.25,6.00,17.22,45.18,16.40,47.52,16.10,49.90
1777765607,5.31,10.75,6.25,17.12,45.18,16.47,47.51,15.88,49.86
1777765609,5.31,10.75,6.00,17.30,45.22,16.59,47.52,15.85,49.86
1777765610,5.31,10.50,5.75,17.37,45.22,16.49,47.51,15.80,49.84
1777765612,5.31,11.00,6.25,17.22,45.21,16.50,47.51,16.20,49.92
1777765614,5.31,11.25,6.00,16.99,45.17,16.51,47.51,16.23,49.92
1777765615,5.31,10.75,6.00,17.22,45.22,16.52,47.52,16.28,49.93
1777765617,5.31,10.50,6.25,17.10,45.19,16.52,47.52,16.10,49.92
1777765618,5.38,11.00,5.75,17.42,45.22,16.43,47.50,16.14,49.93
1777765620,5.38,10.75,6.00,17.18,45.16,16.59,47.53,16.23,49.95
1777765622,5.31,11.25,5.75,17.07,45.13,16.37,47.50,16.12,49.95
1777765623,5.38,11.25,6.25,17.49,45.21,16.52,47.52,16.31,50.01
1777765625,5.38,10.75,6.25,17.20,45.18,16.49,47.48,15.97,49.98
1777765626,5.38,11.25,6.00,17.24,45.20,16.49,47.47,15.98,50.01
1777765628,5.38,10.75,6.25,17.02,45.18,16.54,47.45,16.25,50.06
1777765630,5.38,11.00,6.00,17.09,45.20,16.51,47.44,15.98,50.01
1777765631,5.38,11.00,6.25,17.44,45.26,16.52,47.45,16.23,50.08
1777765633,5.38,11.00,6.00,17.23,45.22,16.55,47.43,15.94,50.03
1777765635,5.38,11.25,6.25,17.26,45.23,16.64,47.43,16.01,50.08
1777765636,5.38,11.25,6.00,17.33,45.23,16.50,47.39,16.29,50.12
1777765638,5.38,10.75,5.75,17.24,45.21,16.51,47.38,16.76,50.19
1777765639,5.38,11.25,6.25,17.05,45.18,16.50,47.39,16.13,50.07
1777765641,5.38,11.25,6.00,17.41,45.21,16.44,47.37,16.32,50.08
1777765643,5.44,11.25,6.00,17.14,45.16,16.49,47.35,16.27,50.09
1777765644,5.38,10.75,6.00,17.29,45.21,16.55,47.36,15.92,49.99
1777765646,5.38,10.75,6.00,17.38,45.22,16.53,47.35,15.97,49.99
1777765647,5.38,11.00,6.25,17.28,45.20,16.47,47.34,15.91,49.98
1777765649,5.44,10.50,6.00,17.26,45.20,16.68,47.37,15.87,49.96
1777765651,5.44,11.25,6.25,17.42,45.24,16.48,47.31,16.17,49.97
1777765652,5.44,11.00,6.25,17.18,45.19,16.59,47.30,16.53,50.00
1777765654,5.38,10.75,6.00,17.23,45.20,16.62,47.29,15.62,49.83
1777765655,5.44,11.25,6.00,17.34,45.22,16.52,47.26,16.32,49.91
1777765657,5.38,11.50,6.00,17.16,45.20,16.51,47.26,16.12,49.87
1777765659,5.38,10.75,5.75,17.28,45.23,16.56,47.24,16.18,49.88
1777765660,5.44,10.75,6.00,17.37,45.27,16.55,47.21,16.28,49.89
1777765662,5.38,11.25,6.00,17.24,45.25,16.57,47.22,15.86,49.83
1777765663,5.38,11.00,6.25,17.17,45.25,16.46,47.20,16.23,49.90
1777765665,5.38,11.00,6.50,17.39,45.27,16.60,47.23,16.23,49.88
1777765667,5.38,11.00,5.75,17.13,45.23,16.55,47.26,16.19,49.88
1777765668,5.44,11.25,6.50,17.26,45.24,16.62,47.27,16.20,49.90
1777765670,5.38,10.75,5.75,17.01,45.21,16.50,47.24,16.04,49.89
1777765671,5.38,11.00,6.25,17.05,45.22,16.62,47.24,15.59,49.81
1777765673,5.38,11.00,6.00,17.40,45.27,16.62,47.27,16.52,49.95
1777765675,5.38,10.50,6.00,17.30,45.25,16.58,47.23,16.02,49.90
1777765676,5.31,11.00,6.25,17.37,45.27,16.46,47.21,15.95,49.88
1777765678,5.38,11.00,6.00,17.23,45.23,16.50,47.22,16.21,49.92
1777765679,5.38,11.00,6.00,17.14,45.22,16.73,47.26,15.87,49.86
1777765681,5.38,11.25,6.00,17.26,45.24,16.62,47.26,16.13,49.88
1777765683,5.38,11.25,6.00,17.47,45.27,16.59,47.28,16.19,49.91
1777765684,5.38,10.50,5.75,17.20,45.23,16.64,47.25,16.34,49.92
1777765686,5.38,11.25,6.00,17.41,45.25,16.55,47.22,15.69,49.82
1777765688,5.31,10.75,6.25,17.43,45.24,16.58,47.23,16.29,49.93
1777765689,5.38,11.00,6.00,17.55,45.26,16.66,47.23,15.98,49.89
1777765691,5.38,11.25,6.00,17.34,45.22,16.46,47.20,16.29,49.92
1777765692,5.38,11.00,6.00,17.22,45.20,16.65,47.21,16.08,49.88
1777765694,5.38,10.75,6.00,17.37,45.25,16.53,47.19,15.96,49.85
1777765696,5.38,11.00,6.25,17.14,45.23,16.48,47.17,16.34,49.92
1777765697,5.38,11.25,5.75,17.18,45.25,16.72,47.22,16.39,49.93
1777765699,5.38,11.25,5.75,17.47,45.31,16.40,47.19,16.10,49.90
1777765700,5.44,11.25,6.25,17.09,45.26,16.55,47.21,16.04,49.94
1777765702,5.44,11.25,6.00,17.12,45.31,16.66,47.23,16.23,49.97
1777765704,5.44,11.50,6.25,17.25,45.37,16.51,47.19,16.04,49.98
1777765705,5.44,11.50,5.75,17.00,45.37,16.49,47.19,16.27,50.04
1777765707,5.44,11.50,6.25,16.94,45.39,16.47,47.20,16.25,50.04
1777765708,5.50,11.25,5.50,17.15,45.49,16.48,47.21,15.89,49.97
1777765710,5.50,11.00,5.75,17.46,45.61,16.43,47.21,16.40,50.05
1777765712,5.44,11.25,6.25,17.30,45.65,16.51,47.22,16.37,49.99
1777765713,5.50,11.25,6.00,17.43,45.75,16.48,47.23,16.38,50.03
1777765715,5.50,11.00,5.75,17.00,45.73,16.45,47.25,16.09,49.98
1777765716,5.50,11.25,6.25,17.07,45.82,16.47,47.22,16.36,50.04
1777765718,5.44,11.25,6.00,17.15,45.91,16.44,47.29,16.37,50.08
1777765720,5.50,11.00,5.75,17.22,45.94,16.36,47.32,15.92,50.02
1777765721,5.44,11.00,6.25,17.05,45.97,16.38,47.38,16.51,50.13
1777765723,5.44,11.50,6.75,17.24,46.03,16.36,47.38,16.08,50.06
1777765724,5.44,11.00,6.25,17.40,46.05,16.37,47.40,16.13,50.09
1777765726,5.44,11.00,6.25,17.33,46.05,16.29,47.43,15.94,50.09
1777765728,5.44,11.00,6.25,17.28,46.05,16.34,47.48,16.22,50.15
1777765729,5.44,11.50,6.25,17.39,46.05,16.43,47.52,16.28,50.12
1777765731,5.38,11.00,6.25,17.02,45.97,16.32,47.55,15.76,49.98
1777765732,5.38,10.50,6.25,17.05,45.95,16.31,47.57,16.05,50.06
1777765734,5.38,11.25,6.50,17.09,45.93,16.37,47.58,16.32,50.15
1777765736,5.31,11.25,6.50,17.06,45.95,16.44,47.60,16.19,50.14
1777765737,5.38,11.50,6.25,17.23,45.97,16.31,47.54,16.05,50.09
1777765739,5.38,11.25,6.00,17.29,45.97,16.27,47.53,16.12,50.05
1777765741,5.38,11.25,6.25,17.13,45.96,16.41,47.57,16.52,50.04
1777765742,5.38,11.00,6.25,17.11,46.00,16.32,47.56,16.22,49.95
1777765744,5.38,11.25,6.25,17.13,46.05,16.43,47.61,16.69,49.98
1777765745,5.38,11.25,5.75,17.04,46.02,16.33,47.61,16.35,49.87
1777765747,5.38,11.25,6.25,17.49,46.06,16.28,47.63,15.93,49.75
1777765749,5.38,11.75,6.25,17.36,45.97,16.32,47.65,15.99,49.71
1777765750,5.38,10.50,5.75,17.13,45.84,16.32,47.68,16.34,49.77
1777765752,5.38,11.25,6.00,17.45,45.81,16.53,47.75,15.85,49.68
1777765753,5.38,11.00,6.25,17.43,45.74,16.26,47.72,16.07,49.71
1777765755,5.38,10.75,6.25,17.07,45.64,16.23,47.73,16.02,49.70
1777765757,5.38,11.25,6.25,17.56,45.66,16.29,47.74,16.07,49.70
1777765758,5.38,11.00,6.25,17.44,45.58,16.27,47.74,16.23,49.72
1777765760,5.38,11.25,5.75,17.03,45.48,16.47,47.78,16.01,49.67
1777765761,5.44,11.00,6.25,17.19,45.46,16.44,47.79,16.18,49.72
1777765763,5.38,10.75,6.00,17.36,45.45,16.38,47.77,15.73,49.61
1777765765,5.38,11.00,6.25,17.03,45.38,16.44,47.79,15.96,49.67
1777765766,5.38,11.00,6.25,17.13,45.37,16.40,47.83,16.16,49.70
1777765768,5.38,11.25,5.75,16.96,45.31,16.37,47.81,15.59,49.59
1777765769,5.38,11.00,6.00,17.07,45.31,16.46,47.83,15.86,49.66
1777765771,5.38,10.75,5.75,17.26,45.30,16.44,47.80,16.24,49.74
1777765773,5.38,11.00,6.25,17.24,45.27,16.60,47.82,15.74,49.61
1777765774,5.44,10.50,5.25,17.18,45.27,16.33,47.75,16.23,49.73
1777765776,5.38,10.75,5.75,17.17,45.26,16.41,47.72,16.27,49.72
1777765777,5.31,11.00,5.75,17.15,45.24,16.34,47.68,15.80,49.65
1777765779,5.31,11.25,5.75,17.68,45.32,16.33,47.66,16.05,49.66
1777765781,5.38,11.00,6.00,17.48,45.31,16.50,47.67,16.52,49.74
1777765782,5.31,11.00,5.75,17.17,45.26,16.33,47.63,16.43,49.69
1777765784,5.31,10.50,6.25,17.14,45.25,16.53,47.68,15.87,49.58
1777765786,5.25,11.00,6.25,17.26,45.28,16.36,47.64,16.08,49.62
1777765787,5.38,10.50,6.00,17.34,45.28,16.47,47.65,16.32,49.65
1777765789,5.31,10.75,5.75,17.22,45.28,16.39,47.65,15.88,49.60
1777765790,5.31,11.00,5.75,17.37,45.33,16.39,47.64,16.08,49.61
1777765792,5.31,11.00,6.00,17.40,45.33,16.37,47.63,16.39,49.66
1777765794,5.31,11.00,5.75,17.10,45.26,16.49,47.64,15.83,49.58
1777765795,5.38,11.00,6.00,17.73,45.33,16.49,47.63,16.00,49.61
1777765797,5.31,11.00,5.75,17.14,45.25,16.41,47.62,16.10,49.62
1777765798,5.38,10.50,6.25,17.26,45.25,16.38,47.61,15.90,49.57
1777765800,5.38,11.00,6.25,17.02,45.23,16.40,47.62,15.87,49.57
1777765802,5.38,11.00,6.25,17.48,45.30,16.38,47.60,16.25,49.63
1777765803,5.38,11.00,6.00,17.23,45.27,16.49,47.57,16.37,49.66
1777765805,5.31,11.00,6.25,17.19,45.25,16.44,47.53,16.02,49.59
1777765806,5.38,11.00,6.00,17.50,45.30,16.44,47.53,16.04,49.60
1777765808,5.38,11.00,6.25,17.15,45.24,16.48,47.50,16.23,49.63
1777765810,5.38,11.00,6.00,17.20,45.24,16.40,47.46,15.81,49.56
1777765811,5.38,11.00,6.00,17.48,45.29,16.40,47.45,15.87,49.56
1777765813,5.38,10.75,6.25,17.12,45.25,16.49,47.48,16.06,49.59
1777765814,5.38,11.00,6.25,17.44,45.30,16.51,47.48,15.93,49.56
1777765816,5.38,10.50,6.00,17.33,45.28,16.49,47.47,16.05,49.57
1777765818,5.38,11.00,6.00,17.30,45.26,16.57,47.46,16.12,49.58
1777765819,5.38,11.00,5.75,17.33,45.25,16.52,47.46,16.39,49.62
1777765821,5.38,10.50,5.75,17.48,45.28,16.50,47.42,15.73,49.49
1777765822,5.38,11.00,6.00,17.46,45.29,16.46,47.39,16.32,49.59
1777765824,5.31,10.75,6.00,17.36,45.26,16.46,47.35,16.24,49.55
1777765826,5.31,10.75,6.50,17.16,45.20,16.49,47.30,16.19,49.50
1777765827,5.31,11.00,6.00,17.19,45.22,16.49,47.30,16.06,49.46
1777765829,5.25,11.00,6.25,17.36,45.24,16.51,47.29,16.33,49.51
1777765830,5.31,11.00,6.25,17.39,45.26,16.54,47.29,16.24,49.48
1777765832,5.31,11.00,6.25,17.02,45.19,16.58,47.29,16.10,49.46
1777765834,5.31,11.00,6.00,17.06,45.20,16.60,47.27,15.89,49.41
1777765835,5.31,10.75,5.75,17.12,45.21,16.54,47.22,16.10,49.45
1777765837,5.31,11.00,6.00,17.10,45.23,16.55,47.23,15.90,49.41
1777765839,5.31,10.75,6.25,17.61,45.33,16.62,47.30,15.69,49.41
1777765840,5.31,11.00,6.00,17.19,45.28,16.51,47.31,16.32,49.52
1777765842,5.31,11.00,6.00,17.30,45.31,16.53,47.33,16.18,49.55
1777765843,5.31,10.75,6.00,17.14,45.28,16.57,47.36,15.90,49.52
1777765845,5.31,10.50,6.25,17.37,45.31,16.53,47.35,15.89,49.53
1777765847,5.25,11.00,6.00,17.13,45.29,16.44,47.34,16.70,49.69
1777765848,5.31,11.25,6.00,17.09,45.28,16.55,47.33,16.37,49.67
1777765850,5.25,11.00,6.00,17.15,45.31,16.61,47.31,15.71,49.66
1777765851,5.31,11.25,6.00,17.18,45.31,16.59,47.27,16.04,49.76
1777765853,5.31,10.75,6.25,17.29,45.35,16.53,47.21,15.77,49.72
1777765855,5.31,11.25,5.25,17.25,45.35,16.56,47.22,16.17,49.73
1777765856,5.31,10.75,5.50,16.97,45.28,16.48,47.22,15.95,49.65
1777765858,5.31,11.00,6.00,17.29,45.34,16.55,47.23,16.29,49.65
1777765859,5.31,11.00,5.50,17.07,45.29,16.58,47.25,16.48,49.66
1777765861,5.31,10.50,6.00,17.05,45.28,16.41,47.16,16.29,49.61
1777765863,5.25,11.00,6.00,17.04,45.25,16.62,47.18,16.14,49.59
1777765864,5.31,11.00,6.00,17.43,45.31,16.57,47.18,16.46,49.62
1777765866,5.31,10.75,6.00,17.09,45.26,16.42,47.15,16.26,49.54
1777765867,5.31,10.75,5.50,17.07,45.25,16.60,47.21,15.80,49.43
1777765869,5.31,10.75,6.00,17.30,45.28,16.58,47.21,16.32,49.52
1777765871,5.25,11.00,5.50,17.13,45.25,16.60,47.23,16.75,49.58
1777765872,5.25,11.25,6.00,17.02,45.22,16.61,47.25,16.26,49.51
1777765874,5.25,11.00,5.75,17.06,45.23,16.52,47.22,16.12,49.49
1777765875,5.25,10.50,6.00,17.22,45.24,16.56,47.21,15.89,49.44
1777765877,5.31,11.00,5.50,17.17,45.24,16.61,47.19,16.65,49.58
1777765879,5.25,11.25,6.00,17.20,45.22,16.49,47.17,16.07,49.45
1777765880,5.31,11.00,5.75,17.58,45.26,16.47,47.15,15.95,49.42
1777765882,5.25,11.00,6.00,16.95,45.15,16.53,47.17,16.51,49.47
1777765884,5.25,10.00,5.75,17.26,45.18,16.51,47.16,15.72,49.35
1777765885,5.25,10.75,5.75,17.23,45.16,16.41,47.13,15.83,49.36
1777765887,5.25,10.50,6.00,17.34,45.18,16.52,47.13,16.23,49.41
1777765888,5.25,11.00,5.50,17.45,45.21,16.53,47.18,16.24,49.39
1777765890,5.25,10.50,6.00,17.55,45.24,16.57,47.22,15.80,49.36
1777765892,5.25,11.00,6.00,17.27,45.18,16.53,47.22,16.20,49.40
1777765893,5.19,11.50,6.00,17.15,45.17,16.55,47.23,16.28,49.43
1777765895,5.19,11.00,6.00,17.41,45.22,16.46,47.24,16.08,49.39
1777765896,5.19,10.75,6.00,16.95,45.15,16.42,47.21,16.21,49.44
1777765898,5.19,10.50,6.00,16.92,45.18,16.40,47.19,16.63,49.52
1777765900,5.19,10.50,6.00,17.26,45.26,16.55,47.17,16.67,49.53
1777765901,5.25,11.00,6.00,16.87,45.22,16.65,47.15,16.33,49.52
1777765903,5.19,11.00,6.00,17.30,45.31,16.57,47.12,15.78,49.48
1777765904,5.25,10.75,5.50,17.23,45.34,16.49,47.12,16.62,49.70
1777765906,5.25,11.25,5.50,17.05,45.34,16.40,47.10,16.40,49.78
1777765908,5.25,11.00,6.00,17.18,45.40,16.56,47.10,15.85,49.76
1777765909,5.25,11.00,6.00,17.49,45.47,16.42,47.06,16.29,49.89
1777765911,5.25,11.00,6.00,17.15,45.44,16.40,47.03,16.23,49.90
1777765912,5.25,11.25,6.00,17.09,45.42,16.54,47.09,15.80,49.81
1777765914,5.31,11.25,6.00,17.28,45.44,16.40,47.08,16.19,49.85
1777765916,5.25,10.50,6.00,17.05,45.39,16.44,47.13,16.33,49.85
1777765917,5.31,10.25,6.25,16.92,45.35,16.55,47.13,16.10,49.77
1777765919,5.31,11.25,6.25,17.16,45.39,16.44,47.11,16.00,49.73
1777765920,5.31,10.50,6.25,17.16,45.39,16.46,47.13,16.24,49.71
1777765922,5.31,11.00,5.75,17.40,45.42,16.59,47.17,16.04,49.62
1777765924,5.31,11.00,6.00,17.19,45.39,16.51,47.17,15.92,49.58
1777765925,5.31,11.00,6.00,16.92,45.35,16.52,47.20,16.24,49.60
1777765927,5.31,11.00,6.00,17.30,45.41,16.53,47.19,16.27,49.59
1777765928,5.25,10.50,5.75,17.02,45.36,16.49,47.20,15.69,49.50
1777765930,5.31,11.00,5.75,17.34,45.41,16.59,47.21,16.20,49.53
1777765932,5.31,11.25,6.00,17.37,45.40,16.59,47.19,16.10,49.55
1777765933,5.31,11.00,5.75,17.03,45.35,16.48,47.17,16.36,49.53
1777765935,5.31,11.00,6.00,17.09,45.35,16.64,47.21,16.29,49.50
1777765937,5.31,11.00,5.25,17.40,45.40,16.44,47.19,15.69,49.39
1777765938,5.25,10.75,6.00,17.13,45.38,16.62,47.23,16.06,49.46
1777765940,5.31,10.75,5.75,17.29,45.41,16.53,47.21,16.12,49.46
1777765941,5.31,11.25,6.00,17.26,45.40,16.43,47.24,16.23,49.48
1777765943,5.31,11.00,6.00,17.03,45.35,16.50,47.25,16.04,49.45
1777765945,5.38,10.00,5.75,17.19,45.38,16.48,47.27,16.56,49.55
1777765946,5.38,10.75,5.75,17.29,45.40,16.55,47.29,16.39,49.53
1777765948,5.31,11.00,6.00,17.13,45.38,16.63,47.28,15.71,49.40
1777765949,5.25,10.50,6.00,17.28,45.40,16.54,47.27,16.00,49.45
1777765951,5.25,10.75,5.75,17.35,45.42,16.50,47.29,15.88,49.44
1777765953,5.31,11.00,5.75,17.13,45.37,16.48,47.29,16.05,49.47
1777765954,5.31,11.00,6.25,17.15,45.38,16.68,47.31,16.36,49.52
1777765956,5.31,11.00,6.00,17.09,45.39,16.52,47.29,16.17,49.50
1777765957,5.31,11.25,6.00,17.11,45.38,16.44,47.29,16.12,49.50
1777765959,5.31,10.75,6.25,17.14,45.40,16.55,47.30,15.69,49.43
1777765961,5.38,10.25,6.00,17.21,45.43,16.56,47.31,16.33,49.55
1777765962,5.31,11.00,5.75,17.09,45.41,16.51,47.31,16.19,49.52
1777765964,5.25,11.00,6.00,17.26,45.47,16.45,47.31,16.03,49.53
1777765965,5.25,10.75,6.25,17.10,45.46,16.53,47.34,16.18,49.58
1777765967,5.31,11.00,6.00,17.12,45.47,16.58,47.34,16.07,49.56
1777765969,5.31,11.00,5.75,17.21,45.51,16.61,47.36,16.02,49.57
1777765970,5.31,11.00,5.75,17.02,45.47,16.49,47.35,16.14,49.59
1777765972,5.38,11.00,6.00,17.08,45.48,16.55,47.34,16.21,49.61
1777765973,5.38,11.00,5.75,17.23,45.52,16.44,47.34,15.99,49.58
1777765975,5.38,11.25,6.00,16.98,45.47,16.51,47.33,16.04,49.58
1777765977,5.31,11.00,6.25,17.09,45.48,16.59,47.32,16.25,49.62
1777765978,5.31,10.50,6.25,17.15,45.49,16.49,47.27,16.37,49.63
1777765980,5.31,11.00,6.25,17.34,45.51,16.44,47.23,16.24,49.57
1777765982,5.31,11.00,6.00,17.00,45.48,16.48,47.20,16.13,49.49
1777765983,5.38,11.00,5.75,17.20,45.52,16.59,47.27,15.93,49.45
1777765985,5.31,10.50,6.00,17.04,45.48,16.46,47.28,16.12,49.44
1777765986,5.31,11.00,6.00,17.05,45.52,16.51,47.34,15.98,49.41
1777765988,5.31,10.75,6.00,17.10,45.55,16.61,47.38,16.27,49.45
1777765990,5.31,10.75,6.00,17.06,45.54,16.44,47.38,16.23,49.45
1777765991,5.31,10.50,6.00,17.02,45.53,16.64,47.40,15.96,49.44
1777765993,5.38,11.25,6.25,17.19,45.58,16.52,47.35,15.90,49.42
1777765994,5.31,11.25,6.00,17.08,45.55,16.51,47.37,16.11,49.46
1777765996,5.31,11.00,6.00,17.27,45.57,16.56,47.39,15.94,49.44
1777765998,5.25,11.25,6.00,17.03,45.54,16.42,47.35,16.14,49.48
1777765999,5.31,11.00,6.25,17.01,45.53,16.47,47.38,16.07,49.47
1777766001,5.31,10.75,5.75,17.08,45.55,16.59,47.38,15.92,49.46
1777766002,5.25,11.25,5.75,17.17,45.57,16.40,47.30,16.32,49.53
1777766004,5.25,10.50,6.25,17.14,45.58,16.53,47.30,16.06,49.47
1777766006,5.31,11.25,6.00,17.16,45.57,16.56,47.32,16.45,49.51
1777766007,5.25,11.00,6.00,17.09,45.56,16.58,47.34,16.06,49.44
1777766009,5.25,11.25,6.25,17.22,45.58,16.53,47.29,16.19,49.45
1777766010,5.19,11.00,6.25,17.14,45.55,16.59,47.31,16.05,49.40
1777766012,5.25,11.25,6.00,17.02,45.54,16.65,47.26,16.05,49.43
1777766014,5.19,11.00,6.25,16.87,45.54,16.66,47.24,16.40,49.48
1777766015,5.19,11.25,6.25,17.01,45.53,16.59,47.20,16.00,49.40
1777766017,5.19,11.25,6.00,16.94,45.54,16.70,47.21,16.03,49.38
1777766018,5.19,11.00,6.00,17.19,45.58,16.59,47.17,16.56,49.45
1777766020,5.19,10.50,6.25,17.10,45.58,16.62,47.14,16.36,49.41
1777766022,5.19,10.75,6.00,17.01,45.57,16.58,47.09,16.19,49.38
1777766023,5.13,10.50,6.25,17.09,45.58,16.67,47.09,16.24,49.38
1777766025,5.19,10.25,6.00,17.25,45.62,16.69,47.09,16.31,49.41
1777766027,5.19,10.50,6.25,17.15,45.58,16.71,47.09,15.98,49.36
1777766028,5.13,10.00,6.25,16.84,45.52,16.60,47.08,16.34,49.38
1777766030,5.13,11.00,6.25,17.25,45.56,16.65,47.08,15.60,49.19
1777766031,5.19,10.25,5.75,17.03,45.55,16.59,47.07,15.87,49.20
1777766033,5.13,11.00,6.00,17.20,45.56,16.54,47.05,15.80,49.18
1777766035,5.19,10.75,5.75,17.09,45.53,16.53,47.05,16.13,49.21
1777766036,5.13,11.00,6.00,17.27,45.57,16.56,47.04,16.03,49.17
1777766038,5.19,11.00,6.25,17.26,45.57,16.68,47.06,16.14,49.21
1777766039,5.19,10.25,6.00,17.06,45.56,16.89,47.07,16.03,49.21
1777766041,5.19,10.50,6.25,17.02,45.56,16.66,47.02,16.29,49.29
1777766043,5.19,10.50,5.75,17.34,45.61,16.59,46.98,16.33,49.34
1777766044,5.19,11.00,6.00,16.90,45.53,16.59,47.01,16.36,49.39
1777766046,5.25,10.75,5.75,16.84,45.54,16.49,46.98,16.21,49.41
1777766047,5.25,10.25,5.75,17.16,45.57,16.44,46.98,15.87,49.40
1777766049,5.25,10.75,6.25,16.95,45.53,16.70,46.99,16.32,49.52
1777766051,5.25,10.75,6.25,17.45,45.60,16.60,46.98,16.35,49.54
1777766052,5.25,11.00,6.00,17.35,45.56,16.55,46.96,15.74,49.45
1777766054,5.31,10.75,6.25,17.09,45.51,16.47,46.94,15.64,49.48
1777766055,5.25,10.50,5.75,17.09,45.53,16.61,46.95,16.32,49.56
1777766057,5.25,10.25,6.00,16.98,45.55,16.62,46.99,16.10,49.57
1777766059,5.25,10.75,6.00,17.10,45.58,16.50,46.97,16.33,49.62
1777766060,5.25,11.00,6.25,17.17,45.64,16.59,46.97,16.05,49.57
1777766062,5.31,10.50,6.00,17.12,45.67,16.67,46.99,16.04,49.58
1777766063,5.31,11.00,6.25,17.06,45.70,16.44,46.95,16.27,49.62
1777766065,5.31,11.00,6.25,17.19,45.79,16.53,46.98,16.09,49.59
1777766067,5.31,10.50,6.00,17.11,45.82,16.58,46.98,16.18,49.61
1777766068,5.31,10.75,6.25,17.05,45.84,16.61,46.98,16.55,49.69
1777766070,5.31,11.00,6.25,16.78,45.83,16.55,47.03,16.19,49.63
1777766071,5.38,10.00,5.75,17.05,45.86,16.47,47.04,16.22,49.68
1777766073,5.44,10.75,6.25,17.13,45.82,16.59,47.06,16.36,49.72
1777766075,5.38,10.75,6.25,16.84,45.74,16.56,47.06,16.38,49.72
1777766076,5.38,10.50,6.25,17.19,45.77,16.55,47.07,16.11,49.67
1777766078,5.38,10.75,6.25,17.18,45.72,16.51,47.07,16.08,49.68
1777766080,5.38,10.75,6.00,17.43,45.72,16.60,47.12,16.02,49.66
1777766081,5.38,10.50,6.00,17.14,45.67,16.59,47.14,16.19,49.69
1777766083,5.38,10.75,6.00,17.08,45.63,16.56,47.16,16.05,49.67
1777766084,5.38,11.00,6.00,17.22,45.64,16.55,47.18,16.00,49.68
1777766086,5.38,10.75,6.50,17.36,45.63,16.53,47.19,16.01,49.70
1777766088,5.38,10.50,6.00,17.16,45.60,16.61,47.21,16.33,49.74
1777766089,5.38,11.00,6.25,17.34,45.60,16.55,47.19,15.91,49.68
1777766091,5.38,10.75,6.25,17.08,45.51,16.38,47.17,16.39,49.73
1777766092,5.38,10.75,5.75,17.41,45.56,16.53,47.22,15.71,49.59
1777766094,5.38,10.50,5.75,17.29,45.54,16.55,47.23,16.16,49.66
1777766096,5.38,10.25,6.25,17.25,45.55,16.48,47.21,16.09,49.62
1777766097,5.38,10.75,6.00,17.26,45.55,16.51,47.20,16.08,49.60
1777766099,5.38,10.75,6.25,17.38,45.56,16.39,47.19,15.70,49.52
1777766100,5.38,10.75,5.75,17.11,45.52,16.47,47.19,16.03,49.56
1777766102,5.38,10.75,6.00,17.18,45.54,16.55,47.19,16.07,49.56
1777766104,5.31,10.75,6.00,17.46,45.57,16.55,47.19,15.94,49.50
1777766105,5.31,10.50,6.00,16.90,45.48,16.50,47.19,16.14,49.53
1777766107,5.31,10.75,6.00,17.21,45.53,16.56,47.17,15.83,49.51
1777766108,5.31,10.75,6.00,17.17,45.52,16.42,47.14,15.98,49.49
1777766110,5.25,10.75,5.75,16.83,45.46,16.52,47.13,16.08,49.52
1777766112,5.31,10.50,6.25,17.29,45.54,16.66,47.13,16.03,49.53
1777766113,5.25,10.75,6.25,17.21,45.53,16.51,47.12,15.97,49.49
1777766115,5.31,10.75,6.00,17.05,45.50,16.56,47.13,16.14,49.52
1777766116,5.25,10.25,6.25,17.29,45.54,16.55,47.14,16.05,49.54
1777766118,5.25,10.75,6.25,17.21,45.51,16.41,47.13,15.77,49.50
1777766120,5.25,10.75,6.25,17.09,45.49,16.55,47.17,15.74,49.45
1777766121,5.25,10.00,6.00,17.41,45.54,16.59,47.18,16.13,49.55
1777766123,5.19,10.50,6.00,17.19,45.48,16.42,47.16,15.88,49.49
1777766125,5.19,10.50,6.00,17.10,45.45,16.49,47.18,16.23,49.53
1777766126,5.25,11.00,5.75,17.23,45.45,16.59,47.19,16.40,49.56
1777766128,5.19,10.25,6.25,17.28,45.45,16.54,47.19,16.00,49.48
1777766129,5.25,10.25,5.75,17.27,45.45,16.54,47.21,16.29,49.52
1777766131,5.25,10.25,6.00,17.10,45.44,16.55,47.21,16.49,49.56
1777766133,5.25,10.75,6.00,17.26,45.47,16.55,47.19,15.84,49.46
1777766134,5.25,10.25,6.00,17.29,45.49,16.41,47.17,16.05,49.49
1777766136,5.19,10.50,6.25,17.03,45.47,16.52,47.15,16.32,49.52
1777766137,5.25,10.50,6.00,17.24,45.49,16.56,47.17,16.54,49.56
1777766139,5.19,10.25,6.25,17.23,45.50,16.53,47.17,16.29,49.50
1777766141,5.25,10.75,6.00,17.14,45.47,16.62,47.19,16.20,49.47
1777766142,5.19,10.50,6.00,17.28,45.53,16.55,47.16,16.22,49.49
1777766144,5.19,10.00,6.25,17.23,45.52,16.53,47.17,16.37,49.50
1777766145,5.19,10.25,6.25,17.12,45.49,16.66,47.16,16.59,49.53
1777766147,5.19,10.50,6.25,17.05,45.50,16.50,47.17,16.04,49.43
1777766149,5.19,11.00,5.50,17.19,45.50,16.63,47.20,16.09,49.44
1777766150,5.19,10.50,6.25,17.24,45.50,16.57,47.15,15.97,49.43
1777766152,5.19,10.50,5.25,17.12,45.50,16.70,47.19,16.40,49.47
1777766153,5.19,10.75,6.25,17.32,45.52,16.69,47.17,16.11,49.43
1777766155,5.25,10.50,6.00,17.05,45.48,16.67,47.17,16.07,49.41
1777766157,5.19,11.00,6.00,17.01,45.48,16.66,47.17,16.29,49.48
1777766158,5.19,10.50,6.00,17.29,45.53,16.68,47.13,15.74,49.36
1777766160,5.19,10.25,6.00,17.03,45.49,16.66,47.11,16.03,49.40
1777766161,5.19,10.75,5.75,16.84,45.47,16.71,47.11,16.29,49.43
1777766163,5.19,10.50,6.00,17.07,45.51,16.54,47.08,16.30,49.39
1777766165,5.19,10.75,6.25,17.37,45.56,16.51,47.05,16.01,49.32
1777766166,5.19,10.50,6.00,16.86,45.46,16.51,47.04,16.56,49.38
1777766168,5.19,11.00,6.00,17.15,45.52,16.70,47.09,16.18,49.31
1777766169,5.19,10.75,6.00,17.19,45.54,16.56,47.05,16.03,49.30
1777766171,5.19,10.50,6.00,16.87,45.47,16.69,47.05,16.23,49.34
1777766173,5.25,10.50,6.25,17.23,45.52,16.60,47.05,15.73,49.25
1777766174,5.25,10.50,5.75,17.30,45.53,16.57,47.02,15.91,49.28
1777766176,5.19,10.25,6.00,17.12,45.47,16.58,47.03,16.59,49.40
1777766178,5.19,10.00,5.50,17.20,45.48,16.55,47.00,16.59,49.41
1777766179,5.19,10.50,6.00,17.13,45.46,16.58,46.97,16.18,49.34
1777766181,5.13,10.25,6.00,17.13,45.47,16.58,46.93,16.08,49.31
1777766182,5.19,10.25,6.00,17.15,45.48,16.61,46.96,15.82,49.26
1777766184,5.19,10.50,6.25,17.21,45.50,16.57,46.95,16.16,49.33
1777766186,5.19,10.25,6.25,17.03,45.45,16.66,46.97,16.43,49.38
1777766187,5.19,10.25,6.25,17.13,45.47,16.62,46.99,15.73,49.26
1777766189,5.19,10.50,6.00,17.20,45.47,16.52,47.00,16.16,49.35
1777766190,5.19,10.00,6.00,17.04,45.45,16.76,47.03,16.17,49.35
1777766192,5.19,10.75,6.00,17.31,45.50,16.61,47.00,15.77,49.31
1777766194,5.19,10.50,5.50,17.37,45.48,16.66,47.00,16.22,49.39
1777766195,5.13,10.75,6.00,16.88,45.38,16.57,46.96,16.28,49.41
1777766197,5.19,10.50,5.75,17.09,45.41,16.58,46.95,16.29,49.41
1777766198,5.19,9.50,6.00,17.26,45.45,16.58,46.94,16.44,49.45
1777766200,5.19,10.00,6.00,17.08,45.43,16.72,46.94,16.78,49.53
1777766202,5.19,10.75,5.75,17.00,45.44,16.59,46.90,16.25,49.49
1777766203,5.19,10.25,6.00,17.15,45.47,16.57,46.88,16.42,49.51
1777766205,5.19,10.75,5.75,17.09,45.48,16.54,46.89,16.34,49.50
1777766206,5.19,10.75,6.00,16.92,45.46,16.70,46.93,16.61,49.54
1777766208,5.19,10.50,6.00,17.15,45.49,16.55,46.90,16.27,49.48
1777766210,5.25,10.25,6.00,17.16,45.49,16.54,46.88,16.08,49.41
1777766211,5.19,10.75,6.25,17.16,45.49,16.63,46.91,16.38,49.46
1777766213,5.25,10.50,6.00,17.40,45.51,16.59,46.95,16.08,49.38
1777766214,5.25,10.00,6.25,17.33,45.50,16.50,46.96,16.65,49.49
1777766216,5.19,10.75,5.75,16.83,45.40,16.51,46.99,16.16,49.41
1777766218,5.19,10.75,6.00,17.24,45.48,16.53,47.02,16.13,49.39
1777766219,5.25,11.00,5.75,17.01,45.42,16.58,47.05,16.17,49.40
1777766221,5.19,10.50,6.25,17.15,45.43,16.43,47.07,16.29,49.42
1777766222,5.19,11.00,5.75,17.20,45.44,16.58,47.12,16.52,49.37
1777766224,5.19,10.75,5.75,17.26,45.43,16.55,47.14,16.19,49.17
1777766226,5.19,11.25,5.75,17.02,45.40,16.40,47.12,16.23,49.05
1777766227,5.19,11.00,6.25,16.99,45.39,16.55,47.15,16.08,48.92
1777766229,5.19,10.50,6.25,17.40,45.46,16.51,47.15,15.78,48.80
1777766231,5.19,11.00,6.00,17.41,45.46,16.58,47.19,15.87,48.74
1777766232,5.25,10.75,5.75,17.11,45.41,16.62,47.20,16.79,48.83
1777766234,5.25,10.75,5.50,17.03,45.43,16.54,47.18,16.12,48.71
1777766235,5.25,11.25,6.25,17.22,45.48,16.48,47.17,16.18,48.67
1777766237,5.19,11.00,6.25,17.07,45.45,16.63,47.19,16.07,48.62
1777766239,5.25,10.75,6.25,17.09,45.47,16.63,47.20,16.18,48.62
1777766240,5.25,11.00,5.75,17.01,45.49,16.55,47.18,15.71,48.53
1777766242,5.25,11.25,6.00,17.26,45.54,16.55,47.19,16.32,48.62
1777766243,5.25,10.50,5.75,17.20,45.52,16.61,47.20,16.37,48.63
1777766245,5.25,11.00,6.00,16.94,45.49,16.49,47.14,15.76,48.57
1777766247,5.25,10.75,6.50,17.26,45.54,16.55,47.13,16.10,48.61
1777766248,5.31,11.00,6.00,17.23,45.54,16.61,47.14,15.69,48.58
1777766250,5.31,10.50,5.75,17.13,45.50,16.76,47.17,16.40,48.69
1777766251,5.25,11.00,6.00,17.31,45.55,16.74,47.17,16.03,48.66
1777766253,5.25,10.75,5.75,17.37,45.55,16.69,47.15,15.93,48.69
1777766255,5.25,10.25,6.25,16.94,45.47,16.62,47.09,16.40,48.78
1777766256,5.25,11.00,6.25,17.29,45.53,16.65,47.09,15.70,48.66
1777766258,5.31,11.00,6.25,17.10,45.51,16.64,47.08,16.32,48.76
1777766259,5.25,11.00,6.25,17.16,45.50,16.70,47.09,16.02,48.70
1777766261,5.31,11.00,6.00,16.90,45.46,16.53,47.06,15.98,48.68
1777766263,5.25,10.75,5.75,17.37,45.51,16.62,47.03,16.01,48.69
1777766264,5.31,11.00,6.25,17.23,45.47,16.61,47.02,16.28,48.73
1777766266,5.31,11.00,6.25,17.10,45.43,16.54,47.03,16.01,48.67
1777766267,5.25,10.50,5.75,17.23,45.43,16.79,47.08,16.44,48.77
1777766269,5.31,10.50,6.00,17.02,45.41,16.69,47.07,16.05,48.73
1777766271,5.31,10.50,6.25,17.05,45.40,16.60,47.06,16.23,48.76
1777766272,5.25,11.00,5.75,17.20,45.42,16.56,47.05,16.08,48.75
1777766274,5.31,11.00,6.00,17.28,45.44,16.56,47.04,16.14,48.80
1777766276,5.31,10.75,6.00,17.15,45.39,16.56,47.02,16.05,48.79
1777766277,5.31,11.25,5.75,17.17,45.40,16.67,47.03,16.32,48.82
1777766279,5.31,11.00,5.25,17.37,45.41,16.66,47.01,15.69,48.72
1777766280,5.31,10.75,6.25,16.93,45.35,16.62,47.01,16.26,48.82
1777766282,5.31,11.00,6.25,17.14,45.40,16.66,47.02,15.90,48.79
1777766284,5.25,11.00,6.00,17.39,45.44,16.51,46.97,16.33,48.87
1777766285,5.31,11.00,6.00,17.11,45.38,16.52,47.00,16.34,48.89
1777766287,5.31,10.75,5.75,17.24,45.42,16.54,46.99,16.13,48.85
1777766288,5.31,11.00,5.75,17.13,45.37,16.57,46.99,16.17,48.88
1777766290,5.31,10.50,6.00,17.09,45.36,16.63,47.01,16.29,48.89
1777766292,5.31,11.25,5.75,17.25,45.38,16.55,47.01,15.97,48.86
1777766293,5.31,10.75,5.75,17.48,45.42,16.58,46.99,16.23,48.89
1777766295,5.38,11.25,6.00,17.19,45.37,16.55,47.01,16.25,48.89
1777766296,5.31,11.25,6.25,17.19,45.37,16.48,47.00,16.33,48.92
1777766298,5.31,10.50,6.00,17.08,45.35,16.55,47.04,16.19,48.91
1777766300,5.31,10.75,6.00,17.26,45.37,16.56,47.04,16.23,48.94
1777766301,5.38,10.75,5.75,16.91,45.31,16.51,47.03,16.35,48.99
1777766303,5.38,11.00,6.25,17.00,45.33,16.55,47.04,16.44,49.05
1777766304,5.38,10.75,6.25,17.21,45.36,16.59,47.07,16.56,49.11
1777766306,5.38,10.75,6.00,16.99,45.33,16.55,47.10,16.44,49.14
1777766308,5.38,11.25,5.75,17.14,45.36,16.57,47.17,16.22,49.13
1777766309,5.38,10.75,5.75,17.02,45.34,16.56,47.19,16.27,49.19
1777766311,5.38,11.00,5.75,17.01,45.33,16.50,47.18,16.48,49.23
1777766312,5.44,11.00,5.75,17.18,45.36,16.59,47.21,16.35,49.25
1777766314,5.38,11.00,6.25,17.05,45.34,16.68,47.23,16.03,49.21
1777766316,5.44,10.75,6.00,17.26,45.38,16.48,47.21,15.98,49.23
1777766317,5.44,11.00,6.75,17.23,45.39,16.50,47.24,16.17,49.25
1777766319,5.44,11.00,6.00,17.05,45.34,16.54,47.28,16.17,49.21
1777766320,5.38,11.25,6.00,17.30,45.39,16.51,47.22,16.51,49.26
1777766322,5.38,11.00,6.00,17.26,45.38,16.65,47.24,16.18,49.19
1777766324,5.44,11.00,6.25,17.00,45.35,16.52,47.21,16.27,49.22
1777766325,5.44,10.50,6.25,17.00,45.34,16.52,47.19,16.40,49.28
1777766327,5.44,11.00,6.00,17.44,45.43,16.57,47.20,15.98,49.19
1777766329,5.38,10.75,6.00,16.93,45.34,16.51,47.17,16.29,49.21
1777766330,5.38,10.50,5.75,17.05,45.35,16.55,47.16,16.36,49.24
1777766332,5.38,10.75,6.00,17.49,45.42,16.47,47.16,15.80,49.14
1777766333,5.38,11.00,6.00,16.94,45.33,16.72,47.20,16.17,49.24
1777766335,5.38,11.25,6.00,17.26,45.38,16.57,47.16,15.97,49.21
1777766337,5.38,11.00,6.25,16.98,45.31,16.48,47.14,15.91,49.19
1777766338,5.38,11.00,6.00,16.99,45.34,16.76,47.18,16.01,49.18
1777766340,5.38,10.75,6.00,17.20,45.40,16.68,47.20,15.94,49.15
1777766341,5.38,10.50,6.25,17.30,45.40,16.55,47.15,15.58,49.08
1777766343,5.38,11.00,5.75,17.27,45.38,16.65,47.13,16.15,49.16
1777766345,5.31,10.50,5.75,17.13,45.35,16.65,47.11,16.29,49.17
1777766346,5.31,10.25,6.00,17.30,45.38,16.64,47.08,16.39,49.18
1777766348,5.31,10.75,6.00,16.99,45.33,16.66,47.07,16.53,49.19
1777766349,5.31,10.75,6.00,17.17,45.32,16.55,47.03,16.05,49.11
1777766351,5.31,10.75,6.25,17.27,45.34,16.59,47.01,16.25,49.14
1777766353,5.25,10.50,5.75,16.95,45.29,16.59,47.00,16.28,49.15
1777766354,5.25,10.75,6.00,17.10,45.30,16.67,46.98,15.87,49.09
1777766356,5.25,11.00,6.00,17.08,45.29,16.76,46.97,16.13,49.10
1777766357,5.19,11.00,6.00,17.49,45.36,16.63,46.95,16.43,49.17
1777766359,5.19,10.75,6.00,17.26,45.34,16.71,46.96,16.20,49.14
1777766361,5.19,11.25,6.25,17.00,45.29,16.61,46.95,16.33,49.15
1777766362,5.19,10.75,6.25,17.01,45.28,16.72,46.96,16.59,49.21
1777766364,5.19,10.50,6.25,17.44,45.37,16.50,46.92,15.88,49.09
1777766365,5.19,11.00,6.50,17.26,45.35,16.66,46.90,16.23,49.12
1777766367,5.25,11.00,6.00,17.28,45.34,16.77,46.93,16.43,49.12
1777766369,5.19,10.75,6.00,17.12,45.33,16.69,46.90,16.38,49.11
1777766370,5.19,10.50,5.75,17.30,45.35,16.72,46.91,15.67,48.98
1777766372,5.19,11.25,6.25,17.35,45.35,16.64,46.86,15.90,49.02
1777766374,5.19,10.50,5.75,17.12,45.29,16.69,46.85,16.03,49.05
1777766375,5.19,10.50,6.00,17.11,45.29,16.69,46.79,15.99,49.05
1777766377,5.19,11.00,6.00,17.24,45.32,16.71,46.78,16.35,49.11
1777766378,5.19,10.50,6.00,17.02,45.23,16.66,46.74,16.40,49.09
1777766380,5.19,11.00,5.75,17.30,45.30,16.75,46.74,15.87,48.99
1777766382,5.19,10.75,6.00,17.11,45.26,16.72,46.69,16.27,49.04
1777766383,5.19,10.50,6.50,17.13,45.26,16.66,46.67,15.86,48.97
1777766385,5.19,11.00,6.00,17.05,45.25,16.65,46.65,16.16,49.05
1777766386,5.25,10.25,6.25,17.11,45.24,16.66,46.68,16.13,49.06
1777766388,5.19,10.75,6.00,17.30,45.27,16.67,46.68,16.09,49.04
1777766390,5.19,11.00,6.25,17.14,45.25,16.59,46.69,15.87,49.02
1777766391,5.25,10.25,6.50,17.20,45.24,16.59,46.71,16.29,49.09
1777766393,5.19,11.00,6.00,17.35,45.28,16.72,46.76,16.12,49.07
1777766394,5.25,11.25,6.00,17.26,45.26,16.70,46.75,16.34,49.13
1777766396,5.19,11.00,5.75,17.09,45.23,16.61,46.74,15.62,49.03
1777766398,5.25,11.00,6.00,17.36,45.28,16.75,46.77,16.09,49.11
1777766399,5.25,10.25,6.00,17.19,45.24,16.66,46.74,16.44,49.18
1777766401,5.25,10.50,6.00,17.38,45.28,16.65,46.72,16.20,49.16
1777766402,5.25,10.75,6.25,17.37,45.28,16.65,46.72,16.22,49.15
1777766404,5.25,11.00,6.00,17.15,45.23,16.70,46.72,15.90,49.15
1777766406,5.25,10.75,6.00,17.19,45.23,16.60,46.70,15.81,49.17
1777766407,5.25,10.75,6.00,17.44,45.26,16.74,46.74,16.19,49.30
1777766409,5.31,10.50,6.00,17.35,45.25,16.74,46.75,16.29,49.36
1777766410,5.25,10.75,5.75,17.31,45.22,16.68,46.73,16.29,49.38
1777766412,5.25,10.75,6.00,17.38,45.23,16.63,46.74,16.23,49.38
1777766414,5.25,10.50,6.00,17.04,45.16,16.65,46.77,16.44,49.42
1777766415,5.25,10.50,6.00,17.15,45.16,16.63,46.77,16.52,49.44
1777766417,5.25,10.75,5.75,17.33,45.18,16.72,46.77,16.02,49.39
1777766418,5.19,11.00,6.00,17.34,45.15,16.64,46.73,16.33,49.45
1777766420,5.25,10.50,6.25,17.10,45.09,16.69,46.76,16.25,49.42
1777766422,5.25,11.00,6.00,17.23,45.11,16.66,46.80,16.06,49.39
1777766423,5.25,11.00,6.25,17.34,45.13,16.60,46.80,15.92,49.39
1777766425,5.25,10.75,5.75,17.52,45.16,16.77,46.84,16.13,49.43
1777766427,5.25,11.00,6.00,17.19,45.09,16.63,46.82,16.57,49.53
1777766428,5.25,11.00,6.00,17.15,45.09,16.58,46.83,16.08,49.45
1777766430,5.31,11.00,6.00,17.41,45.15,16.63,46.87,16.16,49.47
1777766431,5.25,10.75,5.75,17.44,45.16,16.55,46.88,16.39,49.54
1777766433,5.31,10.75,6.00,17.15,45.09,16.55,46.90,15.87,49.43
1777766435,5.31,10.75,6.00,17.29,45.12,16.55,46.93,16.32,49.46
1777766436,5.31,10.75,6.00,17.49,45.17,16.64,46.98,16.38,49.45
1777766438,5.31,10.75,5.75,17.21,45.13,16.59,47.03,15.98,49.38
1777766439,5.31,10.25,5.50,17.17,45.13,16.59,47.04,16.23,49.45
1777766441,5.25,10.75,6.25,17.34,45.15,16.66,47.07,16.35,49.50
1777766443,5.31,10.75,6.00,17.28,45.13,16.55,47.06,16.32,49.48
1777766444,5.25,10.50,6.00,17.29,45.14,16.61,47.09,16.25,49.43
1777766446,5.31,10.50,6.00,17.49,45.14,16.60,47.11,16.22,49.42
1777766447,5.31,10.75,6.00,17.32,45.13,16.51,47.11,16.26,49.45
1777766449,5.38,10.75,6.00,17.25,45.09,16.51,47.14,16.37,49.48
1777766451,5.31,10.25,6.25,17.73,45.17,16.50,47.17,16.10,49.42
1777766452,5.31,11.00,5.75,17.25,45.09,16.51,47.15,16.56,49.49
1777766454,5.38,11.00,6.25,17.12,45.07,16.51,47.17,16.20,49.42
1777766455,5.38,11.25,5.75,17.30,45.10,16.59,47.18,16.27,49.41
1777766457,5.31,11.25,6.50,17.28,45.08,16.55,47.15,15.78,49.29
1777766459,5.38,10.75,5.75,17.18,45.07,16.60,47.16,16.23,49.31
1777766460,5.31,11.00,6.00,17.30,45.09,16.54,47.10,15.66,49.19
1777766462,5.31,10.75,6.00,17.14,45.09,16.70,47.11,16.09,49.22
1777766463,5.31,11.25,5.75,17.16,45.10,16.66,47.08,16.38,49.25
1777766465,5.38,10.50,6.00,17.36,45.14,16.51,47.04,16.15,49.17
1777766467,5.38,10.50,5.50,17.28,45.14,16.56,47.06,16.09,49.15
1777766468,5.31,11.00,6.00,17.11,45.11,16.55,47.04,16.48,49.19
1777766470,5.38,10.75,5.75,17.34,45.16,16.55,47.05,16.30,49.13
1777766472,5.31,10.75,6.25,17.47,45.20,16.44,47.04,16.12,49.08
1777766473,5.31,11.00,5.75,17.58,45.22,16.51,47.04,16.57,49.16
1777766475,5.38,11.00,6.00,17.30,45.16,16.54,47.06,16.50,49.16
1777766476,5.38,10.75,6.25,17.81,45.23,16.66,47.07,15.88,49.07
1777766478,5.44,11.25,6.00,17.49,45.20,16.52,47.06,16.04,49.12
1777766480,5.38,10.75,6.25,17.15,45.13,16.56,47.10,16.23,49.15
1777766481,5.38,10.75,6.50,17.14,45.12,16.54,47.10,16.09,49.12
1777766483,5.38,10.75,5.75,17.53,45.17,16.69,47.12,16.08,49.10
1777766484,5.44,11.00,6.00,17.21,45.09,16.50,47.09,16.35,49.11
1777766486,5.38,10.75,6.25,17.58,45.14,16.48,47.10,16.37,49.08
1777766488,5.38,11.00,6.00,17.19,45.08,16.57,47.09,16.02,49.00
1777766489,5.38,11.25,5.75,17.19,45.09,16.55,47.08,16.37,49.05
1777766491,5.38,10.75,6.00,17.17,45.11,16.51,47.04,16.08,48.98
1777766492,5.44,11.00,5.75,17.42,45.16,16.57,47.06,16.20,48.99
1777766494,5.44,10.75,5.75,17.39,45.14,16.59,47.07,15.94,48.95
1777766496,5.44,11.25,6.00,17.30,45.12,16.64,47.05,16.48,49.03
1777766497,5.44,11.00,5.75,17.37,45.10,16.54,47.04,16.12,48.94
1777766499,5.44,11.25,6.00,17.24,45.08,16.69,47.06,16.02,48.91
1777766500,5.44,10.75,6.25,17.08,45.07,16.59,47.03,16.27,48.93
1777766502,5.44,11.25,6.00,17.24,45.10,16.47,47.02,16.33,48.93
1777766504,5.44,11.50,6.25,17.19,45.10,16.64,47.03,15.97,48.87
1777766505,5.38,11.00,6.00,17.23,45.11,16.57,47.02,16.01,48.89
1777766507,5.44,10.25,6.00,17.75,45.21,16.54,47.03,15.96,48.88
1777766508,5.38,11.00,6.00,17.30,45.17,16.59,47.08,16.16,48.92
1777766510,5.38,10.75,6.25,17.21,45.15,16.55,47.09,15.84,48.87
1777766512,5.38,10.75,6.25,17.11,45.15,16.55,47.13,15.95,48.90
1777766513,5.38,11.25,6.25,17.58,45.23,16.48,47.15,16.12,48.94
1777766515,5.38,10.75,6.00,17.14,45.16,16.52,47.16,16.40,49.03
1777766516,5.38,11.00,6.25,17.36,45.16,16.55,47.18,16.40,49.09
1777766518,5.38,10.50,6.00,17.25,45.13,16.47,47.18,16.14,49.05
1777766520,5.38,10.75,6.00,17.26,45.13,16.50,47.20,15.97,49.03
1777766521,5.31,11.25,5.75,17.26,45.09,16.54,47.19,16.34,49.09
1777766523,5.38,10.75,5.75,17.28,45.11,16.50,47.20,15.85,48.98
1777766525,5.38,10.75,5.75,17.34,45.11,16.59,47.21,16.18,49.03
1777766526,5.38,11.00,6.00,17.25,45.10,16.51,47.19,16.35,49.02
1777766528,5.38,10.75,5.75,17.09,45.06,16.55,47.18,15.88,48.91
1777766529,5.31,11.00,6.00,17.58,45.14,16.65,47.17,16.29,48.96
1777766531,5.31,11.25,6.00,17.01,45.05,16.58,47.15,16.19,48.94
1777766533,5.31,11.25,6.00,17.34,45.11,16.66,47.13,16.12,48.94
1777766534,5.31,11.00,6.25,17.37,45.11,16.55,47.13,16.16,48.93
1777766536,5.31,11.50,6.00,17.25,45.07,16.51,47.12,16.25,48.93
1777766537,5.31,11.00,5.75,17.20,45.09,16.51,47.10,16.27,48.94
1777766539,5.31,11.25,5.25,17.30,45.13,16.54,47.10,16.24,48.96
1777766541,5.31,11.00,6.00,17.48,45.16,16.63,47.09,16.07,48.92
1777766542,5.31,10.75,5.75,17.31,45.14,16.64,47.08,15.70,48.86
1777766544,5.31,11.00,6.00,17.33,45.14,16.66,47.08,15.90,48.88
1777766545,5.31,10.50,6.00,17.16,45.11,16.56,47.06,16.26,48.92
1777766547,5.31,10.75,5.75,17.34,45.12,16.52,47.06,16.05,48.91
1777766549,5.31,11.00,6.00,17.14,45.11,16.60,47.06,16.20,48.92
1777766550,5.31,11.25,6.00,17.36,45.14,16.59,47.08,15.77,48.86
1777766552,5.25,11.25,5.50,17.56,45.18,16.63,47.07,16.36,48.97
1777766553,5.25,11.00,6.00,17.19,45.12,16.70,47.08,15.87,48.89
1777766555,5.25,11.00,6.00,17.38,45.14,16.55,47.05,15.79,48.88
1777766557,5.31,10.75,6.00,17.24,45.12,16.76,47.04,16.29,48.96
1777766558,5.25,10.75,6.00,17.22,45.12,16.66,47.04,16.02,48.91
1777766560,5.25,11.00,6.25,17.26,45.15,16.60,47.04,15.89,48.92
1777766561,5.25,11.00,6.00,17.61,45.22,16.66,47.02,16.29,49.00
1777766563,5.25,10.75,6.50,17.55,45.20,16.69,47.02,16.35,49.02
1777766565,5.25,10.75,6.25,17.32,45.16,16.62,47.02,16.02,48.94
1777766566,5.25,10.25,6.25,17.16,45.12,16.69,47.06,16.23,48.98
1777766568,5.25,10.75,6.25,17.37,45.14,16.59,47.05,16.18,48.99
1777766570,5.25,11.00,6.00,17.27,45.09,16.75,47.07,16.29,49.01
1777766571,5.25,10.50,6.00,17.35,45.11,16.66,47.05,16.11,48.99
1777766573,5.19,10.75,6.50,17.28,45.08,16.64,47.05,16.23,49.01
1777766574,5.19,10.25,6.00,17.44,45.11,16.71,47.04,15.91,48.98
1777766576,5.19,11.00,6.00,17.15,45.05,16.61,47.04,15.89,49.00
1777766578,5.19,10.75,6.25,17.19,45.04,16.66,47.06,15.89,49.06
1777766579,5.19,10.75,6.00,17.21,45.02,16.62,47.07,16.32,49.15
1777766581,5.19,10.25,6.00,17.30,45.05,16.72,47.10,16.19,49.16
1777766582,5.19,10.50,6.25,17.29,45.04,16.62,47.11,16.29,49.18
1777766584,5.19,10.50,6.25,17.25,45.05,16.74,47.17,16.56,49.27
1777766586,5.19,10.75,5.50,17.62,45.13,16.70,47.17,16.22,49.28
1777766587,5.19,10.50,6.00,17.21,45.05,16.66,47.11,16.50,49.39
1777766589,5.19,10.25,6.00,17.13,45.05,16.66,47.11,16.04,49.36
1777766590,5.25,10.50,6.00,17.34,45.06,16.83,47.13,15.98,49.40
1777766592,5.25,10.25,6.00,17.06,45.01,16.53,47.06,16.38,49.45
1777766594,5.25,10.50,6.25,17.26,45.03,16.56,47.06,16.23,49.37
1777766595,5.25,10.75,6.00,17.16,45.03,16.68,47.07,15.91,49.28
1777766597,5.25,11.00,6.00,17.42,45.03,16.79,47.04,16.18,49.30
1777766598,5.25,10.50,6.00,17.22,44.98,16.59,47.00,16.16,49.24
1777766600,5.25,10.75,6.00,17.13,44.95,16.58,46.95,15.87,49.14
1777766602,5.25,10.50,5.75,17.37,44.96,16.62,46.94,16.47,49.18
1777766603,5.25,10.75,6.00,17.45,44.98,16.78,46.96,16.08,49.09
1777766605,5.19,11.00,6.25,17.15,44.93,16.72,46.93,16.21,49.09
1777766606,5.25,11.25,5.50,17.24,44.94,16.57,46.89,16.19,49.08
1777766608,5.19,11.00,6.00,17.41,44.99,16.53,46.88,16.45,49.12
1777766610,5.19,10.75,6.00,17.27,44.97,16.57,46.90,15.95,49.03
1777766611,5.25,11.25,6.00,17.37,44.95,16.56,46.94,16.12,49.03
1777766613,5.19,11.25,6.00,17.28,44.96,16.91,47.00,16.26,49.04
1777766614,5.19,10.25,6.00,17.37,44.98,16.48,46.92,16.18,49.00
1777766616,5.19,10.75,6.25,17.32,44.95,16.66,46.94,16.13,48.98
1777766618,5.19,11.00,6.00,17.17,44.96,16.75,46.95,16.30,49.00
1777766619,5.19,11.00,5.50,17.37,44.98,16.71,46.94,16.19,48.98
1777766621,5.13,11.00,5.50,17.19,44.94,16.63,46.93,16.14,49.00
1777766623,5.19,11.00,5.75,17.55,45.01,16.62,46.91,16.10,49.03
1777766624,5.13,11.00,6.25,17.26,44.94,16.62,46.90,16.31,49.07
1777766626,5.19,11.00,6.00,17.17,44.92,16.70,46.91,16.15,49.07
1777766627,5.13,11.00,6.00,17.36,44.95,16.58,46.92,15.66,49.00
1777766629,5.13,11.50,6.00,17.27,44.95,16.73,46.96,16.26,49.08
1777766631,5.19,11.00,5.25,17.02,44.89,16.55,46.92,16.27,49.05
1777766632,5.13,10.50,6.25,17.20,44.93,16.56,46.90,16.05,48.99
1777766634,5.19,10.50,5.50,17.23,44.91,16.56,46.87,16.04,48.97
1777766635,5.19,10.25,6.00,17.30,44.93,16.62,46.89,16.26,49.03
1777766637,5.19,9.75,6.00,17.35,44.93,16.64,46.88,16.27,49.08
1777766639,5.19,10.00,5.75,17.18,44.90,16.62,46.89,16.08,49.13
1777766640,5.13,10.50,6.00,17.55,44.98,16.62,46.90,16.44,49.25
1777766642,5.19,10.75,6.00,17.17,44.92,16.59,46.92,16.27,49.30
1777766643,5.13,10.75,5.75,17.26,44.94,16.66,46.93,16.09,49.27
1777766645,5.19,10.75,6.25,17.30,44.94,16.55,46.92,16.15,49.28
1777766647,5.19,10.50,6.00,17.15,44.91,16.66,46.94,15.84,49.25
1777766648,5.19,10.75,6.00,17.23,44.91,16.66,46.97,16.30,49.27
1777766650,5.19,10.75,6.00,17.59,44.96,16.55,46.96,16.29,49.22
1777766651,5.25,10.50,6.00,17.18,44.91,16.67,46.98,16.29,49.14
1777766653,5.19,11.25,5.75,17.37,44.94,16.65,46.94,16.11,49.09
1777766655,5.25,11.00,6.00,17.20,44.92,16.66,46.92,16.14,49.10
1777766656,5.19,11.00,5.75,17.33,44.97,16.61,46.93,16.23,49.21
1777766658,5.25,10.75,5.25,17.09,44.93,16.61,46.93,16.18,49.31
1777766659,5.25,10.50,6.25,17.33,44.98,16.66,46.97,16.32,49.48
1777766661,5.25,10.75,6.00,17.26,44.96,16.57,46.99,15.93,49.46
1777766663,5.25,10.50,6.00,17.65,45.03,16.57,47.04,16.13,49.48
1777766664,5.25,10.50,6.25,17.29,44.97,16.60,47.06,16.44,49.50
1777766666,5.25,11.00,6.25,17.29,44.96,16.49,47.04,15.83,49.36
1777766668,5.25,10.25,5.75,17.27,44.97,16.59,47.09,16.37,49.44
1777766669,5.25,10.50,6.25,17.20,44.94,16.59,47.12,15.88,49.32
1777766671,5.25,10.50,5.75,17.33,44.98,16.53,47.14,16.20,49.31
1777766672,5.25,10.50,6.00,17.29,44.96,16.55,47.15,16.33,49.31
1777766674,5.25,10.25,6.00,17.22,44.97,16.52,47.10,15.91,49.21
1777766676,5.25,10.50,5.75,17.26,44.97,16.56,47.10,16.24,49.22
1777766677,5.25,10.25,6.00,17.27,44.97,16.52,47.10,15.86,49.13
1777766679,5.19,10.75,5.75,17.19,44.94,16.65,47.11,16.19,49.14
1777766680,5.19,10.75,6.00,17.20,44.95,16.62,47.10,16.28,49.13
1777766682,5.25,10.50,6.25,17.34,44.96,16.58,47.08,16.25,49.09
1777766684,5.19,10.75,6.00,17.30,44.98,16.65,47.11,15.88,49.04
1777766685,5.25,10.75,6.00,17.34,44.97,16.39,47.05,16.01,49.05
1777766687,5.25,11.00,5.50,17.39,44.99,16.58,47.08,16.26,49.04
1777766688,5.19,11.00,5.75,17.34,44.99,16.54,47.06,16.08,48.97
1777766690,5.31,11.00,6.25,17.49,45.01,16.58,47.05,16.08,48.94
1777766692,5.31,11.00,6.00,17.27,44.98,16.52,47.04,16.27,48.93
1777766693,5.25,10.50,5.75,17.34,44.99,16.63,47.07,16.23,48.90
1777766695,5.25,11.00,6.00,17.22,44.95,16.52,47.06,16.25,48.90
1777766696,5.31,10.50,6.00,17.30,44.97,16.66,47.08,15.97,48.84
1777766698,5.25,10.50,6.00,17.34,44.98,16.63,47.08,16.15,48.87
1777766700,5.31,10.25,5.75,17.48,45.00,16.54,47.07,16.55,48.96
1777766701,5.31,10.50,6.00,17.13,44.94,16.62,47.09,16.29,48.94
1777766703,5.25,10.50,6.00,17.27,44.97,16.57,47.08,16.05,48.94
1777766704,5.25,10.75,6.00,17.14,44.92,16.59,47.09,16.44,49.04
1777766706,5.31,10.25,5.75,17.26,44.93,16.51,47.08,16.16,49.02
1777766708,5.25,10.25,5.75,17.27,44.94,16.61,47.07,16.08,49.05
1777766709,5.31,11.00,5.50,17.34,44.94,16.71,47.07,16.29,49.07
1777766711,5.25,10.50,6.00,17.23,44.92,16.59,47.08,16.11,49.07
1777766712,5.19,10.50,6.00,17.19,44.93,16.88,47.13,16.34,49.12
1777766714,5.25,10.75,6.00,17.36,44.95,16.70,47.10,16.03,49.10
1777766716,5.25,10.50,6.00,17.27,44.94,16.72,47.11,16.20,49.10
1777766717,5.25,10.25,6.00,17.20,44.92,16.68,47.09,15.94,49.09
1777766719,5.25,10.50,6.25,17.16,44.90,16.58,47.04,16.11,49.10
1777766721,5.25,10.25,6.25,17.45,44.95,16.58,47.02,16.05,49.07
1777766722,5.19,10.75,6.00,17.13,44.90,16.62,47.00,16.24,49.09
1777766724,5.25,10.50,5.50,17.37,44.92,16.62,47.03,15.85,49.00
1777766725,5.19,10.50,6.25,17.58,44.96,16.61,47.02,15.94,48.98
1777766727,5.19,10.50,6.25,17.20,44.90,16.65,47.01,16.45,49.05
1777766729,5.25,10.75,6.00,17.39,44.95,16.59,46.98,16.23,49.00
1777766730,5.19,10.75,6.25,17.48,44.96,16.67,46.98,16.37,49.00
1777766732,5.25,10.50,6.00,17.27,44.93,16.57,46.99,16.07,48.94
1777766733,5.19,11.00,5.75,17.44,44.97,16.56,47.00,16.16,48.94
1777766735,5.25,10.75,6.00,17.30,44.94,16.55,46.98,16.12,48.93
1777766737,5.19,10.75,5.50,17.35,44.96,16.58,46.99,15.89,48.87
1777766738,5.25,10.75,5.75,17.33,44.95,16.64,47.01,16.12,48.87
1777766740,5.25,10.75,6.25,17.24,44.92,16.51,47.01,16.22,48.90
1777766741,5.25,10.50,6.00,17.30,44.94,16.57,47.01,16.19,48.87
1777766743,5.25,11.00,6.00,17.50,44.99,16.64,47.05,15.89,48.83
1777766745,5.25,11.00,6.25,17.28,44.95,16.53,47.05,16.38,48.92
1777766746,5.25,10.50,6.00,17.19,44.94,16.74,47.10,16.13,48.90
1777766748,5.19,11.00,5.75,17.40,44.95,16.83,47.11,16.19,48.92
1777766749,5.25,10.25,5.75,17.32,44.98,16.70,47.08,15.95,48.89
1777766751,5.25,11.00,5.75,17.15,44.96,16.69,47.06,16.09,48.93
1777766753,5.25,10.75,6.00,17.26,44.99,16.73,47.05,16.29,48.94
1777766754,5.25,11.25,5.50,17.28,44.98,16.64,46.99,15.96,48.92
1777766756,5.25,11.25,6.25,17.17,44.95,16.57,46.96,15.99,48.92
1777766757,5.31,10.75,5.75,17.29,44.98,16.80,46.99,16.40,48.97
1777766759,5.25,10.75,5.75,16.98,44.92,16.57,46.96,16.21,48.95
1777766761,5.25,10.50,5.75,17.18,44.97,16.64,47.00,15.94,48.93
1777766762,5.25,10.75,6.00,17.38,44.99,16.87,47.03,16.13,48.98
1777766764,5.25,10.25,5.75,17.30,44.99,16.56,46.98,16.27,49.01
1777766766,5.25,10.75,6.25,17.36,45.01,16.75,47.01,15.92,48.95
1777766767,5.19,10.50,6.00,17.24,45.00,16.61,46.97,16.75,49.11
1777766769,5.19,10.50,6.00,17.20,45.01,16.62,46.99,16.13,49.00
1777766770,5.19,11.00,6.00,17.20,45.00,16.76,47.03,16.26,49.04
1777766772,5.25,9.75,6.25,17.32,45.01,16.54,46.97,16.67,49.12
1777766774,5.25,10.00,6.00,17.19,44.98,16.64,47.00,15.87,48.98
1777766775,5.31,10.75,5.75,17.19,44.99,16.74,47.01,16.29,49.04
1777766777,5.25,10.25,6.00,17.44,45.02,16.66,47.02,15.84,48.96
1777766778,5.25,10.50,6.25,17.19,44.98,16.60,47.01,16.02,49.02
1777766780,5.25,10.25,5.75,17.56,45.04,16.76,47.05,16.21,49.10
1777766782,5.25,10.75,6.25,17.09,44.96,16.71,47.02,15.95,49.13
1777766783,5.31,11.00,5.75,17.16,44.97,16.77,47.03,16.21,49.25
1777766785,5.31,10.75,5.75,17.31,44.98,16.55,47.00,16.10,49.29
1777766786,5.25,10.25,6.25,17.26,44.97,16.64,47.01,16.07,49.35
1777766788,5.31,10.75,6.00,17.26,44.96,16.72,47.01,16.28,49.44
1777766790,5.31,10.25,5.75,17.62,45.02,16.55,46.97,16.23,49.47
1777766791,5.31,10.75,5.75,17.35,44.99,16.65,46.97,15.84,49.38
1777766793,5.31,11.00,6.00,17.62,45.03,16.68,46.94,16.72,49.46
1777766794,5.31,10.50,6.25,17.34,44.99,16.54,46.90,16.10,49.29
1777766796,5.25,10.50,6.25,17.34,45.00,16.52,46.90,15.71,49.21
1777766798,5.25,11.00,6.00,17.26,44.99,16.63,46.93,16.32,49.37
1777766799,5.25,10.50,6.25,17.25,44.98,16.70,46.96,15.92,49.36
1777766801,5.25,10.25,6.00,17.14,44.95,16.62,46.93,16.14,49.40
1777766802,5.25,11.00,6.00,17.23,44.96,16.63,46.96,16.24,49.43
1777766804,5.19,10.75,5.75,17.27,44.98,16.64,46.96,16.25,49.39
1777766806,5.25,10.50,5.50,17.34,45.01,16.61,46.92,15.91,49.29
1777766807,5.25,10.75,6.00,17.51,45.03,16.48,46.87,16.29,49.30
1777766809,5.31,11.00,5.75,17.19,45.01,16.55,46.91,16.05,49.22
1777766810,5.25,10.25,6.00,17.13,45.02,16.63,46.96,15.93,49.20
1777766812,5.25,10.50,6.25,17.64,45.09,16.51,46.98,16.27,49.24
1777766814,5.25,10.75,6.00,17.26,45.02,16.66,47.01,16.29,49.26
1777766815,5.25,10.50,6.00,17.37,45.02,16.48,47.00,16.21,49.25
1777766817,5.31,10.25,6.00,17.57,45.05,16.52,47.01,16.11,49.22
1777766819,5.25,10.75,6.00,17.30,45.00,16.66,47.04,15.95,49.20
1777766820,5.25,11.25,5.50,17.30,44.99,16.49,47.03,15.74,49.14
1777766822,5.25,10.25,6.00,17.29,45.00,16.54,47.04,16.67,49.26
1777766823,5.25,11.25,6.00,17.18,45.00,16.71,47.08,16.06,49.11
1777766825,5.19,11.00,5.75,17.41,45.01,16.58,47.08,16.24,49.11
1777766827,5.25,10.50,6.00,17.52,45.00,16.59,47.08,16.29,49.10
1777766828,5.25,11.25,5.75,17.29,44.96,16.55,47.06,15.83,49.02
1777766830,5.19,10.50,6.00,17.30,44.97,16.56,47.02,16.25,49.10
1777766831,5.25,10.75,6.00,17.61,45.04,16.53,47.01,15.99,49.05
1777766833,5.25,10.50,5.75,17.29,45.02,16.59,46.99,15.69,48.98
1777766835,5.25,10.50,6.00,17.34,45.05,16.47,46.96,16.05,49.05
1777766836,5.25,10.50,5.75,17.57,45.10,16.56,46.97,16.26,49.10
1777766838,5.31,10.50,5.50,17.19,45.06,16.61,47.01,16.11,49.09
1777766839,5.31,11.25,5.75,17.26,45.06,16.48,47.01,15.84,49.07
1777766841,5.25,10.25,6.00,17.27,45.06,16.59,47.03,15.88,49.10
1777766843,5.25,11.00,5.50,17.29,45.04,16.51,47.02,15.78,49.08
1777766844,5.25,11.00,5.50,17.34,45.04,16.65,47.06,15.80,49.08
1777766846,5.31,10.75,5.75,17.36,45.04,16.54,47.07,15.88,49.12
1777766847,5.31,11.00,6.25,17.11,44.97,16.54,47.06,15.82,49.11
1777766849,5.25,10.75,5.75,17.58,45.06,16.50,47.08,16.27,49.18
1777766851,5.25,11.00,6.00,17.30,45.00,16.50,47.12,15.81,49.12
1777766852,5.19,10.25,6.00,17.36,44.97,16.51,47.12,15.70,49.12
1777766854,5.19,10.75,6.00,17.41,44.98,16.53,47.11,16.02,49.16
1777766855,5.19,10.75,6.00,17.28,44.95,16.47,47.14,16.15,49.18
1777766857,5.19,10.75,6.00,17.34,44.97,16.56,47.19,15.75,49.13
1777766859,5.19,11.25,6.00,17.12,44.93,16.55,47.18,15.89,49.19
1777766860,5.19,11.00,5.50,17.66,45.02,16.53,47.19,15.87,49.19
1777766862,5.19,10.75,5.75,17.34,44.96,16.54,47.21,15.65,49.21
1777766863,5.19,10.50,5.75,17.33,44.97,16.55,47.21,15.78,49.33
1777766865,5.25,11.25,5.75,17.29,44.98,16.50,47.19,15.82,49.43
1777766867,5.19,10.75,6.25,17.13,44.95,16.52,47.20,15.97,49.55
1777766868,5.19,10.50,5.75,17.12,44.95,16.54,47.20,16.16,49.71
1777766870,5.19,10.50,6.00,17.58,45.01,16.51,47.21,16.21,49.82
1777766872,5.19,11.00,6.00,17.26,44.98,16.59,47.22,16.40,49.90
1777766873,5.19,11.00,5.75,17.15,44.96,16.48,47.22,15.85,49.83
1777766875,5.13,10.75,6.00,17.51,45.03,16.49,47.22,16.29,49.90
1777766876,5.19,10.75,5.50,17.26,44.99,16.49,47.20,15.90,49.75
1777766878,5.13,10.50,6.00,17.12,44.96,16.42,47.19,15.78,49.62
1777766880,5.25,10.75,6.25,17.55,45.05,16.43,47.19,16.43,49.67
1777766881,5.25,11.00,6.00,17.37,45.04,16.49,47.21,15.72,49.51
1777766883,5.19,10.50,6.00,17.19,45.02,16.44,47.19,15.66,49.45
1777766884,5.19,11.00,6.25,17.13,45.04,16.52,47.20,15.94,49.46
1777766886,5.19,11.25,6.00,17.51,45.17,16.57,47.21,16.20,49.49
1777766888,5.25,11.00,6.25,17.20,45.17,16.47,47.20,16.01,49.40
1777766889,5.25,10.50,6.25,17.34,45.28,16.49,47.20,16.19,49.39
1777766891,5.25,11.00,6.25,17.55,45.41,16.41,47.18,16.21,49.39
1777766892,5.31,11.00,6.25,17.30,45.43,16.48,47.20,16.23,49.35
1777766894,5.31,11.00,6.00,17.30,45.49,16.64,47.23,15.86,49.29
1777766896,5.31,10.75,6.25,17.52,45.56,16.52,47.22,16.29,49.34
1777766897,5.31,11.00,6.25,17.34,45.55,16.42,47.21,15.95,49.29
1777766899,5.31,10.75,6.25,17.22,45.50,16.62,47.23,15.81,49.25
1777766900,5.31,10.50,5.75,17.16,45.46,16.48,47.22,15.86,49.23
1777766902,5.38,11.75,6.25,17.26,45.44,16.50,47.27,15.98,49.25
1777766904,5.38,11.25,6.00,17.37,45.40,16.50,47.29,15.75,49.18
1777766905,5.31,11.50,6.00,17.26,45.31,16.57,47.30,15.87,49.16
1777766907,5.31,11.00,5.75,17.29,45.24,16.55,47.30,15.56,49.10
1777766908,5.31,10.25,6.25,17.33,45.18,16.48,47.29,15.72,49.12
1777766910,5.38,10.75,6.00,17.03,45.07,16.62,47.30,15.61,49.09
1777766912,5.31,10.75,6.25,17.30,45.05,16.50,47.30,15.98,49.14
1777766913,5.31,11.25,6.00,17.66,45.08,16.42,47.32,15.69,49.12
1777766915,5.38,11.50,6.25,17.36,45.02,16.48,47.36,15.78,49.13
1777766917,5.31,11.25,6.25,17.35,44.98,16.53,47.40,15.95,49.19
1777766918,5.38,11.25,6.00,17.20,44.96,16.57,47.42,16.04,49.20
1777766920,5.38,10.75,6.00,17.52,45.00,16.52,47.42,16.35,49.28
1777766921,5.31,11.25,6.00,17.26,44.95,16.52,47.42,16.07,49.22
1777766923,5.31,11.00,6.00,17.09,44.93,16.60,47.43,15.78,49.15
1777766925,5.38,10.75,6.25,17.33,44.96,16.49,47.38,16.27,49.23
1777766926,5.38,11.25,6.25,17.40,44.97,16.58,47.37,15.77,49.13
1777766928,5.38,10.25,6.00,17.41,44.97,16.45,47.32,16.19,49.18
1777766929,5.38,10.75,6.25,17.38,44.97,16.46,47.35,16.19,49.18
1777766931,5.38,11.00,5.50,17.16,44.93,16.52,47.36,15.81,49.14
1777766933,5.31,10.50,6.00,17.34,44.95,16.54,47.33,15.79,49.14
1777766934,5.31,11.00,6.00,17.30,44.94,16.54,47.33,15.80,49.12
1777766936,5.38,10.75,5.75,17.17,44.92,16.49,47.31,15.89,49.14
1777766937,5.38,10.75,5.75,17.34,44.91,16.53,47.33,16.26,49.19
1777766939,5.38,10.50,6.00,17.23,44.88,16.48,47.36,16.20,49.19
1777766941,5.31,11.00,5.75,17.47,44.92,16.46,47.35,15.93,49.16
1777766942,5.31,11.00,6.25,17.30,44.89,16.53,47.34,15.30,49.09
1777766944,5.31,11.00,6.00,17.28,44.87,16.52,47.35,15.88,49.21
1777766945,5.25,11.00,6.00,17.26,44.86,16.38,47.34,15.67,49.19
1777766947,5.31,10.25,5.75,17.53,44.92,16.46,47.33,15.78,49.23
1777766949,5.25,10.50,6.25,17.31,44.89,16.55,47.34,15.76,49.24
1777766950,5.25,10.75,5.75,17.45,44.92,16.51,47.31,15.71,49.25
1777766952,5.25,10.75,5.75,17.52,44.93,16.51,47.30,15.78,49.26
1777766953,5.25,11.00,5.00,17.20,44.88,16.55,47.28,16.00,49.28
1777766955,5.19,10.75,6.00,17.47,44.93,16.47,47.27,16.23,49.30
1777766957,5.25,11.00,6.00,17.55,44.96,16.44,47.24,15.80,49.22
1777766958,5.25,11.00,6.00,17.14,44.88,16.59,47.29,15.98,49.27
1777766960,5.25,11.00,6.00,17.41,44.95,16.46,47.28,15.90,49.25
1777766961,5.25,10.75,6.25,17.28,44.95,16.63,47.31,15.53,49.21
1777766963,5.19,10.75,6.00,17.29,44.97,16.57,47.31,15.81,49.25
1777766965,5.31,10.50,5.75,17.24,44.99,16.53,47.30,16.02,49.31
1777766966,5.25,10.75,5.50,17.54,45.09,16.48,47.30,15.31,49.22
1777766968,5.25,11.25,6.25,17.43,45.11,16.60,47.33,15.86,49.30
1777766970,5.31,11.00,6.00,17.23,45.13,16.49,47.30,15.75,49.31
1777766971,5.31,10.75,6.00,17.44,45.24,16.50,47.30,15.77,49.32
1777766973,5.38,11.00,6.25,17.40,45.27,16.52,47.28,15.81,49.32
1777766974,5.31,11.00,5.75,17.44,45.30,16.55,47.30,15.89,49.37
1777766976,5.38,10.75,6.00,17.35,45.30,16.45,47.25,15.99,49.40
1777766978,5.38,10.75,6.00,17.45,45.32,16.41,47.25,15.54,49.34
1777766979,5.38,10.75,6.00,17.36,45.30,16.39,47.24,15.68,49.39
1777766981,5.38,10.50,5.25,17.40,45.27,16.40,47.23,15.86,49.41
1777766982,5.38,10.75,5.75,17.58,45.24,16.45,47.25,15.82,49.38
1777766984,5.38,11.25,6.25,17.52,45.20,16.49,47.26,15.60,49.35
1777766986,5.38,11.25,6.00,17.14,45.06,16.56,47.30,15.81,49.43
1777766987,5.38,10.50,6.00,17.27,45.05,16.50,47.31,15.67,49.41
1777766989,5.38,11.25,6.00,17.41,45.01,16.60,47.35,15.72,49.42
1777766990,5.31,10.75,6.00,17.43,44.98,16.59,47.33,15.76,49.48
1777766992,5.31,11.00,6.00,17.48,44.97,16.54,47.34,15.84,49.46
1777766994,5.31,11.25,5.75,17.41,44.92,16.54,47.36,15.67,49.43
1777766995,5.25,10.50,6.25,17.30,44.87,16.42,47.35,15.52,49.42
1777766997,5.31,11.00,5.75,17.14,44.85,16.54,47.38,15.70,49.50
1777766998,5.31,11.00,6.00,17.55,44.92,16.57,47.38,15.75,49.54
1777767000,5.38,10.50,6.00,17.53,44.92,16.48,47.35,15.94,49.59
1777767002,5.31,10.75,6.00,17.37,44.87,16.51,47.34,15.57,49.52
1777767003,5.31,10.50,5.50,17.34,44.86,16.66,47.35,15.66,49.59
1777767005,5.31,11.00,6.25,17.46,44.87,16.52,47.35,15.84,49.64
1777767006,5.31,10.75,6.00,17.59,44.87,16.57,47.32,15.80,49.66
1777767008,5.31,11.00,6.00,17.34,44.84,16.55,47.36,16.12,49.70
1777767010,5.31,10.75,6.00,17.43,44.84,16.53,47.34,15.82,49.67
1777767011,5.31,10.50,6.00,17.26,44.80,16.50,47.30,15.80,49.69
1777767013,5.31,10.75,6.00,17.51,44.81,16.51,47.31,15.43,49.64
1777767015,5.31,10.50,5.75,17.37,44.79,16.48,47.26,15.71,49.69
1777767016,5.31,10.50,6.25,17.54,44.83,16.62,47.28,15.70,49.67
1777767018,5.25,11.00,6.00,17.55,44.81,16.52,47.22,15.65,49.65
1777767019,5.31,11.00,5.75,17.44,44.81,16.57,47.26,15.68,49.67
1777767021,5.31,11.00,6.00,17.44,44.79,16.61,47.25,15.84,49.68
1777767023,5.31,10.75,6.00,17.62,44.84,16.51,47.26,15.63,49.63
1777767024,5.31,10.75,6.00,17.34,44.79,16.65,47.27,15.58,49.66
1777767026,5.31,10.50,6.00,17.20,44.81,16.54,47.28,15.80,49.68
1777767027,5.31,10.50,5.75,17.13,44.83,16.43,47.25,15.62,49.66
1777767029,5.31,10.75,6.00,17.53,44.92,16.50,47.28,15.58,49.67
1777767031,5.38,11.00,6.00,17.10,44.86,16.51,47.30,15.77,49.74
1777767032,5.38,11.00,6.00,17.47,44.90,16.58,47.31,15.53,49.71
1777767034,5.31,11.00,6.00,17.26,44.86,16.59,47.31,15.92,49.77
1777767035,5.38,11.00,5.75,17.26,44.88,16.37,47.31,15.95,49.79
1777767037,5.38,11.00,6.25,17.31,44.88,16.50,47.36,15.52,49.75
1777767039,5.31,10.75,5.75,17.44,44.87,16.61,47.42,16.11,49.86
1777767040,5.31,10.25,5.75,17.45,44.90,16.48,47.41,15.49,49.78
1777767042,5.38,11.00,6.25,17.33,44.89,16.52,47.45,15.98,49.85
1777767043,5.44,10.25,6.00,17.48,44.90,16.58,47.44,15.60,49.82
1777767045,5.44,10.75,6.00,17.31,44.89,16.55,47.44,15.34,49.76
1777767047,5.31,10.50,5.75,17.61,44.94,16.59,47.43,15.83,49.81
1777767048,5.38,10.50,6.25,17.48,44.93,16.59,47.40,15.92,49.81
1777767050,5.31,11.00,6.25,17.18,44.87,16.41,47.35,15.44,49.69
1777767051,5.38,11.00,6.25,17.13,44.87,16.55,47.34,15.84,49.76
1777767053,5.31,11.00,6.00,17.48,44.95,16.57,47.32,16.13,49.78
1777767055,5.38,10.75,6.25,17.45,44.96,16.58,47.32,15.48,49.68
1777767056,5.38,10.75,5.50,17.15,44.89,16.49,47.28,15.26,49.63
1777767058,5.31,10.50,6.25,17.31,44.89,16.62,47.26,15.94,49.75
1777767059,5.31,11.00,6.25,17.48,44.90,16.61,47.22,15.53,49.67
1777767061,5.31,10.50,6.00,17.33,44.88,16.48,47.19,15.69,49.70
1777767063,5.31,10.75,6.00,17.45,44.89,16.51,47.19,15.53,49.67
1777767064,5.31,11.00,6.00,17.45,44.91,16.47,47.17,15.84,49.71
1777767066,5.31,11.00,5.75,17.37,44.92,16.66,47.21,15.83,49.74
1777767068,5.31,10.75,5.75,17.50,44.97,16.56,47.19,15.53,49.72
1777767069,5.31,10.75,6.00,17.47,44.97,16.59,47.20,15.35,49.71
1777767071,5.38,11.00,6.25,17.50,44.99,16.70,47.21,15.53,49.76
1777767072,5.31,10.75,5.75,17.35,44.96,16.65,47.19,15.60,49.79
1777767074,5.31,11.00,6.00,17.44,44.99,16.55,47.18,15.42,49.75
1777767076,5.38,10.75,6.25,17.42,45.00,16.59,47.19,15.22,49.73
1777767077,5.31,10.50,5.75,17.41,44.98,16.62,47.19,15.59,49.81
1777767079,5.31,10.75,6.25,17.50,45.00,16.53,47.17,16.07,49.89
1777767080,5.38,11.00,5.75,17.45,44.97,16.59,47.18,15.66,49.85
1777767082,5.31,11.25,5.75,17.39,44.94,16.65,47.16,15.77,49.86
1777767084,5.38,11.00,6.00,17.27,44.93,16.54,47.13,15.51,49.83
1777767085,5.38,11.00,6.00,17.25,44.90,16.63,47.11,15.54,49.84
1777767087,5.38,11.25,5.75,17.45,44.92,16.60,47.09,15.78,49.92
1777767088,5.38,11.25,6.25,17.50,44.93,16.63,47.09,15.55,49.91
1777767090,5.38,11.00,6.00,17.39,44.91,16.59,47.05,15.34,49.87
1777767092,5.38,10.75,5.75,17.28,44.86,16.69,47.08,15.45,49.91
1777767093,5.38,10.75,6.50,17.29,44.87,16.78,47.12,15.92,50.03
1777767095,5.38,11.00,6.00,17.29,44.87,16.82,47.11,15.49,49.97
1777767096,5.38,10.75,6.00,17.38,44.89,16.59,47.06,15.72,50.01
1777767098,5.38,11.00,6.25,17.30,44.91,16.68,47.06,15.63,50.01
1777767100,5.38,11.00,6.25,17.37,44.91,16.62,47.04,15.31,49.97
1777767101,5.38,10.25,5.75,17.41,44.91,16.60,47.01,15.62,50.02
1777767103,5.38,10.75,5.25,17.43,44.92,16.83,47.03,15.67,50.02
1777767104,5.38,11.00,5.75,17.40,44.89,16.74,47.03,15.34,49.96
1777767106,5.38,10.50,6.25,17.48,44.90,16.59,46.99,15.78,50.05
1777767108,5.38,11.00,6.25,17.24,44.85,16.56,46.99,15.24,49.98
1777767109,5.38,10.75,6.00,17.23,44.85,16.68,47.01,15.34,50.01
1777767111,5.38,10.75,5.75,17.51,44.90,16.63,47.01,15.63,50.06
1777767113,5.31,10.75,6.00,17.34,44.87,16.65,47.01,15.56,50.03
1777767114,5.38,10.25,6.25,17.25,44.86,16.56,46.97,15.33,50.01
1777767116,5.25,11.25,6.00,17.28,44.85,16.66,47.01,15.32,50.02
1777767117,5.31,11.25,6.00,17.52,44.87,16.59,47.00,15.64,50.09
1777767119,5.31,10.75,5.50,17.41,44.83,16.55,46.98,15.74,50.08
1777767121,5.31,10.50,6.25,17.11,44.78,16.55,47.01,15.67,50.07
1777767122,5.38,11.00,6.00,17.26,44.79,16.55,47.03,15.34,50.01
1777767124,5.31,10.75,6.25,17.23,44.78,16.49,47.01,15.75,50.06
1777767125,5.38,10.75,5.50,17.36,44.81,16.53,47.03,15.69,50.04
1777767127,5.31,10.50,5.75,17.37,44.83,16.57,47.05,15.45,49.98
1777767129,5.31,10.75,6.25,17.45,44.83,16.52,47.09,15.65,50.03
1777767130,5.25,10.75,5.75,17.30,44.80,16.68,47.14,15.58,50.01
1777767132,5.31,11.00,6.00,17.33,44.80,16.52,47.11,15.51,49.99
1777767133,5.31,10.75,5.75,17.41,44.79,16.43,47.15,15.81,50.02
1777767135,5.31,10.50,6.25,17.22,44.76,16.57,47.17,15.62,49.99
1777767137,5.31,10.25,6.25,17.52,44.77,16.55,47.18,15.68,49.99
1777767138,5.31,10.50,5.50,17.21,44.74,16.58,47.20,15.47,49.95
1777767140,5.31,10.75,6.25,17.21,44.73,16.51,47.20,15.18,49.92
1777767141,5.25,10.75,6.00,17.30,44.74,16.57,47.21,15.94,50.07
1777767143,5.25,11.25,6.25,17.43,44.76,16.52,47.21,15.32,49.98
1777767145,5.25,10.50,6.25,17.31,44.74,16.51,47.24,15.31,49.98
1777767146,5.25,10.50,5.75,17.62,44.80,16.49,47.21,15.88,50.08
1777767148,5.25,10.50,5.50,17.29,44.74,16.44,47.21,15.67,50.06
1777767149,5.19,10.25,5.25,17.26,44.73,16.50,47.26,15.57,50.04
1777767151,5.19,10.75,5.75,17.28,44.72,16.60,47.28,15.51,49.99
1777767153,5.19,11.00,5.75,17.31,44.72,16.57,47.29,15.46,49.94
1777767154,5.19,11.00,5.75,17.15,44.69,16.45,47.29,15.68,49.96
1777767156,5.25,10.50,6.25,17.26,44.71,16.43,47.28,15.69,49.93
1777767157,5.19,10.75,6.00,17.19,44.69,16.50,47.25,15.76,49.93
1777767159,5.19,11.00,5.50,17.45,44.74,16.53,47.20,15.42,49.82
1777767161,5.13,10.50,6.25,17.31,44.73,16.45,47.19,15.33,49.80
1777767162,5.19,10.25,5.75,17.21,44.72,16.58,47.21,15.56,49.83
1777767164,5.13,10.75,6.00,17.34,44.74,16.63,47.22,15.88,49.92
1777767166,5.19,10.25,5.75,17.22,44.73,16.61,47.22,15.32,49.79
1777767167,5.19,10.75,5.75,17.23,44.73,16.47,47.21,15.37,49.78
1777767169,5.13,10.50,5.75,17.41,44.74,16.59,47.26,15.44,49.79
1777767170,5.13,10.50,5.75,17.05,44.71,16.50,47.27,15.47,49.81
1777767172,5.13,10.75,6.00,17.19,44.72,16.52,47.25,15.75,49.89
1777767174,5.06,10.25,5.75,17.09,44.73,16.48,47.28,15.48,49.86
1777767175,5.06,11.00,5.75,17.23,44.75,16.48,47.30,15.94,49.95
1777767177,5.06,10.00,5.50,17.30,44.76,16.56,47.31,15.43,49.87
1777767178,5.13,11.25,5.50,17.24,44.74,16.55,47.31,15.67,49.90
1777767180,5.06,10.50,6.25,17.37,44.77,16.50,47.28,15.30,49.83
1777767182,5.06,11.00,6.00,17.32,44.77,16.50,47.28,15.37,49.84
1777767183,5.06,10.75,6.25,17.23,44.77,16.51,47.25,15.77,49.89
1777767185,5.06,10.75,6.25,17.45,44.79,16.58,47.25,15.73,49.89
1777767186,5.06,11.00,6.00,17.30,44.78,16.62,47.23,15.87,49.93
1777767188,5.06,11.00,5.50,17.15,44.73,16.51,47.21,15.93,49.94
1777767190,5.13,10.75,5.75,17.21,44.74,16.49,47.18,15.67,49.91
1777767191,5.06,10.75,6.00,17.40,44.77,16.51,47.18,15.66,49.90
1777767193,5.13,10.75,6.25,17.36,44.77,16.51,47.18,15.98,49.96
1777767194,5.13,11.25,5.75,17.55,44.85,16.60,47.20,15.34,49.85
1777767196,5.13,11.00,5.75,17.24,44.81,16.52,47.19,15.88,49.94
1777767198,5.13,10.75,6.00,17.24,44.83,16.61,47.19,15.58,49.88
1777767199,5.13,11.00,5.75,17.38,44.85,16.59,47.18,15.53,49.86
1777767201,5.13,10.50,6.25,17.28,44.84,16.61,47.21,15.95,49.96
1777767202,5.06,10.75,6.00,17.19,44.84,16.55,47.18,15.73,49.96
1777767204,5.13,10.50,6.00,17.30,44.85,16.56,47.19,15.45,49.95
1777767206,5.19,10.75,5.50,17.22,44.86,16.55,47.17,15.68,50.02
1777767207,5.19,10.50,5.50,17.58,44.90,16.48,47.17,15.69,50.02
1777767209,5.19,11.00,5.50,17.35,44.86,16.57,47.16,15.77,50.03
1777767211,5.19,10.50,5.50,17.35,44.88,16.55,47.17,15.79,50.04
1777767212,5.19,11.00,5.50,17.25,44.85,16.59,47.17,15.70,50.04
1777767214,5.19,10.25,5.75,17.39,44.88,16.55,47.17,15.56,50.01
1777767215,5.19,10.50,6.00,17.37,44.88,16.50,47.14,15.77,50.06
1777767217,5.25,10.75,6.00,17.24,44.86,16.53,47.15,15.48,50.00
1777767219,5.25,10.75,6.25,17.15,44.85,16.53,47.14,15.61,50.03
1777767220,5.25,10.50,5.50,17.26,44.88,16.51,47.14,15.78,50.07
1777767222,5.25,10.50,5.75,17.19,44.90,16.55,47.16,15.62,50.05
1777767223,5.25,10.50,6.25,17.21,44.91,16.62,47.19,15.70,50.09
1777767225,5.25,10.50,6.25,17.29,44.97,16.57,47.18,15.31,50.01
1777767227,5.25,10.75,6.25,17.34,45.00,16.49,47.18,15.56,50.09
1777767228,5.25,10.75,5.75,17.38,45.03,16.55,47.18,15.23,50.03
1777767230,5.25,10.25,6.25,17.36,45.05,16.51,47.18,15.76,50.12
1777767231,5.25,10.50,6.00,17.27,45.08,16.59,47.19,15.31,50.05
1777767233,5.31,10.50,6.00,17.26,45.09,16.51,47.17,15.53,50.10
1777767235,5.25,10.75,6.00,17.30,45.11,16.49,47.16,15.79,50.16
1777767236,5.31,11.00,6.25,17.64,45.13,16.47,47.17,15.31,50.08
1777767238,5.25,10.50,6.00,17.35,45.07,16.54,47.23,15.80,50.20
1777767239,5.31,10.50,6.00,17.20,45.02,16.50,47.29,15.54,50.17
1777767241,5.25,10.75,5.50,17.19,44.99,16.50,47.33,15.94,50.26
1777767243,5.25,10.75,6.25,17.26,44.98,16.48,47.34,15.67,50.19
1777767244,5.25,11.00,6.50,17.19,44.96,16.44,47.38,15.65,50.20
1777767246,5.25,11.25,5.75,17.34,44.97,16.58,47.41,15.49,50.11
1777767247,5.25,11.00,5.75,17.30,44.96,16.55,47.43,15.77,50.14
1777767249,5.25,10.75,5.50,17.36,44.97,16.42,47.41,15.69,50.13
1777767251,5.25,10.75,5.50,17.13,44.91,16.53,47.42,15.53,50.08
1777767252,5.31,10.75,6.25,17.12,44.89,16.58,47.43,15.84,50.11
1777767254,5.31,11.00,5.75,17.21,44.90,16.47,47.42,15.47,50.02
1777767255,5.31,11.00,5.75,17.61,44.97,16.51,47.43,15.34,50.00
1777767257,5.25,10.75,6.25,17.34,44.93,16.51,47.41,15.83,50.08
1777767259,5.31,11.00,6.00,17.20,44.91,16.67,47.45,15.47,50.02
1777767260,5.31,10.50,6.00,17.23,44.92,16.51,47.37,15.41,49.97
1777767262,5.25,10.00,5.75,17.29,44.95,16.55,47.37,15.82,50.03
1777767264,5.25,10.50,6.25,17.33,44.95,16.59,47.37,15.54,49.96
1777767265,5.25,10.50,5.75,17.40,44.97,16.56,47.33,15.31,49.91
1777767267,5.25,10.75,5.75,17.44,44.97,16.51,47.29,15.92,49.98
1777767268,5.19,10.75,6.00,17.19,44.92,16.55,47.26,15.51,49.89
1777767270,5.31,11.00,5.50,17.22,44.93,16.38,47.20,15.34,49.86
1777767272,5.25,11.00,6.00,17.29,44.95,16.53,47.22,15.79,49.90
1777767273,5.31,10.75,6.00,17.35,44.98,16.55,47.26,15.59,49.86
1777767275,5.31,10.50,6.25,17.37,45.01,16.50,47.24,15.34,49.81
1777767276,5.25,10.50,6.00,17.30,45.02,16.53,47.25,15.54,49.88
1777767278,5.31,11.00,5.75,17.34,45.02,16.52,47.26,15.68,49.91
1777767280,5.31,10.75,5.50,17.55,45.06,16.59,47.22,15.35,49.88
1777767281,5.25,11.00,6.00,17.17,44.97,16.49,47.20,15.64,49.93
1777767283,5.31,10.25,5.75,17.30,44.98,16.56,47.19,15.44,49.91
1777767284,5.31,10.50,5.50,17.26,44.96,16.44,47.17,15.36,49.90
1777767286,5.31,10.50,6.25,17.34,44.98,16.56,47.21,15.15,49.86
1777767288,5.31,10.25,5.50,17.34,44.96,16.37,47.19,15.76,49.97
1777767289,5.31,10.75,6.00,17.27,44.97,16.51,47.22,15.31,49.93
1777767291,5.25,11.25,5.50,17.16,44.96,16.59,47.23,16.10,50.07
1777767292,5.25,10.75,6.25,17.46,45.00,16.54,47.22,15.54,49.99
1777767294,5.25,10.25,5.75,17.44,44.99,16.44,47.20,15.58,50.01
1777767296,5.25,10.00,6.00,17.38,44.98,16.51,47.21,15.80,50.11
1777767297,5.25,10.50,5.75,17.57,44.99,16.55,47.22,15.77,50.15
1777767299,5.25,10.75,5.75,17.26,44.95,16.60,47.23,15.77,50.19
1777767300,5.25,10.50,6.00,17.48,44.98,16.44,47.17,15.94,50.24
1777767302,5.25,10.75,6.00,17.53,44.99,16.60,47.23,15.56,50.23
1777767304,5.19,11.00,6.00,17.24,44.97,16.54,47.27,15.47,50.29
1777767305,5.19,10.75,6.25,17.27,44.98,16.56,47.28,15.75,50.44
1777767307,5.19,11.00,6.00,17.18,44.99,16.51,47.28,15.36,50.46
1777767309,5.19,10.75,6.25,17.33,45.01,16.51,47.25,15.84,50.61
1777767310,5.19,11.00,5.75,17.33,44.99,16.50,47.26,15.46,50.64
1777767312,5.19,10.75,6.00,17.20,44.95,16.53,47.29,15.56,50.70
1777767313,5.19,10.75,6.25,17.33,44.97,16.51,47.27,15.58,50.75
1777767315,5.19,11.00,5.75,17.33,44.98,16.51,47.30,15.35,50.71
1777767317,5.13,10.75,5.75,17.34,44.97,16.54,47.33,15.56,50.75
1777767318,5.19,11.00,5.75,17.29,44.96,16.59,47.35,15.38,50.73
1777767320,5.19,10.75,5.75,17.31,44.93,16.49,47.31,15.80,50.78
1777767321,5.19,10.75,6.00,17.59,44.98,16.51,47.28,15.71,50.70
1777767323,5.13,10.75,6.25,17.05,44.87,16.66,47.29,15.66,50.61
1777767325,5.13,11.00,6.00,17.26,44.92,16.56,47.26,15.79,50.52
1777767326,5.19,11.00,5.75,17.42,44.94,16.44,47.22,15.58,50.41
1777767328,5.13,10.75,6.00,17.04,44.91,16.60,47.24,15.80,50.35
1777767329,5.19,10.75,6.00,17.34,44.95,16.43,47.20,15.60,50.27
1777767331,5.13,10.50,5.75,17.27,44.95,16.44,47.25,15.62,50.24
1777767333,5.19,10.75,6.00,17.14,44.93,16.59,47.30,15.73,50.22
1777767334,5.19,10.50,5.75,17.30,44.94,16.59,47.30,15.69,50.16
1777767336,5.19,10.75,6.25,17.44,44.97,16.43,47.26,15.67,50.10
1777767337,5.19,10.50,6.00,17.52,44.98,16.63,47.31,15.98,50.10
1777767339,5.19,10.25,6.00,17.36,44.95,16.59,47.30,15.55,49.99
1777767341,5.19,11.00,6.00,17.41,44.96,16.50,47.27,15.55,49.95
1777767342,5.13,10.75,6.00,17.51,44.97,16.60,47.23,15.77,49.95
1777767344,5.13,10.75,5.75,17.26,44.95,16.54,47.21,15.49,49.86
1777767345,5.13,10.00,6.00,17.18,44.94,16.54,47.20,15.88,49.88
1777767347,5.13,10.75,6.00,17.03,44.93,16.47,47.19,15.93,49.86
1777767349,5.13,11.00,5.50,17.17,44.99,16.57,47.19,15.91,49.81
1777767350,5.13,10.75,6.00,17.37,45.03,16.59,47.18,15.82,49.80
1777767352,5.19,11.25,6.00,17.30,45.06,16.61,47.15,15.55,49.72
1777767353,5.19,11.00,5.75,17.22,45.08,16.51,47.12,15.34,49.64
1777767355,5.19,10.75,5.75,17.17,45.08,16.51,47.08,15.39,49.63
1777767357,5.19,10.50,5.50,17.10,45.07,16.67,47.13,15.91,49.68
1777767358,5.19,10.50,5.75,17.51,45.14,16.53,47.11,15.37,49.54
1777767360,5.19,10.50,5.75,17.04,45.05,16.55,47.12,15.94,49.66
1777767362,5.19,10.75,6.25,17.35,45.09,16.56,47.14,15.58,49.61
1777767363,5.19,10.50,6.25,17.33,45.09,16.44,47.13,15.68,49.65
1777767365,5.19,10.50,5.75,17.26,45.06,16.53,47.15,15.71,49.66
1777767366,5.25,11.00,6.00,17.16,45.02,16.59,47.15,16.17,49.72
1777767368,5.19,10.75,6.00,17.14,45.03,16.59,47.16,15.61,49.59
1777767370,5.19,11.00,5.50,17.24,45.06,16.46,47.15,15.70,49.59
1777767371,5.25,11.00,6.00,17.11,45.04,16.55,47.18,15.46,49.56
1777767373,5.25,10.50,6.25,17.36,45.06,16.58,47.19,15.85,49.60
1777767374,5.19,10.75,5.75,17.31,45.06,16.48,47.19,15.40,49.53
1777767376,5.25,10.75,5.25,17.28,45.05,16.45,47.20,15.69,49.61
1777767378,5.25,10.75,6.00,17.12,45.02,16.50,47.27,15.90,49.64
1777767379,5.25,10.50,6.00,17.43,45.05,16.48,47.29,15.38,49.57
1777767381,5.19,10.75,6.25,17.22,45.01,16.55,47.36,15.51,49.58
1777767382,5.19,11.25,6.00,17.24,45.04,16.56,47.36,15.55,49.61
1777767384,5.19,10.75,6.00,17.50,45.10,16.59,47.36,15.43,49.59
1777767386,5.19,10.75,6.00,17.22,45.04,16.55,47.39,15.59,49.63
1777767387,5.25,10.25,5.75,17.16,45.04,16.55,47.40,15.45,49.60
1777767389,5.19,10.50,5.75,17.15,45.02,16.55,47.43,15.62,49.66
1777767390,5.13,10.50,6.00,17.34,45.05,16.55,47.42,15.72,49.71
1777767392,5.19,10.75,5.75,17.23,45.01,16.54,47.41,15.68,49.71
1777767394,5.19,10.75,6.00,17.17,45.01,16.41,47.35,16.16,49.81
1777767395,5.25,11.00,6.00,17.47,45.08,16.44,47.35,15.78,49.74
1777767397,5.19,10.75,6.00,17.64,45.10,16.52,47.35,15.33,49.65
1777767398,5.19,10.75,6.00,17.33,45.08,16.51,47.33,15.58,49.68
1777767400,5.19,10.75,6.00,17.30,45.07,16.59,47.35,15.81,49.71
1777767402,5.25,10.75,5.75,17.66,45.14,16.57,47.37,15.73,49.70
1777767403,5.25,10.25,6.00,17.12,45.06,16.60,47.39,15.86,49.74
1777767405,5.19,11.00,5.75,17.08,45.05,16.51,47.39,15.60,49.74
1777767407,5.19,10.50,6.00,17.26,45.07,16.40,47.37,15.42,49.70
1777767408,5.25,10.50,6.00,17.04,45.03,16.46,47.39,15.92,49.78
1777767410,5.19,10.75,6.00,17.02,45.02,16.51,47.41,15.55,49.73
1777767411,5.19,10.75,5.75,17.30,45.07,16.48,47.42,15.76,49.78
1777767413,5.25,10.25,5.75,17.19,45.07,16.39,47.40,15.66,49.79
1777767415,5.13,10.75,6.00,17.28,45.08,16.51,47.42,15.59,49.77
1777767416,5.19,10.75,6.00,17.26,45.07,16.40,47.39,15.98,49.87
1777767418,5.19,11.00,6.00,17.36,45.08,16.48,47.41,15.55,49.86
1777767419,5.19,11.00,6.00,17.17,45.08,16.37,47.37,15.51,49.91
1777767421,5.19,11.00,5.75,17.15,45.06,16.34,47.42,15.83,49.94
1777767423,5.19,10.75,5.50,17.45,45.13,16.44,47.43,15.61,49.89
1777767424,5.19,10.75,6.00,17.14,45.06,16.40,47.44,15.80,49.90
1777767426,5.19,10.75,6.00,17.11,45.05,16.52,47.45,15.35,49.78
1777767427,5.19,11.00,6.25,17.44,45.12,16.41,47.44,15.22,49.73
1777767429,5.25,11.25,6.25,17.21,45.08,16.38,47.42,15.80,49.81
1777767431,5.25,10.50,5.75,17.05,45.10,16.47,47.45,15.80,49.81
1777767432,5.25,11.00,6.00,17.52,45.19,16.48,47.47,15.73,49.79
1777767434,5.25,11.00,5.25,17.13,45.12,16.53,47.47,15.94,49.84
1777767435,5.25,10.75,6.25,17.15,45.14,16.58,47.47,15.59,49.78
1777767437,5.31,11.25,6.00,17.33,45.17,16.59,47.48,15.57,49.78
1777767439,5.31,10.75,5.75,17.12,45.14,16.56,47.46,15.74,49.82
1777767440,5.31,10.25,6.00,17.35,45.17,16.40,47.42,15.81,49.85
1777767442,5.31,11.00,6.25,17.16,45.16,16.53,47.44,15.45,49.80
1777767443,5.31,11.00,6.00,17.26,45.17,16.48,47.41,15.35,49.78
1777767445,5.31,11.00,6.00,17.15,45.17,16.49,47.43,15.80,49.88
1777767447,5.38,10.25,5.75,17.37,45.20,16.55,47.47,15.47,49.83
1777767448,5.31,10.75,6.00,17.26,45.22,16.53,47.52,15.46,49.87
1777767450,5.38,11.00,6.00,17.41,45.24,16.57,47.55,15.74,49.98
1777767451,5.38,10.50,6.00,17.37,45.23,16.57,47.57,15.57,49.98
1777767453,5.38,11.00,6.25,17.28,45.23,16.46,47.58,15.52,50.05
1777767455,5.38,11.00,6.00,17.22,45.22,16.39,47.57,15.56,50.08
1777767456,5.38,10.75,6.00,17.17,45.22,16.48,47.58,15.49,50.10
1777767458,5.31,10.50,6.25,17.22,45.24,16.49,47.57,15.63,50.19
1777767460,5.38,10.75,6.00,17.23,45.25,16.36,47.57,15.82,50.28
1777767461,5.31,10.75,6.00,17.27,45.26,16.52,47.59,15.47,50.23
1777767463,5.31,10.50,6.00,17.12,45.24,16.54,47.56,15.45,50.23
1777767464,5.31,10.75,6.00,17.30,45.29,16.45,47.52,15.64,50.23
1777767466,5.31,11.00,5.75,17.30,45.29,16.50,47.49,15.56,50.17
1777767468,5.31,10.75,6.00,17.05,45.25,16.48,47.45,15.73,50.12
1777767469,5.31,10.75,6.00,17.22,45.27,16.46,47.44,15.52,50.03
1777767471,5.31,10.75,5.75,17.40,45.28,16.52,47.44,15.60,50.02
1777767472,5.31,11.00,6.00,17.26,45.26,16.47,47.40,15.52,49.99
1777767474,5.31,10.75,6.00,17.30,45.27,16.41,47.37,15.61,49.98
1777767476,5.31,10.75,6.00,17.56,45.29,16.51,47.38,15.26,49.91
1777767477,5.25,11.00,5.75,17.19,45.22,16.46,47.37,15.68,49.98
1777767479,5.31,10.25,5.75,17.31,45.22,16.59,47.38,15.47,49.95
1777767480,5.31,11.00,6.00,17.18,45.21,16.56,47.39,15.51,49.93
1777767482,5.25,10.50,6.00,17.54,45.25,16.50,47.41,15.67,49.96
1777767484,5.25,10.50,5.50,17.13,45.18,16.37,47.38,15.46,49.91
1777767485,5.31,10.75,5.75,17.13,45.17,16.40,47.39,15.20,49.88
1777767487,5.31,10.50,6.25,17.33,45.19,16.53,47.41,15.75,49.97
1777767488,5.31,11.00,5.50,17.09,45.16,16.50,47.42,15.91,50.00
1777767490,5.31,11.25,6.00,17.55,45.24,16.41,47.41,15.36,49.91
1777767492,5.31,11.00,6.00,17.38,45.21,16.38,47.40,15.87,49.97
1777767493,5.25,10.25,5.50,17.67,45.25,16.48,47.41,15.62,49.91
1777767495,5.25,10.75,6.00,17.53,45.23,16.40,47.41,15.34,49.83
1777767496,5.25,10.75,6.00,17.14,45.18,16.39,47.45,15.75,49.87
1777767498,5.25,10.50,6.00,17.10,45.16,16.33,47.48,15.55,49.84
1777767500,5.25,10.75,5.50,17.16,45.22,16.38,47.51,15.39,49.81
1777767501,5.19,11.00,5.75,17.13,45.20,16.47,47.52,15.25,49.77
1777767503,5.19,10.50,6.00,17.05,45.20,16.44,47.53,15.68,49.83
1777767505,5.19,11.25,6.00,17.35,45.25,16.33,47.52,15.60,49.81
1777767506,5.19,11.00,6.00,17.37,45.23,16.44,47.54,15.49,49.78
1777767508,5.25,11.00,5.75,17.12,45.20,16.38,47.53,15.74,49.81
1777767509,5.31,11.00,6.00,17.06,45.20,16.47,47.56,15.47,49.76
1777767511,5.25,11.25,6.00,17.22,45.21,16.36,47.56,15.34,49.76
1777767513,5.25,11.25,6.00,17.04,45.20,16.37,47.58,15.44,49.78
1777767514,5.31,11.00,6.00,16.98,45.23,16.47,47.56,15.72,49.86
1777767516,5.25,11.25,6.00,17.64,45.34,16.39,47.56,15.64,49.84
1777767517,5.25,11.25,5.75,17.26,45.31,16.56,47.61,15.73,49.89
1777767519,5.25,10.50,5.75,17.22,45.29,16.29,47.59,15.65,49.89
1777767521,5.31,11.00,5.75,17.34,45.35,16.42,47.64,15.62,49.90
1777767522,5.31,11.25,6.00,17.37,45.36,16.38,47.61,15.82,49.96
1777767524,5.31,10.75,6.00,17.15,45.29,16.46,47.63,15.87,49.99
1777767525,5.31,10.50,5.50,17.34,45.32,16.43,47.63,15.70,50.00
1777767527,5.31,11.00,6.00,17.48,45.35,16.48,47.62,15.47,50.00
1777767529,5.31,10.75,6.00,17.23,45.30,16.43,47.60,15.60,50.05
1777767530,5.38,11.00,6.00,17.25,45.31,16.44,47.58,15.86,50.12
1777767532,5.31,11.00,6.00,17.50,45.36,16.48,47.61,15.54,50.07
1777767533,5.31,10.50,6.00,17.07,45.27,16.49,47.60,15.52,50.08
1777767535,5.38,11.25,6.00,17.06,45.26,16.33,47.62,15.58,50.11
1777767537,5.38,11.25,6.00,17.28,45.29,16.37,47.63,15.21,50.06
1777767538,5.38,10.75,6.00,17.12,45.26,16.44,47.64,15.85,50.16
1777767540,5.31,11.25,6.00,17.19,45.27,16.46,47.66,15.60,50.10
1777767541,5.38,11.25,5.75,17.15,45.29,16.50,47.64,15.31,50.04
1777767543,5.31,11.50,6.00,17.17,45.29,16.48,47.61,15.51,50.06
1777767545,5.31,10.50,6.00,17.09,45.27,16.51,47.62,15.61,50.05
1777767546,5.38,11.25,6.00,17.37,45.34,16.29,47.57,15.70,50.07
1777767548,5.38,11.25,6.00,17.12,45.31,16.44,47.58,15.81,50.06
1777767549,5.31,11.00,6.00,17.24,45.32,16.51,47.58,15.62,50.00
1777767551,5.31,10.75,6.25,17.12,45.31,16.40,47.57,15.30,49.93
1777767553,5.38,10.50,6.00,17.36,45.32,16.46,47.62,15.54,49.96
1777767554,5.31,11.00,6.25,17.26,45.28,16.52,47.63,15.69,49.98
1777767556,5.31,10.50,6.00,17.62,45.32,16.48,47.63,15.37,49.97
1777767558,5.31,11.00,6.25,17.33,45.26,16.39,47.59,15.13,49.93
1777767559,5.31,11.25,6.00,17.18,45.24,16.43,47.60,15.58,50.01
1777767561,5.31,11.00,5.75,17.33,45.26,16.40,47.59,15.46,49.99
1777767562,5.25,11.25,6.00,17.62,45.31,16.61,47.59,15.76,50.06
1777767564,5.31,11.25,5.75,17.23,45.25,16.37,47.55,15.50,49.99
1777767566,5.31,10.75,6.25,17.10,45.24,16.44,47.57,15.87,50.05
1777767567,5.25,10.75,6.00,17.52,45.31,16.33,47.53,15.59,49.99
1777767569,5.25,10.50,6.00,17.37,45.30,16.48,47.53,15.23,49.93
1777767570,5.31,11.00,5.50,17.28,45.28,16.44,47.56,16.13,50.08
1777767572,5.25,10.75,6.00,17.46,45.34,16.51,47.57,15.58,50.01
1777767574,5.25,11.00,5.25,17.49,45.31,16.30,47.53,15.65,50.02
1777767575,5.25,11.25,5.50,17.15,45.28,16.48,47.57,15.94,50.07
1777767577,5.19,11.00,5.75,17.33,45.31,16.42,47.60,15.76,50.04
1777767578,5.25,10.50,6.00,17.25,45.30,16.42,47.60,15.66,50.02
1777767580,5.19,11.00,6.00,17.06,45.26,16.40,47.60,15.44,49.97
1777767582,5.25,11.00,6.25,17.18,45.27,16.44,47.62,15.60,50.01
1777767583,5.25,10.50,6.00,17.26,45.29,16.50,47.60,15.62,50.00
1777767585,5.25,11.25,6.00,17.29,45.30,16.58,47.63,15.77,50.05
1777767586,5.19,10.75,6.00,17.25,45.31,16.40,47.58,15.42,49.97
1777767588,5.25,11.00,5.75,17.43,45.32,16.48,47.59,15.78,50.05
1777767590,5.25,10.50,6.00,17.34,45.29,16.33,47.57,15.43,49.98
1777767591,5.25,10.50,6.00,17.37,45.33,16.58,47.64,16.01,50.09
1777767593,5.19,10.75,5.75,17.47,45.35,16.47,47.62,15.32,49.97
1777767594,5.25,10.75,6.25,17.34,45.32,16.45,47.65,15.47,50.01
1777767596,5.19,10.75,6.00,17.16,45.32,16.42,47.64,15.62,50.07
1777767598,5.25,10.75,5.75,17.26,45.34,16.55,47.64,15.69,50.10
1777767599,5.19,10.50,6.00,17.39,45.36,16.39,47.62,15.73,50.11
1777767601,5.19,10.75,6.00,17.48,45.36,16.37,47.57,15.51,50.10
1777767603,5.25,10.50,5.50,17.13,45.30,16.50,47.61,15.26,50.07
1777767604,5.19,10.50,6.00,17.42,45.34,16.43,47.62,15.87,50.18
1777767606,5.19,11.00,6.00,17.22,45.26,16.32,47.57,15.65,50.14
1777767607,5.19,11.00,6.00,17.18,45.27,16.49,47.59,15.81,50.14
1777767609,5.13,11.00,5.50,17.27,45.27,16.41,47.53,15.80,50.12
1777767611,5.19,10.50,6.00,17.32,45.28,16.44,47.53,15.74,50.06
1777767612,5.13,10.25,5.75,17.50,45.33,16.42,47.54,15.90,50.09
1777767614,5.13,10.50,5.75,17.15,45.25,16.51,47.60,15.63,50.04
1777767615,5.13,10.75,5.75,17.28,45.28,16.36,47.57,15.63,50.06
1777767617,5.13,10.25,6.00,17.24,45.27,16.51,47.61,15.67,50.06
1777767619,5.06,10.75,6.25,17.15,45.26,16.50,47.60,15.69,50.06
1777767620,5.13,10.75,5.50,17.48,45.33,16.52,47.60,15.60,50.03
1777767622,5.19,10.50,5.50,17.44,45.30,16.59,47.63,15.77,50.07
1777767623,5.13,10.75,6.00,17.15,45.26,16.50,47.63,15.52,50.06
1777767625,5.13,10.50,6.25,17.19,45.26,16.56,47.62,15.76,50.10
1777767627,5.13,11.00,6.00,17.48,45.33,16.45,47.57,15.64,50.10
1777767628,5.13,10.75,6.25,17.30,45.32,16.48,47.58,15.84,50.14
1777767630,5.19,10.75,6.00,17.04,45.29,16.53,47.54,15.65,50.10
1777767631,5.19,10.25,6.00,17.19,45.31,16.42,47.52,15.56,50.07
1777767633,5.13,10.75,6.00,17.55,45.41,16.48,47.51,15.80,50.13
1777767635,5.13,11.25,6.25,17.11,45.33,16.78,47.52,15.73,50.09
1777767636,5.13,10.50,6.00,17.13,45.32,16.46,47.41,15.66,50.08
1777767638,5.13,11.00,6.00,17.31,45.36,16.56,47.42,15.60,50.06
1777767639,5.13,10.75,6.00,17.27,45.36,16.55,47.40,15.30,50.01
1777767641,5.19,10.75,6.00,17.57,45.41,16.41,47.36,15.91,50.09
1777767643,5.13,11.00,5.75,17.35,45.37,16.51,47.33,15.62,50.06
1777767644,5.19,11.00,6.25,17.11,45.33,16.58,47.36,15.55,50.03
1777767646,5.19,10.50,5.25,17.37,45.37,16.55,47.34,16.10,50.11
1777767647,5.13,10.75,6.25,17.31,45.37,16.48,47.31,15.73,50.04
1777767649,5.13,10.75,6.00,17.40,45.38,16.55,47.32,15.75,50.06
1777767651,5.13,10.75,6.00,17.30,45.35,16.63,47.34,15.74,50.05
1777767652,5.13,10.25,6.25,17.02,45.30,16.47,47.29,15.52,50.01
1777767654,5.13,10.75,6.25,17.41,45.35,16.55,47.30,15.48,50.01
1777767656,5.06,10.25,5.75,17.34,45.34,16.57,47.30,15.65,50.03
1777767657,5.13,11.00,6.00,17.06,45.30,16.56,47.31,15.73,50.04
1777767659,5.13,11.00,6.25,17.24,45.31,16.57,47.31,15.85,50.07
1777767660,5.19,10.50,6.00,17.26,45.31,16.51,47.29,15.91,50.08
1777767662,5.19,10.25,6.25,17.45,45.39,16.43,47.25,15.62,50.01
1777767664,5.19,10.75,6.00,17.10,45.40,16.47,47.27,15.59,49.98
1777767665,5.19,10.25,6.00,17.12,45.46,16.56,47.27,15.67,49.98
1777767667,5.19,10.75,5.75,17.54,45.57,16.43,47.26,15.89,50.04
1777767668,5.19,10.50,5.75,17.49,45.60,16.47,47.31,15.61,50.02
1777767670,5.25,10.50,5.75,16.99,45.51,16.33,47.32,15.43,50.04
1777767672,5.25,11.00,6.25,17.45,45.58,16.40,47.34,15.63,50.08
1777767673,5.25,10.75,5.75,17.23,45.55,16.55,47.35,15.69,50.10
1777767675,5.25,11.25,5.75,17.08,45.50,16.51,47.39,15.50,50.09
1777767676,5.25,10.50,6.00,17.09,45.49,16.46,47.41,15.84,50.15
1777767678,5.25,11.00,6.00,17.30,45.53,16.39,47.43,15.68,50.14
1777767680,5.25,11.00,5.75,17.18,45.51,16.43,47.46,15.80,50.16
1777767681,5.25,11.25,6.25,17.09,45.51,16.44,47.47,15.43,50.11
1777767683,5.31,10.75,5.50,17.23,45.50,16.39,47.50,15.77,50.19
1777767684,5.31,10.75,6.00,17.18,45.50,16.37,47.49,15.77,50.18
1777767686,5.31,10.75,6.00,17.16,45.47,16.40,47.50,15.48,50.13
1777767688,5.31,10.25,5.75,17.30,45.46,16.40,47.51,15.71,50.17
1777767689,5.31,10.00,6.00,17.34,45.44,16.53,47.54,15.61,50.12
1777767691,5.31,11.00,6.00,17.10,45.37,16.47,47.54,16.16,50.22
1777767692,5.25,10.75,5.75,17.07,45.35,16.54,47.56,15.47,50.10
1777767694,5.31,10.25,5.50,17.41,45.35,16.45,47.53,15.58,50.12
1777767696,5.31,10.50,5.75,17.18,45.28,16.41,47.52,15.62,50.12
1777767697,5.31,10.75,6.00,17.08,45.23,16.46,47.54,15.74,50.14
1777767699,5.25,11.25,6.25,17.71,45.34,16.44,47.58,15.26,50.06
1777767701,5.25,11.00,5.75,17.18,45.24,16.53,47.64,15.62,50.14
1777767702,5.19,10.75,5.75,17.29,45.26,16.44,47.63,15.47,50.15
1777767704,5.19,10.75,5.75,17.38,45.27,16.33,47.64,15.50,50.16
1777767705,5.19,10.50,6.25,17.39,45.24,16.40,47.65,15.74,50.19
1777767707,5.25,10.75,6.00,17.23,45.19,16.52,47.66,15.62,50.18
1777767709,5.25,10.75,6.25,17.02,45.14,16.51,47.66,15.48,50.13
1777767710,5.25,11.00,6.00,17.15,45.18,16.39,47.65,15.64,50.15
1777767712,5.19,10.50,6.00,17.13,45.17,16.51,47.65,15.77,50.12
1777767713,5.25,10.50,5.75,17.20,45.20,16.47,47.65,15.52,50.08
1777767715,5.19,11.00,6.00,17.13,45.23,16.58,47.67,15.73,50.10
1777767717,5.19,11.25,5.75,17.37,45.28,16.59,47.69,15.64,50.12
1777767718,5.25,10.75,6.25,17.23,45.26,16.62,47.70,15.78,50.15
1777767720,5.19,10.50,6.00,17.13,45.26,16.60,47.66,15.38,50.11
1777767721,5.19,10.75,6.00,17.62,45.33,16.54,47.63,15.77,50.19
1777767723,5.19,11.00,5.50,17.29,45.26,16.57,47.61,15.76,50.21
1777767725,5.19,11.00,5.75,17.12,45.25,16.56,47.60,15.68,50.22
1777767726,5.19,10.75,6.00,17.10,45.25,16.48,47.56,15.78,50.25
1777767728,5.13,11.25,6.00,17.19,45.26,16.54,47.58,15.60,50.21
1777767729,5.19,11.00,5.50,17.20,45.27,16.50,47.55,15.87,50.25
1777767731,5.19,10.75,6.00,17.10,45.26,16.48,47.53,15.52,50.18
1777767733,5.13,11.00,5.75,17.42,45.31,16.55,47.53,15.87,50.20
1777767734,5.13,10.25,5.75,17.42,45.31,16.64,47.53,15.62,50.16
1777767736,5.13,11.25,6.00,17.04,45.25,16.57,47.48,15.34,50.09
1777767737,5.13,11.00,6.25,17.13,45.28,16.51,47.47,15.48,50.13
1777767739,5.13,11.50,6.25,17.41,45.32,16.50,47.43,15.85,50.18
1777767741,5.13,11.00,6.00,17.48,45.37,16.63,47.48,16.04,50.21
1777767742,5.19,10.25,6.00,17.16,45.33,16.55,47.45,15.58,50.09
1777767744,5.19,11.00,6.25,17.11,45.31,16.62,47.47,15.47,50.08
1777767745,5.13,10.75,6.00,17.55,45.35,16.69,47.46,15.23,50.06
1777767747,5.19,10.75,5.75,16.91,45.25,16.54,47.40,15.77,50.18
1777767749,5.25,11.00,5.75,17.32,45.31,16.72,47.41,15.42,50.13
1777767750,5.19,11.00,5.75,16.98,45.27,16.66,47.38,15.80,50.19
1777767752,5.19,11.00,5.75,17.19,45.28,16.55,47.35,15.73,50.16
1777767754,5.19,10.75,5.75,17.34,45.32,16.58,47.32,15.29,50.10
1777767755,5.13,11.00,6.25,17.41,45.32,16.62,47.31,15.37,50.08
1777767757,5.25,11.25,6.00,17.45,45.33,16.54,47.26,16.03,50.18
1777767758,5.25,10.50,5.50,17.21,45.27,16.59,47.27,15.50,50.10
1777767760,5.19,11.25,6.25,17.59,45.35,16.52,47.27,15.23,50.09
1777767762,5.25,10.75,6.50,17.30,45.31,16.51,47.30,15.61,50.18
1777767763,5.25,11.00,5.75,17.37,45.28,16.51,47.30,15.98,50.26
1777767765,5.25,10.75,5.75,17.11,45.22,16.53,47.30,15.68,50.26
1777767766,5.25,10.75,6.50,17.41,45.26,16.58,47.30,15.84,50.29
1777767768,5.19,11.00,6.00,17.34,45.25,16.59,47.31,15.94,50.31
1777767770,5.25,10.75,5.75,17.34,45.24,16.52,47.30,15.67,50.27
1777767771,5.25,11.00,6.00,17.72,45.27,16.56,47.29,15.37,50.23
1777767773,5.25,10.75,6.00,17.36,45.18,16.44,47.27,15.68,50.30
1777767774,5.25,11.00,5.50,17.11,45.13,16.55,47.29,15.55,50.26
1777767776,5.19,11.00,5.75,17.11,45.12,16.45,47.28,15.38,50.26
1777767778,5.25,11.00,5.75,17.30,45.13,16.50,47.27,15.94,50.40
1777767779,5.25,11.00,6.00,17.08,45.08,16.52,47.26,15.65,50.32
1777767781,5.31,10.75,5.50,17.12,45.07,16.49,47.26,15.67,50.34
1777767782,5.25,11.00,6.00,17.24,45.09,16.45,47.25,15.66,50.34
1777767784,5.31,11.00,5.25,17.37,45.09,16.53,47.25,15.80,50.36
1777767786,5.25,11.00,5.75,17.26,45.05,16.57,47.26,15.74,50.32
1777767787,5.25,10.75,5.75,17.46,45.09,16.49,47.25,15.48,50.27
1777767789,5.25,10.75,6.00,17.34,45.08,16.51,47.22,15.82,50.34
1777767790,5.25,10.75,6.00,17.12,45.02,16.42,47.21,15.44,50.28
1777767792,5.25,10.25,5.50,17.34,45.09,16.49,47.25,15.55,50.33
1777767794,5.19,10.75,5.50,17.08,45.04,16.44,47.25,15.66,50.37
1777767795,5.25,11.00,6.00,17.35,45.08,16.57,47.26,15.46,50.35
1777767797,5.19,10.25,6.00,17.37,45.09,16.33,47.26,16.10,50.48
1777767799,5.25,10.75,6.25,17.54,45.12,16.40,47.29,15.66,50.37
1777767800,5.19,10.25,6.25,17.28,45.04,16.53,47.35,15.34,50.32
1777767802,5.19,11.00,6.25,17.43,45.08,16.50,47.37,15.56,50.34
1777767803,5.13,10.75,5.50,17.54,45.10,16.47,47.37,15.66,50.34
1777767805,5.19,10.75,6.00,17.34,45.08,16.44,47.38,15.42,50.30
1777767807,5.19,10.75,5.75,17.55,45.11,16.42,47.41,15.67,50.34
1777767808,5.19,10.25,6.00,17.22,45.04,16.47,47.46,15.68,50.35
1777767810,5.19,11.00,5.75,17.09,45.02,16.42,47.47,15.46,50.34
1777767811,5.25,10.75,5.75,17.39,45.06,16.51,47.50,15.62,50.40
1777767813,5.25,11.00,6.00,17.42,45.09,16.64,47.55,15.79,50.40
1777767815,5.19,11.00,6.00,17.13,45.04,16.48,47.52,15.71,50.39
1777767816,5.13,10.50,5.75,17.41,45.09,16.40,47.51,16.02,50.41
1777767818,5.19,10.50,6.00,17.37,45.10,16.40,47.53,15.83,50.35
1777767819,5.19,10.75,5.75,17.23,45.10,16.42,47.57,15.47,50.27
1777767821,5.19,10.75,5.75,17.54,45.14,16.47,47.57,15.80,50.29
1777767823,5.19,10.75,5.75,17.18,45.08,16.36,47.60,15.40,50.21
1777767824,5.13,10.75,6.00,16.97,45.04,16.49,47.69,15.66,50.26
1777767826,5.13,10.25,6.25,17.23,45.09,16.37,47.70,15.71,50.30
1777767827,5.13,10.25,5.75,17.53,45.15,16.46,47.72,15.64,50.33
1777767829,5.13,10.50,5.75,17.18,45.10,16.43,47.72,15.69,50.36
1777767831,5.06,10.25,6.00,17.19,45.12,16.44,47.71,15.46,50.33
1777767832,5.13,10.50,5.50,17.45,45.15,16.41,47.67,15.59,50.35
1777767834,5.13,10.75,5.75,17.68,45.20,16.49,47.69,15.51,50.38
1777767835,5.13,10.75,6.25,17.33,45.16,16.51,47.71,15.51,50.45
1777767837,5.13,10.75,5.75,17.25,45.16,16.49,47.73,15.78,50.55
1777767839,5.13,10.75,6.00,17.53,45.20,16.49,47.75,15.76,50.54
1777767840,5.13,11.00,6.00,17.35,45.18,16.38,47.72,15.55,50.50
1777767842,5.13,11.00,6.00,17.48,45.20,16.42,47.69,15.68,50.48
1777767843,5.13,11.25,6.00,17.30,45.18,16.49,47.70,15.28,50.37
1777767845,5.13,11.25,6.00,17.30,45.17,16.44,47.67,15.82,50.39
1777767847,5.13,10.25,5.75,17.03,45.12,16.41,47.66,15.38,50.29
1777767848,5.06,10.50,5.75,17.16,45.15,16.43,47.67,15.56,50.34
1777767850,5.13,10.50,6.00,17.15,45.13,16.55,47.69,15.62,50.33
1777767852,5.13,10.75,6.00,17.39,45.17,16.44,47.65,15.75,50.33
1777767853,5.13,10.50,5.75,17.39,45.19,16.49,47.66,15.45,50.23
1777767855,5.13,10.50,6.25,17.20,45.17,16.42,47.62,15.50,50.20
1777767856,5.13,10.50,5.75,17.29,45.20,16.51,47.62,15.66,50.21
1777767858,5.13,10.75,6.00,17.41,45.20,16.33,47.57,15.55,50.22
1777767860,5.06,10.25,5.75,17.13,45.14,16.46,47.59,16.03,50.36
1777767861,5.06,11.00,6.00,17.19,45.15,16.49,47.59,15.47,50.33
1777767863,5.06,10.75,5.50,17.28,45.18,16.51,47.59,15.79,50.48
1777767864,5.06,11.25,5.75,17.51,45.23,16.38,47.56,15.56,50.52
1777767866,5.06,11.00,6.25,17.18,45.19,16.54,47.59,15.91,50.62
1777767868,5.06,11.00,6.00,17.19,45.19,16.58,47.60,15.45,50.58
1777767869,5.13,10.50,6.50,17.70,45.29,16.47,47.60,15.92,50.69
1777767871,5.06,10.50,6.00,17.55,45.26,16.45,47.61,15.68,50.66
1777767872,5.06,11.25,5.75,17.23,45.22,16.51,47.66,15.50,50.61
1777767874,5.13,10.75,5.75,17.29,45.25,16.55,47.65,15.70,50.60
1777767876,5.13,11.00,6.00,17.35,45.27,16.46,47.62,15.58,50.54
1777767877,5.06,10.50,6.00,17.18,45.25,16.45,47.63,15.57,50.49
1777767879,5.13,10.75,6.00,17.15,45.23,16.44,47.64,15.31,50.44
1777767880,5.06,10.75,6.00,17.58,45.32,16.38,47.64,15.80,50.50
1777767882,5.13,11.00,5.75,17.20,45.25,16.51,47.66,15.51,50.43
1777767884,5.13,11.00,6.00,17.16,45.26,16.47,47.64,15.42,50.39
1777767885,5.13,10.75,5.50,17.24,45.28,16.75,47.66,15.39,50.36
1777767887,5.06,10.75,6.00,17.21,45.26,16.44,47.58,15.67,50.40
1777767888,5.13,11.25,6.00,17.15,45.27,16.48,47.57,15.57,50.39
1777767890,5.13,10.75,5.75,17.28,45.29,16.58,47.59,15.70,50.40
1777767892,5.13,11.25,6.00,17.33,45.29,16.44,47.57,15.63,50.42
1777767893,5.13,10.75,6.25,17.31,45.28,16.51,47.59,15.63,50.43
1777767895,5.13,11.00,6.00,17.18,45.27,16.57,47.55,15.44,50.37
1777767897,5.06,11.25,6.00,17.19,45.27,16.49,47.51,15.85,50.37
1777767898,5.13,10.50,6.00,17.28,45.29,16.55,47.49,15.69,50.30
1777767900,5.13,11.25,6.25,17.49,45.32,16.51,47.46,15.35,50.16
1777767901,5.13,10.50,5.75,17.31,45.28,16.50,47.45,15.58,50.18
1777767903,5.13,10.75,6.00,17.12,45.23,16.56,47.43,15.65,50.12
1777767905,5.13,10.50,6.00,17.45,45.26,16.64,47.42,15.44,50.04
1777767906,5.13,10.75,5.75,17.22,45.21,16.61,47.41,15.53,50.04
1777767908,5.13,10.75,6.25,17.26,45.23,16.55,47.41,15.51,50.03
1777767909,5.13,10.75,6.00,17.07,45.19,16.61,47.39,15.86,50.05
1777767911,5.13,10.75,5.75,17.34,45.22,16.80,47.41,15.39,49.99
1777767913,5.13,11.00,6.25,17.23,45.21,16.67,47.36,15.47,50.01
1777767914,5.13,10.75,6.00,17.24,45.21,16.64,47.33,15.60,50.02
1777767916,5.13,10.75,6.50,17.20,45.19,16.59,47.29,15.53,50.03
1777767917,5.13,10.75,6.25,17.10,45.20,16.61,47.27,15.36,49.97
1777767919,5.13,11.00,6.25,17.03,45.17,16.55,47.27,16.22,50.12
1777767921,5.06,11.50,6.00,17.28,45.22,16.58,47.28,15.86,50.05
1777767922,5.06,11.00,6.00,17.50,45.28,16.70,47.28,15.69,49.98
1777767924,5.06,11.00,6.25,17.15,45.22,16.66,47.21,15.70,49.96
1777767925,5.13,11.00,5.75,17.22,45.22,16.62,47.17,15.89,49.93
1777767927,5.06,10.50,5.75,17.52,45.28,16.74,47.13,15.30,49.81
1777767929,5.13,10.50,5.75,17.28,45.25,16.76,47.11,15.76,49.86
1777767930,5.13,10.75,5.75,17.24,45.24,16.67,47.08,15.65,49.84
1777767932,5.13,10.75,5.75,17.15,45.23,16.59,47.05,15.45,49.82
1777767933,5.13,10.75,6.25,17.39,45.29,16.68,47.04,15.74,49.82
1777767935,5.19,10.75,6.00,17.58,45.31,16.72,47.01,15.34,49.75
1777767937,5.19,10.75,6.00,17.30,45.28,16.56,46.98,16.17,49.88
1777767938,5.19,10.75,6.25,17.23,45.24,16.56,46.96,15.56,49.80
1777767940,5.19,10.75,6.00,17.13,45.20,16.70,46.96,15.46,49.78
1777767941,5.19,10.50,5.75,17.13,45.20,16.66,46.94,15.69,49.83
1777767943,5.25,10.50,6.25,17.27,45.22,16.64,46.96,15.84,49.89
1777767945,5.19,10.25,6.00,17.25,45.22,16.60,46.96,15.51,49.86
1777767946,5.19,10.25,5.50,17.14,45.19,16.53,46.95,15.69,49.91
1777767948,5.19,10.50,6.00,17.18,45.20,16.59,46.99,15.73,49.98
1777767950,5.25,10.75,6.25,17.25,45.19,16.58,47.00,15.57,50.00
1777767951,5.25,10.25,6.25,17.37,45.21,16.64,47.00,15.36,50.02
1777767953,5.19,10.50,6.25,17.35,45.19,16.73,47.01,15.54,50.13
1777767954,5.25,10.50,6.00,17.13,45.14,16.61,46.99,15.70,50.19
1777767956,5.19,10.25,6.00,17.51,45.20,16.62,47.03,15.65,50.25
1777767958,5.25,10.50,5.75,17.51,45.21,16.57,47.05,15.62,50.27
1777767959,5.13,10.50,6.00,17.24,45.16,16.71,47.08,15.72,50.32
1777767961,5.19,10.50,6.00,17.39,45.18,16.56,47.05,15.36,50.26
1777767962,5.19,10.00,6.25,17.37,45.14,16.58,47.09,15.64,50.33
1777767964,5.19,10.50,5.75,17.14,45.10,16.58,47.10,15.66,50.34
1777767966,5.19,10.00,5.50,17.26,45.12,16.53,47.11,15.85,50.42
1777767967,5.19,10.75,6.25,17.50,45.15,16.45,47.08,15.73,50.42
1777767969,5.19,10.75,6.25,17.45,45.15,16.59,47.10,15.96,50.45
1777767970,5.19,11.00,6.00,17.10,45.07,16.54,47.06,15.84,50.41
1777767972,5.19,10.25,5.75,17.37,45.11,16.48,47.04,15.37,50.28
1777767974,5.13,10.50,6.00,17.12,45.07,16.50,47.04,15.51,50.24
1777767975,5.13,10.50,6.00,17.13,45.07,16.47,47.02,15.42,50.16
1777767977,5.13,10.25,5.50,17.36,45.13,16.48,47.02,15.28,50.08
1777767978,5.13,10.50,5.50,17.13,45.09,16.49,47.04,15.98,50.16
1777767980,5.13,10.50,5.75,17.30,45.10,16.51,47.05,15.75,50.09
1777767982,5.13,10.50,5.50,17.52,45.15,16.46,47.07,15.81,50.06
1777767983,5.13,10.25,5.75,17.30,45.13,16.54,47.11,15.83,50.05
1777767985,5.19,10.25,5.75,17.19,45.11,16.53,47.16,15.35,49.91
1777767986,5.13,10.50,6.00,17.44,45.13,16.59,47.19,15.97,49.97
1777767988,5.13,10.25,5.75,17.26,45.10,16.42,47.18,15.80,49.97
1777767990,5.13,10.75,6.00,17.20,45.08,16.56,47.22,15.36,49.90
1777767991,5.06,10.25,6.00,17.24,45.08,16.62,47.25,15.85,49.95
1777767993,5.13,11.00,6.00,17.09,45.04,16.59,47.30,15.54,49.89
1777767995,5.13,10.50,5.75,17.40,45.10,16.51,47.30,15.67,49.86
1777767996,5.13,10.75,5.50,17.24,45.10,16.41,47.31,15.63,49.85
1777767998,5.06,10.75,6.00,17.02,45.08,16.51,47.33,15.49,49.80
1777767999,5.13,10.50,5.75,17.23,45.08,16.34,47.30,15.67,49.80
1777768001,5.13,10.50,6.25,17.34,45.11,16.42,47.35,15.34,49.72
1777768003,5.13,10.50,5.50,17.41,45.13,16.44,47.36,15.80,49.76
1777768004,5.13,10.00,5.50,17.23,45.11,16.45,47.39,15.80,49.74
1777768006,5.13,10.75,5.50,17.15,45.11,16.45,47.39,15.61,49.70
1777768007,5.19,10.50,6.00,17.62,45.18,16.42,47.38,15.75,49.74
1777768009,5.19,10.50,6.00,17.34,45.14,16.36,47.39,15.52,49.68
1777768011,5.19,10.75,5.75,17.13,45.13,16.40,47.40,15.72,49.68
1777768012,5.19,10.50,5.75,17.51,45.19,16.44,47.44,15.66,49.66
1777768014,5.13,10.50,6.00,17.30,45.16,16.41,47.45,15.76,49.71
1777768015,5.19,10.50,6.00,17.44,45.18,16.53,47.47,15.70,49.74
1777768017,5.13,10.75,6.00,17.33,45.15,16.59,47.53,16.23,49.82
1777768019,5.13,11.00,6.00,17.35,45.15,16.45,47.52,15.46,49.72
1777768020,5.13,10.50,6.25,17.49,45.19,16.49,47.54,15.25,49.73
1777768022,5.13,10.75,6.00,17.06,45.09,16.42,47.55,15.51,49.81
1777768023,5.13,10.75,5.50,17.18,45.14,16.42,47.52,16.20,49.99
1777768025,5.13,11.00,5.75,17.28,45.14,16.34,47.50,15.64,49.90
1777768027,5.19,10.75,5.50,17.23,45.15,16.44,47.50,15.68,49.91
1777768028,5.19,10.75,6.00,17.55,45.20,16.54,47.51,15.63,49.92
1777768030,5.19,10.25,5.75,17.23,45.14,16.47,47.48,15.73,49.91
1777768031,5.19,10.75,5.75,17.37,45.17,16.37,47.47,15.56,49.88
1777768033,5.19,10.00,5.75,17.29,45.16,16.49,47.50,16.15,49.96
1777768035,5.25,10.75,5.75,17.21,45.15,16.40,47.46,16.17,49.96
1777768036,5.19,11.00,6.00,17.27,45.15,16.44,47.48,15.87,49.88
1777768038,5.19,10.75,5.50,16.98,45.10,16.44,47.48,15.41,49.78
1777768039,5.19,11.00,6.25,17.49,45.19,16.50,47.47,15.61,49.79
1777768041,5.13,11.00,6.00,17.34,45.18,16.52,47.46,15.66,49.77
1777768043,5.19,11.00,6.00,17.41,45.20,16.43,47.46,15.60,49.76
1777768044,5.19,10.25,6.00,17.09,45.15,16.48,47.47,15.79,49.78
1777768046,5.19,10.75,6.00,17.20,45.17,16.50,47.50,15.56,49.78
1777768048,5.19,10.75,5.75,17.38,45.21,16.43,47.48,15.41,49.77
1777768049,5.19,10.50,6.00,17.05,45.17,16.45,47.51,15.68,49.80
1777768051,5.25,10.75,6.00,17.26,45.22,16.52,47.53,15.82,49.86
1777768052,5.19,10.75,5.75,17.50,45.27,16.44,47.53,15.90,49.91
1777768054,5.19,10.50,6.00,17.42,45.27,16.58,47.56,15.78,49.95
1777768056,5.19,10.50,6.25,17.26,45.24,16.49,47.56,15.74,49.94
1777768057,5.19,10.25,6.00,17.30,45.27,16.51,47.57,15.83,49.93
1777768059,5.13,10.50,5.50,17.35,45.28,16.40,47.57,15.41,49.86
1777768060,5.13,10.50,5.50,16.98,45.22,16.54,47.60,15.48,49.91
1777768062,5.13,10.75,5.50,17.37,45.28,16.40,47.58,15.51,49.91
1777768064,5.13,10.50,5.50,17.12,45.25,16.54,47.59,15.41,49.84
1777768065,5.06,10.75,5.50,17.12,45.26,16.56,47.61,15.54,49.83
1777768067,5.13,11.00,6.25,17.13,45.27,16.55,47.59,15.89,49.86
1777768068,5.13,10.00,6.00,17.09,45.23,16.52,47.57,15.84,49.80
1777768070,5.13,10.75,5.75,17.41,45.30,16.54,47.54,15.52,49.72
1777768072,5.13,10.25,5.75,17.09,45.25,16.62,47.53,15.72,49.71
1777768073,5.19,10.50,5.75,17.12,45.27,16.49,47.49,15.57,49.67
1777768075,5.13,10.75,5.75,17.27,45.30,16.48,47.47,15.25,49.62
1777768076,5.13,10.00,5.50,16.94,45.24,16.52,47.46,15.45,49.70
1777768078,5.13,10.25,6.00,17.30,45.30,16.62,47.49,15.64,49.77
1777768080,5.13,10.75,6.00,17.58,45.37,16.41,47.46,15.48,49.81
1777768081,5.13,10.25,6.00,17.20,45.33,16.54,47.45,15.34,49.83
1777768083,5.13,10.75,6.00,17.26,45.35,16.45,47.43,15.23,49.85
1777768084,5.13,10.75,6.00,17.05,45.32,16.48,47.42,15.50,49.95
1777768086,5.19,10.75,5.50,17.01,45.32,16.48,47.41,15.66,50.02
1777768088,5.19,10.75,5.75,17.30,45.37,16.48,47.41,15.37,50.05
1777768089,5.13,10.25,5.75,17.38,45.42,16.49,47.40,15.71,50.19
1777768091,5.13,10.75,5.75,16.98,45.36,16.43,47.37,16.12,50.30
1777768093,5.13,11.00,6.00,17.33,45.43,16.37,47.35,15.47,50.22
1777768094,5.19,11.00,5.75,17.47,45.47,16.40,47.35,15.58,50.23
1777768096,5.19,10.50,6.00,17.26,45.45,16.50,47.39,15.51,50.17
1777768097,5.19,10.50,6.00,17.23,45.46,16.50,47.41,15.74,50.16
1777768099,5.25,11.00,6.00,17.41,45.52,16.34,47.40,15.42,50.06
1777768101,5.25,10.50,6.00,17.09,45.48,16.41,47.40,15.52,50.07
1777768102,5.19,11.00,6.25,17.51,45.60,16.49,47.40,15.94,50.12
1777768104,5.19,10.75,6.25,17.13,45.60,16.34,47.38,15.66,50.06
1777768105,5.13,11.00,6.00,17.28,45.72,16.50,47.42,15.62,50.12
1777768107,5.19,10.75,5.50,17.26,45.82,16.41,47.45,15.72,50.17
1777768109,5.25,11.00,6.25,17.06,45.85,16.48,47.48,15.63,50.21
1777768110,5.25,11.25,6.25,17.45,45.97,16.42,47.50,15.69,50.24
1777768112,5.25,11.00,6.00,17.03,45.95,16.42,47.52,15.50,50.24
1777768113,5.25,11.00,6.25,17.37,46.05,16.40,47.55,15.65,50.27
1777768115,5.25,11.00,6.00,17.63,46.10,16.46,47.57,15.54,50.23
1777768117,5.25,11.00,6.00,17.62,46.11,16.37,47.58,15.52,50.20
1777768118,5.25,11.00,6.25,17.36,46.09,16.33,47.57,15.37,50.14
1777768120,5.31,11.25,5.75,17.15,46.06,16.44,47.62,15.64,50.17
1777768121,5.25,11.00,6.25,17.20,46.08,16.40,47.64,15.51,50.15
1777768123,5.25,10.75,6.50,17.13,46.07,16.30,47.67,15.37,50.14
1777768125,5.31,10.50,6.50,17.50,46.11,16.41,47.70,15.67,50.19
1777768126,5.25,11.00,6.25,17.22,46.02,16.16,47.68,15.51,50.19
1777768128,5.31,11.00,6.00,17.26,45.97,16.25,47.70,15.98,50.30
1777768129,5.31,10.50,6.50,17.10,45.93,16.37,47.73,15.78,50.25
1777768131,5.31,11.00,6.50,17.19,45.90,16.23,47.73,15.83,50.22
1777768133,5.31,10.75,5.75,17.43,45.91,16.37,47.79,15.64,50.15
1777768134,5.31,11.25,6.00,17.28,45.84,16.40,47.80,15.68,50.11
1777768136,5.31,11.00,5.75,17.26,45.75,16.37,47.79,15.69,50.07
1777768137,5.38,11.00,6.00,17.09,45.65,16.26,47.77,15.70,50.05
1777768139,5.31,11.25,5.50,17.34,45.60,16.26,47.79,15.34,49.98
1777768141,5.38,10.50,6.00,17.49,45.54,16.29,47.84,15.34,49.97
1777768142,5.31,10.75,6.25,17.15,45.43,16.30,47.86,15.77,50.06
1777768144,5.31,10.50,6.00,17.32,45.40,16.29,47.86,15.54,50.02
1777768146,5.31,10.75,6.00,17.40,45.39,16.32,47.88,15.33,50.01
1777768147,5.31,10.75,5.75,17.14,45.31,16.24,47.88,15.80,50.12
1777768149,5.38,11.00,6.00,17.23,45.30,16.29,47.88,15.52,50.10
1777768150,5.31,10.50,6.25,17.55,45.32,16.45,47.89,15.57,50.09
1777768152,5.38,10.25,6.00,17.31,45.24,16.28,47.89,15.55,50.12
1777768154,5.31,10.75,5.75,17.21,45.20,16.29,47.90,15.56,50.10
1777768155,5.38,11.00,6.25,17.62,45.22,16.40,47.91,15.50,50.06
1777768157,5.38,11.00,6.00,17.30,45.16,16.38,47.92,15.51,50.07
1777768158,5.31,10.75,5.75,17.34,45.14,16.51,47.93,15.61,50.08
1777768160,5.38,10.75,6.00,17.62,45.18,16.33,47.90,15.28,50.00
1777768162,5.38,11.00,6.00,17.09,45.09,16.27,47.86,16.12,50.10
1777768163,5.38,11.00,5.75,17.59,45.17,16.25,47.84,15.60,50.00
1777768165,5.38,10.50,5.50,17.27,45.12,16.27,47.84,15.62,49.97
1777768166,5.38,11.00,6.00,17.19,45.07,16.18,47.82,15.80,49.97
1777768168,5.31,10.75,5.75,17.23,45.08,16.36,47.86,15.37,49.88
1777768170,5.38,10.50,5.75,17.24,45.05,16.26,47.84,16.04,49.97
1777768171,5.38,10.25,6.00,17.28,45.04,16.16,47.79,15.91,49.95
1777768173,5.38,10.25,5.50,17.19,45.03,16.41,47.84,15.89,49.95
1777768174,5.38,10.75,5.75,17.13,44.98,16.33,47.84,15.67,49.94
1777768176,5.31,10.75,5.50,17.19,44.97,16.29,47.87,15.98,50.03
1777768178,5.31,10.75,6.00,17.26,44.95,16.42,47.91,15.66,50.03
1777768179,5.38,10.00,5.50,17.30,44.95,16.33,47.93,15.79,50.09
1777768181,5.31,10.75,5.25,17.34,44.95,16.23,47.89,15.84,50.17
1777768182,5.31,10.50,6.00,17.34,44.96,16.36,47.91,16.04,50.23
1777768184,5.31,10.50,5.75,17.35,44.98,16.22,47.89,15.87,50.21
1777768186,5.38,10.25,5.50,17.30,44.98,16.27,47.90,16.10,50.26
1777768187,5.31,11.00,5.50,17.24,44.97,16.34,47.91,15.44,50.16
1777768189,5.31,10.25,6.00,17.28,44.97,16.33,47.90,15.47,50.17
1777768191,5.31,10.25,6.00,17.34,44.97,16.32,47.90,15.71,50.20
1777768192,5.31,10.75,6.00,17.23,44.92,16.40,47.89,15.73,50.18
1777768194,5.31,10.25,5.75,17.63,44.99,16.37,47.91,15.48,50.12
1777768195,5.31,10.00,5.75,17.37,44.97,16.29,47.93,15.78,50.17
1777768197,5.31,10.50,6.00,17.33,44.97,16.27,47.94,15.62,50.14
1777768199,5.25,10.50,6.00,17.25,44.96,16.23,47.93,15.77,50.18
1777768200,5.25,10.75,5.75,17.37,44.98,16.23,47.90,15.54,50.11
1777768202,5.25,10.75,5.75,17.39,45.00,16.38,47.91,15.66,50.08
1777768203,5.25,10.50,5.75,17.52,45.05,16.26,47.85,15.78,50.06
1777768205,5.25,11.00,5.25,17.30,45.01,16.37,47.86,15.47,49.99
1777768207,5.19,10.75,5.75,17.34,45.01,16.30,47.84,15.34,49.95
1777768208,5.25,11.00,5.50,17.37,45.00,16.27,47.83,16.12,50.08
1777768210,5.25,10.50,5.75,17.37,44.97,16.25,47.82,15.66,49.99
1777768211,5.25,10.75,5.75,17.35,44.98,16.28,47.82,15.80,50.00
1777768213,5.25,10.75,5.75,17.25,44.97,16.32,47.83,15.51,49.99
1777768215,5.25,10.50,5.75,17.26,45.00,16.37,47.81,15.86,50.05
1777768216,5.19,10.50,6.00,17.37,45.04,16.27,47.80,15.52,49.97
1777768218,5.25,10.50,6.00,17.49,45.03,16.32,47.81,15.73,50.03
1777768219,5.25,10.75,6.00,17.30,44.99,16.25,47.82,15.49,50.01
1777768221,5.19,10.50,5.75,17.30,45.01,16.27,47.83,15.84,50.08
1777768223,5.19,10.50,5.75,17.37,45.01,16.40,47.85,15.68,50.07
1777768224,5.19,10.50,5.75,17.23,44.99,16.38,47.83,15.77,50.11
1777768226,5.19,10.50,5.75,17.18,44.99,16.41,47.86,15.76,50.12
1777768227,5.19,10.75,5.75,17.41,45.01,16.37,47.86,15.37,50.10
1777768229,5.13,10.75,6.00,17.14,44.96,16.38,47.85,15.48,50.15
1777768231,5.13,10.75,6.25,17.01,44.91,16.44,47.83,15.62,50.19
1777768232,5.19,10.25,6.00,17.26,44.94,16.40,47.77,15.38,50.15
1777768234,5.19,10.75,5.75,17.37,44.97,16.47,47.75,16.08,50.27
1777768235,5.19,10.50,6.00,17.26,44.94,16.39,47.72,16.14,50.28
1777768237,5.13,10.25,5.75,17.19,44.96,16.46,47.74,15.73,50.22
1777768239,5.19,11.00,6.00,17.22,44.96,16.52,47.77,15.39,50.20
1777768240,5.13,10.75,6.00,17.24,44.97,16.47,47.71,15.69,50.26
1777768242,5.13,10.75,6.00,17.16,44.95,16.33,47.66,15.59,50.25
1777768244,5.13,10.75,5.75,17.29,44.96,16.51,47.66,15.68,50.25
1777768245,5.13,10.50,6.00,17.58,45.02,16.36,47.65,15.79,50.27
1777768247,5.13,10.50,5.75,17.28,44.97,16.47,47.69,15.58,50.23
1777768248,5.06,10.50,5.25,17.34,44.98,16.46,47.67,15.66,50.23
1777768250,5.13,10.75,5.75,17.23,44.97,16.40,47.66,15.71,50.24
1777768252,5.13,10.25,5.75,17.21,44.96,16.44,47.62,15.77,50.26
1777768253,5.06,10.75,5.75,17.26,44.97,16.44,47.62,15.61,50.26
1777768255,5.06,11.00,6.25,17.36,44.99,16.49,47.62,15.32,50.25
1777768256,5.06,11.00,6.00,17.05,44.93,16.44,47.59,15.34,50.34
1777768258,5.06,10.75,5.75,17.30,44.97,16.49,47.61,15.69,50.48
1777768260,5.06,10.75,6.00,17.21,44.96,16.55,47.61,15.54,50.57
1777768261,5.06,10.50,5.75,17.27,44.97,16.47,47.61,15.38,50.62
1777768263,5.06,10.50,5.75,17.39,45.01,16.37,47.56,15.30,50.65
1777768264,5.13,10.75,6.00,17.35,45.00,16.49,47.59,15.52,50.76
1777768266,5.06,11.00,5.75,17.19,44.97,16.41,47.58,15.64,50.89
1777768268,5.06,10.25,6.25,17.28,44.98,16.57,47.64,15.28,50.96
1777768269,5.06,10.75,6.25,17.52,45.03,16.46,47.61,15.96,51.20
1777768271,5.06,11.00,5.75,17.48,45.03,16.48,47.59,15.56,51.25
1777768272,5.13,11.00,6.00,17.17,44.98,16.41,47.57,15.41,51.33
1777768274,5.06,10.75,5.50,17.19,44.99,16.40,47.55,15.30,51.39
1777768276,5.06,11.00,6.25,17.29,44.98,16.50,47.55,15.77,51.50
1777768277,5.06,10.50,6.00,17.13,44.96,16.46,47.56,15.77,51.51
1777768279,5.06,11.25,5.75,17.15,44.99,16.55,47.57,15.36,51.40
1777768280,5.06,10.50,5.75,17.58,45.05,16.45,47.56,15.99,51.41
1777768282,5.06,10.75,6.00,17.23,44.99,16.51,47.53,15.72,51.25
1777768284,5.06,10.75,5.75,17.24,45.02,16.57,47.52,15.60,51.11
1777768285,5.06,10.75,5.50,17.09,45.02,16.36,47.48,16.07,51.07
1777768287,5.06,10.75,6.25,17.30,45.06,16.44,47.49,15.50,50.88
1777768289,5.06,10.75,6.00,17.20,45.03,16.44,47.50,15.67,50.84
1777768290,5.13,10.75,5.50,17.18,45.02,16.53,47.53,15.81,50.84
1777768292,5.13,10.00,5.75,17.22,45.00,16.54,47.54,15.77,50.82
1777768293,5.13,10.25,5.75,17.55,45.06,16.48,47.53,15.28,50.70
1777768295,5.13,10.25,6.00,17.24,45.00,16.48,47.53,15.76,50.76
1777768297,5.13,10.25,5.75,17.21,44.98,16.37,47.51,15.29,50.63
1777768298,5.13,10.25,5.75,17.45,45.01,16.40,47.54,15.58,50.64
1777768300,5.19,10.75,5.50,17.26,44.96,16.41,47.53,15.48,50.58
1777768301,5.13,10.50,6.00,17.14,44.91,16.51,47.55,15.51,50.55
1777768303,5.13,10.25,5.75,17.19,44.91,16.57,47.58,15.52,50.48
1777768305,5.19,10.50,5.50,17.18,44.94,16.42,47.62,15.42,50.41
1777768306,5.13,10.75,5.75,17.23,44.93,16.44,47.63,15.85,50.44
1777768308,5.13,10.50,5.75,17.13,44.93,16.43,47.61,15.62,50.37
1777768309,5.13,10.00,6.00,17.73,45.04,16.37,47.59,15.80,50.32
1777768311,5.13,10.75,6.00,17.74,45.06,16.44,47.60,15.89,50.29
1777768313,5.13,10.75,6.00,17.13,44.98,16.51,47.61,15.86,50.24
1777768314,5.13,10.75,6.00,17.13,45.01,16.47,47.56,15.52,50.12
1777768316,5.19,10.75,5.75,17.45,45.06,16.40,47.54,15.61,50.09
1777768317,5.13,10.75,6.25,17.45,45.06,16.58,47.57,15.58,50.04
1777768319,5.13,10.75,5.50,17.15,45.03,16.51,47.52,15.75,50.03
1777768321,5.13,10.50,5.75,17.37,45.05,16.48,47.52,15.93,50.01
1777768322,5.19,10.50,6.00,17.31,45.05,16.44,47.51,15.69,49.95
1777768324,5.13,10.75,6.00,17.34,45.06,16.57,47.52,15.67,49.93
1777768325,5.06,10.25,6.25,17.19,45.02,16.42,47.50,15.47,49.88
1777768327,5.13,10.25,6.25,17.15,45.01,16.40,47.51,15.37,49.87
1777768329,5.13,10.50,5.75,17.22,45.03,16.62,47.55,15.37,49.89
1777768330,5.13,11.00,5.50,17.34,45.06,16.51,47.54,15.51,49.94
1777768332,5.13,10.50,5.50,17.16,45.02,16.62,47.55,15.66,49.97
1777768333,5.13,10.50,5.75,17.26,45.04,16.38,47.49,15.41,49.91
1777768335,5.13,10.50,6.00,17.20,45.04,16.59,47.49,15.77,49.94
1777768337,5.13,10.25,6.00,17.35,45.07,16.53,47.49,15.82,49.91
1777768338,5.13,10.75,6.00,17.55,45.14,16.51,47.48,15.24,49.80
1777768340,5.13,10.50,6.00,17.23,45.09,16.45,47.44,15.47,49.79
1777768342,5.19,10.75,6.00,17.30,45.12,16.53,47.46,15.81,49.82
1777768343,5.13,11.00,5.50,17.69,45.16,16.56,47.42,15.80,49.80
1777768345,5.13,10.50,6.00,17.24,45.07,16.55,47.44,15.64,49.76
1777768346,5.13,10.50,5.75,17.30,45.08,16.53,47.46,15.80,49.80
1777768348,5.13,10.75,6.00,17.22,45.08,16.48,47.45,15.96,49.85
1777768350,5.13,10.50,6.25,17.15,45.06,16.49,47.46,15.80,49.85
1777768351,5.13,10.75,6.00,17.13,45.05,16.62,47.49,15.61,49.87
1777768353,5.06,10.75,6.00,17.24,45.06,16.48,47.46,15.35,49.84
1777768354,5.13,11.00,6.00,17.14,45.04,16.50,47.44,15.25,49.84
1777768356,5.13,10.50,6.00,17.30,45.06,16.57,47.44,16.09,49.97
1777768358,5.13,10.50,6.25,17.51,45.10,16.44,47.43,15.51,49.89
1777768359,5.13,10.25,5.75,17.63,45.10,16.57,47.44,15.84,49.97
1777768361,5.13,10.25,5.75,17.34,45.04,16.53,47.44,15.19,49.94
1777768362,5.13,10.50,6.25,17.30,45.04,16.42,47.39,15.69,50.05
1777768364,5.13,10.50,5.50,17.35,45.04,16.44,47.37,15.47,50.07
1777768366,5.13,10.75,5.75,17.26,45.04,16.58,47.36,15.81,50.17
1777768367,5.13,10.50,6.00,17.12,45.03,16.58,47.33,15.69,50.18
1777768369,5.13,10.75,5.50,17.76,45.11,16.50,47.30,15.63,50.20
1777768370,5.19,11.00,5.75,17.18,45.00,16.46,47.29,15.58,50.20
1777768372,5.13,10.75,6.00,17.30,45.02,16.54,47.31,15.39,50.18
1777768374,5.19,11.00,5.75,17.34,45.02,16.49,47.30,15.89,50.30
1777768375,5.19,10.75,6.25,17.55,45.04,16.44,47.32,15.56,50.25
1777768377,5.19,10.50,6.00,17.31,44.99,16.62,47.34,15.49,50.26
1777768378,5.13,11.00,6.00,17.15,44.98,16.49,47.36,15.73,50.33
1777768380,5.19,10.75,6.00,17.12,44.98,16.42,47.37,15.71,50.33
1777768382,5.19,10.50,6.00,17.52,45.03,16.57,47.41,15.81,50.38
1777768383,5.19,10.25,6.00,17.35,45.02,16.58,47.41,15.69,50.37
1777768385,5.13,10.75,5.75,17.21,45.02,16.44,47.37,15.69,50.39
1777768387,5.13,10.75,5.50,17.43,45.07,16.48,47.38,15.69,50.39
1777768388,5.19,10.75,5.75,17.29,45.08,16.50,47.40,15.58,50.37
1777768390,5.13,10.75,5.75,17.47,45.13,16.62,47.42,15.59,50.35
1777768391,5.19,10.50,6.00,17.58,45.17,16.55,47.40,15.88,50.33
1777768393,5.25,10.25,6.00,17.31,45.13,16.59,47.39,15.95,50.32
1777768395,5.19,10.75,6.00,17.79,45.20,16.59,47.38,15.58,50.19
1777768396,5.13,10.75,6.25,17.54,45.15,16.47,47.38,15.85,50.25
1777768398,5.13,10.50,5.50,17.03,45.08,16.54,47.38,15.76,50.19
1777768399,5.19,10.50,6.00,17.22,45.12,16.58,47.43,15.69,50.16
1777768401,5.19,10.50,5.50,17.41,45.18,16.45,47.41,15.44,50.11
1777768403,5.19,10.50,5.75,17.41,45.18,16.59,47.44,15.69,50.11
1777768404,5.19,10.50,6.25,17.30,45.17,16.48,47.43,15.58,50.06
1777768406,5.19,10.50,5.75,17.17,45.14,16.47,47.43,15.52,50.01
1777768407,5.19,10.50,6.00,17.06,45.13,16.51,47.46,15.94,50.05
1777768409,5.19,10.75,5.75,17.34,45.15,16.55,47.46,15.69,50.00
1777768411,5.19,10.75,6.00,17.18,45.11,16.47,47.48,15.71,49.99
1777768412,5.13,10.75,5.50,17.40,45.15,16.44,47.50,16.20,50.05
1777768414,5.13,10.75,6.00,17.48,45.18,16.48,47.48,16.05,50.04
1777768415,5.13,10.50,6.00,17.15,45.13,16.55,47.46,16.11,50.05
1777768417,5.19,10.75,5.50,17.56,45.19,16.48,47.45,16.00,50.01
1777768419,5.13,10.75,6.25,17.13,45.12,16.49,47.46,15.73,49.94
1777768420,5.19,10.25,6.00,17.34,45.15,16.51,47.44,15.87,49.93
1777768422,5.13,11.00,6.00,17.10,45.12,16.58,47.44,15.90,49.90
1777768423,5.13,10.50,6.00,17.47,45.17,16.50,47.40,15.53,49.77
1777768425,5.13,11.00,6.00,17.26,45.11,16.57,47.39,15.98,49.80
1777768427,5.13,11.00,6.00,17.09,45.07,16.56,47.35,15.69,49.71
1777768428,5.13,10.75,6.00,17.45,45.12,16.40,47.32,15.53,49.66
1777768430,5.19,11.00,6.00,17.34,45.10,16.49,47.30,15.77,49.70
1777768431,5.13,10.75,5.75,17.26,45.04,16.51,47.31,15.72,49.70
1777768433,5.13,10.50,6.00,17.30,45.06,16.49,47.30,15.78,49.70
1777768435,5.13,10.75,6.00,17.22,45.06,16.52,47.32,15.47,49.67
1777768436,5.19,11.00,5.50,17.34,45.07,16.55,47.31,15.78,49.74
1777768438,5.19,10.25,6.25,17.35,45.09,16.56,47.34,15.84,49.81
1777768440,5.19,10.75,6.00,17.25,45.10,16.44,47.34,15.97,49.86
1777768441,5.19,11.00,6.25,17.24,45.11,16.51,47.37,15.68,49.83
1777768443,5.19,11.25,6.00,17.08,45.08,16.55,47.36,15.71,49.84
1777768444,5.19,11.00,6.00,17.26,45.11,16.40,47.33,15.55,49.80
1777768446,5.19,10.75,5.75,17.19,45.08,16.51,47.33,15.67,49.80
1777768448,5.25,10.50,5.75,17.11,45.09,16.37,47.30,15.66,49.79
1777768449,5.19,10.75,5.75,17.48,45.14,16.47,47.32,15.50,49.77
1777768451,5.25,10.50,5.50,17.24,45.09,16.50,47.33,15.64,49.80
1777768452,5.25,11.00,5.50,17.19,45.08,16.60,47.38,15.65,49.81
1777768454,5.25,10.75,6.00,17.42,45.12,16.47,47.39,15.76,49.85
1777768456,5.25,10.25,5.50,17.21,45.06,16.47,47.42,15.73,49.87
1777768457,5.25,11.00,6.00,17.21,45.06,16.58,47.41,15.95,49.89
1777768459,5.19,10.75,6.00,17.48,45.10,16.42,47.39,15.45,49.80
1777768460,5.19,10.25,6.00,17.36,45.08,16.49,47.42,15.63,49.85
1777768462,5.19,10.75,6.00,17.05,45.03,16.49,47.42,16.19,49.95
1777768464,5.19,10.75,6.00,17.40,45.09,16.45,47.42,15.42,49.82
1777768465,5.25,10.50,5.50,17.51,45.12,16.48,47.43,15.68,49.90
1777768467,5.25,10.50,6.00,17.13,45.06,16.56,47.45,15.83,49.95
1777768468,5.25,10.25,5.50,17.23,45.09,16.52,47.42,15.94,49.97
1777768470,5.25,10.75,6.25,17.42,45.12,16.58,47.44,15.50,49.95
1777768472,5.25,10.75,6.00,17.23,45.09,16.54,47.41,15.96,50.04
1777768473,5.19,10.00,5.50,17.22,45.09,16.59,47.41,15.46,49.96
1777768475,5.25,10.75,5.75,17.36,45.11,16.51,47.38,15.64,50.02
1777768476,5.19,11.00,6.00,17.20,45.10,16.44,47.35,15.58,50.03
1777768478,5.19,10.50,5.75,17.26,45.08,16.47,47.38,15.77,50.07
1777768480,5.19,10.75,6.00,17.38,45.12,16.40,47.35,15.79,50.12
1777768481,5.19,10.75,5.75,17.48,45.14,16.54,47.35,15.69,50.13
1777768483,5.19,10.50,6.25,17.24,45.11,16.63,47.34,15.65,50.15
1777768485,5.19,10.50,6.25,17.55,45.16,16.55,47.37,15.47,50.09
1777768486,5.13,10.75,5.75,17.56,45.16,16.59,47.39,15.25,50.05
1777768488,5.19,10.50,6.00,17.14,45.10,16.43,47.40,15.53,50.10
1777768489,5.19,10.25,5.50,17.32,45.14,16.53,47.41,15.58,50.14
1777768491,5.19,10.75,6.00,17.29,45.15,16.50,47.43,15.49,50.12
1777768493,5.19,10.75,5.50,17.21,45.12,16.50,47.42,15.34,50.09
1777768494,5.13,10.50,5.75,17.36,45.17,16.57,47.40,15.74,50.17
1777768496,5.13,10.50,6.00,17.15,45.14,16.47,47.38,15.71,50.17
1777768497,5.13,10.50,6.00,17.15,45.11,16.51,47.40,15.87,50.20
1777768499,5.06,10.75,5.50,17.50,45.16,16.49,47.41,15.51,50.16
1777768501,5.13,10.50,6.00,17.41,45.14,16.46,47.43,15.63,50.19
1777768502,5.13,10.75,5.25,17.44,45.17,16.51,47.44,15.73,50.19
1777768504,5.06,11.00,5.50,17.41,45.16,16.62,47.49,15.69,50.17
1777768505,5.13,10.25,6.00,17.40,45.15,16.50,47.50,15.84,50.19
1777768507,5.13,10.50,6.00,17.48,45.17,16.50,47.54,15.44,50.11
1777768509,5.13,10.50,5.50,17.18,45.13,16.48,47.55,15.72,50.16
1777768510,5.13,10.50,5.75,17.18,45.14,16.34,47.54,15.52,50.15
1777768512,5.06,10.50,6.25,17.26,45.13,16.42,47.54,15.80,50.23
1777768513,5.13,10.25,5.75,17.30,45.17,16.53,47.57,15.95,50.28
1777768515,5.06,10.75,6.00,17.31,45.16,16.39,47.56,15.69,50.24
1777768517,5.13,10.25,6.00,17.28,45.14,16.54,47.55,15.77,50.27
1777768518,5.06,9.75,6.00,17.29,45.14,16.52,47.55,15.45,50.20
1777768520,5.06,10.50,6.00,17.56,45.19,16.40,47.55,15.60,50.21
1777768521,5.06,10.25,6.00,17.44,45.17,16.48,47.60,15.93,50.26
1777768523,5.06,10.50,6.00,17.18,45.13,16.54,47.62,15.71,50.24
1777768525,5.06,10.50,6.00,17.13,45.12,16.51,47.60,15.59,50.19
1777768526,5.06,10.25,5.75,17.05,45.12,16.43,47.59,15.38,50.08
1777768528,5.06,10.50,5.50,17.18,45.14,16.49,47.60,15.87,50.12
1777768530,5.06,11.00,5.75,17.25,45.20,16.37,47.54,15.53,50.01
1777768531,5.13,10.25,6.00,17.21,45.21,16.36,47.51,15.70,50.00
1777768533,5.06,10.50,5.50,17.09,45.21,16.51,47.57,15.93,50.01
1777768534,5.13,10.75,5.50,17.09,45.21,16.51,47.55,15.58,49.92
1777768536,5.13,10.75,6.00,17.27,45.25,16.56,47.53,15.96,49.94
1777768538,5.13,10.75,6.00,17.26,45.25,16.50,47.55,16.02,49.93
1777768539,5.13,10.75,5.75,17.14,45.26,16.52,47.58,15.51,49.86
1777768541,5.06,10.25,6.00,17.09,45.25,16.53,47.58,16.16,49.95
1777768542,5.13,10.25,6.00,17.38,45.30,16.49,47.57,15.94,49.92
1777768544,5.13,11.00,5.75,17.37,45.30,16.39,47.55,15.98,49.90
1777768546,5.13,10.75,6.25,17.11,45.27,16.48,47.58,15.69,49.87
1777768547,5.19,10.75,5.75,17.13,45.22,16.46,47.58,15.69,49.87
1777768549,5.19,10.75,6.00,17.13,45.22,16.40,47.56,15.81,49.86
1777768550,5.13,11.00,6.00,17.38,45.28,16.46,47.54,15.72,49.83
1777768552,5.19,10.75,5.50,17.08,45.25,16.57,47.58,15.91,49.86
1777768554,5.19,11.00,6.25,17.30,45.26,16.37,47.58,15.94,49.88
1777768555,5.19,11.00,6.00,17.26,45.27,16.40,47.56,15.50,49.80
1777768557,5.25,11.00,6.00,17.14,45.26,16.58,47.62,15.88,49.85
1777768558,5.19,11.00,6.00,17.34,45.29,16.53,47.61,15.94,49.88
1777768560,5.19,11.00,6.00,17.21,45.28,16.51,47.59,15.53,49.80
1777768562,5.19,10.50,6.00,16.97,45.26,16.50,47.61,15.81,49.81
1777768563,5.13,10.25,6.00,17.25,45.33,16.55,47.65,15.95,49.84
1777768565,5.19,10.00,5.50,17.44,45.36,16.52,47.68,15.54,49.78
1777768566,5.19,10.75,6.25,17.17,45.32,16.44,47.65,15.51,49.82
1777768568,5.13,10.75,5.75,17.03,45.31,16.55,47.68,15.98,49.91
1777768570,5.13,10.50,5.75,17.19,45.34,16.43,47.65,15.67,49.88
1777768571,5.06,10.75,6.00,17.28,45.35,16.44,47.65,15.86,49.95
1777768573,5.00,10.50,6.00,17.29,45.36,16.50,47.66,15.55,49.91
1777768574,5.00,10.50,6.25,17.52,45.41,16.41,47.63,15.69,49.93
1777768576,4.94,10.75,6.25,17.18,45.32,16.51,47.64,15.77,49.96
1777768578,4.88,10.00,6.00,17.26,45.34,16.56,47.64,15.47,49.90
1777768579,4.88,10.75,5.75,17.39,45.33,16.49,47.64,15.42,49.92
1777768581,4.81,10.75,6.25,17.41,45.36,16.38,47.62,15.94,50.02
1777768583,4.88,10.50,6.00,17.28,45.35,16.43,47.60,15.63,49.97
1777768584,4.88,10.50,5.75,17.25,45.34,16.52,47.62,15.51,49.96
1777768586,4.81,10.00,5.75,17.13,45.33,16.55,47.60,15.74,50.02
1777768587,4.81,10.50,6.25,17.11,45.34,16.61,47.60,15.63,49.99
1777768589,4.81,10.75,6.25,17.45,45.38,16.52,47.57,15.98,50.06
1777768591,4.75,10.25,6.00,17.43,45.40,16.44,47.55,15.68,50.00
1777768592,4.75,11.00,6.00,17.12,45.37,16.46,47.54,15.98,50.04
1777768594,4.75,10.25,5.50,17.15,45.38,16.51,47.55,16.00,50.03
1777768595,4.75,11.00,5.75,17.13,45.37,16.51,47.56,15.95,50.02
1777768597,4.75,11.00,6.00,17.45,45.41,16.44,47.55,15.84,50.00
1777768599,4.75,10.75,5.75,17.37,45.38,16.50,47.55,16.05,50.01
1777768600,4.75,11.00,6.00,17.09,45.33,16.51,47.54,15.58,49.91
1777768602,4.75,10.50,6.00,17.12,45.33,16.51,47.53,15.69,49.92
1777768603,4.81,10.75,6.25,17.08,45.32,16.49,47.52,15.76,49.93
1777768605,4.81,11.00,6.25,17.03,45.31,16.55,47.54,15.49,49.87
1777768607,4.75,11.00,5.50,17.26,45.36,16.40,47.50,15.80,49.93
1777768608,4.81,11.00,6.25,17.34,45.38,16.58,47.51,15.95,49.97
1777768610,4.81,11.25,6.00,17.08,45.34,16.53,47.49,15.84,49.95
1777768611,4.81,10.75,6.25,17.17,45.36,16.56,47.49,15.48,49.90
1777768613,4.81,11.00,6.25,17.16,45.35,16.51,47.48,15.50,49.89
1777768615,4.88,11.00,6.25,17.28,45.37,16.44,47.47,15.62,49.92
1777768616,4.81,11.00,5.75,17.21,45.33,16.55,47.50,15.76,49.96
1777768618,4.81,11.25,5.75,17.02,45.30,16.47,47.48,15.75,49.95
1777768619,4.88,11.00,6.00,17.40,45.36,16.44,47.46,15.56,49.91
1777768621,4.88,11.00,6.00,17.08,45.32,16.55,47.50,15.44,49.86
1777768623,4.88,10.50,5.50,17.41,45.36,16.52,47.49,15.49,49.86
1777768624,4.88,10.75,6.25,17.27,45.32,16.37,47.44,15.69,49.90
1777768626,4.88,10.75,6.25,17.30,45.33,16.44,47.43,15.88,49.94
1777768627,4.88,10.75,6.25,17.13,45.32,16.56,47.48,16.03,49.94
1777768629,4.81,10.75,6.00,17.10,45.32,16.45,47.46,15.36,49.83
1777768631,4.88,11.00,6.00,17.44,45.36,16.44,47.44,15.64,49.88
1777768632,4.88,10.75,6.00,17.31,45.34,16.51,47.48,15.60,49.90
1777768634,4.94,10.50,6.00,17.10,45.29,16.33,47.46,15.51,49.87
1777768636,4.88,11.00,5.25,17.15,45.30,16.52,47.49,15.73,49.93
1777768637,4.88,11.00,6.25,17.27,45.31,16.52,47.48,15.77,49.94
1777768639,4.94,11.00,6.25,17.66,45.37,16.51,47.51,15.66,49.92
1777768640,4.94,10.75,6.00,17.28,45.33,16.50,47.52,15.91,50.00
1777768642,4.94,10.25,6.00,17.19,45.28,16.51,47.54,15.55,49.95
1777768644,4.88,10.50,6.00,17.26,45.30,16.55,47.61,15.66,49.96
1777768645,4.88,10.50,6.00,17.35,45.30,16.58,47.64,15.79,50.03
1777768647,4.88,10.75,6.00,17.26,45.28,16.51,47.62,15.91,50.09
1777768648,4.94,10.75,5.75,17.46,45.30,16.49,47.61,15.60,50.01
1777768650,4.94,10.75,6.00,17.16,45.24,16.47,47.59,15.56,49.98
1777768652,4.94,11.00,6.25,17.30,45.28,16.51,47.62,15.40,49.95
1777768653,4.88,10.75,6.00,17.24,45.30,16.42,47.62,15.54,49.98
1777768655,4.88,10.75,6.00,17.41,45.33,16.52,47.64,15.78,50.04
1777768656,4.94,10.50,5.75,17.03,45.25,16.44,47.63,15.97,50.07
1777768658,4.88,10.50,6.00,17.08,45.26,16.47,47.63,15.40,49.98
1777768660,4.88,10.50,6.25,17.43,45.33,16.44,47.61,15.54,49.99
1777768661,4.81,10.50,6.25,17.44,45.31,16.51,47.61,15.43,49.96
1777768663,4.88,10.25,6.25,17.13,45.28,16.48,47.61,15.98,50.07
1777768664,4.88,11.00,6.00,17.22,45.29,16.42,47.62,15.69,50.03
1777768666,4.81,11.50,6.00,17.13,45.28,16.59,47.63,15.63,50.02
1777768668,4.81,11.00,6.00,17.44,45.32,16.43,47.62,15.55,50.05
1777768669,4.88,11.00,5.75,17.13,45.28,16.50,47.62,15.99,50.19
1777768671,4.81,10.75,6.00,17.25,45.30,16.56,47.65,15.56,50.15
1777768672,4.81,10.50,5.50,17.33,45.32,16.50,47.63,15.73,50.18
1777768674,4.81,10.75,5.75,17.27,45.33,16.49,47.59,15.82,50.17
1777768676,4.81,10.25,6.00,17.15,45.33,16.47,47.59,15.69,50.12
1777768677,4.81,10.50,6.25,17.21,45.35,16.48,47.59,16.06,50.16
1777768679,4.81,10.25,5.75,17.06,45.32,16.67,47.60,15.65,50.11
1777768681,4.88,11.00,6.00,17.58,45.43,16.51,47.56,16.01,50.18
1777768682,4.88,10.50,5.75,17.14,45.32,16.57,47.54,15.86,50.13
1777768684,4.81,10.75,6.00,17.19,45.31,16.55,47.56,15.69,50.10
1777768685,4.88,10.50,5.75,17.30,45.33,16.60,47.52,15.69,50.13
1777768687,4.88,10.50,6.25,17.29,45.34,16.48,47.47,15.79,50.16
1777768689,4.81,10.75,6.25,17.45,45.33,16.61,47.46,15.69,50.13
1777768690,4.88,10.50,6.25,17.19,45.27,16.51,47.41,15.80,50.17
1777768692,4.88,10.50,5.25,17.20,45.26,16.66,47.42,15.95,50.19
1777768693,4.88,10.75,5.75,17.24,45.26,16.53,47.36,15.71,50.13
1777768695,4.88,10.25,6.00,17.08,45.22,16.55,47.32,15.42,50.04
1777768697,4.81,10.50,5.50,17.12,45.21,16.64,47.33,15.73,50.06
1777768698,4.88,10.50,5.75,17.27,45.23,16.62,47.37,15.78,50.02
1777768700,4.81,11.25,5.50,17.14,45.21,16.55,47.40,15.54,49.94
1777768701,4.81,10.50,5.75,17.51,45.24,16.51,47.40,16.03,50.01
1777768703,4.81,10.50,5.75,17.16,45.17,16.62,47.43,15.80,49.95
1777768705,4.81,10.75,6.25,17.23,45.20,16.61,47.42,15.34,49.83
1777768706,4.75,11.00,5.50,17.09,45.15,16.47,47.35,15.62,49.86
1777768708,4.81,10.50,6.00,17.69,45.24,16.52,47.35,15.56,49.84
1777768709,4.81,10.50,6.25,17.40,45.22,16.51,47.31,16.13,49.87
1777768711,4.81,10.75,6.00,17.40,45.20,16.55,47.29,15.93,49.80
1777768713,4.81,10.75,6.25,17.13,45.16,16.57,47.30,15.77,49.74
1777768714,4.75,10.75,5.75,17.16,45.14,16.53,47.31,15.58,49.69
1777768716,4.81,11.25,6.00,17.30,45.17,16.47,47.29,15.90,49.74
1777768717,4.81,11.00,6.00,17.47,45.21,16.50,47.32,15.86,49.72
1777768719,4.81,10.50,6.00,17.18,45.17,16.48,47.33,15.62,49.65
1777768721,4.81,10.75,6.00,17.23,45.17,16.48,47.36,15.62,49.70
1777768722,4.81,10.75,5.75,17.26,45.20,16.50,47.36,15.87,49.74
1777768724,4.81,10.75,5.50,17.28,45.20,16.49,47.34,15.91,49.74
1777768726,4.81,11.00,5.75,17.50,45.23,16.51,47.35,16.02,49.76
1777768727,4.81,10.75,5.50,17.15,45.16,16.47,47.36,15.64,49.72
1777768729,4.81,10.25,6.00,17.13,45.18,16.64,47.41,15.87,49.77
1777768730,4.81,10.75,6.25,17.42,45.23,16.54,47.39,16.00,49.78
1777768732,4.75,10.75,6.00,16.94,45.16,16.45,47.39,16.23,49.83
1777768734,4.81,10.50,5.75,17.33,45.21,16.57,47.42,16.00,49.78
1777768735,4.81,10.50,6.25,17.22,45.18,16.54,47.43,15.62,49.72
1777768737,4.81,10.25,6.25,16.99,45.17,16.50,47.39,15.62,49.72
1777768738,4.81,10.50,6.25,17.40,45.22,16.51,47.38,15.69,49.71
1777768740,4.81,10.75,6.00,17.42,45.24,16.52,47.36,15.81,49.72
1777768742,4.81,10.50,6.00,17.17,45.22,16.51,47.37,15.67,49.72
1777768743,4.81,10.75,5.50,17.23,45.23,16.65,47.37,15.73,49.70
1777768745,4.81,10.75,6.25,17.28,45.24,16.62,47.35,15.47,49.68
1777768746,4.75,11.00,5.75,17.66,45.30,16.53,47.33,16.23,49.82
1777768748,4.81,11.00,6.00,17.46,45.29,16.47,47.35,16.21,49.81
1777768750,4.81,11.25,6.25,17.20,45.26,16.59,47.39,16.01,49.78
1777768751,4.81,11.50,6.25,17.13,45.27,16.66,47.36,15.73,49.74
1777768753,4.75,11.00,5.50,17.50,45.34,16.54,47.36,16.16,49.78
1777768754,4.81,10.75,6.00,17.30,45.31,16.47,47.36,16.37,49.82
1777768756,4.75,11.50,5.75,17.09,45.26,16.60,47.39,15.65,49.74
1777768758,4.81,11.00,5.75,17.28,45.29,16.62,47.40,15.90,49.78
1777768759,4.81,10.50,5.75,17.52,45.33,16.53,47.37,15.66,49.73
1777768761,4.81,10.50,6.00,17.34,45.29,16.53,47.38,15.94,49.77
1777768762,4.81,11.00,6.25,17.27,45.28,16.53,47.39,15.65,49.73
1777768764,4.75,11.00,6.25,17.73,45.35,16.59,47.41,15.80,49.74
1777768766,4.81,11.25,6.00,17.45,45.31,16.59,47.43,15.79,49.75
1777768767,4.81,11.25,6.00,17.18,45.27,16.54,47.42,15.39,49.68
1777768769,4.81,11.00,6.25,17.15,45.25,16.51,47.41,15.67,49.76
1777768770,4.81,10.50,6.25,17.45,45.30,16.54,47.38,15.80,49.78
1777768772,4.81,10.75,6.00,17.50,45.31,16.54,47.39,15.40,49.67
1777768774,4.81,10.50,6.00,17.13,45.24,16.58,47.38,15.73,49.69
1777768775,4.81,10.75,6.00,17.19,45.24,16.61,47.38,15.91,49.71
1777768777,4.81,10.50,6.00,17.34,45.26,16.59,47.38,15.80,49.67
1777768779,4.81,10.75,6.25,17.61,45.27,16.55,47.39,15.93,49.72
1777768780,4.75,11.00,6.00,17.11,45.21,16.51,47.39,15.55,49.69
1777768782,4.81,11.00,6.00,17.09,45.21,16.53,47.38,15.74,49.75
1777768783,4.81,10.50,5.75,17.54,45.30,16.37,47.35,15.42,49.69
1777768785,4.75,11.00,6.25,17.22,45.26,16.53,47.35,15.92,49.76
1777768787,4.81,10.75,6.00,17.20,45.23,16.51,47.33,15.66,49.69
1777768788,4.81,10.50,6.25,17.26,45.24,16.66,47.36,15.62,49.70
1777768790,4.75,10.75,5.50,17.62,45.31,16.55,47.37,15.74,49.71
1777768791,4.75,11.25,5.75,17.48,45.29,16.44,47.36,15.76,49.71
1777768793,4.81,10.75,6.00,17.21,45.23,16.53,47.41,15.51,49.69
1777768795,4.81,10.50,5.75,17.19,45.24,16.55,47.41,15.61,49.70
1777768796,4.81,10.50,6.25,17.28,45.26,16.48,47.41,15.62,49.74
1777768798,4.81,10.50,6.25,17.34,45.27,16.57,47.41,15.84,49.80
1777768799,4.81,11.00,6.25,17.10,45.21,16.48,47.38,16.20,49.87
1777768801,4.75,11.00,6.00,17.26,45.24,16.59,47.42,15.69,49.78
1777768803,4.75,10.75,6.00,17.27,45.24,16.50,47.43,15.64,49.79
1777768804,4.75,10.75,6.25,17.66,45.31,16.50,47.42,15.69,49.81
1777768806,4.81,10.50,6.50,17.66,45.30,16.48,47.39,16.01,49.86
1777768807,4.81,10.75,6.25,17.22,45.23,16.50,47.37,15.62,49.82
1777768809,4.88,11.00,6.00,17.18,45.24,16.48,47.40,15.68,49.82
1777768811,4.81,11.00,6.25,17.21,45.25,16.48,47.41,15.44,49.80
1777768812,4.81,10.75,6.25,17.35,45.30,16.54,47.47,15.98,49.88
1777768814,4.81,11.00,6.00,17.15,45.27,16.59,47.51,15.50,49.77
1777768815,4.81,10.50,6.25,17.15,45.28,16.63,47.52,15.79,49.82
1777768817,4.88,11.00,6.25,17.12,45.27,16.45,47.50,15.71,49.80
1777768819,4.88,10.50,6.00,17.12,45.28,16.57,47.51,15.52,49.78
1777768820,4.81,10.50,5.75,17.36,45.30,16.40,47.47,15.86,49.83
1777768822,4.81,10.50,5.75,17.13,45.24,16.51,47.50,15.42,49.75
1777768823,4.81,11.00,6.00,17.36,45.31,16.62,47.54,15.75,49.81
1777768825,4.81,10.50,6.00,17.34,45.27,16.58,47.53,15.68,49.82
1777768827,4.81,10.50,6.00,17.48,45.31,16.52,47.53,15.73,49.84
1777768828,4.81,11.00,6.25,17.64,45.29,16.48,47.52,15.54,49.81
1777768830,4.75,10.75,6.25,17.19,45.22,16.63,47.55,15.58,49.83
1777768832,4.81,10.50,6.00,17.28,45.24,16.55,47.53,15.70,49.86
1777768833,4.81,10.50,6.25,17.09,45.20,16.57,47.52,15.60,49.84
1777768835,4.81,11.00,6.00,17.48,45.27,16.37,47.48,15.84,49.84
1777768836,4.81,10.75,6.25,17.55,45.29,16.50,47.49,15.69,49.80
1777768838,4.81,11.25,6.00,17.07,45.22,16.49,47.48,15.73,49.77
1777768840,4.81,10.75,6.00,17.28,45.26,16.56,47.49,15.87,49.82
1777768841,4.81,10.75,5.75,17.40,45.28,16.55,47.49,16.10,49.86
1777768843,4.81,10.50,5.50,17.48,45.29,16.61,47.52,15.31,49.72
1777768844,4.81,10.75,6.00,17.29,45.28,16.47,47.49,16.01,49.86
1777768846,4.81,11.00,6.00,17.23,45.29,16.61,47.48,15.79,49.85
1777768848,4.88,10.75,5.75,17.79,45.38,16.54,47.45,15.84,49.85
1777768849,4.88,10.75,6.25,17.41,45.31,16.47,47.44,15.90,49.83
1777768851,4.81,11.00,5.25,17.26,45.28,16.52,47.43,15.93,49.80
1777768852,4.75,11.00,6.00,17.09,45.27,16.52,47.46,15.49,49.71
1777768854,4.81,10.50,6.25,17.11,45.27,16.52,47.48,16.18,49.81
1777768856,4.81,10.75,6.00,17.35,45.34,16.48,47.48,15.88,49.78
1777768857,4.81,10.75,6.25,17.47,45.36,16.48,47.49,16.22,49.81
1777768859,4.81,10.50,6.25,17.54,45.35,16.53,47.50,16.04,49.76
1777768860,4.81,9.75,6.25,17.16,45.27,16.47,47.45,15.69,49.67
1777768862,4.81,10.75,6.00,17.28,45.28,16.66,47.47,15.88,49.70
1777768864,4.81,10.75,5.50,17.37,45.29,16.56,47.46,15.56,49.67
1777768865,4.75,10.50,6.25,17.37,45.28,16.50,47.42,15.74,49.71
1777768867,4.75,11.00,5.75,17.33,45.26,16.56,47.43,15.69,49.66
1777768868,4.75,11.00,5.75,17.15,45.22,16.59,47.44,15.73,49.69
1777768870,4.75,10.75,5.75,17.24,45.26,16.62,47.49,15.97,49.75
1777768872,4.75,10.75,6.00,17.69,45.32,16.48,47.47,15.71,49.74
1777768873,4.69,10.00,6.00,17.45,45.29,16.63,47.54,16.24,49.85
1777768875,4.75,10.00,6.00,17.26,45.27,16.50,47.56,15.78,49.83
1777768877,4.69,10.25,5.75,17.34,45.32,16.66,47.56,15.96,49.90
1777768878,4.75,10.75,6.00,17.13,45.28,16.64,47.50,15.80,49.84
1777768880,4.75,10.50,6.25,17.29,45.34,16.57,47.49,15.78,49.81
1777768881,4.75,10.50,6.25,17.65,45.39,16.54,47.46,16.08,49.84
1777768883,4.75,11.00,5.75,17.23,45.28,16.54,47.45,15.62,49.73
1777768885,4.75,10.50,6.25,17.53,45.33,16.51,47.40,15.77,49.78
1777768886,4.69,10.50,6.00,17.22,45.28,16.72,47.39,16.29,49.86
1777768888,4.69,10.00,6.00,17.13,45.30,16.65,47.37,15.79,49.78
1777768889,4.69,10.75,6.25,17.26,45.31,16.49,47.37,15.85,49.79
1777768891,4.69,11.00,5.75,17.15,45.28,16.71,47.43,15.65,49.77
1777768893,4.69,10.50,6.00,17.13,45.28,16.55,47.42,15.62,49.75
1777768894,4.69,10.75,6.25,17.25,45.30,16.48,47.43,15.70,49.76
1777768896,4.69,10.75,6.00,17.48,45.35,16.63,47.46,15.69,49.77
1777768897,4.69,10.50,6.00,17.37,45.32,16.66,47.43,15.37,49.72
1777768899,4.69,10.50,6.00,17.36,45.36,16.66,47.41,15.69,49.74
1777768901,4.75,10.25,6.00,17.64,45.41,16.63,47.38,15.33,49.67
1777768902,4.69,10.50,5.50,17.24,45.35,16.73,47.38,15.69,49.71
1777768904,4.75,10.75,6.25,17.34,45.38,16.57,47.35,16.23,49.80
1777768905,4.75,11.00,6.00,17.43,45.40,16.59,47.37,15.26,49.68
1777768907,4.75,11.00,5.75,17.52,45.40,16.59,47.36,16.05,49.83
1777768909,4.75,10.50,6.00,17.15,45.36,16.55,47.35,15.86,49.79
1777768910,4.75,10.50,5.75,17.05,45.33,16.61,47.36,16.06,49.85
1777768912,4.75,10.75,6.25,17.09,45.32,16.63,47.35,15.95,49.83
1777768913,4.81,10.75,5.75,17.80,45.42,16.61,47.34,16.21,49.84
1777768915,4.81,10.50,5.75,17.24,45.35,16.71,47.33,16.05,49.82
1777768917,4.81,11.00,6.00,17.06,45.32,16.55,47.32,15.32,49.68
1777768918,4.81,10.50,6.00,17.30,45.34,16.66,47.33,16.08,49.81
1777768920,4.75,10.75,6.25,17.66,45.40,16.53,47.33,15.99,49.81
1777768922,4.81,10.75,5.75,17.35,45.34,16.64,47.34,15.66,49.74
1777768923,4.81,10.25,6.00,17.43,45.34,16.50,47.34,15.74,49.74
1777768925,4.81,10.75,6.00,17.28,45.35,16.51,47.35,15.81,49.78
1777768926,4.81,10.75,5.75,17.33,45.32,16.62,47.36,15.38,49.72
1777768928,4.81,10.50,5.50,17.29,45.32,16.58,47.34,15.84,49.79
1777768930,4.81,10.50,5.75,17.34,45.30,16.63,47.36,15.77,49.74
1777768931,4.81,10.50,6.25,17.19,45.25,16.45,47.36,15.78,49.77
1777768933,4.81,11.00,6.25,17.18,45.26,16.54,47.38,15.99,49.81
1777768934,4.81,10.50,6.25,17.28,45.27,16.61,47.43,15.63,49.78
1777768936,4.81,10.75,5.75,17.34,45.28,16.61,47.44,15.66,49.77
1777768938,4.81,10.75,6.00,17.37,45.27,16.56,47.45,15.69,49.78
1777768939,4.81,10.75,6.00,17.51,45.30,16.51,47.43,16.20,49.85
1777768941,4.81,10.50,5.75,17.19,45.28,16.53,47.40,15.87,49.80
1777768942,4.81,10.75,6.00,17.53,45.31,16.47,47.43,16.01,49.82
1777768944,4.81,10.25,5.75,17.49,45.30,16.57,47.48,15.89,49.83
1777768946,4.81,10.75,6.25,17.73,45.32,16.40,47.46,15.74,49.80
1777768947,4.81,10.50,6.25,17.73,45.33,16.39,47.46,15.87,49.80
1777768949,4.88,10.50,6.25,17.37,45.28,16.44,47.46,15.83,49.82
1777768950,4.81,10.50,5.75,17.55,45.31,16.51,47.48,15.84,49.81
1777768952,4.88,11.00,6.25,17.22,45.25,16.50,47.50,15.78,49.82
1777768954,4.88,11.00,6.25,17.06,45.25,16.52,47.51,15.85,49.85
1777768955,4.88,10.50,5.75,17.19,45.28,16.51,47.51,15.78,49.86
1777768957,4.88,10.50,6.25,17.26,45.31,16.55,47.52,16.02,49.88
1777768958,4.88,10.75,5.75,17.21,45.29,16.50,47.53,15.76,49.82
1777768960,4.88,10.00,6.00,17.33,45.31,16.51,47.52,15.96,49.82
1777768962,4.81,10.25,5.75,17.34,45.31,16.52,47.53,16.12,49.83
1777768963,4.81,11.00,5.50,17.35,45.31,16.57,47.54,16.03,49.82
1777768965,4.81,11.00,6.25,17.19,45.31,16.52,47.54,16.00,49.80
1777768966,4.81,10.75,6.25,17.30,45.33,16.50,47.56,16.20,49.83
1777768968,4.81,11.00,6.00,17.26,45.33,16.61,47.58,15.89,49.79
1777768970,4.81,10.25,5.50,17.48,45.37,16.51,47.59,15.94,49.78
1777768971,4.88,11.00,6.25,17.24,45.31,16.52,47.59,15.80,49.77
1777768973,4.81,10.50,6.00,17.09,45.27,16.54,47.59,15.88,49.79
1777768975,4.81,11.00,5.50,17.21,45.28,16.57,47.58,16.08,49.82
1777768976,4.81,10.75,6.00,17.46,45.31,16.61,47.57,15.77,49.78
1777768978,4.81,11.00,5.75,17.44,45.29,16.55,47.56,16.22,49.86
1777768979,4.81,11.00,6.00,17.38,45.29,16.53,47.57,16.23,49.87
1777768981,4.88,10.25,5.75,17.13,45.28,16.59,47.63,15.72,49.81
1777768983,4.81,10.75,6.25,17.33,45.31,16.59,47.62,15.87,49.83
1777768984,4.88,10.75,5.75,17.40,45.32,16.53,47.63,15.51,49.79
1777768986,4.81,10.75,5.75,17.23,45.29,16.64,47.62,15.77,49.81
1777768987,4.88,10.50,5.25,17.27,45.28,16.46,47.59,15.36,49.75
1777768989,4.81,10.75,6.00,17.33,45.26,16.42,47.58,15.87,49.83
1777768991,4.81,10.75,6.00,17.35,45.27,16.50,47.61,15.79,49.82
1777768992,4.81,10.50,6.00,17.24,45.25,16.41,47.59,15.76,49.84
1777768994,4.88,10.50,6.50,17.24,45.23,16.62,47.65,15.31,49.76
1777768995,4.81,10.75,6.25,17.19,45.23,16.51,47.64,15.85,49.81
1777768997,4.81,10.50,6.00,17.27,45.25,16.51,47.66,15.56,49.76
1777768999,4.81,10.25,6.00,17.39,45.27,16.47,47.66,15.78,49.77
1777769000,4.81,10.50,6.00,17.15,45.23,16.50,47.67,15.87,49.78
1777769002,4.81,10.50,6.25,17.15,45.23,16.56,47.66,15.78,49.78
1777769003,4.81,10.75,6.00,17.26,45.23,16.59,47.68,15.67,49.76
1777769005,4.81,10.25,6.00,17.87,45.33,16.44,47.67,15.73,49.75
1777769007,4.75,11.00,6.00,17.34,45.25,16.43,47.69,15.86,49.79
1777769008,4.75,10.75,5.75,17.15,45.24,16.50,47.71,15.87,49.81
1777769010,4.81,10.75,6.25,17.34,45.30,16.63,47.74,15.34,49.71
1777769011,4.81,10.25,6.25,17.16,45.27,16.44,47.74,15.91,49.80
1777769013,4.81,10.25,5.75,17.19,45.28,16.45,47.77,15.73,49.76
1777769015,4.81,10.75,6.00,17.18,45.28,16.40,47.75,15.49,49.71
1777769016,4.75,10.50,5.75,17.26,45.30,16.59,47.79,16.23,49.84
1777769018,4.81,10.25,6.00,17.26,45.31,16.55,47.77,15.80,49.75
1777769020,4.75,10.25,6.00,17.19,45.29,16.55,47.75,15.69,49.72
1777769021,4.75,10.75,6.25,17.14,45.28,16.50,47.72,15.91,49.73
1777769023,4.81,10.75,6.25,17.18,45.29,16.51,47.70,15.30,49.61
1777769024,4.81,10.50,6.00,16.98,45.23,16.55,47.70,15.30,49.63
1777769026,4.75,11.00,5.75,17.19,45.26,16.55,47.69,15.73,49.73
1777769028,4.81,10.50,5.50,17.34,45.28,16.62,47.68,15.93,49.75
1777769029,4.81,11.00,6.25,17.30,45.24,16.62,47.64,15.78,49.73
1777769031,4.88,10.50,6.25,17.59,45.31,16.44,47.57,15.71,49.69
1777769032,4.75,10.50,5.75,17.04,45.20,16.50,47.56,16.19,49.74
1777769034,4.81,11.00,6.00,17.21,45.25,16.52,47.54,15.38,49.55
1777769036,4.81,10.50,5.75,17.20,45.25,16.50,47.53,16.13,49.63
1777769037,4.75,10.25,6.00,17.33,45.27,16.57,47.52,15.77,49.55
1777769039,4.75,10.50,5.50,17.31,45.28,16.48,47.50,16.05,49.60
1777769040,4.75,10.75,5.50,17.28,45.27,16.54,47.50,15.94,49.59
1777769042,4.75,10.25,5.50,17.29,45.28,16.55,47.51,15.61,49.54
1777769044,4.75,10.25,6.00,17.36,45.28,16.59,47.50,16.11,49.62
1777769045,4.81,10.75,6.25,17.62,45.34,16.48,47.48,16.22,49.63
1777769047,4.75,10.50,6.25,17.47,45.30,16.55,47.52,16.27,49.63
1777769048,4.75,10.75,5.75,17.23,45.28,16.53,47.53,15.86,49.56
1777769050,4.75,10.50,6.00,17.35,45.29,16.51,47.54,16.01,49.61
1777769052,4.75,10.50,6.00,17.34,45.28,16.52,47.54,16.05,49.60
1777769053,4.75,10.50,6.00,17.08,45.24,16.53,47.57,16.00,49.61
1777769055,4.69,10.50,6.00,17.63,45.31,16.56,47.59,15.70,49.60
1777769056,4.69,10.50,5.75,17.18,45.24,16.59,47.61,15.40,49.56
1777769058,4.75,10.75,6.00,17.18,45.24,16.51,47.57,16.13,49.67
1777769060,4.75,11.00,5.50,17.17,45.24,16.57,47.57,15.77,49.61
1777769061,4.75,10.75,6.25,17.46,45.31,16.55,47.59,15.51,49.55
1777769063,4.75,10.75,5.50,17.30,45.30,16.53,47.59,15.30,49.54
1777769065,4.75,10.50,6.25,17.08,45.28,16.55,47.62,15.93,49.65
1777769066,4.75,10.75,5.75,17.12,45.29,16.48,47.64,15.70,49.64
1777769068,4.69,10.75,6.00,17.55,45.37,16.62,47.66,16.23,49.74
1777769069,4.75,11.25,6.00,17.20,45.27,16.48,47.64,16.23,49.74
1777769071,4.75,10.50,6.00,17.26,45.29,16.50,47.63,15.73,49.67
1777769073,4.75,10.25,6.00,17.14,45.26,16.52,47.62,15.99,49.72
1777769074,4.75,11.00,5.75,17.19,45.30,16.55,47.61,16.26,49.77
1777769076,4.75,10.50,5.50,17.26,45.33,16.48,47.59,15.88,49.70
1777769077,4.75,11.00,6.00,17.19,45.32,16.58,47.60,16.27,49.78
1777769079,4.75,10.75,5.50,17.15,45.32,16.61,47.57,15.37,49.61
1777769081,4.75,10.75,6.00,17.34,45.36,16.59,47.56,15.96,49.70
1777769082,4.81,10.75,6.00,17.39,45.39,16.55,47.53,15.45,49.61
1777769084,4.81,10.75,6.25,17.39,45.38,16.51,47.52,15.32,49.59
1777769085,4.81,11.00,6.25,17.13,45.35,16.48,47.48,16.22,49.78
1777769087,4.81,11.50,5.25,17.30,45.41,16.52,47.49,16.02,49.74
1777769089,4.88,11.00,5.75,17.28,45.42,16.66,47.51,15.54,49.68
1777769090,4.81,10.75,6.00,17.39,45.46,16.62,47.51,15.75,49.68
1777769092,4.88,10.75,6.25,17.22,45.42,16.60,47.49,15.72,49.70
1777769093,4.88,10.75,6.25,17.12,45.44,16.66,47.51,15.95,49.70
1777769095,4.88,10.75,6.00,17.12,45.44,16.66,47.51,15.61,49.66
1777769097,4.88,10.75,6.25,17.37,45.48,16.70,47.51,15.74,49.71
1777769098,4.88,11.00,6.25,17.55,45.50,16.55,47.50,15.71,49.71
1777769100,4.94,10.75,6.25,17.36,45.46,16.59,47.57,15.74,49.74
1777769101,4.88,10.50,6.00,17.52,45.46,16.54,47.58,16.12,49.85
1777769103,4.88,10.00,6.25,17.21,45.40,16.57,47.56,15.72,49.80
1777769105,4.88,10.75,6.00,17.15,45.40,16.59,47.57,15.87,49.83
1777769106,4.88,10.75,6.25,17.30,45.39,16.58,47.57,15.58,49.79
1777769108,4.88,10.25,6.25,17.20,45.38,16.59,47.58,15.51,49.80
1777769109,4.88,11.00,6.00,17.55,45.43,16.53,47.56,16.29,49.95
1777769111,4.88,11.25,6.00,17.26,45.38,16.51,47.55,15.83,49.88
1777769113,4.88,11.25,6.25,17.29,45.40,16.50,47.55,15.99,49.93
1777769114,4.88,11.50,5.50,17.02,45.35,16.55,47.55,15.82,49.93
1777769116,4.88,11.25,6.00,17.21,45.36,16.39,47.51,16.00,49.95
1777769118,4.94,10.75,5.75,17.23,45.37,16.52,47.53,15.30,49.82
1777769119,4.94,11.00,6.25,17.29,45.39,16.59,47.55,15.83,49.89
1777769121,4.94,11.25,6.25,16.98,45.34,16.40,47.51,15.73,49.89
1777769122,4.94,10.75,5.75,17.37,45.40,16.61,47.54,16.03,49.97
1777769124,4.88,10.75,6.25,17.27,45.38,16.50,47.54,15.83,49.95
1777769126,4.94,10.75,6.25,17.26,45.39,16.50,47.59,16.06,50.00
1777769127,4.94,11.00,6.00,17.78,45.45,16.53,47.61,15.84,49.98
1777769129,4.94,10.75,5.75,17.20,45.36,16.52,47.63,15.76,49.96
1777769130,4.94,11.00,6.00,17.24,45.37,16.58,47.65,15.91,49.99
1777769132,4.94,11.00,6.25,17.05,45.35,16.55,47.65,15.56,49.94
1777769134,4.94,11.00,6.00,17.15,45.35,16.56,47.62,15.90,50.00
1777769135,4.94,11.25,6.25,17.30,45.39,16.45,47.57,15.67,49.93
1777769137,4.94,10.75,6.00,17.47,45.41,16.48,47.55,16.04,49.97
1777769138,5.00,11.25,6.25,17.27,45.37,16.53,47.55,15.72,49.90
1777769140,5.00,11.25,6.00,17.14,45.36,16.55,47.55,15.90,49.92
1777769142,5.00,11.25,6.50,17.13,45.34,16.55,47.54,15.55,49.85
1777769143,5.00,10.75,6.25,17.45,45.39,16.67,47.54,15.95,49.90
1777769145,5.00,10.75,6.25,17.30,45.36,16.48,47.51,15.71,49.84
1777769146,5.00,11.00,6.00,17.20,45.33,16.51,47.49,15.91,49.82
1777769148,5.00,11.25,5.50,17.27,45.35,16.70,47.51,15.58,49.75
1777769150,4.94,10.75,5.50,17.43,45.37,16.53,47.46,15.73,49.78
1777769151,5.00,10.75,6.25,17.22,45.35,16.75,47.47,16.21,49.87
1777769153,5.00,10.25,5.75,17.11,45.34,16.64,47.46,15.48,49.81
1777769154,5.00,11.00,6.00,17.38,45.38,16.70,47.46,15.87,49.95
1777769156,5.00,10.25,5.50,17.38,45.36,16.59,47.47,15.72,50.03
1777769158,4.88,10.75,5.75,17.19,45.33,16.56,47.47,16.02,50.19
1777769159,4.94,10.75,6.00,17.14,45.31,16.48,47.44,15.76,50.23
1777769161,4.94,11.00,6.00,17.18,45.33,16.59,47.46,15.61,50.24
1777769163,4.94,10.50,6.00,17.14,45.31,16.63,47.43,16.59,50.42
1777769164,4.94,10.00,5.75,17.23,45.32,16.68,47.40,16.22,50.33
1777769166,4.94,10.50,6.00,17.07,45.30,16.62,47.36,15.75,50.23
1777769167,4.88,10.25,5.75,17.23,45.29,16.55,47.31,15.87,50.17
1777769169,4.88,10.50,5.75,17.73,45.37,16.74,47.30,15.76,50.10
1777769171,4.94,10.50,6.25,17.50,45.33,16.67,47.26,15.47,49.94
1777769172,4.88,10.75,6.00,17.26,45.29,16.55,47.24,15.76,49.93
1777769174,4.88,10.50,6.25,17.34,45.28,16.69,47.29,15.48,49.83
1777769175,4.81,11.25,5.50,17.30,45.28,16.71,47.26,15.99,49.89
1777769177,4.81,10.75,6.00,17.39,45.31,16.72,47.24,15.39,49.84
1777769179,4.81,10.50,6.25,17.17,45.29,16.61,47.22,15.35,49.90
1777769180,4.75,10.75,5.75,17.39,45.34,16.65,47.25,15.77,50.09
1777769182,4.81,11.25,6.00,17.26,45.31,16.59,47.24,16.08,50.24
1777769183,4.75,10.75,6.00,17.37,45.34,16.59,47.29,16.00,50.33
1777769185,4.75,11.00,5.75,17.34,45.34,16.89,47.34,16.05,50.44
1777769187,4.75,11.00,6.00,17.18,45.30,16.51,47.27,15.89,50.46
1777769188,4.75,10.75,6.00,17.54,45.36,16.67,47.25,15.70,50.44
1777769190,4.75,11.00,6.00,17.30,45.30,16.55,47.25,15.77,50.40
1777769191,4.75,10.75,5.75,17.37,45.30,16.59,47.22,16.05,50.37
1777769193,4.69,10.75,6.00,17.53,45.32,16.67,47.30,15.55,50.25
1777769195,4.75,10.75,6.00,17.19,45.27,16.72,47.34,15.86,50.28
1777769196,4.69,10.50,5.50,17.18,45.25,16.59,47.32,15.57,50.18
1777769198,4.75,10.50,5.75,17.25,45.28,16.62,47.32,15.29,50.07
1777769199,4.75,10.50,6.00,17.34,45.28,16.72,47.32,15.72,50.10
1777769201,4.75,10.75,6.00,17.31,45.27,16.68,47.30,16.52,50.17
1777769203,4.75,10.75,6.00,17.58,45.29,16.55,47.24,15.80,50.01
1777769204,4.69,10.75,6.00,17.37,45.26,16.62,47.29,16.15,50.03
1777769206,4.75,10.25,6.00,17.22,45.22,16.52,47.30,15.85,49.93
1777769207,4.69,10.75,5.75,17.13,45.22,16.76,47.40,15.89,49.90
1777769209,4.69,10.00,6.00,17.37,45.27,16.62,47.36,16.27,49.90
1777769211,4.69,10.25,6.25,17.29,45.24,16.58,47.34,16.03,49.84
1777769212,4.63,10.50,5.75,17.33,45.24,16.55,47.37,15.74,49.78
1777769214,4.63,10.75,6.00,17.37,45.23,16.61,47.37,16.05,49.82
1777769216,4.69,10.50,6.00,17.22,45.19,16.63,47.36,15.79,49.76
1777769217,4.63,10.50,6.00,17.25,45.20,16.54,47.34,15.73,49.72
1777769219,4.69,10.50,5.75,17.27,45.21,16.55,47.33,15.55,49.63
1777769220,4.63,10.50,6.00,17.27,45.22,16.52,47.31,15.32,49.57
1777769222,4.63,10.50,5.75,17.15,45.19,16.62,47.30,15.49,49.56
1777769224,4.69,10.75,6.00,17.24,45.20,16.65,47.31,15.85,49.61
1777769225,4.63,10.75,6.25,17.15,45.19,16.60,47.28,15.87,49.56
1777769227,4.69,10.50,6.25,17.14,45.18,16.54,47.32,16.00,49.59
1777769228,4.69,10.50,6.00,17.58,45.24,16.62,47.38,15.74,49.59
1777769230,4.69,10.75,5.00,17.29,45.22,16.52,47.40,16.17,49.72
1777769232,4.69,10.75,5.50,17.09,45.17,16.55,47.40,15.81,49.72
1777769233,4.69,11.00,6.25,17.31,45.19,16.59,47.43,15.83,49.74
1777769235,4.69,11.25,5.75,17.19,45.18,16.59,47.39,15.84,49.72
1777769236,4.69,11.00,6.25,17.19,45.16,16.51,47.35,15.87,49.66
1777769238,4.69,10.75,5.75,17.36,45.20,16.66,47.36,15.97,49.66
1777769240,4.69,10.75,6.00,17.15,45.13,16.57,47.36,15.79,49.61
1777769241,4.75,10.25,5.50,17.37,45.16,16.58,47.37,15.97,49.69
1777769243,4.69,10.50,5.50,17.31,45.16,16.64,47.38,16.11,49.75
1777769244,4.69,11.00,5.50,17.25,45.13,16.56,47.41,15.74,49.70
1777769246,4.69,10.75,6.00,17.10,45.09,16.58,47.43,15.65,49.64
1777769248,4.69,10.75,5.50,17.31,45.11,16.62,47.41,15.82,49.63
1777769249,4.75,11.00,5.75,17.19,45.08,16.56,47.35,15.69,49.56
1777769251,4.75,10.50,6.00,17.38,45.10,16.50,47.30,15.94,49.59
1777769252,4.69,10.50,6.25,17.58,45.13,16.58,47.32,16.02,49.57
1777769254,4.75,10.75,6.00,17.55,45.14,16.51,47.33,15.83,49.54
1777769256,4.75,10.75,6.00,17.50,45.14,16.57,47.37,15.79,49.51
1777769257,4.69,10.75,5.75,17.28,45.10,16.63,47.36,15.76,49.52
1777769259,4.75,10.75,6.00,17.30,45.11,16.67,47.39,16.23,49.59
1777769261,4.69,10.50,5.75,17.58,45.18,16.62,47.39,15.80,49.48
1777769262,4.75,10.50,6.00,17.26,45.15,16.57,47.41,15.85,49.53
1777769264,4.75,10.50,5.75,17.16,45.15,16.63,47.45,15.90,49.54
1777769265,4.75,11.00,6.00,17.23,45.20,16.59,47.47,15.80,49.53
1777769267,4.69,10.25,6.25,17.78,45.31,16.49,47.44,15.78,49.53
1777769269,4.69,11.00,5.50,17.22,45.24,16.68,47.46,15.77,49.53
1777769270,4.69,10.75,6.00,17.17,45.22,16.70,47.43,16.37,49.63
1777769272,4.69,11.00,6.00,17.31,45.24,16.59,47.38,15.62,49.45
1777769273,4.69,11.25,6.00,17.38,45.23,16.55,47.35,15.90,49.48
1777769275,4.69,11.00,6.00,17.37,45.24,16.61,47.36,15.90,49.48
1777769277,4.69,10.50,6.25,17.59,45.27,16.51,47.34,15.80,49.46
1777769278,4.63,10.50,6.25,17.18,45.21,16.62,47.40,15.74,49.44
1777769280,4.69,11.25,5.75,17.45,45.26,16.63,47.41,15.70,49.50
1777769281,4.69,11.25,6.25,17.41,45.28,16.59,47.38,15.61,49.43
1777769283,4.69,11.25,5.50,17.29,45.26,16.50,47.35,15.91,49.50
1777769285,4.69,11.00,5.75,17.23,45.25,16.63,47.38,15.87,49.52
1777769286,4.69,11.00,6.25,17.29,45.23,16.56,47.34,16.32,49.58
1777769288,4.69,11.00,5.50,17.09,45.18,16.71,47.35,15.93,49.47
1777769289,4.69,11.25,5.50,17.25,45.21,16.61,47.32,15.92,49.47
1777769291,4.63,10.75,5.75,17.31,45.21,16.69,47.36,15.78,49.47
1777769293,4.63,11.00,6.00,17.35,45.23,16.61,47.32,15.79,49.45
1777769294,4.69,10.75,6.00,17.63,45.29,16.52,47.30,15.73,49.44
1777769296,4.75,10.75,6.25,17.18,45.22,16.66,47.31,15.40,49.37
1777769297,4.69,10.50,6.25,17.48,45.28,16.70,47.32,15.75,49.42
1777769299,4.63,11.25,6.00,17.26,45.22,16.56,47.31,15.94,49.44
1777769301,4.69,11.00,6.25,17.64,45.31,16.55,47.31,15.43,49.37
1777769302,4.75,11.00,6.00,17.03,45.21,16.52,47.30,16.29,49.51
1777769304,4.69,11.25,6.00,17.15,45.23,16.66,47.32,16.22,49.50
1777769306,4.63,11.00,6.00,17.34,45.25,16.61,47.33,15.82,49.44
1777769307,4.75,10.00,5.75,17.33,45.24,16.58,47.33,15.92,49.46
1777769309,4.69,10.50,6.25,17.05,45.20,16.58,47.33,15.76,49.44
1777769310,4.69,10.75,5.75,17.40,45.25,16.62,47.33,15.30,49.36
1777769312,4.69,10.25,6.25,17.34,45.23,16.62,47.34,15.87,49.46
1777769314,4.69,10.25,5.75,17.13,45.19,16.58,47.34,15.45,49.39
1777769315,4.69,10.25,5.75,17.37,45.23,16.50,47.34,15.76,49.52
1777769317,4.75,10.25,6.00,17.13,45.18,16.65,47.37,15.68,49.54
1777769318,4.69,10.50,5.50,17.61,45.27,16.55,47.32,15.87,49.66
1777769320,4.69,10.75,5.75,17.29,45.22,16.60,47.30,16.26,49.79
1777769322,4.69,10.50,6.25,17.30,45.23,16.54,47.28,15.72,49.80
1777769323,4.69,10.25,6.00,17.23,45.20,16.66,47.25,15.74,49.88
1777769325,4.75,10.00,5.50,17.26,45.20,16.62,47.24,15.75,49.93
1777769326,4.69,10.50,6.25,17.19,45.19,16.65,47.23,15.85,49.99
1777769328,4.69,10.25,6.25,17.28,45.21,16.67,47.23,15.91,50.03
1777769330,4.69,10.25,6.00,17.19,45.19,16.59,47.27,15.78,50.00
1777769331,4.69,10.75,6.00,17.35,45.21,16.62,47.25,15.86,50.05
1777769333,4.69,10.25,6.00,17.58,45.25,16.61,47.25,16.38,50.14
1777769334,4.75,10.75,6.00,17.22,45.21,16.59,47.28,16.27,50.12
1777769336,4.69,10.75,6.00,17.37,45.24,16.53,47.28,15.96,50.07
1777769338,4.69,10.50,6.00,17.22,45.20,16.68,47.31,15.90,49.98
1777769339,4.75,10.50,6.00,17.29,45.22,16.55,47.28,15.57,49.84
1777769341,4.69,10.75,6.00,17.17,45.20,16.70,47.32,15.72,49.81
1777769342,4.75,10.25,6.00,17.20,45.21,16.72,47.31,15.49,49.73
1777769344,4.69,11.00,6.00,17.29,45.24,16.73,47.30,15.81,49.76
1777769346,4.69,10.50,6.00,17.18,45.21,16.75,47.29,15.99,49.76
1777769347,4.69,10.75,6.00,17.30,45.22,16.67,47.28,15.69,49.69
1777769349,4.69,10.50,6.25,17.13,45.19,16.67,47.28,16.09,49.74
1777769350,4.69,10.50,6.00,17.52,45.25,16.70,47.24,15.71,49.65
1777769352,4.63,10.00,5.50,17.30,45.21,16.61,47.23,15.99,49.65
1777769354,4.69,10.50,6.25,17.34,45.22,16.51,47.23,15.98,49.65
1777769355,4.63,10.50,6.00,17.27,45.20,16.50,47.26,15.96,49.69
1777769357,4.63,10.75,6.00,17.13,45.18,16.58,47.30,15.94,49.74
1777769359,4.63,11.00,5.50,17.14,45.18,16.56,47.33,15.80,49.76
1777769360,4.69,10.75,6.00,17.15,45.21,16.67,47.36,15.81,49.80
1777769362,4.69,11.00,6.00,17.51,45.28,16.72,47.34,16.08,49.85
1777769363,4.75,11.00,5.75,17.62,45.28,16.54,47.29,15.64,49.76
1777769365,4.69,10.50,6.00,17.34,45.23,16.62,47.30,15.99,49.76
1777769367,4.75,10.75,6.25,17.30,45.22,16.55,47.26,15.49,49.59
1777769368,4.75,10.75,6.00,17.30,45.23,16.55,47.26,16.27,49.63
1777769370,4.75,10.50,5.75,17.65,45.30,16.50,47.28,15.65,49.49
1777769371,4.75,10.50,6.00,17.25,45.23,16.56,47.29,15.76,49.48
1777769373,4.75,10.25,6.00,17.19,45.22,16.59,47.29,16.15,49.52
1777769375,4.75,11.00,6.00,17.16,45.20,16.62,47.30,15.81,49.44
1777769376,4.75,11.00,6.00,17.56,45.26,16.58,47.32,15.91,49.43
1777769378,4.75,10.75,6.25,17.21,45.17,16.55,47.33,16.27,49.49
1777769379,4.75,10.00,6.25,17.27,45.19,16.50,47.35,15.51,49.39
1777769381,4.75,10.25,6.00,17.25,45.20,16.45,47.36,16.23,49.55
1777769383,4.63,10.25,6.25,17.35,45.23,16.58,47.41,15.79,49.51
1777769384,4.69,10.25,6.00,17.23,45.21,16.52,47.43,15.58,49.52
1777769386,4.69,10.75,6.25,17.31,45.23,16.58,47.46,16.17,49.64
1777769387,4.63,10.75,5.50,17.30,45.23,16.54,47.45,15.96,49.65
1777769389,4.63,10.50,5.75,17.37,45.22,16.51,47.47,15.69,49.67
1777769391,4.63,11.00,6.25,17.34,45.20,16.62,47.51,15.69,49.72
1777769392,4.63,10.50,5.25,17.54,45.25,16.60,47.50,16.15,49.82
1777769394,4.63,10.50,5.75,17.29,45.23,16.55,47.51,16.33,49.87
1777769395,4.69,10.50,6.00,17.19,45.20,16.59,47.53,15.64,49.76
1777769397,4.63,10.75,6.25,17.25,45.23,16.65,47.54,15.74,49.79
1777769399,4.63,10.50,6.25,17.36,45.27,16.52,47.49,16.06,49.83
1777769400,4.69,10.75,6.00,17.18,45.25,16.55,47.50,15.71,49.78
1777769402,4.63,10.25,6.25,17.31,45.28,16.43,47.47,15.80,49.80
1777769404,4.63,10.25,6.00,17.23,45.28,16.56,47.52,15.70,49.81
1777769405,4.63,10.75,5.75,17.23,45.29,16.51,47.50,15.81,49.87
1777769407,4.63,10.75,6.00,17.29,45.32,16.63,47.52,15.66,49.90
1777769408,4.63,10.50,5.75,17.18,45.32,16.40,47.48,15.73,49.93
1777769410,4.63,10.25,5.75,17.12,45.33,16.51,47.50,16.02,49.98
1777769412,4.63,10.75,5.50,17.39,45.36,16.50,47.48,15.62,49.92
1777769413,4.69,10.50,5.50,17.41,45.36,16.54,47.44,15.83,49.98
1777769415,4.69,10.75,6.00,17.19,45.30,16.53,47.40,15.91,49.99
1777769416,4.69,10.50,5.75,17.36,45.32,16.49,47.40,15.66,49.90
1777769418,4.69,10.75,5.75,17.09,45.27,16.52,47.44,15.77,49.88
1777769420,4.69,10.25,6.25,17.30,45.33,16.53,47.47,15.83,49.89
1777769421,4.69,10.75,6.25,17.43,45.37,16.64,47.50,16.29,49.95
1777769423,4.69,10.50,6.00,17.12,45.32,16.55,47.48,16.00,49.87
1777769424,4.69,10.50,5.50,17.13,45.29,16.50,47.46,15.94,49.88
1777769426,4.75,10.25,6.25,17.11,45.29,16.36,47.45,15.80,49.85
1777769428,4.75,10.00,5.75,17.49,45.33,16.43,47.48,15.87,49.85
1777769429,4.75,10.25,5.75,17.21,45.28,16.50,47.52,16.30,49.90
1777769431,4.69,10.50,5.75,17.26,45.26,16.51,47.50,15.92,49.83
1777769432,4.69,10.75,5.75,17.14,45.23,16.44,47.47,16.18,49.86
1777769434,4.69,10.50,5.75,17.37,45.27,16.47,47.48,15.89,49.82
1777769436,4.69,11.00,6.00,17.47,45.28,16.42,47.49,15.66,49.79
1777769437,4.69,10.50,6.00,17.15,45.22,16.44,47.49,16.29,49.91
1777769439,4.75,10.25,5.75,17.04,45.25,16.58,47.52,15.87,49.86
1777769440,4.69,10.50,6.25,17.25,45.28,16.47,47.49,15.90,49.86
1777769442,4.69,10.75,6.00,17.71,45.36,16.40,47.51,15.78,49.79
1777769444,4.69,10.75,6.00,17.54,45.36,16.49,47.53,16.33,49.87
1777769445,4.69,10.50,6.00,17.37,45.32,16.40,47.57,16.34,49.85
1777769447,4.69,10.50,6.00,17.18,45.31,16.52,47.63,16.25,49.85
1777769448,4.69,10.50,6.00,17.16,45.32,16.51,47.65,16.25,49.84
1777769450,4.69,10.50,6.00,17.13,45.33,16.60,47.69,16.08,49.83
1777769452,4.69,10.25,6.00,17.37,45.35,16.48,47.68,15.73,49.75
1777769453,4.63,10.25,6.25,17.48,45.37,16.40,47.68,16.27,49.80
1777769455,4.69,10.75,6.25,17.10,45.31,16.50,47.70,16.05,49.72
1777769457,4.69,10.25,5.25,17.15,45.28,16.47,47.70,15.94,49.68
1777769458,4.69,10.50,5.75,17.00,45.28,16.41,47.67,16.27,49.69
1777769460,4.69,10.00,6.25,17.25,45.29,16.46,47.62,15.83,49.62
1777769461,4.69,10.50,6.00,17.41,45.33,16.49,47.63,16.13,49.64
1777769463,4.69,10.50,5.75,17.30,45.31,16.57,47.65,16.25,49.64
1777769465,4.63,10.75,5.50,17.12,45.27,16.48,47.61,16.17,49.64
1777769466,4.63,10.50,6.00,17.13,45.26,16.48,47.61,16.24,49.63
1777769468,4.63,10.75,6.00,17.69,45.35,16.48,47.61,15.95,49.57
1777769469,4.69,10.00,5.50,17.48,45.33,16.49,47.62,16.11,49.56
1777769471,4.63,10.75,6.00,17.48,45.31,16.57,47.59,16.27,49.54
1777769473,4.69,10.25,6.25,17.27,45.27,16.55,47.56,15.94,49.44
1777769474,4.69,10.25,5.75,17.15,45.25,16.55,47.56,15.82,49.37
1777769476,4.75,10.75,6.25,17.19,45.27,16.53,47.53,15.87,49.37
1777769477,4.63,10.75,6.00,17.44,45.33,16.50,47.52,15.76,49.35
1777769479,4.69,10.75,6.00,17.45,45.33,16.55,47.56,16.05,49.36
1777769481,4.69,10.75,6.00,17.11,45.29,16.59,47.62,15.94,49.34
1777769482,4.63,10.50,6.00,17.27,45.32,16.51,47.63,15.58,49.30
1777769484,4.63,10.25,6.00,17.48,45.37,16.44,47.64,16.16,49.41
1777769485,4.63,10.75,6.00,17.43,45.35,16.59,47.68,15.77,49.36
1777769487,4.63,10.25,6.00,17.37,45.34,16.53,47.65,15.96,49.44
1777769489,4.56,11.00,6.00,17.14,45.29,16.54,47.65,16.17,49.46
1777769490,4.63,11.00,5.75,17.29,45.33,16.49,47.64,16.06,49.48
1777769492,4.75,10.50,6.00,17.25,45.31,16.43,47.65,15.59,49.39
1777769493,4.69,10.50,5.75,17.26,45.33,16.42,47.69,15.75,49.44
1777769495,4.63,10.75,5.75,17.16,45.29,16.43,47.73,16.37,49.54
1777769497,4.69,10.25,5.75,17.52,45.36,16.51,47.76,15.84,49.45
1777769498,4.69,10.75,6.00,17.15,45.32,16.54,47.82,16.35,49.54
1777769500,4.69,10.00,6.00,17.09,45.32,16.43,47.81,15.80,49.50
1777769502,4.69,10.50,6.25,17.49,45.39,16.47,47.80,16.19,49.57
1777769503,4.63,10.50,6.00,17.26,45.37,16.40,47.80,16.29,49.59
1777769505,4.63,10.50,6.00,17.37,45.38,16.40,47.78,16.01,49.50
1777769506,4.69,10.50,6.00,17.12,45.34,16.54,47.81,15.97,49.51
1777769508,4.69,10.75,6.25,17.13,45.35,16.44,47.79,16.03,49.58
1777769510,4.75,10.50,6.25,17.47,45.39,16.47,47.82,15.77,49.55
1777769511,4.75,10.75,5.75,17.50,45.39,16.42,47.80,16.31,49.67
1777769513,4.69,10.75,5.75,17.11,45.32,16.55,47.82,15.81,49.63
1777769514,4.69,10.50,6.00,17.32,45.35,16.47,47.81,15.93,49.68
1777769516,4.69,10.50,6.00,17.21,45.33,16.55,47.84,15.86,49.71
1777769518,4.69,10.75,5.75,17.34,45.34,16.43,47.83,15.90,49.75
1777769519,4.63,10.50,6.00,17.52,45.36,16.39,47.80,15.81,49.75
1777769521,4.69,10.50,6.00,17.30,45.34,16.44,47.80,15.77,49.77
1777769522,4.69,10.75,5.75,17.15,45.36,16.44,47.77,16.26,49.86
1777769524,4.69,10.25,6.25,17.27,45.37,16.44,47.78,15.79,49.76
1777769526,4.63,10.75,5.50,17.44,45.41,16.55,47.83,15.84,49.74
1777769527,4.63,10.25,5.50,17.40,45.38,16.40,47.77,15.84,49.72
1777769529,4.63,10.75,6.00,17.52,45.43,16.58,47.83,16.27,49.77
1777769530,4.69,10.50,6.25,17.03,45.34,16.52,47.79,15.74,49.62
1777769532,4.63,10.75,6.00,17.11,45.33,16.54,47.77,15.77,49.56
1777769534,4.63,10.50,5.75,17.14,45.33,16.44,47.73,15.75,49.55
1777769535,4.69,10.75,6.25,17.18,45.35,16.45,47.73,15.80,49.55
1777769537,4.63,10.50,5.75,17.25,45.34,16.46,47.73,16.60,49.67
1777769538,4.63,10.75,5.75,17.37,45.39,16.40,47.74,16.07,49.60
1777769540,4.56,11.00,6.25,17.35,45.40,16.51,47.77,16.16,49.62
1777769542,4.56,10.75,6.00,17.09,45.38,16.40,47.77,15.77,49.57
1777769543,4.63,10.25,6.00,17.11,45.37,16.49,47.78,15.56,49.52
1777769545,4.56,10.25,5.50,17.23,45.40,16.49,47.80,15.80,49.56
1777769547,4.56,10.75,5.50,17.34,45.40,16.46,47.85,15.75,49.55
1777769548,4.56,10.50,6.25,17.36,45.41,16.47,47.86,15.98,49.59
1777769550,4.56,10.25,5.75,17.24,45.40,16.47,47.84,16.16,49.63
1777769551,4.63,11.00,5.75,17.08,45.35,16.46,47.83,15.92,49.58
1777769553,4.56,10.50,5.75,17.11,45.36,16.44,47.82,15.78,49.56
1777769555,4.56,10.75,5.75,17.19,45.38,16.59,47.79,15.48,49.50
1777769556,4.63,10.25,6.00,17.27,45.39,16.33,47.74,16.03,49.60
1777769558,4.63,10.50,5.75,17.18,45.39,16.42,47.74,15.80,49.61
1777769559,4.63,10.50,5.75,17.34,45.40,16.61,47.77,15.96,49.68
1777769561,4.63,10.50,6.00,17.15,45.39,16.49,47.74,16.01,49.70
1777769563,4.63,10.75,5.75,17.15,45.39,16.44,47.73,16.34,49.72
1777769564,4.63,10.75,6.00,17.15,45.43,16.58,47.77,15.58,49.58
1777769566,4.63,10.25,5.50,17.09,45.41,16.53,47.76,15.77,49.63
1777769567,4.63,10.50,6.25,17.23,45.43,16.43,47.72,15.45,49.52
1777769569,4.56,10.25,6.25,17.36,45.48,16.56,47.73,16.29,49.66
1777769571,4.63,11.00,5.75,17.09,45.44,16.50,47.71,15.78,49.56
1777769572,4.56,10.50,6.00,17.18,45.49,16.67,47.72,16.20,49.64
1777769574,4.56,10.75,5.75,17.14,45.48,16.48,47.64,16.05,49.61
1777769575,4.63,10.75,6.00,17.39,45.51,16.51,47.61,15.69,49.53
1777769577,4.56,11.00,6.00,17.23,45.46,16.53,47.59,15.41,49.45
1777769579,4.63,10.25,6.00,17.34,45.44,16.48,47.55,16.29,49.55
1777769580,4.63,10.50,6.25,17.05,45.40,16.54,47.57,15.84,49.45
1777769582,4.56,11.25,6.25,17.09,45.40,16.58,47.56,15.68,49.43
1777769583,4.56,10.50,6.25,17.55,45.48,16.55,47.57,15.78,49.51
1777769585,4.56,10.75,5.75,17.19,45.43,16.44,47.53,15.54,49.50
1777769587,4.56,11.00,6.25,17.42,45.47,16.56,47.56,16.29,49.62
1777769588,4.63,10.75,6.00,17.09,45.42,16.51,47.53,15.88,49.56
1777769590,4.63,11.00,6.00,17.05,45.41,16.50,47.53,15.84,49.53
1777769591,4.56,10.00,5.50,17.05,45.41,16.52,47.53,15.86,49.54
1777769593,4.63,11.00,5.75,17.30,45.45,16.50,47.52,15.89,49.56
1777769595,4.56,11.00,6.00,17.27,45.47,16.51,47.53,16.22,49.64
1777769596,4.63,11.00,6.00,17.34,45.49,16.56,47.54,16.23,49.68
1777769598,4.69,10.75,5.50,17.13,45.47,16.53,47.53,15.56,49.59
1777769600,4.63,11.00,5.50,17.16,45.47,16.44,47.50,15.48,49.62
1777769601,4.69,11.00,6.25,17.28,45.49,16.67,47.54,15.72,49.66
1777769603,4.69,10.75,6.00,17.55,45.52,16.49,47.52,15.58,49.66
1777769604,4.63,10.25,6.00,17.69,45.52,16.57,47.53,15.80,49.71
1777769606,4.69,10.50,6.00,17.28,45.45,16.59,47.56,16.29,49.81
1777769608,4.69,10.50,5.75,17.19,45.42,16.53,47.55,15.85,49.74
1777769609,4.69,10.50,6.00,17.53,45.49,16.50,47.54,15.94,49.76
1777769611,4.63,10.50,6.00,17.17,45.42,16.55,47.55,16.12,49.77
1777769612,4.63,10.75,6.00,17.47,45.46,16.59,47.57,15.73,49.68
1777769614,4.63,10.75,6.00,17.05,45.39,16.55,47.56,15.42,49.56
1777769616,4.63,11.00,6.25,17.11,45.41,16.55,47.53,16.05,49.63
1777769617,4.69,10.50,6.00,17.18,45.42,16.59,47.58,16.05,49.60
1777769619,4.69,11.00,5.75,17.42,45.46,16.54,47.58,15.87,49.57
1777769620,4.63,11.00,5.75,17.09,45.40,16.51,47.55,15.90,49.58
1777769622,4.69,11.00,6.25,17.13,45.42,16.51,47.54,15.73,49.54
1777769624,4.63,10.75,5.75,17.18,45.42,16.65,47.55,16.05,49.56
1777769625,4.69,10.75,6.25,17.31,45.46,16.54,47.55,16.08,49.54
1777769627,4.63,10.50,6.00,17.26,45.47,16.51,47.58,15.84,49.53
1777769628,4.63,10.75,5.75,17.15,45.48,16.55,47.62,16.22,49.59
1777769630,4.69,10.75,6.00,17.16,45.49,16.56,47.66,15.34,49.47
1777769632,4.63,11.00,6.00,17.23,45.51,16.51,47.65,15.37,49.50
1777769633,4.69,10.75,6.00,17.15,45.51,16.66,47.70,16.04,49.66
1777769635,4.63,11.00,6.25,17.43,45.56,16.50,47.69,16.16,49.70
1777769636,4.63,11.00,5.75,17.51,45.58,16.50,47.68,15.98,49.67
1777769638,4.63,10.25,5.75,17.14,45.49,16.63,47.73,15.32,49.57
1777769640,4.63,10.75,5.75,17.24,45.53,16.50,47.73,15.77,49.65
1777769641,4.63,10.75,6.00,17.11,45.49,16.47,47.72,15.88,49.68
1777769643,4.69,10.50,6.00,17.19,45.52,16.34,47.66,16.18,49.78
1777769645,4.63,10.75,6.00,17.42,45.58,16.41,47.64,16.76,49.86
1777769646,4.63,10.50,6.25,17.21,45.54,16.53,47.65,15.54,49.70
1777769648,4.69,11.00,5.75,17.13,45.50,16.51,47.65,15.83,49.76
1777769649,4.69,10.25,6.00,17.16,45.49,16.48,47.67,15.55,49.70
1777769651,4.69,10.00,5.75,17.24,45.51,16.51,47.66,15.74,49.73
1777769653,4.63,10.75,5.50,17.08,45.46,16.48,47.66,16.15,49.79
1777769654,4.63,10.25,6.00,17.40,45.49,16.45,47.64,16.31,49.77
1777769656,4.69,10.00,6.00,17.15,45.49,16.59,47.63,15.87,49.66
1777769657,4.63,10.50,6.25,17.40,45.52,16.55,47.61,16.03,49.67
1777769659,4.63,10.50,5.75,17.20,45.51,16.59,47.63,16.06,49.65
1777769661,4.63,10.50,6.00,17.48,45.54,16.58,47.63,15.77,49.61
1777769662,4.63,10.50,5.50,17.45,45.51,16.55,47.65,15.87,49.64
1777769664,4.63,10.75,6.00,17.34,45.50,16.53,47.64,15.39,49.55
1777769665,4.56,10.50,5.25,17.06,45.46,16.54,47.61,15.86,49.63
1777769667,4.69,11.25,6.00,17.17,45.46,16.55,47.61,15.71,49.62
1777769669,4.63,11.00,5.75,17.56,45.53,16.57,47.62,16.08,49.67
1777769670,4.69,11.00,6.00,17.48,45.50,16.52,47.58,15.81,49.62
1777769672,4.63,10.75,6.25,17.26,45.47,16.52,47.60,16.27,49.69
1777769673,4.69,11.00,6.25,17.37,45.49,16.51,47.59,15.66,49.57
1777769675,4.69,10.50,6.25,16.97,45.45,16.50,47.61,15.86,49.66
1777769677,4.63,11.00,6.00,17.04,45.45,16.55,47.62,15.72,49.64
1777769678,4.69,10.75,6.25,17.29,45.49,16.38,47.56,15.84,49.69
1777769680,4.69,11.00,6.00,17.31,45.50,16.52,47.57,16.03,49.73
1777769681,4.69,10.75,6.25,17.19,45.50,16.51,47.57,15.77,49.68
1777769683,4.69,10.75,6.00,17.10,45.49,16.55,47.53,15.87,49.70
1777769685,4.63,10.75,5.75,17.16,45.49,16.55,47.52,15.96,49.71
1777769686,4.69,10.25,5.75,17.14,45.48,16.57,47.53,16.14,49.71
1777769688,4.69,10.75,6.00,17.48,45.50,16.46,47.52,16.21,49.72
1777769690,4.69,10.25,6.50,17.16,45.44,16.57,47.54,15.74,49.63
1777769691,4.69,11.00,6.25,17.12,45.43,16.42,47.51,16.33,49.74
1777769693,4.69,10.00,6.00,17.09,45.42,16.54,47.54,15.99,49.70
1777769694,4.69,10.75,5.75,17.58,45.49,16.52,47.57,15.84,49.69
1777769696,4.69,10.75,6.00,17.35,45.49,16.48,47.58,16.06,49.74
1777769698,4.69,11.25,6.25,17.07,45.45,16.60,47.60,15.72,49.70
1777769699,4.63,11.00,6.25,17.19,45.47,16.48,47.59,15.81,49.73
1777769701,4.63,10.75,6.25,17.10,45.47,16.56,47.63,15.88,49.74
1777769702,4.63,10.25,6.25,17.47,45.53,16.50,47.62,16.24,49.80
1777769704,4.63,10.75,6.00,17.31,45.51,16.55,47.65,15.74,49.73
1777769706,4.63,11.25,6.25,17.44,45.53,16.67,47.73,15.68,49.76
1777769707,4.63,11.25,6.00,17.13,45.47,16.47,47.71,15.70,49.81
1777769709,4.69,10.75,6.25,17.43,45.53,16.60,47.73,15.77,49.83
1777769710,4.63,10.50,6.25,17.64,45.55,16.40,47.68,15.58,49.82
1777769712,4.63,10.75,5.75,17.35,45.52,16.55,47.73,15.80,49.89
1777769714,4.63,11.00,6.25,17.37,45.49,16.63,47.74,15.29,49.86
1777769715,4.63,10.75,6.00,17.11,45.46,16.51,47.73,15.69,49.99
1777769717,4.63,11.00,6.25,17.18,45.46,16.55,47.73,16.13,50.06
1777769718,4.69,11.00,6.25,17.18,45.47,16.61,47.72,16.43,50.09
1777769720,4.63,11.00,5.75,17.43,45.51,16.48,47.71,15.78,49.92
1777769722,4.69,10.50,5.75,17.49,45.53,16.58,47.73,15.71,49.87
1777769723,4.63,10.75,5.75,17.10,45.46,16.42,47.69,16.26,49.92
1777769725,4.63,10.75,6.00,17.05,45.46,16.51,47.69,15.83,49.83
1777769726,4.63,10.50,5.75,17.20,45.52,16.49,47.66,15.97,49.86
1777769728,4.63,10.75,6.25,17.19,45.50,16.58,47.64,15.69,49.78
1777769730,4.69,10.75,6.00,17.49,45.56,16.53,47.65,15.81,49.80
1777769731,4.63,10.50,6.00,17.23,45.52,16.58,47.63,15.75,49.77
1777769733,4.63,11.00,6.00,17.40,45.54,16.59,47.60,16.27,49.85
1777769734,4.63,10.75,5.50,17.13,45.47,16.48,47.55,15.95,49.80
1777769736,4.63,10.25,6.25,17.22,45.46,16.49,47.53,16.15,49.84
1777769738,4.63,10.50,5.75,17.44,45.50,16.51,47.51,15.78,49.79
1777769739,4.69,10.50,5.50,17.18,45.46,16.47,47.52,16.01,49.85
1777769741,4.63,10.75,5.75,17.13,45.44,16.48,47.55,16.05,49.88
1777769743,4.63,10.75,5.75,17.31,45.45,16.50,47.58,15.26,49.78
1777769744,4.63,10.50,5.75,17.25,45.43,16.56,47.64,15.82,49.87
1777769746,4.63,11.00,6.00,17.14,45.41,16.58,47.67,15.90,49.89
1777769747,4.63,11.00,5.75,17.30,45.44,16.52,47.68,15.87,49.89
1777769749,4.63,10.75,5.50,17.31,45.47,16.42,47.65,15.74,49.86
1777769751,4.63,10.75,6.00,17.28,45.45,16.53,47.66,15.26,49.76
1777769752,4.63,11.00,6.25,17.09,45.41,16.56,47.64,16.20,49.90
1777769754,4.63,10.75,6.25,17.17,45.42,16.53,47.68,15.62,49.79
1777769755,4.63,11.00,6.00,17.03,45.40,16.55,47.72,15.49,49.83
1777769757,4.56,10.75,5.75,17.43,45.45,16.59,47.73,15.81,49.92
1777769759,4.56,11.00,5.50,17.48,45.46,16.59,47.73,16.16,49.97
1777769760,4.56,10.25,5.50,17.19,45.43,16.51,47.68,15.22,49.77
1777769762,4.63,10.75,6.25,17.15,45.44,16.48,47.64,15.42,49.79
1777769763,4.56,11.00,6.25,17.16,45.46,16.55,47.64,15.51,49.79
1777769765,4.63,10.50,5.75,17.30,45.46,16.55,47.63,15.69,49.80
1777769767,4.63,11.00,5.50,17.22,45.45,16.45,47.62,15.62,49.79
1777769768,4.63,10.75,6.00,17.28,45.44,16.51,47.61,16.04,49.84
1777769770,4.63,11.00,6.25,17.27,45.43,16.54,47.61,15.99,49.87
1777769771,4.63,11.00,6.25,17.13,45.39,16.54,47.60,15.48,49.79
1777769773,4.69,11.00,6.00,17.15,45.38,16.54,47.61,15.64,49.80
1777769775,4.69,11.00,5.75,17.16,45.39,16.51,47.61,15.70,49.82
1777769776,4.63,10.75,5.25,17.26,45.40,16.52,47.63,15.77,49.87
1777769778,4.63,10.75,6.00,17.41,45.44,16.59,47.65,15.60,49.86
1777769779,4.63,10.75,5.25,17.13,45.41,16.57,47.65,15.99,49.96
1777769781,4.56,10.25,5.75,17.20,45.42,16.52,47.65,15.64,49.90
1777769783,4.63,10.50,5.75,17.28,45.44,16.59,47.64,15.94,49.96
1777769784,4.69,10.50,5.25,17.30,45.44,16.55,47.62,15.47,49.86
1777769786,4.69,10.25,5.50,17.58,45.47,16.51,47.62,15.85,49.94
1777769788,4.69,10.50,6.25,17.30,45.44,16.51,47.62,15.79,49.95
1777769789,4.63,10.50,6.00,17.39,45.47,16.55,47.64,15.99,50.02
1777769791,4.63,10.75,5.75,17.13,45.40,16.55,47.69,15.84,50.01
1777769792,4.63,10.50,6.00,17.16,45.40,16.65,47.73,15.51,49.97
1777769794,4.63,10.25,6.00,17.45,45.45,16.47,47.70,15.69,50.00
1777769796,4.63,10.50,6.25,17.12,45.40,16.48,47.70,15.86,50.04
1777769797,4.63,10.50,5.75,17.14,45.41,16.51,47.67,15.87,50.02
1777769799,4.56,10.00,6.00,17.23,45.41,16.52,47.67,15.86,50.03
1777769800,4.56,11.00,6.00,17.17,45.40,16.53,47.67,15.74,50.02
1777769802,4.56,10.00,5.75,17.62,45.46,16.47,47.68,15.90,50.06
1777769804,4.56,10.50,5.75,17.41,45.42,16.44,47.65,15.73,50.02
1777769805,4.56,11.25,6.25,17.30,45.38,16.45,47.64,15.95,50.06
1777769807,4.63,10.50,6.00,17.09,45.37,16.53,47.62,15.75,50.03
1777769808,4.56,10.50,6.00,17.23,45.38,16.51,47.61,15.67,50.00
1777769810,4.63,11.00,6.25,17.21,45.38,16.57,47.64,15.97,50.02
1777769812,4.56,10.75,6.25,17.30,45.39,16.50,47.62,15.59,49.97
1777769813,4.56,10.50,5.75,17.15,45.38,16.48,47.64,16.03,50.04
1777769815,4.56,10.75,6.25,17.10,45.38,16.56,47.66,15.67,49.95
1777769816,4.56,11.00,5.50,17.04,45.38,16.51,47.68,15.74,49.98
1777769818,4.56,10.50,6.25,17.45,45.42,16.59,47.71,15.31,49.91
1777769820,4.63,10.25,6.25,17.35,45.41,16.36,47.63,15.87,50.02
1777769821,4.63,11.00,5.75,17.55,45.43,16.60,47.65,15.98,50.05
1777769823,4.56,10.75,6.25,17.10,45.37,16.55,47.63,15.50,49.98
1777769824,4.56,10.75,5.25,17.16,45.38,16.58,47.66,15.92,50.06
1777769826,4.56,11.25,6.00,17.25,45.42,16.56,47.63,15.67,50.01
1777769828,4.63,10.75,5.50,17.12,45.40,16.56,47.61,15.91,50.02
1777769829,4.63,10.75,6.25,17.40,45.45,16.61,47.62,15.69,49.97
1777769831,4.63,10.25,5.50,17.23,45.43,16.62,47.58,15.49,49.93
1777769832,4.69,10.75,5.75,17.24,45.43,16.66,47.57,15.51,49.93
1777769834,4.69,10.75,5.75,17.27,45.43,16.55,47.53,15.88,50.00
1777769836,4.75,10.75,5.75,17.02,45.38,16.62,47.56,15.93,50.01
1777769837,4.69,10.75,5.75,17.28,45.43,16.66,47.56,15.55,49.96
1777769839,4.69,10.75,5.75,17.07,45.38,16.54,47.50,15.97,50.07
1777769841,4.69,11.00,6.00,17.40,45.45,16.62,47.49,16.00,50.10
1777769842,4.69,10.75,6.00,17.34,45.43,16.66,47.48,16.01,50.14
1777769844,4.69,10.50,6.00,17.09,45.39,16.59,47.49,15.76,50.11
1777769845,4.69,10.75,6.00,17.20,45.39,16.58,47.52,15.45,50.07
1777769847,4.63,10.25,6.25,17.23,45.39,16.66,47.55,15.98,50.16
1777769849,4.63,10.75,6.00,17.26,45.40,16.64,47.56,15.82,50.14
1777769850,4.63,10.75,5.50,17.43,45.42,16.59,47.56,15.39,50.10
1777769852,4.69,10.75,6.00,17.12,45.36,16.60,47.55,15.90,50.23
1777769853,4.63,11.00,5.75,17.14,45.39,16.55,47.56,15.73,50.20
1777769855,4.63,11.00,6.00,17.08,45.38,16.55,47.54,15.61,50.18
1777769857,4.69,11.00,5.75,17.29,45.44,16.51,47.53,15.97,50.19
1777769858,4.69,11.00,6.00,17.41,45.46,16.63,47.55,15.76,50.15
1777769860,4.63,11.00,5.75,17.21,45.43,16.58,47.54,15.69,50.11
1777769861,4.63,10.75,5.25,17.52,45.47,16.53,47.51,15.52,50.03
1777769863,4.63,10.50,6.00,17.37,45.43,16.55,47.52,15.80,50.04
1777769865,4.63,10.25,6.00,17.46,45.43,16.47,47.51,15.76,49.98
1777769866,4.63,11.00,5.50,17.46,45.48,16.60,47.56,15.80,49.98
1777769868,4.63,10.50,6.00,17.03,45.40,16.61,47.53,15.26,49.91
1777769869,4.63,10.50,5.75,17.26,45.44,16.70,47.56,15.66,49.97
1777769871,4.63,10.75,6.25,17.59,45.47,16.56,47.55,15.62,49.97
1777769873,4.63,10.50,6.00,17.41,45.47,16.57,47.59,16.00,50.04
1777769874,4.63,10.50,6.00,17.14,45.41,16.55,47.58,15.69,50.02
1777769876,4.63,10.25,6.00,17.23,45.45,16.52,47.59,15.72,50.03
1777769877,4.63,10.25,5.50,17.11,45.42,16.56,47.61,15.65,50.03
1777769879,4.63,10.50,5.75,17.23,45.44,16.56,47.62,15.37,49.98
1777769881,4.63,10.50,5.75,17.29,45.44,16.55,47.60,15.85,50.02
1777769882,4.63,10.25,6.00,17.08,45.40,16.50,47.55,15.72,49.98
1777769884,4.63,10.75,6.00,17.13,45.41,16.61,47.53,15.58,49.92
1777769886,4.56,10.25,5.75,17.40,45.43,16.55,47.51,16.05,49.98
1777769887,4.63,10.50,6.25,17.56,45.44,16.52,47.50,16.05,49.94
1777769889,4.63,10.50,6.00,17.36,45.40,16.55,47.49,16.13,49.95
1777769890,4.63,10.50,5.75,17.12,45.34,16.54,47.50,15.70,49.90
1777769892,4.63,10.25,6.00,17.27,45.34,16.50,47.50,15.99,49.97
1777769894,4.63,10.50,5.50,17.32,45.34,16.54,47.51,15.84,49.99
1777769895,4.63,10.50,6.25,17.41,45.36,16.52,47.54,15.99,50.04
1777769897,4.63,10.25,5.75,17.13,45.31,16.62,47.56,15.78,50.03
1777769898,4.56,10.75,6.25,17.29,45.32,16.61,47.53,15.70,50.02
1777769900,4.63,10.25,5.75,17.11,45.29,16.46,47.47,15.49,49.98
1777769902,4.56,10.50,5.75,17.47,45.35,16.60,47.47,15.60,50.04
1777769903,4.56,10.75,5.75,17.56,45.39,16.47,47.45,15.95,50.12
1777769905,4.63,11.00,6.00,17.38,45.35,16.61,47.46,15.41,50.00
1777769906,4.63,10.25,5.50,17.10,45.32,16.66,47.47,15.73,50.01
1777769908,4.63,9.75,5.75,17.12,45.35,16.55,47.45,15.51,49.96
1777769910,4.56,10.25,5.75,17.24,45.37,16.54,47.46,15.45,49.94
1777769911,4.63,10.50,5.75,17.37,45.39,16.60,47.50,15.79,50.04
1777769913,4.56,10.50,5.75,17.26,45.37,16.52,47.48,16.17,50.16
1777769914,4.63,10.50,6.00,17.00,45.33,16.56,47.47,15.73,50.13
1777769916,4.63,10.50,5.75,17.19,45.36,16.55,47.45,15.78,50.12
1777769918,4.63,9.75,6.00,17.49,45.42,16.54,47.46,15.77,50.15
1777769919,4.63,10.50,6.00,17.29,45.39,16.53,47.48,15.90,50.23
1777769921,4.63,10.50,6.00,17.19,45.37,16.34,47.47,16.07,50.27
1777769922,4.63,10.00,6.00,17.37,45.38,16.50,47.48,15.73,50.24
1777769924,4.63,10.50,6.00,17.51,45.43,16.60,47.46,15.73,50.25
1777769926,4.63,10.75,5.75,17.13,45.37,16.57,47.43,15.64,50.21
1777769927,4.63,10.75,5.75,16.98,45.34,16.62,47.43,16.01,50.25
1777769929,4.63,10.75,5.25,17.40,45.42,16.43,47.41,15.62,50.17
1777769930,4.63,10.75,5.50,17.24,45.38,16.57,47.45,16.21,50.27
1777769932,4.63,10.50,6.00,17.16,45.38,16.56,47.46,16.02,50.26
1777769934,4.63,10.25,5.75,17.16,45.37,16.54,47.48,15.64,50.17
1777769935,4.63,10.50,5.75,17.23,45.37,16.52,47.48,16.89,50.36
1777769937,4.63,10.75,5.50,17.47,45.41,16.48,47.46,16.05,50.20
1777769939,4.63,10.50,6.00,17.39,45.40,16.51,47.49,15.98,50.15
1777769940,4.56,10.25,5.75,17.09,45.35,16.55,47.50,15.77,50.08
1777769942,4.56,10.25,5.75,17.16,45.37,16.56,47.49,16.08,50.07
1777769943,4.56,10.00,5.50,17.25,45.39,16.50,47.46,15.63,49.97
1777769945,4.63,10.50,5.50,17.20,45.39,16.57,47.52,15.94,49.99
1777769947,4.56,10.50,5.75,17.45,45.44,16.50,47.55,16.26,50.06
1777769948,4.56,10.50,6.00,17.21,45.44,16.58,47.57,15.69,49.95
1777769950,4.56,10.75,6.00,17.31,45.46,16.59,47.58,16.00,50.02
1777769951,4.56,10.50,5.75,17.30,45.44,16.67,47.58,15.95,49.97
1777769953,4.56,10.25,5.50,17.20,45.42,16.57,47.59,15.87,49.93
1777769955,4.56,10.75,6.00,17.34,45.44,16.44,47.53,15.76,49.90
1777769956,4.56,10.50,6.00,17.10,45.40,16.52,47.54,16.00,49.98
1777769958,4.56,10.50,6.00,17.16,45.40,16.56,47.50,15.63,49.95
1777769959,4.56,10.75,5.75,17.24,45.46,16.51,47.50,16.01,50.04
1777769961,4.56,10.00,6.00,17.15,45.43,16.50,47.51,15.77,50.04
1777769963,4.56,10.50,6.00,17.03,45.43,16.59,47.53,15.96,50.09
1777769964,4.63,10.25,5.75,17.31,45.46,16.55,47.52,15.80,50.06
1777769966,4.56,10.75,5.50,17.36,45.48,16.51,47.52,16.04,50.08
1777769967,4.56,11.00,6.00,17.30,45.47,16.56,47.54,15.98,50.05
1777769969,4.56,10.50,5.75,17.23,45.46,16.50,47.58,15.79,50.02
1777769971,4.56,10.75,6.00,17.35,45.49,16.59,47.62,16.05,50.08
1777769972,4.56,10.50,6.25,17.13,45.44,16.52,47.60,15.61,50.06
1777769974,4.56,10.75,6.00,17.10,45.45,16.49,47.60,15.69,50.09
1777769975,4.63,10.25,6.00,17.52,45.53,16.55,47.62,16.05,50.17
1777769977,4.56,10.50,6.00,17.13,45.47,16.57,47.66,16.30,50.24
1777769979,4.63,10.25,5.75,17.42,45.55,16.56,47.69,16.29,50.27
1777769980,4.63,10.25,5.75,17.17,45.50,16.51,47.68,16.29,50.33
1777769982,4.63,10.25,6.00,17.10,45.50,16.59,47.67,16.07,50.32
1777769984,4.63,10.50,6.00,17.15,45.51,16.50,47.64,15.98,50.29
1777769985,4.63,10.50,6.00,17.16,45.52,16.70,47.68,15.72,50.25
1777769987,4.63,10.75,6.25,17.41,45.57,16.64,47.64,15.71,50.23
1777769988,4.63,10.50,6.00,17.21,45.57,16.56,47.63,16.27,50.33
1777769990,4.63,10.75,6.00,17.19,45.56,16.52,47.61,16.29,50.32
1777769992,4.63,10.25,6.00,17.13,45.56,16.51,47.59,15.85,50.21
1777769993,4.63,10.50,6.00,17.11,45.54,16.54,47.60,15.89,50.20
1777769995,4.63,10.25,5.75,17.58,45.61,16.57,47.59,16.01,50.21
1777769996,4.63,11.00,6.00,17.24,45.52,16.49,47.59,16.23,50.25
1777769998,4.63,11.00,6.00,17.13,45.48,16.45,47.57,15.72,50.15
1777770000,4.56,10.75,6.00,17.25,45.49,16.50,47.54,16.27,50.24
1777770001,4.63,10.75,6.00,17.19,45.47,16.57,47.57,15.89,50.13
1777770003,4.56,10.75,6.00,17.10,45.44,16.55,47.59,15.98,50.14
1777770004,4.63,10.75,6.00,17.22,45.47,16.53,47.58,15.64,50.08
1777770006,4.63,10.50,6.25,17.27,45.46,16.53,47.61,15.34,50.01
1777770008,4.63,10.50,6.00,17.04,45.42,16.52,47.64,16.21,50.18
1777770009,4.63,10.75,6.25,17.07,45.44,16.49,47.64,15.80,50.12
1777770011,4.63,10.75,6.00,17.26,45.46,16.51,47.64,15.78,50.11
1777770012,4.69,10.50,5.75,17.26,45.47,16.49,47.65,16.25,50.18
1777770014,4.63,10.50,5.75,17.34,45.49,16.37,47.62,16.33,50.18
1777770016,4.63,10.25,6.25,17.25,45.50,16.52,47.67,15.86,50.08
1777770017,4.63,10.25,5.75,17.07,45.48,16.53,47.66,15.80,50.07
1777770019,4.63,10.75,6.25,17.17,45.51,16.46,47.66,15.90,50.10
1777770020,4.69,10.25,6.00,17.23,45.52,16.52,47.66,16.11,50.13
1777770022,4.69,10.75,6.25,17.31,45.54,16.48,47.66,15.70,50.07
1777770024,4.63,10.50,6.00,17.08,45.48,16.66,47.69,15.87,50.08
1777770025,4.69,10.25,6.25,17.29,45.56,16.48,47.64,15.37,49.94
1777770027,4.69,10.75,5.75,17.10,45.54,16.50,47.64,15.91,49.96
1777770028,4.63,10.00,6.25,17.27,45.57,16.59,47.68,16.23,49.98
1777770030,4.63,10.50,5.75,17.27,45.59,16.58,47.68,15.77,49.90
1777770032,4.69,10.00,6.00,17.11,45.56,16.54,47.70,16.24,49.98
1777770033,4.63,10.25,5.50,17.02,45.56,16.55,47.71,15.79,49.92
1777770035,4.63,10.50,5.75,17.16,45.60,16.51,47.71,16.37,50.05
1777770037,4.63,10.50,5.75,17.13,45.59,16.51,47.73,16.05,50.02
1777770038,4.63,10.50,5.75,17.13,45.61,16.53,47.73,15.81,49.97
1777770040,4.69,10.50,5.50,17.27,45.63,16.51,47.70,16.23,50.05
1777770041,4.63,10.75,5.75,17.10,45.60,16.62,47.76,15.89,49.97
1777770043,4.63,10.00,6.25,17.31,45.62,16.54,47.73,15.76,49.96
1777770045,4.69,10.75,6.00,17.13,45.58,16.54,47.73,15.82,49.96
1777770046,4.56,10.50,6.25,17.09,45.57,16.55,47.73,15.76,49.94
1777770048,4.63,10.50,6.00,17.45,45.64,16.42,47.69,16.16,50.00
1777770049,4.63,10.75,6.00,17.20,45.60,16.48,47.66,15.78,49.95
1777770051,4.69,10.50,5.75,17.22,45.60,16.51,47.64,16.24,50.01
1777770053,4.63,10.75,5.75,17.09,45.60,16.48,47.63,15.82,49.94
1777770054,4.63,11.00,6.25,17.21,45.62,16.59,47.64,15.84,49.94
1777770056,4.69,11.00,5.50,17.39,45.65,16.61,47.60,15.78,49.92
1777770057,4.63,10.75,6.00,16.91,45.55,16.70,47.58,15.81,49.85
1777770059,4.69,10.50,6.25,17.37,45.59,16.60,47.53,16.24,49.86
1777770061,4.69,11.00,6.25,17.04,45.53,16.65,47.50,15.73,49.71
1777770062,4.69,10.25,6.00,17.08,45.53,16.60,47.47,15.82,49.65
1777770064,4.69,10.75,6.00,17.26,45.57,16.58,47.44,15.76,49.59
1777770065,4.69,10.75,6.25,17.02,45.54,16.58,47.42,15.77,49.57
1777770067,4.69,10.50,6.00,17.21,45.60,16.62,47.42,16.09,49.63
1777770069,4.75,10.75,6.25,17.45,45.62,16.51,47.42,15.85,49.59
1777770070,4.69,11.00,6.00,17.13,45.60,16.49,47.41,15.83,49.67
1777770072,4.75,10.50,6.00,17.39,45.63,16.51,47.43,15.80,49.75
1777770073,4.75,10.75,6.25,16.98,45.57,16.62,47.44,16.19,49.85
1777770075,4.75,10.25,6.00,16.98,45.55,16.55,47.47,15.60,49.80
1777770077,4.75,9.75,6.00,17.43,45.62,16.59,47.49,15.80,49.87
1777770078,4.75,10.75,5.75,17.43,45.65,16.50,47.47,15.90,49.94
1777770080,4.75,10.50,6.25,17.38,45.64,16.66,47.49,15.73,49.96
1777770082,4.75,10.75,6.25,17.22,45.60,16.70,47.49,16.19,50.03
1777770083,4.75,10.50,6.00,17.01,45.57,16.54,47.48,15.87,49.97
1777770085,4.75,11.00,6.25,17.12,45.58,16.55,47.51,15.83,49.95
1777770086,4.75,11.00,6.00,17.37,45.60,16.56,47.52,16.09,49.94
1777770088,4.75,10.75,5.75,17.10,45.55,16.54,47.48,15.58,49.80
1777770090,4.75,10.25,6.00,17.06,45.55,16.59,47.45,15.81,49.77
1777770091,4.75,10.25,6.00,17.13,45.55,16.62,47.45,15.75,49.70
1777770093,4.75,11.25,5.50,17.02,45.50,16.55,47.43,15.75,49.65
1777770094,4.75,11.25,6.25,17.17,45.52,16.63,47.43,15.60,49.56
1777770096,4.75,10.50,5.75,17.31,45.53,16.59,47.42,16.34,49.65
1777770098,4.69,10.25,6.00,17.29,45.49,16.59,47.41,15.76,49.56
1777770099,4.75,10.50,5.75,17.26,45.47,16.59,47.37,16.29,49.63
1777770101,4.75,10.50,6.00,17.34,45.48,16.65,47.37,15.63,49.50
1777770102,4.69,10.50,5.75,17.45,45.47,16.62,47.35,15.90,49.56
1777770104,4.69,10.75,5.75,17.08,45.40,16.69,47.38,15.82,49.56
1777770106,4.69,10.75,6.25,17.09,45.41,16.62,47.37,15.53,49.49
1777770107,4.63,10.50,6.25,17.44,45.48,16.67,47.37,16.01,49.59
1777770109,4.69,10.75,6.00,17.20,45.46,16.62,47.35,15.37,49.52
1777770110,4.69,10.00,5.00,17.27,45.48,16.55,47.29,15.42,49.63
1777770112,4.69,10.00,6.00,17.07,45.46,16.55,47.28,16.33,49.86
1777770114,4.69,10.50,6.00,16.97,45.42,16.61,47.30,15.93,49.82
1777770115,4.69,10.25,5.75,17.22,45.47,16.51,47.29,15.96,49.85
1777770117,4.63,10.50,5.75,17.26,45.47,16.58,47.34,15.70,49.79
1777770118,4.63,10.50,5.75,16.94,45.40,16.52,47.35,15.50,49.79
1777770120,4.69,10.25,6.00,17.13,45.45,16.54,47.37,15.30,49.74
1777770122,4.63,10.50,6.25,17.12,45.46,16.48,47.37,16.04,49.85
1777770123,4.69,10.75,6.25,17.15,45.47,16.57,47.39,15.72,49.77
1777770125,4.69,10.00,6.25,16.99,45.45,16.42,47.37,15.84,49.79
1777770127,4.63,10.75,6.25,17.00,45.45,16.43,47.37,15.30,49.70
1777770128,4.69,11.00,6.00,16.89,45.42,16.57,47.40,16.23,49.81
1777770130,4.69,11.00,6.00,17.16,45.47,16.53,47.43,15.78,49.75
1777770131,4.69,10.75,5.75,17.37,45.48,16.53,47.43,16.01,49.81
1777770133,4.69,10.25,5.75,17.58,45.53,16.44,47.43,16.23,49.86
1777770135,4.69,10.25,6.25,16.94,45.41,16.59,47.42,15.53,49.76
1777770136,4.69,10.50,6.25,16.97,45.43,16.43,47.40,15.34,49.75
1777770138,4.63,10.50,6.00,17.02,45.44,16.48,47.38,15.37,49.76
1777770139,4.56,10.75,6.25,17.21,45.45,16.59,47.39,15.88,49.88
1777770141,4.56,10.50,6.00,17.28,45.45,16.51,47.38,16.19,49.93
1777770143,4.56,10.25,6.00,17.05,45.42,16.44,47.37,15.83,49.84
1777770144,4.56,10.50,6.25,17.34,45.46,16.54,47.43,15.87,49.83
1777770146,4.56,10.50,6.25,16.95,45.40,16.37,47.43,15.66,49.83
1777770147,4.56,10.75,5.75,17.33,45.47,16.52,47.51,15.87,49.91
1777770149,4.56,10.75,6.00,17.06,45.44,16.48,47.54,15.80,49.92
1777770151,4.63,10.50,6.25,17.09,45.46,16.62,47.59,16.02,50.00
1777770152,4.56,10.25,6.00,17.09,45.47,16.55,47.60,15.94,50.04
1777770154,4.56,10.50,6.00,17.05,45.48,16.38,47.62,15.79,49.99
1777770155,4.56,10.00,5.75,17.21,45.49,16.51,47.67,16.15,50.03
1777770157,4.56,11.00,6.00,17.30,45.53,16.56,47.71,16.08,49.98
1777770159,4.56,11.25,6.25,17.31,45.55,16.48,47.67,15.82,49.91
1777770160,4.56,11.00,6.00,17.06,45.51,16.47,47.68,15.37,49.79
1777770162,4.56,10.50,6.25,17.25,45.53,16.44,47.69,15.55,49.81
1777770163,4.63,10.50,6.00,17.02,45.49,16.41,47.73,15.93,49.87
1777770165,4.63,10.50,6.00,17.45,45.55,16.44,47.76,15.80,49.81
1777770167,4.63,10.75,6.25,17.28,45.53,16.37,47.80,16.59,49.95
1777770168,4.69,11.25,5.75,17.15,45.49,16.47,47.84,16.08,49.88
1777770170,4.63,10.25,6.25,16.92,45.44,16.53,47.83,15.83,49.82
1777770172,4.69,10.25,6.00,17.25,45.50,16.55,47.84,15.88,49.77
1777770173,4.69,10.25,6.00,17.23,45.48,16.55,47.86,16.03,49.76
1777770175,4.69,10.75,6.25,17.10,45.46,16.47,47.80,15.88,49.73
1777770176,4.75,10.25,6.25,17.00,45.45,16.37,47.78,16.23,49.77
1777770178,4.69,10.50,6.00,17.16,45.47,16.46,47.78,15.74,49.70
1777770180,4.75,11.00,6.25,17.07,45.47,16.48,47.78,15.58,49.68
1777770181,4.75,10.50,6.25,17.08,45.46,16.50,47.74,15.33,49.64
1777770183,4.69,10.75,5.50,17.58,45.54,16.61,47.73,15.76,49.68
1777770184,4.75,10.25,6.00,17.29,45.50,16.34,47.67,15.70,49.66
1777770186,4.75,10.25,6.00,17.12,45.49,16.42,47.66,15.75,49.71
1777770188,4.75,10.75,5.75,17.54,45.53,16.55,47.71,16.71,49.92
1777770189,4.81,10.25,6.00,17.15,45.48,16.45,47.71,15.75,49.75
1777770191,4.75,10.75,5.75,17.18,45.51,16.59,47.73,16.04,49.82
1777770192,4.81,10.25,5.75,17.15,45.48,16.41,47.67,16.24,49.89
1777770194,4.81,10.75,6.25,17.19,45.49,16.51,47.67,16.17,49.91
1777770196,4.81,10.75,5.75,17.11,45.45,16.50,47.69,15.34,49.83
1777770197,4.81,10.75,6.00,17.11,45.46,16.55,47.71,15.96,49.96
1777770199,4.81,11.00,6.00,17.13,45.48,16.43,47.71,15.92,49.93
1777770200,4.81,10.75,6.00,16.94,45.48,16.63,47.74,15.78,49.88
1777770202,4.81,10.75,6.00,17.16,45.55,16.52,47.72,16.10,49.88
1777770204,4.75,10.75,6.00,17.13,45.56,16.42,47.70,15.87,49.83
1777770205,4.75,11.00,6.00,17.30,45.58,16.41,47.69,15.87,49.79
1777770207,4.75,10.50,6.25,17.10,45.56,16.50,47.71,16.27,49.79
1777770208,4.75,10.75,6.00,16.98,45.55,16.54,47.67,15.83,49.70
1777770210,4.75,10.75,5.75,17.27,45.58,16.45,47.66,15.52,49.63
1777770212,4.69,10.50,6.25,17.39,45.58,16.68,47.68,15.90,49.69
1777770213,4.69,10.75,6.00,17.02,45.55,16.45,47.67,15.27,49.61
1777770215,4.69,10.75,6.00,16.94,45.55,16.64,47.70,15.43,49.67
1777770216,4.75,10.50,6.00,17.27,45.61,16.50,47.69,15.95,49.76
1777770218,4.75,11.00,6.00,17.25,45.63,16.55,47.70,15.87,49.73
1777770220,4.69,11.00,6.00,16.98,45.59,16.59,47.68,15.76,49.71
1777770221,4.69,10.25,6.00,17.04,45.59,16.41,47.64,15.57,49.66
1777770223,4.69,9.75,5.75,17.09,45.60,16.42,47.60,16.20,49.73
1777770225,4.63,10.75,6.00,17.11,45.61,16.58,47.61,15.92,49.68
1777770226,4.63,10.50,6.00,17.02,45.61,16.49,47.62,16.14,49.72
1777770228,4.69,10.00,5.50,17.06,45.64,16.48,47.61,15.75,49.65
1777770229,4.69,10.50,5.75,16.93,45.61,16.52,47.65,15.32,49.58
1777770231,4.69,10.25,6.00,17.01,45.63,16.33,47.65,15.74,49.68
1777770233,4.63,11.00,5.75,17.13,45.64,16.34,47.68,16.07,49.77
1777770234,4.63,10.50,6.00,17.25,45.62,16.52,47.73,15.84,49.73
1777770236,4.63,10.25,5.75,16.96,45.58,16.62,47.74,15.77,49.72
1777770237,4.56,10.25,6.25,17.31,45.64,16.47,47.73,15.47,49.63
1777770239,4.56,10.50,6.00,17.36,45.64,16.56,47.75,16.10,49.76
1777770241,4.63,10.50,5.75,17.41,45.64,16.48,47.73,16.15,49.79
1777770242,4.63,10.75,5.25,17.44,45.63,16.37,47.71,15.69,49.73
1777770244,4.63,10.50,5.50,17.15,45.59,16.51,47.74,16.20,49.83
1777770245,4.63,10.75,6.00,16.88,45.53,16.37,47.72,15.76,49.78
1777770247,4.63,10.75,5.75,17.23,45.56,16.48,47.76,15.29,49.74
1777770249,4.63,10.75,5.75,17.27,45.57,16.54,47.77,15.69,49.83
1777770250,4.69,10.50,6.00,17.27,45.54,16.59,47.77,16.05,49.90
1777770252,4.63,10.25,5.75,17.14,45.52,16.45,47.75,16.50,50.00
1777770253,4.63,10.50,5.75,16.93,45.49,16.48,47.75,15.74,49.90
1777770255,4.69,10.00,6.00,17.15,45.55,16.49,47.73,15.73,49.96
1777770257,4.63,10.75,6.00,17.05,45.55,16.52,47.73,15.93,50.02
1777770258,4.63,10.75,5.75,17.14,45.57,16.55,47.71,16.14,50.09
1777770260,4.63,10.50,5.75,17.27,45.60,16.51,47.73,16.00,50.04
1777770261,4.69,11.00,5.50,17.31,45.61,16.61,47.68,16.45,50.07
1777770263,4.63,10.75,5.75,17.05,45.58,16.51,47.65,15.97,49.92
1777770265,4.63,10.75,6.00,16.88,45.51,16.48,47.64,15.76,49.86
1777770266,4.63,10.25,5.75,17.24,45.58,16.46,47.67,15.25,49.74
1777770268,4.56,10.50,5.75,17.26,45.57,16.38,47.66,15.26,49.73
1777770270,4.63,10.50,5.75,17.23,45.56,16.59,47.69,16.05,49.84
1777770271,4.63,10.50,6.00,17.30,45.59,16.48,47.66,15.89,49.81
1777770273,4.56,10.75,5.50,17.41,45.60,16.52,47.71,15.68,49.78
1777770274,4.56,10.75,5.25,17.01,45.52,16.50,47.71,16.06,49.83
1777770276,4.63,10.25,5.50,16.94,45.51,16.58,47.74,16.23,49.85
1777770278,4.56,10.75,6.00,16.87,45.49,16.55,47.73,15.28,49.70
1777770279,4.50,10.50,5.75,17.09,45.51,16.51,47.72,15.69,49.76
1777770281,4.56,11.25,6.00,17.50,45.58,16.52,47.72,15.58,49.74
1777770282,4.56,10.75,6.00,17.42,45.54,16.61,47.71,15.36,49.70
1777770284,4.63,10.75,6.00,17.13,45.49,16.38,47.69,15.88,49.75
1777770286,4.56,10.25,5.25,17.01,45.46,16.57,47.73,16.01,49.79
1777770287,4.56,10.50,5.50,17.26,45.51,16.52,47.75,15.61,49.78
1777770289,4.56,10.25,5.25,17.27,45.51,16.47,47.75,15.62,49.91
1777770290,4.56,10.75,6.00,17.37,45.55,16.55,47.75,15.63,49.97
1777770292,4.56,10.50,6.00,17.38,45.55,16.38,47.70,16.13,50.12
1777770294,4.56,10.75,5.50,17.04,45.49,16.40,47.71,15.92,50.13
1777770295,4.63,11.00,5.75,17.31,45.56,16.46,47.71,16.02,50.20
1777770297,4.63,11.00,6.00,17.26,45.57,16.47,47.73,15.74,50.17
1777770298,4.63,10.75,6.00,17.20,45.57,16.50,47.73,16.07,50.17
1777770300,4.69,10.75,6.25,17.43,45.65,16.44,47.70,15.58,50.03
1777770302,4.69,10.25,6.25,17.02,45.61,16.46,47.70,15.86,49.98
1777770303,4.63,10.50,6.00,17.05,45.62,16.38,47.70,15.87,49.93
1777770305,4.69,10.75,6.25,17.26,45.67,16.37,47.71,15.73,49.92
1777770306,4.63,10.25,5.50,17.30,45.68,16.40,47.78,15.63,49.92
1777770308,4.69,10.25,5.75,17.40,45.69,16.40,47.82,15.84,50.00
1777770310,4.69,10.00,6.00,17.02,45.65,16.34,47.83,15.73,50.00
1777770311,4.69,9.75,5.25,17.19,45.68,16.44,47.86,15.90,50.03
1777770313,4.69,10.75,6.00,17.04,45.67,16.42,47.88,15.73,49.96
1777770314,4.63,11.00,5.75,17.24,45.71,16.33,47.86,15.96,49.96
1777770316,4.63,10.75,6.00,17.06,45.66,16.30,47.85,15.68,49.88
1777770318,4.69,10.75,6.00,17.15,45.68,16.40,47.85,15.88,49.93
1777770319,4.63,10.50,6.00,17.15,45.67,16.51,47.85,16.21,49.95
1777770321,4.69,10.75,5.25,17.18,45.66,16.57,47.88,15.90,49.88
1777770323,4.63,10.75,5.50,17.11,45.64,16.32,47.86,15.62,49.81
1777770324,4.63,10.75,6.00,17.40,45.69,16.44,47.87,15.71,49.83
1777770326,4.69,10.50,5.75,17.17,45.63,16.44,47.87,15.68,49.82
1777770327,4.63,10.25,5.75,17.12,45.62,16.40,47.86,15.63,49.83
1777770329,4.63,10.50,5.50,16.93,45.60,16.47,47.83,15.67,49.83
1777770331,4.69,10.00,6.00,17.12,45.61,16.32,47.78,15.70,49.82
1777770332,4.63,10.00,6.00,17.31,45.65,16.40,47.79,15.54,49.85
1777770334,4.69,10.25,6.00,17.26,45.68,16.36,47.74,15.87,50.00
1777770335,4.69,10.25,6.00,17.22,45.69,16.33,47.72,15.39,49.96
1777770337,4.69,10.50,5.75,17.13,45.70,16.37,47.72,16.19,50.08
1777770339,4.69,10.50,5.50,17.18,45.73,16.33,47.74,15.93,50.02
1777770340,4.69,11.00,5.75,17.42,45.77,16.28,47.77,15.74,49.98
1777770342,4.69,11.00,5.75,17.29,45.76,16.23,47.79,15.71,50.00
1777770343,4.69,10.75,5.50,17.27,45.80,16.33,47.83,15.52,50.01
1777770345,4.69,10.75,6.00,17.11,45.83,16.48,47.91,15.82,50.08
1777770347,4.75,11.00,6.00,17.11,45.89,16.33,47.90,15.69,50.03
1777770348,4.69,10.50,6.00,17.37,46.05,16.39,47.91,15.87,50.07
1777770350,4.75,10.25,6.25,17.47,46.11,16.33,47.89,15.59,50.07
1777770351,4.69,10.75,5.50,17.37,46.15,16.34,47.93,15.47,50.07
1777770353,4.75,10.75,6.00,17.05,46.10,16.41,47.93,15.43,50.11
1777770355,4.75,11.00,6.00,17.04,46.10,16.26,47.94,15.71,50.16
1777770356,4.75,11.25,6.00,17.18,46.13,16.28,47.93,15.85,50.16
1777770358,4.75,10.75,5.75,17.23,46.14,16.24,47.90,15.63,50.11
1777770359,4.69,10.00,6.00,17.12,46.11,16.51,47.98,15.87,50.13
1777770361,4.75,10.75,6.00,16.93,46.02,16.31,47.96,15.82,50.15
1777770363,4.75,10.75,6.00,17.26,46.01,16.41,48.00,15.45,50.10
1777770364,4.69,10.50,5.75,17.13,45.90,16.34,47.97,15.96,50.15
1777770366,4.69,10.50,6.00,17.26,45.88,16.37,48.02,15.62,50.11
1777770368,4.69,10.50,6.00,17.15,45.84,16.37,48.05,15.88,50.16
1777770369,4.69,10.75,5.50,17.22,45.80,16.24,48.05,15.47,50.07
1777770371,4.69,10.75,6.00,17.35,45.80,16.23,48.10,16.00,50.13
1777770372,4.63,10.25,6.00,17.35,45.78,16.37,48.13,15.62,50.04
1777770374,4.69,10.75,6.00,16.95,45.75,16.37,48.11,15.84,50.05
1777770376,4.69,10.50,5.25,17.01,45.77,16.31,48.11,15.36,49.97
1777770377,4.69,10.75,6.00,17.01,45.78,16.28,48.06,15.31,49.96
1777770379,4.69,11.00,6.00,17.22,45.87,16.34,48.07,15.65,50.00
1777770380,4.75,10.50,6.00,17.07,45.90,16.40,48.06,15.73,49.97
1777770382,4.75,10.75,6.25,17.11,45.96,16.28,48.03,15.63,49.94
1777770384,4.81,11.25,6.00,17.19,46.03,16.29,48.05,15.38,49.85
1777770385,4.75,10.50,6.25,17.26,46.09,16.26,48.05,15.59,49.87
1777770387,4.75,11.00,5.75,17.13,46.11,16.29,48.05,15.47,49.82
1777770388,4.75,10.50,6.25,16.91,46.12,16.33,48.05,15.48,49.80
1777770390,4.75,11.00,6.00,17.44,46.22,16.29,48.03,15.60,49.82
1777770392,4.75,11.25,6.00,17.21,46.20,16.37,48.04,15.63,49.83
1777770393,4.81,10.25,5.75,17.37,46.23,16.34,48.04,15.69,49.85
1777770395,4.75,11.00,6.00,17.43,46.22,16.19,48.05,15.40,49.84
1777770396,4.75,11.00,5.75,17.21,46.16,16.23,48.04,15.36,49.87
1777770398,4.81,10.50,6.00,17.23,46.12,16.28,48.07,15.80,49.97
1777770400,4.75,10.75,6.00,17.13,46.01,16.27,48.11,15.64,49.98
1777770401,4.75,10.75,5.75,17.41,45.98,16.32,48.13,15.84,50.01
1777770403,4.75,10.25,6.00,17.09,45.86,16.39,48.16,15.68,50.02
1777770404,4.75,10.25,5.50,17.23,45.82,16.26,48.16,15.34,49.99
1777770406,4.69,10.75,6.00,16.91,45.70,16.34,48.18,15.37,50.04
1777770408,4.69,10.00,5.75,17.41,45.75,16.27,48.17,15.63,50.07
1777770409,4.63,10.50,5.75,17.22,45.69,16.29,48.15,15.84,50.10
1777770411,4.63,10.75,6.25,17.16,45.65,16.36,48.14,15.34,50.03
1777770412,4.56,10.25,5.75,17.23,45.60,16.34,48.14,15.51,50.09
1777770414,4.63,10.75,6.00,16.94,45.55,16.32,48.13,15.44,50.10
1777770416,4.56,11.00,5.75,17.37,45.59,16.26,48.13,15.80,50.17
1777770417,4.63,10.75,6.00,17.12,45.55,16.26,48.15,15.72,50.15
1777770419,4.69,10.75,5.75,17.13,45.51,16.32,48.18,15.80,50.14
1777770421,4.63,10.75,5.75,16.95,45.47,16.40,48.14,15.54,50.05
1777770422,4.63,10.50,5.25,17.15,45.49,16.44,48.12,15.97,50.10
1777770424,4.63,10.50,5.75,16.91,45.46,16.38,48.10,15.63,50.03
1777770425,4.56,10.75,6.00,17.15,45.50,16.26,48.06,15.46,49.97
1777770427,4.63,10.50,6.00,17.13,45.51,16.25,48.06,15.47,49.97
1777770429,4.56,11.00,5.75,16.98,45.49,16.31,48.09,15.59,49.97
1777770430,4.63,10.75,5.75,17.19,45.50,16.31,48.09,15.29,49.93
1777770432,4.69,10.75,6.00,17.05,45.51,16.42,48.07,15.66,49.98
1777770433,4.63,10.75,5.25,16.98,45.54,16.29,48.06,15.83,50.01
1777770435,4.63,10.75,6.00,16.98,45.55,16.39,48.08,15.44,49.95
1777770437,4.69,10.75,5.75,17.30,45.63,16.18,48.03,15.85,50.03
1777770438,4.69,11.00,5.75,17.49,45.65,16.27,48.06,15.68,50.03
1777770440,4.63,11.00,6.00,17.41,45.66,16.27,48.05,15.75,50.07
1777770441,4.69,10.50,6.00,17.09,45.65,16.23,48.00,15.69,50.13
1777770443,4.75,11.00,6.00,17.40,45.76,16.36,48.05,15.66,50.16
1777770445,4.69,10.75,5.75,17.22,45.80,16.27,48.03,15.72,50.18
1777770446,4.75,10.25,6.00,17.40,45.89,16.33,48.05,15.51,50.18
1777770448,4.75,10.50,5.25,17.45,45.90,16.37,48.07,15.40,50.17
1777770449,4.75,10.75,6.00,17.55,45.89,16.38,48.09,15.72,50.22
1777770451,4.75,11.00,6.00,17.41,45.84,16.33,48.09,15.97,50.30
1777770453,4.69,10.75,5.50,17.45,45.76,16.23,48.11,15.77,50.30
1777770454,4.75,10.25,6.00,17.03,45.67,16.32,48.13,15.77,50.34
1777770456,4.69,10.50,5.75,17.19,45.63,16.32,48.14,15.47,50.31
1777770457,4.69,10.75,6.00,17.53,45.63,16.23,48.11,15.47,50.32
1777770459,4.69,10.50,5.00,17.41,45.56,16.20,48.13,15.70,50.34
1777770461,4.69,10.50,5.75,17.34,45.52,16.30,48.18,15.56,50.32
1777770462,4.63,11.00,5.50,17.28,45.48,16.29,48.19,15.72,50.33
1777770464,4.63,10.75,6.00,17.20,45.45,16.30,48.19,15.39,50.27
1777770466,4.63,11.25,5.50,17.41,45.47,16.33,48.19,15.72,50.30
1777770467,4.63,11.00,5.75,17.34,45.46,16.32,48.19,15.72,50.28
1777770469,4.69,11.00,5.25,17.26,45.44,16.42,48.21,15.65,50.30
1777770470,4.63,11.00,5.75,17.37,45.48,16.24,48.17,15.74,50.34
1777770472,4.69,10.75,5.50,17.07,45.43,16.31,48.17,15.84,50.35
1777770474,4.63,11.00,6.00,17.08,45.42,16.33,48.15,15.48,50.27
1777770475,4.69,10.00,5.00,17.36,45.47,16.26,48.14,15.43,50.26
1777770477,4.69,10.50,5.50,17.11,45.41,16.23,48.11,15.95,50.35
1777770478,4.63,10.75,5.50,17.31,45.44,16.37,48.11,15.73,50.33
1777770480,4.63,9.75,5.25,17.30,45.43,16.36,48.15,15.67,50.38
1777770482,4.69,11.00,5.75,17.05,45.38,16.33,48.17,15.50,50.43
1777770483,4.63,10.75,6.00,17.30,45.40,16.37,48.17,15.37,50.47
1777770485,4.63,10.75,6.00,17.21,45.40,16.27,48.17,15.89,50.57
1777770486,4.69,11.00,6.00,17.07,45.40,16.27,48.15,15.77,50.58
1777770488,4.63,11.00,6.00,17.13,45.44,16.33,48.15,15.69,50.59
1777770490,4.63,10.75,6.00,17.42,45.49,16.21,48.14,15.68,50.59
1777770491,4.63,10.50,5.75,17.02,45.47,16.30,48.18,15.56,50.58
1777770493,4.69,10.25,5.50,16.97,45.47,16.29,48.19,15.62,50.58
1777770494,4.69,10.25,5.50,17.46,45.59,16.20,48.17,15.68,50.61
1777770496,4.63,10.00,6.00,17.14,45.59,16.24,48.15,15.75,50.64
1777770498,4.75,10.50,5.75,17.32,45.66,16.32,48.20,15.61,50.65
1777770499,4.75,10.25,6.00,16.98,45.64,16.28,48.22,15.60,50.71
1777770501,4.69,10.00,6.00,17.44,45.77,16.42,48.29,15.76,50.81
1777770502,4.75,10.50,6.00,17.06,45.79,16.32,48.28,15.63,50.85
1777770504,4.69,10.75,6.00,17.43,45.87,16.26,48.29,15.45,50.89
1777770506,4.75,10.75,6.00,17.32,45.89,16.12,48.28,15.75,51.00
1777770507,4.69,10.50,6.00,16.91,45.88,16.25,48.30,16.02,51.11
1777770509,4.75,10.50,6.00,17.51,45.97,16.20,48.31,15.62,51.07
1777770511,4.75,10.75,5.50,17.05,45.90,16.29,48.34,15.42,51.08
1777770512,4.75,10.50,6.00,17.41,45.95,16.11,48.33,15.52,51.14
1777770514,4.69,10.75,5.25,17.06,45.89,16.20,48.38,15.68,51.26
1777770515,4.75,9.75,5.75,17.17,45.91,16.12,48.38,15.58,51.39
1777770517,4.75,10.25,5.75,17.24,45.92,16.29,48.44,15.56,51.53
1777770519,4.69,10.50,6.00,17.34,45.90,16.08,48.41,15.43,51.62
1777770520,4.69,10.25,6.00,17.02,45.80,16.01,48.44,15.53,51.74
1777770522,4.69,10.50,6.00,17.30,45.81,16.14,48.51,15.63,51.80
1777770523,4.63,10.50,5.75,17.15,45.73,16.16,48.49,15.69,51.82
1777770525,4.63,10.75,6.00,17.27,45.73,16.18,48.50,15.56,51.71
1777770527,4.69,11.00,5.75,17.22,45.71,16.18,48.49,15.87,51.64
1777770528,4.69,10.25,5.25,17.19,45.69,16.15,48.48,15.49,51.45
1777770530,4.63,10.25,5.75,17.19,45.68,16.19,48.48,15.34,51.29
1777770531,4.63,11.00,5.50,17.10,45.67,16.15,48.48,15.62,51.23
1777770533,4.56,10.00,5.75,17.15,45.67,16.09,48.47,15.85,51.19
1777770535,4.63,10.50,6.00,17.12,45.66,16.24,48.50,15.94,51.13
1777770536,4.63,10.25,5.75,17.09,45.64,16.20,48.48,15.80,51.06
1777770538,4.63,10.50,5.50,17.25,45.69,16.35,48.47,15.28,50.95
1777770539,4.56,10.50,6.00,16.94,45.64,16.16,48.43,15.66,50.98
1777770541,4.56,10.25,6.00,17.02,45.69,16.13,48.41,15.52,50.93
1777770543,4.56,10.00,5.50,17.34,45.81,16.16,48.43,15.58,50.92
1777770544,4.56,10.50,5.50,17.26,45.81,16.16,48.44,15.50,50.87
1777770546,4.50,10.50,5.75,17.33,45.84,16.22,48.47,15.62,50.82
1777770547,4.63,10.25,6.00,16.94,45.81,16.12,48.48,16.04,50.80
1777770549,4.63,10.25,6.00,17.14,45.83,16.09,48.51,15.72,50.70
1777770551,4.63,10.50,6.00,17.05,45.82,16.18,48.51,15.33,50.61
1777770552,4.56,10.25,6.25,17.33,45.85,16.09,48.51,15.73,50.62
1777770554,4.56,10.50,5.75,17.31,45.82,16.19,48.51,15.38,50.55
1777770555,4.56,10.25,6.00,17.18,45.77,16.07,48.53,15.64,50.58
1777770557,4.63,10.25,5.50,17.15,45.72,16.21,48.62,15.63,50.58
1777770559,4.63,10.50,5.50,17.05,45.68,16.18,48.59,15.62,50.58
1777770560,4.63,10.25,6.00,17.13,45.65,16.09,48.55,15.28,50.55
1777770562,4.63,10.00,6.00,17.41,45.65,16.15,48.57,15.66,50.63
1777770564,4.56,9.75,5.50,17.23,45.58,16.13,48.58,15.69,50.62
1777770565,4.63,10.50,6.00,17.10,45.54,16.16,48.53,16.01,50.66
1777770567,4.63,10.50,5.75,16.97,45.50,16.08,48.52,15.50,50.50
1777770568,4.63,10.50,6.00,17.21,45.53,16.16,48.54,15.77,50.50
1777770570,4.63,10.50,6.00,17.35,45.55,16.24,48.57,15.73,50.44
1777770572,4.63,10.50,6.00,17.44,45.57,16.12,48.58,15.51,50.42
1777770573,4.56,10.25,5.75,17.09,45.50,16.18,48.63,16.01,50.48
1777770575,4.56,10.75,5.75,17.13,45.50,16.19,48.64,15.83,50.44
1777770576,4.56,10.75,6.00,17.10,45.52,16.09,48.65,15.58,50.39
1777770578,4.56,10.00,5.75,17.26,45.51,16.13,48.66,15.45,50.37
1777770580,4.56,10.50,5.75,17.39,45.53,16.23,48.62,15.43,50.36
1777770581,4.50,10.75,5.50,17.23,45.50,16.08,48.58,15.69,50.39
1777770583,4.50,11.00,5.50,16.87,45.46,16.22,48.60,15.69,50.36
1777770584,4.50,10.50,5.75,17.16,45.51,16.20,48.58,15.60,50.34
1777770586,4.50,10.75,6.25,17.09,45.50,16.08,48.54,15.48,50.29
1777770588,4.44,10.25,5.50,17.56,45.62,16.13,48.51,15.36,50.23
1777770589,4.44,11.00,5.25,17.13,45.57,16.19,48.52,15.60,50.26
1777770591,4.50,10.75,6.00,16.94,45.56,16.33,48.53,15.44,50.22
1777770592,4.56,10.75,5.25,17.12,45.59,16.11,48.49,15.77,50.28
1777770594,4.56,11.00,6.00,17.16,45.65,16.19,48.52,15.50,50.26
1777770596,4.56,10.25,6.00,17.07,45.71,16.16,48.50,15.03,50.19
1777770597,4.56,11.00,6.00,17.24,45.81,16.18,48.45,15.79,50.34
1777770599,4.69,10.75,6.00,17.17,45.83,16.29,48.45,15.47,50.31
1777770600,4.63,11.00,5.75,17.37,45.90,16.22,48.45,15.80,50.40
1777770602,4.69,10.75,6.25,17.34,45.93,16.13,48.44,15.55,50.39
1777770604,4.75,11.00,6.00,16.90,45.85,16.08,48.47,15.62,50.43
1777770605,4.81,11.00,6.00,17.29,45.93,16.16,48.51,15.49,50.44
1777770607,4.81,10.50,5.75,17.43,45.95,16.09,48.50,15.59,50.49
1777770609,4.81,11.00,5.75,17.44,45.95,16.12,48.48,15.75,50.52
1777770610,4.81,11.25,6.00,16.91,45.83,16.12,48.45,15.69,50.53
1777770612,4.88,10.75,5.50,17.19,45.85,16.20,48.48,15.62,50.54
1777770613,4.88,10.50,5.75,17.24,45.80,16.20,48.46,15.41,50.50
1777770615,4.88,11.00,5.50,17.34,45.77,16.23,48.46,15.52,50.50
1777770617,4.88,11.25,6.00,17.09,45.70,16.16,48.47,15.53,50.48
1777770618,4.88,10.75,5.75,17.42,45.70,16.27,48.51,15.51,50.45
1777770620,4.94,11.00,6.00,17.34,45.66,16.24,48.49,15.51,50.42
1777770621,4.94,11.00,6.00,17.45,45.66,16.18,48.48,15.65,50.45
1777770623,4.88,10.75,6.00,17.13,45.57,16.29,48.49,15.53,50.44
1777770625,4.94,11.00,5.75,17.05,45.55,16.27,48.50,15.48,50.44
1777770626,4.94,11.00,5.50,17.09,45.54,16.20,48.51,15.48,50.49
1777770628,4.94,10.50,5.75,17.48,45.55,16.25,48.49,15.73,50.57
1777770629,4.94,10.75,5.50,17.05,45.50,16.18,48.46,15.42,50.54
1777770631,4.88,10.25,5.50,17.35,45.52,16.22,48.46,14.98,50.49
1777770633,4.94,10.75,5.50,17.30,45.51,16.23,48.43,15.39,50.57
1777770634,4.94,10.75,5.25,17.26,45.49,16.12,48.38,15.32,50.56
1777770636,4.88,11.00,5.50,16.91,45.42,16.16,48.37,15.47,50.57
1777770637,4.94,10.50,5.75,17.09,45.46,16.25,48.37,15.73,50.63
1777770639,4.88,10.50,5.75,17.23,45.47,16.24,48.38,15.43,50.62
1777770641,4.88,10.75,6.00,17.09,45.46,16.13,48.35,15.42,50.67
1777770642,4.88,10.50,6.00,17.20,45.49,16.25,48.37,15.50,50.74
1777770644,4.88,10.50,5.75,17.09,45.50,16.18,48.35,15.17,50.70
1777770645,4.88,10.75,5.75,17.20,45.54,16.13,48.34,15.26,50.76
1777770647,4.88,10.50,5.75,16.96,45.53,16.29,48.40,15.57,50.84
1777770649,4.88,10.00,5.50,17.29,45.60,16.34,48.45,15.45,50.87
1777770650,4.88,10.50,5.75,17.30,45.61,16.09,48.41,15.64,50.96
1777770652,4.88,10.75,5.75,17.27,45.60,16.09,48.44,15.21,50.92
1777770653,4.81,10.75,6.25,17.13,45.56,16.20,48.49,15.59,51.04
1777770655,4.88,10.50,5.75,16.92,45.53,16.16,48.49,15.56,51.07
1777770657,4.88,10.50,5.75,17.27,45.57,16.12,48.45,15.27,51.04
1777770658,4.88,10.50,6.00,17.21,45.56,16.17,48.47,15.66,51.11
1777770660,4.81,10.50,5.75,17.11,45.56,16.12,48.46,15.47,51.03
1777770662,4.88,10.50,5.75,17.23,45.58,16.21,48.47,15.46,51.02
1777770663,4.81,10.75,5.75,17.19,45.58,16.15,48.44,15.51,50.99
1777770665,4.81,10.50,5.75,16.97,45.53,16.13,48.41,15.71,50.98
1777770666,4.81,10.50,5.75,17.12,45.57,16.26,48.40,15.69,50.94
1777770668,4.88,10.25,5.50,17.06,45.57,16.20,48.35,15.51,50.86
1777770670,4.81,10.50,6.00,17.41,45.62,16.14,48.34,15.55,50.88
1777770671,4.88,10.75,5.75,17.21,45.62,16.13,48.36,15.87,50.95
1777770673,4.88,10.75,6.00,17.05,45.61,16.15,48.38,15.81,50.98
1777770674,4.88,10.75,5.25,17.28,45.64,16.12,48.38,15.39,50.94
1777770676,4.88,10.00,6.00,17.41,45.69,16.12,48.38,15.69,51.02
1777770678,4.81,10.50,5.75,17.03,45.64,16.15,48.38,15.56,51.03
1777770679,4.81,10.50,5.75,16.90,45.62,16.16,48.38,15.39,51.04
1777770681,4.81,10.25,5.50,17.15,45.68,16.16,48.39,15.52,51.11
1777770682,4.81,10.50,5.50,17.10,45.67,16.22,48.41,15.65,51.13
1777770684,4.81,10.50,6.00,17.22,45.69,16.23,48.40,15.50,51.09
1777770686,4.81,10.50,6.00,17.14,45.72,16.27,48.44,15.45,51.07
1777770687,4.81,10.50,5.75,17.22,45.71,16.16,48.45,15.49,51.10
1777770689,4.81,9.75,5.75,17.17,45.70,16.19,48.47,15.45,51.13
1777770690,4.81,10.00,5.75,17.19,45.70,16.19,48.48,15.69,51.21
1777770692,4.81,10.75,6.00,16.93,45.65,16.23,48.47,15.49,51.20
1777770694,4.81,10.75,5.75,17.27,45.69,16.19,48.45,15.36,51.23
1777770695,4.75,10.50,5.50,17.26,45.70,16.19,48.45,15.46,51.27
1777770697,4.81,10.50,5.75,17.13,45.67,16.12,48.40,15.40,51.27
1777770698,4.81,10.25,5.50,16.98,45.63,16.12,48.39,15.44,51.26
1777770700,4.81,10.50,5.75,17.23,45.69,16.29,48.38,15.43,51.24
1777770702,4.75,10.25,5.50,17.18,45.68,16.25,48.38,15.22,51.20
1777770703,4.81,10.50,5.25,17.47,45.74,16.12,48.37,15.70,51.30
1777770705,4.81,10.25,5.75,17.00,45.68,16.18,48.40,15.47,51.26
1777770706,4.81,10.75,5.25,17.15,45.68,16.13,48.40,15.50,51.21
1777770708,4.88,11.00,5.75,17.15,45.70,16.21,48.40,15.78,51.18
1777770710,4.81,11.00,5.75,17.20,45.71,16.25,48.41,15.59,51.07
1777770711,4.81,10.25,5.75,17.04,45.70,16.19,48.40,15.70,51.01
1777770713,4.81,10.50,5.75,17.09,45.71,16.15,48.41,15.45,50.88
1777770715,4.81,10.25,6.00,17.25,45.72,16.13,48.40,15.40,50.84
1777770716,4.88,10.50,5.75,17.19,45.72,16.08,48.42,15.46,50.85
1777770718,4.88,10.50,5.75,16.98,45.67,16.10,48.46,15.28,50.87
1777770719,4.81,11.00,5.50,17.06,45.70,16.08,48.46,15.51,51.05
1777770721,4.88,10.75,5.75,16.87,45.68,16.09,48.46,15.48,51.16
1777770723,4.88,10.75,5.75,16.98,45.73,16.10,48.46,15.38,51.16
1777770724,4.81,10.50,5.75,17.04,45.75,16.15,48.46,15.97,51.20
1777770726,4.81,10.25,6.00,17.06,45.78,16.12,48.46,15.79,51.10
1777770727,4.81,10.50,5.75,16.83,45.75,16.13,48.49,15.41,50.96
1777770729,4.81,10.50,6.00,16.85,45.76,16.14,48.51,15.31,50.90
1777770731,4.81,10.00,6.00,17.12,45.80,16.11,48.53,15.42,50.89
1777770732,4.75,10.75,5.50,16.83,45.77,16.25,48.56,15.63,50.90
1777770734,4.81,10.50,6.00,17.02,45.81,16.08,48.56,15.48,50.87
1777770735,4.81,10.75,5.75,17.00,45.81,16.18,48.62,15.57,50.87
1777770737,4.81,10.75,5.75,17.02,45.79,16.16,48.64,15.66,50.91
1777770739,4.81,10.75,6.00,16.81,45.75,16.16,48.65,15.73,50.94
1777770740,4.81,11.25,5.25,16.89,45.77,16.19,48.69,15.45,50.91
1777770742,4.81,10.75,5.50,16.99,45.78,16.08,48.68,15.40,50.92
1777770743,4.88,10.50,5.50,17.07,45.80,16.12,48.68,15.68,50.99
1777770745,4.88,10.75,5.75,17.01,45.81,16.09,48.64,15.25,50.93
1777770747,4.88,10.50,5.50,16.93,45.81,16.12,48.64,15.79,51.01
1777770748,4.88,11.00,6.00,16.93,45.82,16.21,48.63,15.37,50.94
1777770750,4.88,10.50,5.75,16.97,45.84,16.19,48.63,15.41,50.95
1777770751,4.81,10.75,5.50,17.26,45.90,16.06,48.62,15.31,50.96
1777770753,4.88,10.75,6.00,16.91,45.88,16.15,48.63,15.75,51.05
1777770755,4.88,11.00,5.75,16.92,45.90,16.16,48.63,15.41,51.00
1777770756,4.88,11.00,6.00,16.94,45.93,16.24,48.63,15.80,51.08
1777770758,4.81,10.50,6.00,17.00,45.93,16.23,48.62,15.66,51.06
1777770760,4.88,10.75,6.00,17.01,45.95,16.20,48.61,15.72,51.07
1777770761,4.88,10.75,6.00,16.91,45.94,16.15,48.60,15.88,51.11
1777770763,4.88,11.00,5.50,17.02,45.95,16.16,48.61,15.54,51.02
1777770764,4.88,10.00,5.75,17.26,45.97,16.16,48.64,15.66,51.03
1777770766,4.94,10.75,5.75,16.91,45.88,16.23,48.67,15.87,51.03
1777770768,4.94,10.75,5.50,16.70,45.85,16.24,48.71,15.74,51.05
1777770769,4.88,11.00,6.00,16.85,45.88,16.29,48.72,15.54,51.07
1777770771,4.94,11.00,6.25,17.09,45.93,16.28,48.71,15.58,51.14
1777770772,4.94,10.75,5.25,17.05,45.94,16.22,48.64,15.39,51.13
1777770774,4.88,10.50,5.75,16.96,45.94,16.16,48.59,15.75,51.12
1777770776,4.88,10.50,5.75,16.99,45.94,16.17,48.56,15.93,51.14
1777770777,4.94,10.25,6.00,16.98,45.93,16.24,48.53,15.86,51.11
1777770779,4.88,10.75,5.75,17.02,45.92,16.16,48.47,15.62,51.07
1777770780,4.94,11.00,5.75,16.83,45.87,16.19,48.45,15.33,50.97
1777770782,4.94,10.75,6.25,16.70,45.84,16.18,48.46,15.71,51.04
1777770784,4.94,10.50,5.50,16.73,45.85,16.23,48.49,15.48,50.97
1777770785,4.94,10.75,5.75,16.97,45.86,16.24,48.47,15.66,50.97
1777770787,4.88,11.00,5.75,17.08,45.87,16.23,48.47,15.82,50.99
1777770788,4.94,10.50,5.75,16.65,45.81,16.23,48.44,15.72,50.93
1777770790,4.94,9.75,5.75,16.84,45.83,16.29,48.42,15.71,50.95
1777770792,4.94,10.75,5.75,17.07,45.90,16.23,48.40,15.62,50.91
1777770793,4.88,10.50,5.75,16.94,45.90,16.15,48.39,15.22,50.85
1777770795,4.88,10.75,6.00,17.08,45.94,16.16,48.42,15.71,50.94
1777770796,4.94,10.75,6.00,16.83,45.92,16.27,48.46,15.71,50.93
1777770798,4.94,10.50,6.00,16.88,45.95,16.19,48.47,15.74,50.93
1777770800,4.94,10.50,5.50,16.89,45.98,16.23,48.51,15.80,50.92
1777770801,4.88,11.00,5.75,17.03,46.03,16.25,48.52,15.13,50.83
1777770803,4.94,11.00,6.00,17.11,46.05,16.07,48.51,15.69,50.96
1777770805,4.94,10.75,5.75,17.18,46.11,16.15,48.51,15.35,50.92
1777770806,4.94,10.75,5.75,17.05,46.09,16.30,48.55,15.78,50.99
1777770808,4.94,10.50,6.50,17.13,46.13,16.22,48.54,15.44,50.94
1777770809,4.94,11.00,6.00,16.88,46.14,16.17,48.51,15.71,50.98
1777770811,5.00,10.00,5.75,16.91,46.16,16.23,48.52,15.37,50.92
1777770813,5.00,10.50,5.75,16.90,46.17,16.25,48.53,15.82,50.98
1777770814,5.00,11.00,6.00,17.05,46.24,16.13,48.53,15.80,50.99
1777770816,5.00,11.00,6.00,16.98,46.23,16.20,48.54,15.26,50.92
1777770817,5.00,10.75,5.75,16.91,46.23,16.19,48.54,15.66,51.01
1777770819,5.00,11.00,5.75,16.94,46.22,16.08,48.55,15.67,51.04
1777770821,5.00,11.00,5.75,16.94,46.21,16.13,48.54,15.37,51.02
1777770822,5.00,10.75,5.75,17.01,46.23,16.22,48.56,15.57,51.08
1777770824,5.00,10.75,6.00,16.90,46.23,16.13,48.54,15.39,51.07
1777770825,5.00,10.75,5.50,16.88,46.21,16.11,48.58,15.37,51.09
1777770827,4.94,10.75,5.75,16.97,46.21,16.13,48.59,15.66,51.15
1777770829,5.00,10.75,5.75,17.19,46.21,16.15,48.59,15.16,51.08
1777770830,4.94,10.75,5.75,16.87,46.11,16.11,48.60,15.77,51.20
1777770832,4.94,11.00,5.75,17.11,46.11,16.10,48.61,15.63,51.19
1777770833,4.94,10.75,5.50,17.05,46.05,16.12,48.63,15.27,51.14
1777770835,4.94,10.75,5.50,16.81,45.99,16.17,48.67,15.55,51.17
1777770837,4.94,11.00,6.00,16.97,45.99,16.15,48.68,15.84,51.23
1777770838,4.88,10.75,5.50,17.04,46.02,16.14,48.68,15.65,51.18
1777770840,4.88,10.75,6.00,16.84,46.00,16.08,48.65,15.30,51.12
1777770841,4.88,10.75,6.00,16.97,46.03,16.22,48.68,15.33,51.11
1777770843,4.88,10.75,5.75,17.03,46.04,16.07,48.63,15.24,51.10
1777770845,4.94,10.50,5.75,16.96,46.00,16.23,48.69,15.73,51.16
1777770846,4.94,10.50,6.00,16.83,45.98,16.13,48.66,15.46,51.11
1777770848,4.88,10.25,6.00,17.08,46.03,16.15,48.65,15.61,51.15
1777770849,4.88,10.25,5.50,17.01,46.01,16.25,48.66,15.65,51.12
1777770851,4.81,11.00,5.75,17.05,46.07,16.17,48.66,15.45,51.09
1777770853,4.88,11.00,5.75,16.84,46.03,16.19,48.67,15.41,51.11
1777770854,4.88,10.50,6.00,17.09,46.08,16.16,48.65,15.62,51.14
1777770856,4.81,11.00,5.50,17.03,46.10,16.11,48.62,15.49,51.11
1777770858,4.88,10.25,5.75,16.95,46.09,16.25,48.62,15.57,51.10
1777770859,4.88,10.75,6.00,16.92,46.04,16.17,48.56,15.09,51.00
1777770861,4.88,10.50,5.75,16.88,46.00,16.29,48.55,15.28,51.01
1777770862,4.81,10.75,5.50,16.98,45.99,16.28,48.55,15.49,51.05
1777770864,4.88,11.25,5.75,17.03,46.00,16.23,48.51,15.63,51.09
1777770866,4.88,11.00,6.00,16.68,45.92,16.28,48.48,15.12,50.97
1777770867,4.88,11.00,6.00,16.80,45.94,16.40,48.49,15.39,51.02
1777770869,4.81,10.75,6.00,17.04,45.98,16.17,48.44,15.40,51.02
1777770870,4.88,10.50,5.75,17.09,46.00,16.33,48.44,15.80,51.10
1777770872,4.81,11.50,5.50,16.83,45.97,16.26,48.41,15.13,50.98
1777770874,4.81,11.00,6.00,16.84,45.98,16.40,48.43,15.16,51.02
1777770875,4.81,10.75,5.75,16.97,45.97,16.27,48.41,15.31,51.09
1777770877,4.81,10.75,6.00,17.05,46.01,16.31,48.40,15.37,51.12
1777770878,4.81,10.75,5.75,16.97,46.02,16.27,48.39,15.23,51.16
1777770880,4.81,11.00,5.75,16.97,46.03,16.33,48.36,15.30,51.24
1777770882,4.81,10.75,5.75,17.34,46.10,16.33,48.38,15.31,51.26
1777770883,4.81,10.75,6.00,16.91,46.02,16.20,48.36,15.56,51.35
1777770885,4.75,10.75,6.00,16.97,46.02,16.22,48.40,15.87,51.43
1777770886,4.81,10.50,5.75,16.93,46.02,16.26,48.40,15.23,51.34
1777770888,4.81,10.75,6.00,16.88,46.04,16.38,48.40,15.30,51.31
1777770890,4.81,10.75,6.00,16.82,46.01,16.23,48.34,15.25,51.34
1777770891,4.81,10.75,5.50,17.13,46.06,16.18,48.31,15.64,51.40
1777770893,4.81,10.00,5.50,17.00,46.03,16.29,48.32,15.47,51.39
1777770894,4.81,10.75,5.50,16.88,46.03,16.40,48.34,15.29,51.37
1777770896,4.75,10.75,6.00,17.36,46.09,16.47,48.33,15.45,51.46
1777770898,4.81,10.25,6.00,17.03,46.05,16.29,48.29,15.35,51.51
1777770899,4.81,10.50,6.00,16.79,46.02,16.33,48.28,15.73,51.63
1777770901,4.75,10.50,6.00,16.83,46.02,16.29,48.26,15.58,51.64
1777770903,4.75,10.75,5.75,17.26,46.14,16.23,48.19,15.29,51.64
1777770904,4.75,10.50,5.75,17.07,46.11,16.26,48.16,15.72,51.75
1777770906,4.81,10.75,5.50,16.91,46.10,16.43,48.13,14.91,51.62
1777770907,4.81,10.25,6.25,16.83,46.12,16.44,48.12,15.69,51.76
1777770909,4.81,10.50,6.00,16.92,46.14,16.27,48.09,15.37,51.72
1777770911,4.81,10.50,5.75,16.98,46.17,16.33,48.07,15.83,51.80
1777770912,4.75,10.50,6.25,16.87,46.15,16.24,48.03,15.59,51.79
1777770914,4.81,10.00,5.75,17.24,46.19,16.26,48.02,15.62,51.84
1777770915,4.81,10.25,5.75,16.86,46.15,16.27,48.01,15.84,51.89
1777770917,4.81,10.50,6.00,16.79,46.11,16.31,48.02,15.34,51.81
1777770919,4.75,10.00,6.00,16.92,46.14,16.27,48.02,15.65,51.85
1777770920,4.81,10.25,5.50,16.81,46.10,16.21,48.04,15.66,51.83
1777770922,4.81,10.50,5.50,16.87,46.07,16.51,48.11,15.85,51.86
1777770923,4.81,10.50,5.75,16.87,46.07,16.19,48.08,15.77,51.86
1777770925,4.81,10.25,5.50,16.93,46.08,16.30,48.09,15.72,51.86
1777770927,4.75,10.75,5.75,17.34,46.15,16.28,48.09,15.25,51.79
1777770928,4.75,10.50,5.75,17.23,46.12,16.27,48.08,15.47,51.77
1777770930,4.81,10.25,6.00,16.84,46.06,16.37,48.10,15.45,51.71
1777770931,4.75,10.50,5.75,16.93,46.06,16.27,48.10,15.09,51.61
1777770933,4.81,10.00,6.00,16.95,46.06,16.27,48.17,15.63,51.67
1777770935,4.81,10.25,6.00,17.30,46.11,16.27,48.20,15.77,51.66
1777770936,4.88,10.25,6.00,17.05,46.06,16.19,48.21,15.48,51.53
1777770938,4.81,10.75,5.75,16.98,46.04,16.18,48.26,15.52,51.46
1777770939,4.81,11.00,5.50,16.83,46.03,16.23,48.27,15.45,51.39
1777770941,4.75,10.75,5.75,17.18,46.06,16.16,48.27,15.70,51.40
1777770943,4.81,10.50,6.00,17.31,46.05,16.18,48.32,15.35,51.33
1777770944,4.75,10.25,5.50,17.08,45.99,16.11,48.35,15.37,51.29
1777770946,4.75,10.50,5.75,16.79,45.94,16.25,48.41,15.51,51.26
1777770947,4.81,10.75,5.75,16.87,45.94,16.13,48.40,15.37,51.19
1777770949,4.75,10.25,5.75,16.88,45.95,16.08,48.44,15.57,51.17
1777770951,4.75,10.50,5.50,17.00,45.95,16.08,48.48,15.37,51.15
1777770952,4.75,10.50,5.50,16.91,45.92,16.16,48.47,15.40,51.13
1777770954,4.75,10.50,5.50,17.02,45.93,16.25,48.51,15.51,51.15
1777770956,4.75,10.50,5.75,16.85,45.91,16.13,48.49,15.78,51.18
1777770957,4.75,10.75,6.00,16.92,45.94,16.22,48.52,15.22,51.13
1777770959,4.75,10.50,5.75,16.97,45.95,16.14,48.50,14.96,51.17
1777770960,4.75,10.50,5.75,16.79,45.97,16.15,48.50,15.68,51.41
1777770962,4.75,9.75,5.50,16.85,46.01,16.16,48.51,15.73,51.60
1777770964,4.75,10.75,5.75,16.85,46.04,16.12,48.47,15.59,51.70
1777770965,4.69,10.50,6.00,17.09,46.07,16.07,48.47,15.66,51.78
1777770967,4.75,10.00,5.25,16.88,46.04,16.02,48.46,15.54,51.77
1777770968,4.75,10.50,5.75,17.15,46.07,16.13,48.50,15.14,51.69
1777770970,4.75,10.75,5.50,16.85,46.02,16.07,48.45,15.48,51.71
1777770972,4.75,10.75,5.75,17.02,46.03,16.12,48.48,15.72,51.70
1777770973,4.69,11.00,6.00,16.97,46.05,16.09,48.47,15.52,51.63
1777770975,4.75,11.00,6.00,16.91,46.07,15.97,48.46,15.54,51.58
1777770976,4.75,11.00,5.75,16.95,46.13,16.01,48.47,15.41,51.52
1777770978,4.75,10.75,5.75,16.85,46.18,16.07,48.47,15.37,51.47
1777770980,4.75,10.75,5.75,16.96,46.27,16.05,48.46,15.59,51.46
1777770981,4.75,10.75,6.00,17.00,46.34,16.06,48.48,15.60,51.44
1777770983,4.75,10.75,5.50,16.66,46.32,16.14,48.52,16.03,51.51
1777770984,4.75,10.50,6.00,16.90,46.37,16.11,48.51,15.31,51.35
1777770986,4.81,10.50,5.25,16.66,46.35,16.11,48.52,15.49,51.34
1777770988,4.81,11.00,6.00,16.76,46.36,16.11,48.54,15.35,51.28
1777770989,4.81,10.75,5.50,16.92,46.42,16.04,48.53,15.77,51.34
1777770991,4.81,10.75,5.50,16.87,46.44,16.19,48.61,15.61,51.28
1777770992,4.81,10.25,6.00,16.88,46.43,16.11,48.63,15.56,51.26
1777770994,4.81,10.75,5.50,16.98,46.46,15.89,48.61,15.64,51.26
1777770996,4.81,10.75,6.00,16.96,46.49,16.11,48.69,15.62,51.25
1777770997,4.81,10.75,6.00,17.05,46.52,15.97,48.68,15.36,51.21
1777770999,4.81,10.25,6.00,16.98,46.47,16.12,48.70,15.73,51.26
1777771001,4.81,10.75,6.00,16.95,46.43,16.01,48.70,15.62,51.24
1777771002,4.81,10.50,5.75,17.05,46.41,16.07,48.73,15.62,51.26
1777771004,4.81,10.25,6.00,17.27,46.39,16.05,48.72,15.43,51.24
1777771005,4.75,11.25,5.75,16.83,46.26,16.07,48.71,15.96,51.37
1777771007,4.75,11.00,6.00,16.67,46.19,16.07,48.71,15.63,51.31
1777771009,4.75,10.75,6.00,16.83,46.18,16.09,48.71,15.52,51.25
1777771010,4.75,10.25,5.50,17.30,46.22,16.12,48.72,15.53,51.15
1777771012,4.75,10.25,5.00,17.28,46.20,16.11,48.74,15.82,51.13
1777771013,4.75,10.50,5.75,17.05,46.12,15.93,48.72,15.77,51.11
1777771015,4.75,10.50,6.00,16.85,46.05,16.15,48.77,15.70,51.10
1777771017,4.75,10.50,5.75,17.12,46.10,16.15,48.80,15.45,51.12
1777771018,4.75,10.25,6.00,16.86,46.03,16.16,48.82,15.71,51.16
1777771020,4.75,10.50,5.50,17.04,46.05,16.03,48.79,15.59,51.20
1777771021,4.75,10.75,5.50,17.23,46.06,15.95,48.76,15.77,51.26
1777771023,4.81,10.50,5.25,16.98,46.04,16.06,48.76,15.64,51.24
1777771025,4.75,10.75,5.75,17.25,46.10,16.12,48.74,15.39,51.21
1777771026,4.75,10.75,6.00,16.80,46.05,16.11,48.73,15.77,51.33
1777771028,4.75,10.75,5.75,16.83,46.09,15.95,48.70,15.43,51.30
1777771029,4.75,10.75,5.50,17.08,46.18,16.05,48.72,15.66,51.37
1777771031,4.81,10.50,5.75,16.88,46.21,16.08,48.75,15.45,51.38
1777771033,4.81,10.75,5.50,16.96,46.28,16.02,48.75,15.60,51.40
1777771034,4.75,11.00,5.50,17.01,46.38,16.01,48.73,15.69,51.41
1777771036,4.81,10.50,6.00,17.02,46.47,15.98,48.72,15.53,51.37
1777771037,4.81,11.00,6.00,17.43,46.61,16.06,48.73,15.38,51.36
1777771039,4.81,10.50,5.75,16.76,46.57,16.01,48.72,15.56,51.38
1777771041,4.81,11.00,5.50,16.91,46.65,16.05,48.76,15.54,51.36
1777771042,4.75,11.25,5.75,17.06,46.75,15.98,48.76,15.17,51.30
1777771044,4.81,10.00,6.25,17.23,46.85,16.00,48.80,15.76,51.41
1777771046,4.81,10.75,6.00,16.86,46.82,16.15,48.88,15.62,51.38
1777771047,4.81,10.50,5.75,16.90,46.84,16.08,48.91,15.58,51.34
1777771049,4.81,11.00,5.25,17.03,46.82,16.04,48.96,15.45,51.29
1777771050,4.81,10.25,5.75,16.75,46.72,15.96,48.97,15.44,51.26
1777771052,4.88,10.75,6.25,17.35,46.76,16.12,48.99,15.52,51.22
1777771054,4.88,11.00,6.00,16.95,46.66,16.02,48.97,15.58,51.15
1777771055,4.88,11.00,5.75,16.93,46.62,16.00,48.97,15.58,51.02
1777771057,4.81,10.25,6.00,17.29,46.61,16.05,48.99,15.48,50.90
1777771058,4.88,10.50,5.50,16.99,46.49,15.98,48.99,15.52,50.82
1777771060,4.88,10.50,5.75,17.27,46.44,16.01,49.01,15.75,50.84
1777771062,4.88,10.75,5.75,17.04,46.34,16.01,49.02,15.62,50.80
1777771063,4.88,10.25,5.50,16.93,46.28,16.21,49.05,15.59,50.79
1777771065,4.81,10.75,5.75,16.94,46.24,16.14,49.05,15.61,50.82
1777771066,4.81,10.50,5.50,17.10,46.27,15.99,49.00,15.79,50.92
1777771068,4.81,10.50,5.75,17.08,46.20,16.12,48.96,15.37,50.90
1777771070,4.81,10.75,5.50,16.85,46.15,16.05,48.92,15.48,50.97
1777771071,4.81,10.25,6.00,16.91,46.13,16.08,48.89,15.39,51.00
1777771073,4.81,10.75,6.00,16.88,46.10,15.99,48.83,15.60,51.04
1777771074,4.81,10.50,5.75,16.87,46.09,16.04,48.82,15.52,51.07
1777771076,4.81,10.75,5.50,16.90,46.09,16.14,48.80,15.75,51.11
1777771078,4.75,10.75,5.25,17.20,46.15,16.08,48.81,15.36,51.04
1777771079,4.81,10.50,5.50,17.02,46.12,16.08,48.81,15.63,51.06
1777771081,4.81,10.50,6.00,16.98,46.07,16.13,48.83,15.87,51.09
1777771082,4.81,10.50,6.00,17.43,46.14,16.13,48.84,15.72,51.06
1777771084,4.81,10.00,6.00,17.09,46.07,16.11,48.83,15.52,51.04
1777771086,4.75,10.50,5.75,17.04,46.05,16.14,48.83,15.64,51.06
1777771087,4.75,10.25,6.00,16.85,45.99,16.24,48.80,15.75,51.08
1777771089,4.81,10.50,5.75,16.80,45.96,16.12,48.72,15.81,51.06
1777771090,4.75,10.25,5.25,16.97,45.98,16.08,48.67,15.47,50.98
1777771092,4.75,10.25,6.00,17.02,45.97,16.16,48.66,15.52,50.96
1777771094,4.75,10.50,6.00,16.94,45.95,16.16,48.64,15.45,50.95
1777771095,4.75,10.25,5.00,17.37,46.02,16.08,48.63,16.34,51.11
1777771097,4.75,10.50,5.50,16.77,45.96,16.09,48.64,15.50,51.09
1777771099,4.75,10.25,5.75,17.05,46.06,16.05,48.61,15.75,51.28
1777771100,4.75,10.25,5.50,16.93,46.02,16.08,48.59,15.69,51.30
1777771102,4.75,10.50,5.75,16.87,46.00,16.22,48.64,15.89,51.33
1777771103,4.75,10.50,5.75,16.99,46.03,16.05,48.66,15.51,51.23
1777771105,4.75,10.50,5.00,16.83,45.97,15.98,48.66,15.78,51.26
1777771107,4.69,10.50,6.00,17.13,46.02,16.01,48.71,15.46,51.17
1777771108,4.69,10.50,5.75,16.94,45.98,16.15,48.81,15.53,51.19
1777771110,4.69,10.50,5.75,16.81,45.98,16.16,48.89,16.02,51.29
1777771111,4.69,10.75,5.25,16.93,46.01,16.03,48.90,15.47,51.25
1777771113,4.63,10.50,4.75,17.06,46.02,16.08,48.94,15.51,51.29
1777771115,4.69,10.50,5.75,16.99,46.03,16.01,48.91,15.45,51.30
1777771116,4.63,10.50,6.00,16.87,46.02,15.96,48.89,15.66,51.35
1777771118,4.69,10.50,5.75,16.89,46.06,16.08,48.89,15.76,51.36
1777771119,4.69,10.25,5.50,17.02,46.08,16.19,48.92,15.50,51.29
1777771121,4.63,10.75,5.25,17.05,46.08,15.98,48.87,15.32,51.24
1777771123,4.63,10.25,5.75,17.08,46.08,16.05,48.89,15.48,51.25
1777771124,4.63,10.00,5.75,16.91,46.07,16.04,48.85,15.71,51.30
1777771126,4.63,10.00,5.75,16.85,46.04,16.05,48.83,15.78,51.30
1777771127,4.63,10.25,5.75,16.78,46.02,16.08,48.82,15.55,51.24
1777771129,4.63,11.00,5.75,16.77,46.02,15.98,48.81,15.52,51.20
1777771131,4.63,10.50,5.75,16.93,46.04,16.01,48.82,15.50,51.14
1777771132,4.56,10.50,5.75,16.84,46.03,16.23,48.88,15.82,51.11
1777771134,4.56,10.00,5.75,16.75,46.01,16.06,48.88,15.36,50.95
1777771135,4.56,10.75,5.50,16.83,46.04,15.87,48.89,15.56,50.96
1777771137,4.56,10.25,5.75,17.09,46.11,16.01,48.92,15.45,50.95
