timestamp,temp1_black_evap_coil_side,temp2_tcouple_evap_coil_center,temp3_tcouple_by_fan,stemp1_ambient_room,shumid1_ambient_room,stemp2_outlet,shumid2_outlet,stemp3_inlet,shumid3_inlet
1777999597,20.00,22.50,20.25,22.54,41.27,25.22,36.34,23.02,43.75
1777999598,20.00,22.75,19.75,22.79,41.32,25.26,36.56,22.48,43.50
1777999600,20.00,22.50,20.50,22.73,41.32,25.07,36.67,23.00,43.47
1777999601,19.94,22.50,19.75,22.72,41.31,24.93,36.83,23.02,43.41
1777999603,19.94,22.50,20.00,22.60,41.28,24.83,36.98,23.15,43.35
1777999605,19.87,22.50,19.50,22.68,41.26,24.81,37.10,23.01,43.17
1777999606,19.94,22.25,19.75,22.65,41.24,24.84,37.30,22.91,43.02
1777999608,19.94,22.75,19.50,22.72,41.22,24.65,37.39,23.37,43.02
1777999609,19.87,22.75,19.50,22.75,41.20,24.71,37.50,24.03,43.07
1777999611,19.87,22.50,19.25,22.64,41.17,24.56,37.54,23.11,42.82
1777999613,19.81,22.50,19.00,22.53,41.12,24.55,37.65,23.30,42.75
1777999614,19.87,22.75,19.25,22.61,41.11,24.45,37.71,22.75,42.60
1777999616,19.81,22.50,18.75,22.61,41.10,24.44,37.83,22.29,42.55
1777999617,19.81,22.50,18.75,22.72,41.07,24.31,37.94,23.88,42.89
1777999619,19.81,22.25,18.50,22.59,41.04,24.23,38.08,23.95,42.95
1777999621,19.75,22.00,18.25,22.66,41.03,24.28,38.37,23.20,42.95
1777999622,19.75,22.25,18.25,22.61,41.01,24.20,38.46,23.43,43.09
1777999624,19.75,22.00,17.75,22.75,41.01,24.02,38.52,23.39,43.13
1777999625,19.69,22.00,17.75,22.67,40.98,24.04,38.68,22.86,43.10
1777999627,19.62,22.00,18.00,22.74,40.97,23.99,38.66,22.55,43.17
1777999629,19.62,22.00,17.25,22.62,40.93,23.87,38.67,22.84,43.23
1777999630,19.56,21.75,16.75,22.70,40.92,23.77,38.77,23.36,43.29
1777999632,19.50,21.75,17.00,22.81,40.94,23.73,38.87,22.88,43.24
1777999633,19.37,21.75,16.75,22.72,40.92,23.66,38.91,23.70,43.34
1777999635,19.31,22.00,16.75,22.53,40.87,23.56,38.95,23.49,43.23
1777999637,19.19,21.50,17.00,22.50,40.83,23.58,38.98,23.74,43.15
1777999638,19.00,21.00,16.25,22.63,40.82,23.44,38.99,23.69,43.06
1777999640,18.87,21.50,17.00,22.66,40.82,23.34,39.06,23.24,43.03
1777999642,18.75,21.50,17.25,22.70,40.81,23.45,39.17,22.82,42.94
1777999643,18.56,21.25,16.75,22.54,40.78,23.40,39.32,22.79,42.84
1777999645,18.44,21.25,16.75,22.64,40.79,23.31,39.44,22.77,42.71
1777999646,18.31,21.25,16.75,22.73,40.80,23.26,39.54,22.77,42.58
1777999648,18.19,21.50,17.25,22.58,40.77,23.23,39.64,23.19,42.54
1777999650,18.00,21.75,17.00,22.50,40.76,23.16,39.76,22.44,42.35
1777999651,17.87,21.25,16.75,22.49,40.78,23.13,39.90,22.78,42.40
1777999653,17.75,20.50,17.00,22.62,40.79,23.07,40.01,23.36,42.47
1777999654,17.56,20.50,16.50,22.62,40.80,23.01,40.13,22.63,42.34
1777999656,17.44,20.75,15.75,22.74,40.82,23.05,40.26,22.47,42.28
1777999658,17.31,21.00,16.50,22.84,40.83,23.02,40.36,22.65,42.32
1777999659,17.12,21.25,16.50,22.67,40.82,22.94,40.47,22.91,42.38
1777999661,16.94,20.75,16.25,22.74,40.83,22.81,40.53,22.92,42.37
1777999662,16.87,21.00,16.25,22.79,40.83,22.69,40.61,23.13,42.41
1777999664,16.69,21.00,16.25,22.65,40.80,22.75,40.72,22.55,42.35
1777999666,16.56,21.00,16.00,22.70,40.81,22.70,40.82,22.55,42.38
1777999667,16.44,20.75,15.50,22.56,40.77,22.68,40.90,23.34,42.50
1777999669,16.31,20.75,15.75,22.52,40.77,22.60,40.93,23.19,42.47
1777999670,16.19,20.50,15.50,22.60,40.77,22.44,40.96,22.56,42.33
1777999672,16.06,20.75,15.25,22.38,40.72,22.53,41.03,22.55,42.26
1777999674,15.94,21.00,15.25,22.43,40.73,22.41,41.04,23.11,42.29
1777999675,15.81,21.00,15.50,22.47,40.71,22.34,41.09,23.03,42.26
1777999677,15.69,20.75,15.25,22.70,40.74,22.41,41.18,23.06,42.24
1777999678,15.56,20.75,15.25,22.45,40.72,22.33,41.26,22.66,42.14
1777999680,15.44,20.00,14.75,22.62,40.72,22.16,41.34,23.03,42.19
1777999682,15.38,20.50,14.75,22.56,40.71,22.16,41.46,22.66,42.20
1777999683,15.25,20.50,14.75,22.76,40.73,22.21,41.55,22.48,42.21
1777999685,15.06,20.50,14.50,22.54,40.70,22.04,41.64,22.91,42.29
1777999687,15.00,20.50,14.50,22.46,40.69,22.08,41.73,22.65,42.21
1777999688,14.88,20.25,14.50,22.52,40.70,22.04,41.79,22.75,42.17
1777999690,14.81,20.50,14.50,22.38,40.65,22.04,41.85,22.36,42.09
1777999691,14.69,20.50,14.50,22.50,40.68,21.88,41.88,23.13,42.19
1777999693,14.50,20.25,14.25,22.66,40.68,21.85,41.95,22.66,42.15
1777999695,14.38,20.25,14.25,22.73,40.70,21.88,42.06,22.77,42.18
1777999696,14.31,20.00,14.00,22.48,40.64,21.79,42.18,22.40,42.11
1777999698,14.19,20.25,14.25,22.55,40.68,21.72,42.27,22.12,42.06
1777999699,14.06,19.75,14.00,22.35,40.64,21.68,42.37,23.12,42.20
1777999701,13.94,20.25,14.25,22.38,40.65,21.69,42.45,22.80,42.17
1777999703,13.75,20.50,13.75,22.56,40.70,21.51,42.53,22.21,42.08
1777999704,13.63,19.75,14.00,22.35,40.67,21.52,42.64,22.53,42.12
1777999706,13.44,19.50,13.50,22.46,40.71,21.55,42.73,22.72,42.15
1777999707,13.25,19.50,13.00,22.60,40.72,21.48,42.79,23.58,42.23
1777999709,13.06,19.75,13.00,22.20,40.64,21.39,42.82,22.38,41.99
1777999711,12.88,20.00,13.50,22.33,40.67,21.35,42.85,22.24,41.92
1777999712,12.69,19.25,13.50,22.44,40.67,21.38,42.91,22.27,41.92
1777999714,12.44,19.25,13.00,22.36,40.66,21.25,43.01,22.60,42.09
1777999715,12.25,19.25,13.00,22.51,40.67,21.19,43.05,22.48,42.29
1777999717,12.00,19.25,13.25,22.22,40.60,21.19,43.12,22.51,42.56
1777999719,11.81,19.50,13.25,22.55,40.64,21.23,43.23,22.45,42.68
1777999720,11.56,19.75,13.00,22.37,40.60,21.09,43.34,22.57,42.93
1777999722,11.44,18.75,12.75,22.80,40.66,21.05,43.49,22.27,43.39
1777999723,11.25,18.50,12.50,22.66,40.65,21.09,43.52,22.65,43.49
1777999725,11.00,18.25,13.00,22.55,40.64,20.91,43.40,22.93,43.43
1777999727,10.88,18.00,12.75,22.38,40.60,20.93,43.29,22.26,43.12
1777999728,10.69,17.50,12.50,22.57,40.61,20.83,43.21,22.75,43.02
1777999730,10.56,17.50,12.00,22.65,40.62,20.76,43.18,22.40,42.94
1777999732,10.38,17.25,12.00,22.40,40.57,20.83,43.17,22.53,42.93
1777999733,10.25,17.00,12.25,22.61,40.58,20.76,43.10,22.68,42.93
1777999735,10.19,16.75,12.00,22.41,40.54,20.62,42.99,22.12,42.73
1777999736,10.06,17.00,11.75,22.37,40.53,20.60,42.97,22.62,42.72
1777999738,9.88,16.50,11.25,22.53,40.55,20.51,42.95,22.38,42.60
1777999740,9.75,16.75,11.25,22.39,40.50,20.40,43.03,22.52,42.65
1777999741,9.63,16.25,11.50,22.48,40.50,20.42,43.18,22.35,42.78
1777999743,9.50,16.25,11.50,22.48,40.45,20.35,43.24,22.16,42.80
1777999744,9.38,16.75,11.25,22.58,40.43,20.25,43.24,22.25,42.75
1777999746,9.31,16.25,11.00,22.57,40.41,20.26,43.32,22.47,42.71
1777999748,9.19,15.50,11.00,22.03,40.33,20.27,43.39,22.55,42.69
1777999749,9.13,15.75,11.00,22.39,40.35,20.16,43.42,22.23,42.62
1777999751,9.06,15.25,10.50,22.12,40.31,20.06,43.45,22.24,42.57
1777999752,9.00,14.50,11.00,22.37,40.36,19.95,43.47,21.97,42.43
1777999754,8.88,14.25,11.00,22.37,40.38,19.93,43.51,22.44,42.38
1777999756,8.81,14.00,11.00,22.32,40.40,19.97,43.58,22.47,42.31
1777999757,8.75,13.25,10.75,22.30,40.38,19.79,43.62,22.75,42.35
1777999759,8.75,12.50,10.75,22.32,40.40,19.80,43.71,22.77,42.38
1777999760,8.69,11.75,10.75,22.27,40.38,19.76,43.83,22.66,42.39
1777999762,8.63,11.75,10.25,22.41,40.37,19.68,43.92,22.27,42.35
1777999764,8.63,13.00,11.00,22.19,40.32,19.63,44.00,22.62,42.33
1777999765,8.56,13.25,10.75,22.08,40.28,19.62,44.07,22.70,42.24
1777999767,8.56,12.75,10.25,22.38,40.31,19.47,44.12,22.70,42.10
1777999769,8.50,12.25,10.50,22.46,40.33,19.61,44.24,22.62,42.00
1777999770,8.44,12.75,10.50,22.18,40.31,19.38,44.28,22.76,41.97
1777999772,8.44,12.75,10.25,22.09,40.31,19.37,44.35,22.54,42.00
1777999773,8.38,12.00,10.50,22.16,40.34,19.31,44.42,22.18,42.04
1777999775,8.38,12.50,10.50,22.12,40.34,19.33,44.52,22.12,42.11
1777999777,8.38,12.25,10.50,22.48,40.41,19.23,44.63,21.84,42.07
1777999778,8.31,11.25,10.50,22.58,40.45,19.23,44.73,22.49,42.16
1777999780,8.31,11.50,9.75,22.34,40.43,19.12,44.80,22.35,42.11
1777999781,8.44,11.75,10.00,22.15,40.41,19.01,44.96,22.18,42.08
1777999783,8.38,12.25,10.00,22.24,40.46,18.94,45.06,22.32,42.06
1777999785,8.38,11.50,9.75,22.23,40.49,18.91,45.26,22.03,41.96
1777999786,8.38,11.75,9.75,22.34,40.57,18.86,45.38,21.86,41.95
1777999788,8.38,11.50,9.75,22.01,40.56,18.82,45.43,22.38,42.12
1777999789,8.38,11.50,9.25,22.46,40.67,18.73,45.42,22.21,42.19
1777999791,8.38,11.25,9.25,22.14,40.72,18.59,45.41,22.38,42.35
1777999793,8.31,12.50,9.50,22.19,40.82,18.70,45.42,22.24,42.38
1777999794,8.31,12.75,9.50,22.08,40.88,18.75,45.52,22.38,42.41
1777999796,8.25,12.25,9.50,21.96,40.90,18.54,45.71,22.12,42.42
1777999797,8.31,12.25,9.50,22.16,40.90,18.44,46.00,22.16,42.77
1777999799,8.31,12.00,9.75,22.12,40.85,18.48,46.26,21.98,43.15
1777999801,8.31,12.50,9.25,22.04,40.77,18.30,46.43,22.38,43.36
1777999802,8.31,12.00,9.25,22.08,40.76,18.29,46.66,21.91,43.29
1777999804,8.31,12.00,9.75,22.16,40.79,18.31,46.86,22.20,43.27
1777999805,8.31,12.50,9.50,21.96,40.75,18.19,47.03,21.86,43.07
1777999807,8.31,11.50,9.50,22.02,40.75,18.16,47.21,22.17,42.96
1777999809,8.31,12.00,9.00,22.03,40.76,18.16,47.41,22.15,42.87
1777999810,8.38,12.25,9.75,21.92,40.73,18.05,47.63,21.55,42.70
1777999812,8.38,12.75,9.50,22.23,40.79,18.07,47.82,21.83,42.68
1777999813,8.38,12.00,9.00,21.95,40.74,18.16,48.05,21.34,42.58
1777999815,8.38,12.25,9.50,22.48,40.88,18.06,48.22,21.61,42.57
1777999817,8.44,12.50,9.25,21.99,40.81,18.05,48.39,22.01,42.57
1777999818,8.50,12.00,9.00,21.95,40.83,18.08,48.60,22.20,42.56
1777999820,8.44,12.00,9.50,21.87,40.85,17.96,48.71,21.69,42.54
1777999822,8.50,12.00,9.75,21.90,40.89,17.79,48.80,21.78,42.62
1777999823,8.56,12.25,9.50,21.83,40.93,17.76,48.89,21.68,42.60
1777999825,8.56,12.00,9.50,21.95,40.96,17.69,49.03,21.79,42.61
1777999826,8.56,12.00,9.50,21.88,40.96,17.69,49.14,22.13,42.64
1777999828,8.63,12.50,9.25,21.91,40.97,17.67,49.23,21.46,42.53
1777999830,8.63,12.25,9.50,21.76,40.98,17.61,49.28,21.44,42.49
1777999831,8.63,12.25,9.25,21.97,41.04,17.66,49.37,21.52,42.52
1777999833,8.63,12.00,9.25,21.86,41.04,17.55,49.46,21.55,42.62
1777999834,8.69,12.00,9.25,21.70,41.06,17.45,49.50,21.52,42.85
1777999836,8.75,12.75,9.25,21.84,41.08,17.46,49.58,22.21,43.21
1777999838,8.69,12.00,9.25,21.95,41.12,17.48,49.71,21.35,43.28
1777999839,8.69,12.00,9.25,21.89,41.16,17.45,49.83,22.08,43.56
1777999841,8.75,12.75,9.25,21.76,41.16,17.38,49.93,21.13,43.43
1777999842,8.81,11.75,9.00,22.08,41.24,17.39,50.05,21.13,43.37
1777999844,8.75,12.50,9.00,22.01,41.26,17.16,50.18,21.09,43.31
1777999846,8.75,12.50,9.25,21.74,41.27,17.16,50.31,22.00,43.39
1777999847,8.81,12.50,9.25,21.89,41.32,17.23,50.40,21.54,43.32
1777999849,8.81,12.75,9.50,21.95,41.35,17.21,50.48,21.55,43.34
1777999850,8.88,12.50,9.00,21.76,41.36,17.13,50.52,21.55,43.42
1777999852,8.81,12.50,9.25,21.72,41.37,17.13,50.59,21.32,43.50
1777999854,8.94,12.50,8.75,21.81,41.39,17.15,50.70,21.41,43.61
1777999855,9.00,12.25,9.25,21.78,41.43,17.06,50.79,21.24,43.57
1777999857,9.00,12.25,9.25,21.79,41.46,17.16,50.92,21.20,43.63
1777999858,8.94,12.75,9.25,21.70,41.46,17.02,51.00,21.57,43.71
1777999860,9.00,12.75,8.75,21.83,41.52,17.09,51.10,21.50,43.69
1777999862,9.00,12.50,8.75,21.87,41.57,17.07,51.24,21.61,43.69
1777999863,9.06,12.00,9.00,21.75,41.56,17.03,51.39,21.35,43.61
1777999865,9.13,12.00,8.75,21.79,41.60,16.83,51.46,21.02,43.50
1777999866,9.06,12.50,8.75,21.76,41.57,16.74,51.51,21.36,43.53
1777999868,9.06,12.25,9.00,21.57,41.58,16.85,51.57,20.95,43.53
1777999870,9.06,12.50,9.25,21.78,41.65,16.87,51.69,20.89,43.57
1777999871,9.13,12.25,8.75,21.80,41.70,16.76,51.80,21.01,43.70
1777999873,9.13,12.25,9.00,21.68,41.75,16.87,51.91,20.91,43.82
1777999875,9.13,12.00,8.75,21.52,41.76,16.69,51.99,21.30,43.91
1777999876,9.13,11.75,9.00,21.66,41.84,16.64,52.11,21.02,43.89
1777999878,9.19,12.00,9.00,21.51,41.84,16.70,52.23,21.65,44.11
1777999879,9.13,11.75,8.75,21.41,41.84,16.60,52.34,20.96,44.11
1777999881,9.19,12.00,8.75,21.67,41.89,16.53,52.39,20.92,44.14
1777999883,9.13,12.50,8.75,21.55,41.89,16.62,52.51,21.02,44.17
1777999884,9.19,12.25,8.75,21.65,41.93,16.59,52.54,20.80,44.19
1777999886,9.19,13.00,8.75,21.56,41.95,16.61,52.60,20.66,44.24
1777999887,9.19,12.75,9.00,21.62,41.96,16.50,52.65,21.17,44.43
1777999889,9.19,12.50,8.75,21.52,41.98,16.36,52.68,21.10,44.52
1777999891,9.19,13.25,8.25,21.69,42.05,16.57,52.80,20.98,44.65
1777999892,9.25,12.50,8.75,21.61,42.05,16.49,52.86,20.79,44.77
1777999894,9.31,12.50,9.00,21.73,42.12,16.44,52.95,20.44,44.88
1777999895,9.31,13.25,8.50,21.68,42.12,16.46,53.05,20.63,45.06
1777999897,9.31,12.75,9.00,21.64,42.14,16.27,53.10,20.80,45.21
1777999899,9.31,12.50,8.25,21.65,42.17,16.29,53.17,20.72,45.19
1777999900,9.38,12.25,8.75,21.34,42.14,16.28,53.25,20.50,45.10
1777999902,9.38,13.00,8.75,21.69,42.21,16.29,53.33,20.64,45.07
1777999903,9.31,13.00,8.75,21.30,42.18,16.33,53.37,20.37,45.00
1777999905,9.38,12.75,8.75,21.59,42.25,16.14,53.39,20.51,45.01
1777999907,9.44,13.00,8.75,21.35,42.24,16.30,53.44,20.30,45.00
1777999908,9.44,13.25,8.75,21.64,42.32,16.27,53.49,20.32,45.04
1777999910,9.44,12.75,8.75,21.55,42.35,16.22,53.55,20.47,45.15
1777999911,9.50,13.00,8.75,21.65,42.38,16.23,53.59,20.76,45.39
1777999913,9.50,13.00,8.25,21.31,42.37,15.96,53.61,20.56,45.56
1777999915,9.50,13.25,8.00,21.32,42.42,15.89,53.71,20.48,45.70
1777999916,9.50,13.25,9.00,21.19,42.43,15.78,53.81,20.65,45.91
1777999918,9.63,12.75,8.75,21.19,42.47,15.74,53.80,20.23,45.93
1777999919,9.63,13.00,8.25,21.18,42.49,15.69,53.93,20.67,46.09
1777999921,9.63,13.00,8.25,21.29,42.55,15.73,54.10,20.29,46.11
1777999923,9.69,13.00,8.75,21.37,42.56,15.70,54.27,20.24,46.19
1777999924,9.63,12.50,8.00,21.59,42.61,15.59,54.39,20.39,46.27
1777999926,9.69,12.75,8.50,20.89,42.51,15.56,54.51,20.50,46.36
1777999927,9.69,12.75,8.25,21.02,42.58,15.57,54.62,20.37,46.39
1777999929,9.69,13.00,8.75,21.17,42.65,15.52,54.69,20.13,46.56
1777999931,9.81,12.50,8.50,21.03,42.66,15.60,54.84,20.38,46.71
1777999932,9.81,12.50,8.75,21.09,42.73,15.47,54.99,20.03,46.65
1777999934,9.81,12.50,8.75,21.15,42.78,15.44,55.10,20.08,46.65
1777999936,9.88,12.75,8.50,21.34,42.84,15.45,55.21,20.10,46.65
1777999937,9.81,13.00,8.25,20.96,42.77,15.41,55.34,20.08,46.56
1777999939,9.81,13.50,8.50,21.56,42.89,15.45,55.47,19.97,46.45
1777999940,9.81,13.25,8.50,21.13,42.84,15.36,55.54,20.30,46.63
1777999942,9.88,13.25,8.50,20.99,42.85,15.35,55.63,20.05,46.83
1777999944,9.88,13.25,8.75,21.17,42.89,15.37,55.70,20.02,47.06
1777999945,9.88,13.00,8.75,21.18,42.88,15.41,55.81,20.15,47.27
1777999947,9.94,13.00,8.75,20.99,42.86,15.45,55.84,20.05,47.40
1777999948,9.88,13.00,8.50,20.98,42.87,15.36,55.83,20.23,47.53
1777999950,9.88,13.25,8.00,20.92,42.88,15.28,55.86,19.98,47.63
1777999952,9.94,13.00,8.50,21.15,42.94,15.37,55.88,20.16,47.72
1777999953,9.94,12.75,8.25,21.09,42.94,15.28,55.90,19.98,47.64
1777999955,10.00,13.25,8.50,21.14,42.97,15.29,55.89,19.85,47.47
1777999956,10.00,13.00,8.00,20.94,42.99,15.16,55.88,20.14,47.49
1777999958,10.00,13.00,8.25,20.83,42.99,15.19,55.89,19.75,47.39
1777999960,10.00,13.00,8.00,21.43,43.12,15.10,55.87,20.02,47.41
1777999961,10.06,13.00,8.75,20.99,43.09,15.17,55.95,20.08,47.42
1777999963,10.06,13.50,8.75,20.83,43.13,15.26,56.03,19.91,47.41
1777999964,10.00,13.00,8.50,21.01,43.16,15.19,56.07,19.45,47.42
1777999966,10.06,13.00,8.50,20.98,43.19,15.12,56.15,19.62,47.61
1777999968,10.13,12.75,8.25,20.94,43.22,15.08,56.25,19.76,47.71
1777999969,10.06,13.00,7.75,20.90,43.20,15.09,56.35,19.73,47.61
1777999971,10.13,13.00,8.75,21.04,43.21,14.98,56.39,19.60,47.43
1777999972,10.19,13.00,8.00,20.93,43.19,15.04,56.44,19.63,47.31
1777999974,10.19,12.75,8.00,21.05,43.23,14.93,56.46,19.75,47.16
1777999976,10.19,13.00,8.25,20.98,43.25,14.94,56.50,19.92,47.08
1777999977,10.19,12.75,8.25,21.23,43.30,15.18,56.61,19.87,47.01
1777999979,10.25,12.00,8.25,20.95,43.26,14.95,56.64,19.77,46.95
1777999980,10.19,13.00,8.50,20.83,43.25,15.07,56.70,19.87,46.99
1777999982,10.19,12.50,8.00,20.90,43.29,14.94,56.71,19.80,46.99
1777999984,10.19,12.75,8.25,20.92,43.32,14.94,56.73,19.41,46.86
1777999985,10.25,13.00,8.25,20.76,43.30,14.98,56.78,19.99,46.93
1777999987,10.25,12.75,7.75,21.15,43.40,14.99,56.81,19.52,46.88
1777999989,10.25,12.50,8.00,21.08,43.43,15.10,56.85,18.88,46.86
1777999990,10.25,13.00,8.00,20.94,43.43,15.05,56.88,19.34,46.96
1777999992,10.31,12.75,8.25,20.78,43.44,15.04,56.89,19.12,46.92
1777999993,10.31,12.75,8.25,20.57,43.39,14.93,56.88,19.50,46.98
1777999995,10.31,12.50,8.00,21.15,43.48,14.91,56.87,19.45,46.96
1777999997,10.31,13.00,8.25,20.82,43.47,14.96,56.90,19.97,46.99
1777999998,10.31,12.50,8.25,20.59,43.44,14.85,56.91,19.30,46.83
1778000000,10.31,12.50,8.25,20.87,43.53,14.91,56.96,19.58,46.84
1778000001,10.31,13.00,8.50,20.67,43.53,14.83,56.99,18.87,46.74
1778000003,10.38,12.50,8.50,20.67,43.56,14.89,57.05,19.15,46.80
1778000005,10.38,12.75,8.50,20.87,43.61,14.81,57.13,19.21,46.95
1778000006,10.38,12.75,8.00,20.85,43.64,14.87,57.20,19.19,47.12
1778000008,10.31,12.50,8.50,20.79,43.64,14.88,57.24,19.06,47.23
1778000009,10.38,12.25,8.50,20.88,43.70,14.91,57.28,19.62,47.43
1778000011,10.38,12.00,8.25,20.78,43.71,14.88,57.33,18.97,47.47
1778000013,10.31,12.25,8.00,20.75,43.72,14.81,57.40,18.83,47.70
1778000014,10.31,11.75,8.00,20.81,43.75,14.83,57.46,18.81,47.93
1778000016,10.31,12.00,8.50,20.91,43.80,14.72,57.49,19.31,48.09
1778000017,10.38,12.25,8.25,20.80,43.79,14.82,57.58,19.27,48.09
1778000019,10.31,12.00,8.25,20.66,43.80,14.70,57.62,19.24,48.07
1778000021,10.38,12.25,8.50,20.92,43.87,14.71,57.70,18.76,47.94
1778000022,10.38,12.00,8.25,20.87,43.86,14.81,57.79,19.18,47.95
1778000024,10.38,12.25,8.50,20.57,43.87,14.79,57.85,18.70,47.95
1778000025,10.31,11.50,8.50,20.84,43.93,14.76,57.88,19.20,48.08
1778000027,10.31,12.00,8.50,20.62,43.90,14.60,57.93,18.72,48.06
1778000029,10.31,12.00,8.00,20.51,43.90,14.80,58.03,19.09,48.11
1778000030,10.38,12.25,8.75,20.45,43.92,14.66,58.04,19.00,48.09
1778000032,10.31,12.25,8.50,20.82,43.98,14.72,58.08,18.94,48.16
1778000034,10.38,12.50,8.50,20.45,43.95,14.71,58.10,19.24,48.27
1778000035,10.38,12.00,8.50,20.70,44.02,14.77,58.14,18.51,48.28
1778000037,10.44,12.25,8.50,20.44,44.03,14.76,58.18,19.02,48.52
1778000038,10.38,12.00,8.50,20.51,44.08,14.76,58.23,18.89,48.61
1778000040,10.38,12.25,8.25,20.50,44.11,14.61,58.24,18.71,48.61
1778000042,10.38,11.75,8.50,20.50,44.12,14.66,58.28,18.87,48.67
1778000043,10.44,12.25,8.00,20.65,44.15,14.75,58.33,18.91,48.71
1778000045,10.44,12.00,8.50,20.48,44.15,14.72,58.36,18.94,48.69
1778000046,10.38,12.00,8.50,20.51,44.15,14.65,58.38,18.73,48.69
1778000048,10.44,12.00,8.50,20.45,44.15,14.76,58.43,18.58,48.72
1778000050,10.38,12.25,8.25,20.59,44.17,14.76,58.45,19.13,49.05
1778000051,10.44,12.00,8.25,20.55,44.19,14.72,58.46,18.64,49.23
1778000053,10.44,12.00,8.00,20.40,44.18,14.61,58.45,18.63,49.36
1778000054,10.44,11.50,8.50,20.44,44.20,14.59,58.49,18.72,49.57
1778000056,10.44,12.00,8.00,20.37,44.21,14.66,58.54,18.37,49.74
1778000058,10.44,12.00,8.25,20.92,44.32,14.65,58.54,19.26,50.05
1778000059,10.44,11.25,8.50,20.55,44.28,14.80,58.55,18.50,49.93
1778000061,10.44,11.25,8.50,20.58,44.32,14.66,58.52,18.89,49.98
1778000062,10.44,11.00,8.00,20.96,44.42,14.59,58.51,18.64,49.95
1778000064,10.50,11.00,8.75,20.55,44.38,14.57,58.54,18.27,49.83
1778000066,10.44,11.00,8.25,20.80,44.44,14.64,58.56,19.09,49.84
1778000067,10.44,11.25,8.25,20.48,44.40,14.63,58.57,18.71,49.66
1778000069,10.44,11.25,8.25,20.33,44.40,14.59,58.57,18.54,49.66
1778000070,10.50,10.75,8.50,20.60,44.45,14.63,58.57,18.81,49.79
1778000072,10.50,10.75,8.25,20.62,44.49,14.57,58.59,18.58,49.89
1778000074,10.50,10.75,8.50,20.36,44.46,14.61,58.61,18.83,50.05
1778000075,10.44,11.00,8.50,20.95,44.57,14.59,58.62,18.66,50.09
1778000077,10.44,11.00,8.50,20.48,44.52,14.48,58.66,18.55,50.15
1778000079,10.50,11.00,8.25,20.70,44.55,14.61,58.71,18.77,50.29
1778000080,10.50,11.00,8.50,20.19,44.50,14.52,58.74,18.40,50.35
1778000082,10.50,10.75,8.50,20.37,44.55,14.49,58.76,18.83,50.52
1778000083,10.50,11.00,8.50,20.79,44.65,14.55,58.77,18.72,50.57
1778000085,10.50,11.25,8.25,20.45,44.61,14.57,58.76,18.33,50.55
1778000087,10.50,10.50,8.25,20.44,44.61,14.51,58.75,18.52,50.60
1778000088,10.50,11.00,8.50,20.33,44.60,14.51,58.76,18.05,50.55
1778000090,10.50,11.25,8.25,20.38,44.63,14.45,58.78,18.68,50.73
1778000091,10.50,11.25,8.50,20.37,44.64,14.52,58.77,18.66,50.80
1778000093,10.50,11.25,8.25,20.31,44.63,14.45,58.76,18.13,50.75
1778000095,10.50,11.25,8.50,20.27,44.65,14.44,58.74,18.16,50.84
1778000096,10.50,11.00,8.50,20.51,44.70,14.27,58.73,17.84,50.82
1778000098,10.50,11.25,8.25,20.32,44.71,14.29,58.76,18.11,50.82
1778000099,10.56,11.00,8.50,20.50,44.74,14.33,58.77,18.37,50.72
1778000101,10.50,11.00,8.50,20.37,44.74,14.27,58.86,18.26,50.59
1778000103,10.50,11.25,8.50,20.44,44.76,14.25,58.92,18.12,50.49
1778000104,10.50,11.25,8.25,20.84,44.85,14.42,59.02,18.20,50.44
1778000106,10.50,11.50,8.75,20.43,44.78,14.40,59.10,18.44,50.50
1778000107,10.50,11.00,8.25,20.44,44.81,14.34,59.16,18.27,50.48
1778000109,10.50,11.50,8.50,20.48,44.84,14.30,59.22,18.05,50.55
1778000111,10.50,10.75,8.50,20.23,44.81,14.41,59.29,18.50,50.75
1778000112,10.50,11.50,8.50,20.29,44.83,14.44,59.34,18.44,50.79
1778000114,10.50,11.50,8.75,20.47,44.88,14.31,59.30,18.24,50.73
1778000115,10.50,11.50,8.25,20.44,44.90,14.48,59.28,18.02,50.60
1778000117,10.50,11.00,8.50,20.36,44.89,14.22,59.18,18.38,50.56
1778000119,10.50,11.00,8.25,20.43,44.94,14.23,59.15,18.03,50.44
1778000120,10.50,11.00,8.25,20.45,44.95,14.27,59.14,17.84,50.35
1778000122,10.50,11.25,8.50,20.36,44.92,14.21,59.15,18.01,50.37
1778000123,10.50,11.25,8.00,20.36,44.95,14.24,59.21,17.77,50.30
1778000125,10.44,11.25,8.50,20.46,44.98,14.19,59.27,17.59,50.32
1778000127,10.44,11.25,8.50,20.37,44.97,14.24,59.34,18.40,50.58
1778000128,10.50,11.00,8.75,20.08,44.93,14.22,59.40,17.97,50.67
1778000130,10.50,10.75,8.75,20.61,45.03,14.21,59.47,18.06,50.84
1778000132,10.50,11.50,8.50,20.42,45.01,14.23,59.51,18.52,51.10
1778000133,10.50,11.25,8.25,20.17,44.96,14.16,59.51,18.38,51.25
1778000135,10.50,11.25,8.25,20.11,44.96,14.23,59.54,17.83,51.31
1778000136,10.50,11.25,8.25,20.40,45.04,14.19,59.56,17.63,51.33
1778000138,10.44,11.25,8.50,20.44,45.06,14.12,59.56,17.75,51.37
1778000140,10.50,11.25,8.50,20.23,45.05,14.16,59.58,17.74,51.46
1778000141,10.44,10.75,8.25,20.42,45.12,14.23,59.63,17.79,51.61
1778000143,10.44,11.25,8.25,20.22,45.11,14.16,59.67,18.08,51.79
1778000144,10.50,11.50,8.50,20.35,45.14,14.12,59.72,17.74,51.89
1778000146,10.50,11.25,8.00,20.15,45.09,14.24,59.78,18.11,52.11
1778000148,10.50,11.50,8.50,20.21,45.14,14.20,59.83,17.94,52.17
1778000149,10.44,11.25,8.00,20.34,45.17,14.17,59.85,17.87,52.18
1778000151,10.44,11.25,8.25,20.08,45.15,14.24,59.91,17.67,52.18
1778000152,10.50,11.25,8.25,20.55,45.22,14.26,59.96,17.90,52.17
1778000154,10.50,11.00,8.50,20.14,45.17,14.26,59.99,17.98,52.20
1778000156,10.50,11.25,8.25,20.05,45.16,14.19,59.96,17.58,52.22
1778000157,10.56,11.25,8.50,20.03,45.17,14.29,59.96,17.50,52.30
1778000159,10.50,11.50,8.25,19.88,45.16,14.24,59.93,17.77,52.45
1778000160,10.50,11.00,8.25,20.43,45.29,14.24,59.90,17.67,52.51
1778000162,10.50,11.00,8.25,20.21,45.24,14.35,59.92,17.54,52.52
1778000164,10.56,11.25,8.50,20.09,45.24,14.23,59.87,17.50,52.56
1778000165,10.56,11.00,8.00,20.39,45.30,14.23,59.84,17.58,52.61
1778000167,10.50,11.25,8.00,19.92,45.24,14.30,59.84,17.84,52.68
1778000168,10.50,11.25,8.50,20.07,45.27,14.31,59.82,17.43,52.62
1778000170,10.50,11.50,8.50,20.35,45.32,14.28,59.78,17.48,52.62
1778000172,10.56,11.50,8.50,20.34,45.35,14.26,59.79,17.44,52.68
1778000173,10.50,11.25,8.25,20.51,45.40,14.24,59.79,17.73,52.86
1778000175,10.56,11.25,8.25,20.12,45.36,14.29,59.81,17.88,53.00
1778000177,10.56,11.00,8.50,20.23,45.38,14.26,59.80,17.48,53.03
1778000178,10.56,11.25,8.50,19.99,45.37,14.29,59.82,17.68,53.17
1778000180,10.50,11.25,8.50,20.12,45.40,14.21,59.82,17.37,53.15
1778000181,10.56,11.25,8.75,20.12,45.43,14.17,59.82,17.30,53.20
1778000183,10.56,10.50,8.25,20.17,45.44,14.19,59.85,17.45,53.32
1778000185,10.56,11.00,8.75,20.05,45.43,14.23,59.91,17.26,53.41
1778000186,10.56,11.50,8.00,19.95,45.43,14.29,59.96,17.34,53.51
1778000188,10.56,11.25,8.00,20.14,45.45,14.16,59.98,17.84,53.67
1778000189,10.56,11.50,8.75,20.08,45.46,14.15,60.00,17.69,53.73
1778000191,10.56,11.25,8.25,19.84,45.41,14.19,60.04,17.37,53.76
1778000193,10.56,11.25,8.00,20.23,45.48,14.12,60.04,17.23,53.79
1778000194,10.56,11.25,8.75,19.93,45.43,14.09,60.04,17.35,53.93
1778000196,10.50,11.50,8.50,19.98,45.47,14.13,60.05,17.29,53.99
1778000197,10.56,11.50,8.75,20.11,45.49,14.09,60.04,17.13,54.03
1778000199,10.50,11.00,8.50,19.83,45.47,14.09,60.04,17.05,54.04
1778000201,10.56,11.25,8.75,19.87,45.51,14.05,60.03,16.98,53.99
1778000202,10.50,11.25,8.75,19.98,45.53,14.08,60.05,17.51,53.98
1778000204,10.50,11.25,8.50,20.10,45.56,14.15,60.11,17.07,53.79
1778000205,10.50,11.25,8.75,19.87,45.55,14.14,60.17,17.05,53.69
1778000207,10.56,11.75,8.75,20.09,45.60,14.20,60.25,17.02,53.62
1778000209,10.56,10.50,8.50,20.05,45.60,14.10,60.27,17.47,53.66
1778000210,10.56,11.50,8.50,19.93,45.60,14.03,60.31,17.19,53.68
1778000212,10.63,11.50,8.50,20.07,45.62,14.16,60.34,16.95,53.75
1778000213,10.56,11.25,8.00,20.05,45.63,14.02,60.33,16.96,53.89
1778000215,10.56,11.25,8.50,20.11,45.66,14.12,60.34,16.87,53.96
1778000217,10.56,11.00,8.25,20.02,45.65,14.11,60.34,17.34,54.12
1778000218,10.56,11.50,8.50,19.91,45.65,14.15,60.36,16.68,54.02
1778000220,10.56,11.00,8.50,20.06,45.69,14.14,60.36,17.11,54.09
1778000222,10.56,11.25,8.75,20.12,45.68,14.12,60.37,17.30,54.13
1778000223,10.56,11.25,8.25,20.05,45.67,13.98,60.34,17.15,54.11
1778000225,10.56,11.50,8.75,19.95,45.67,14.16,60.35,17.33,54.15
1778000226,10.56,11.50,8.50,19.91,45.65,14.09,60.34,17.30,54.22
1778000228,10.63,11.50,8.50,19.97,45.67,14.06,60.31,17.02,54.26
1778000230,10.56,11.75,8.25,20.13,45.70,14.02,60.25,17.47,54.40
1778000231,10.56,11.75,9.00,20.04,45.68,14.04,60.22,16.74,54.33
1778000233,10.56,12.00,8.50,19.92,45.69,14.07,60.25,17.32,54.45
1778000234,10.56,11.75,8.25,19.99,45.68,14.05,60.30,16.78,54.38
1778000236,10.56,10.75,8.75,19.89,45.68,14.00,60.34,16.94,54.41
1778000238,10.56,11.25,8.75,20.37,45.76,14.05,60.44,16.83,54.41
1778000239,10.56,11.25,8.50,20.03,45.74,14.02,60.49,16.94,54.43
1778000241,10.56,11.50,8.50,20.07,45.80,14.12,60.58,16.87,54.38
1778000242,10.56,11.75,8.50,20.05,45.78,14.06,60.62,17.19,54.40
1778000244,10.50,11.50,8.50,20.05,45.79,14.17,60.69,16.69,54.36
1778000246,10.56,11.75,9.00,19.87,45.78,14.12,60.73,17.13,54.47
1778000247,10.56,11.50,8.50,19.97,45.81,14.07,60.73,17.41,54.59
1778000249,10.56,11.75,8.75,19.78,45.78,14.16,60.77,16.88,54.53
1778000250,10.50,11.50,8.50,19.97,45.82,14.19,60.76,17.08,54.60
1778000252,10.56,11.50,8.50,20.10,45.87,14.16,60.77,16.72,54.56
1778000254,10.56,11.75,8.25,19.66,45.83,14.12,60.76,16.76,54.61
1778000255,10.63,11.75,8.50,20.15,45.90,14.11,60.76,17.11,54.72
1778000257,10.63,11.75,8.75,19.86,45.86,14.21,60.74,16.65,54.68
1778000258,10.63,11.25,8.50,19.91,45.87,14.16,60.74,16.42,54.68
1778000260,10.63,11.25,8.50,19.95,45.90,14.16,60.72,16.77,54.78
1778000262,10.63,11.75,8.00,20.10,45.93,14.19,60.73,16.75,54.87
1778000263,10.56,11.75,8.75,19.87,45.91,14.14,60.72,16.38,54.92
1778000265,10.56,11.75,8.75,20.10,45.95,14.29,60.75,16.40,55.02
1778000266,10.63,12.25,8.75,20.04,45.95,14.19,60.69,16.66,55.14
1778000268,10.63,12.00,8.50,19.99,45.93,14.23,60.67,16.80,55.19
1778000270,10.63,11.50,8.75,19.74,45.91,14.23,60.63,16.69,55.19
1778000271,10.63,11.75,8.50,19.73,45.93,14.16,60.59,16.65,55.22
1778000273,10.63,11.25,8.75,19.83,45.94,14.37,60.61,16.73,55.29
1778000275,10.63,11.50,8.75,19.85,45.97,14.29,60.59,16.94,55.33
1778000276,10.63,11.75,9.00,20.05,46.03,14.26,60.57,16.76,55.28
1778000278,10.63,12.00,8.50,20.05,46.07,14.24,60.55,16.72,55.25
1778000279,10.63,12.00,8.75,19.98,46.05,14.29,60.57,16.64,55.23
1778000281,10.63,12.25,8.25,19.85,46.05,14.28,60.55,16.63,55.28
1778000283,10.63,12.25,8.25,20.02,46.09,14.27,60.57,16.70,55.37
1778000284,10.63,11.50,8.75,20.27,46.14,14.25,60.57,17.02,55.50
1778000286,10.69,11.25,8.75,19.88,46.10,14.39,60.56,16.21,55.38
1778000287,10.63,11.75,8.25,19.87,46.10,14.21,60.49,16.62,55.48
1778000289,10.63,12.00,8.75,19.85,46.13,14.26,60.47,16.73,55.52
1778000291,10.63,11.50,8.75,20.06,46.18,14.32,60.46,17.04,55.59
1778000292,10.63,11.75,9.00,20.19,46.24,14.41,60.46,16.42,55.56
1778000294,10.63,11.75,8.50,20.16,46.23,14.41,60.45,16.32,55.66
1778000295,10.63,12.25,8.75,19.89,46.20,14.24,60.38,17.00,55.88
1778000297,10.69,11.50,8.50,19.97,46.20,14.23,60.35,16.84,56.00
1778000299,10.69,11.25,8.75,19.83,46.18,14.34,60.33,16.80,56.08
1778000300,10.69,11.75,8.75,19.96,46.18,14.22,60.28,16.59,56.09
1778000302,10.69,12.00,8.75,19.85,46.16,14.22,60.25,16.62,56.18
1778000303,10.69,11.75,8.75,19.99,46.21,14.25,60.23,16.99,56.34
1778000305,10.63,12.00,8.25,19.99,46.22,14.23,60.19,16.28,56.32
1778000307,10.63,12.00,8.25,19.80,46.21,14.40,60.20,16.40,56.44
1778000308,10.69,12.00,8.75,19.81,46.21,14.24,60.17,16.37,56.60
1778000310,10.69,12.00,8.50,20.07,46.27,14.24,60.14,16.40,56.91
1778000311,10.63,12.25,8.25,19.66,46.27,14.23,60.14,16.56,57.32
1778000313,10.63,12.00,8.50,19.81,46.38,14.23,60.19,16.23,57.60
1778000315,10.63,12.00,9.00,20.26,46.47,14.19,60.23,16.37,57.72
1778000316,10.69,12.25,8.75,19.96,46.41,14.22,60.27,16.63,57.69
1778000318,10.69,12.25,9.00,19.80,46.39,14.29,60.33,16.60,57.62
1778000320,10.69,11.50,8.50,19.89,46.39,14.45,60.39,16.14,57.44
1778000321,10.69,12.00,8.25,19.73,46.34,14.15,60.33,16.49,57.42
1778000323,10.75,12.00,8.75,19.70,46.33,14.23,60.34,15.90,57.24
1778000324,10.75,12.00,8.25,19.62,46.31,14.29,60.36,16.68,57.31
1778000326,10.75,12.00,9.00,19.75,46.36,14.40,60.36,16.27,57.18
1778000328,10.75,12.25,8.75,19.73,46.36,14.24,60.37,16.64,57.18
1778000329,10.75,11.75,8.50,19.81,46.38,14.20,60.39,16.62,57.10
1778000331,10.75,12.25,8.75,19.97,46.40,14.28,60.39,16.10,57.06
1778000332,10.81,12.00,8.50,19.95,46.42,14.26,60.37,16.07,57.09
1778000334,10.75,11.75,9.00,19.80,46.40,14.24,60.38,16.48,57.13
1778000336,10.81,12.00,8.25,19.76,46.38,14.21,60.37,16.19,57.03
1778000337,10.81,11.75,8.50,19.83,46.39,14.29,60.39,16.19,56.99
1778000339,10.81,11.75,8.50,19.89,46.43,14.38,60.41,16.48,57.06
1778000340,10.81,11.75,8.50,19.72,46.37,14.27,60.38,16.34,57.03
1778000342,10.81,11.25,8.75,19.88,46.40,14.35,60.38,16.42,57.11
1778000344,10.81,11.50,8.25,20.00,46.40,14.32,60.31,16.23,57.19
1778000345,10.81,12.25,8.75,19.83,46.40,14.22,60.25,16.05,57.29
1778000347,10.75,12.00,8.00,19.82,46.39,14.21,60.25,16.31,57.39
1778000348,10.75,11.25,8.75,19.85,46.42,14.27,60.25,16.20,57.33
1778000350,10.75,12.00,9.00,19.92,46.45,14.20,60.23,16.24,57.25
1778000352,10.81,11.75,9.00,19.88,46.47,14.17,60.23,16.04,57.12
1778000353,10.75,11.75,8.25,19.73,46.43,14.26,60.27,16.29,57.12
1778000355,10.75,11.75,8.50,19.85,46.43,14.47,60.34,16.39,57.20
1778000356,10.75,11.75,9.00,19.81,46.43,14.12,60.32,16.64,57.31
1778000358,10.75,11.25,8.50,19.77,46.42,14.29,60.36,15.75,57.20
1778000360,10.81,12.00,9.00,19.97,46.46,14.40,60.38,16.68,57.36
1778000361,10.81,12.00,8.75,19.97,46.47,14.26,60.29,16.05,57.22
1778000363,10.81,11.75,8.75,19.83,46.43,14.15,60.21,16.49,57.22
1778000364,10.81,11.75,8.75,20.01,46.45,14.13,60.17,15.66,57.02
1778000366,10.81,11.75,8.50,19.87,46.41,14.29,60.18,16.80,57.16
1778000368,10.81,12.00,8.75,19.76,46.39,14.19,60.14,16.01,57.02
1778000369,10.81,12.25,9.00,19.69,46.39,14.20,60.18,15.94,57.11
1778000371,10.81,11.75,8.50,19.95,46.41,14.17,60.20,16.05,57.29
1778000373,10.81,12.00,8.25,19.84,46.39,14.38,60.26,15.93,57.43
1778000374,10.81,11.75,8.50,19.91,46.40,14.26,60.28,16.05,57.61
1778000376,10.75,11.50,8.50,19.97,46.44,14.17,60.26,16.47,57.89
1778000377,10.81,11.75,8.25,20.01,46.43,14.18,60.28,16.21,58.02
1778000379,10.81,11.75,8.50,19.95,46.42,14.18,60.29,15.98,58.08
1778000381,10.88,11.50,8.50,19.87,46.38,14.18,60.29,16.66,58.24
1778000382,10.75,12.00,8.50,19.52,46.35,14.17,60.29,15.94,58.10
1778000384,10.75,12.00,8.00,19.80,46.38,14.19,60.28,15.94,58.01
1778000385,10.69,11.50,8.50,19.87,46.38,14.15,60.25,15.76,57.94
1778000387,10.75,11.50,8.50,19.45,46.32,14.25,60.23,16.28,57.96
1778000389,10.75,12.00,8.50,20.10,46.41,14.25,60.21,16.56,57.98
1778000390,10.69,12.00,8.50,20.05,46.41,14.24,60.23,16.33,57.93
1778000392,10.75,12.00,8.50,19.73,46.34,14.18,60.24,16.03,57.95
1778000393,10.69,12.00,8.25,19.57,46.32,14.15,60.25,16.18,58.04
1778000395,10.75,12.00,8.75,19.68,46.34,14.27,60.27,15.69,58.01
1778000397,10.75,11.25,8.25,19.93,46.38,14.18,60.25,16.34,58.22
1778000398,10.69,12.00,8.50,19.86,46.36,14.16,60.26,16.02,58.23
1778000400,10.75,11.50,8.75,19.56,46.36,14.12,60.29,16.43,58.34
1778000401,10.75,12.00,8.75,19.93,46.44,14.10,60.30,16.15,58.24
1778000403,10.75,12.25,8.50,19.88,46.45,14.18,60.31,15.96,58.17
1778000405,10.75,11.75,8.75,19.95,46.47,14.19,60.29,16.00,58.13
1778000406,10.75,12.00,8.75,20.05,46.49,14.20,60.26,15.71,58.11
1778000408,10.75,12.00,8.50,19.77,46.48,14.20,60.24,16.19,58.30
1778000409,10.75,11.50,8.75,19.84,46.49,14.19,60.27,16.08,58.38
1778000411,10.75,12.00,8.50,19.94,46.49,14.19,60.29,16.07,58.41
1778000413,10.69,12.00,8.50,19.66,46.47,14.17,60.29,16.30,58.38
1778000414,10.69,12.00,8.25,19.94,46.52,14.16,60.30,16.51,58.39
1778000416,10.69,11.50,8.50,19.95,46.54,14.21,60.32,15.84,58.23
1778000418,10.69,11.25,8.50,19.61,46.50,14.24,60.34,16.27,58.30
1778000419,10.69,11.50,8.50,19.66,46.50,14.28,60.37,16.50,58.34
1778000421,10.69,11.50,8.50,19.80,46.52,14.18,60.36,15.87,58.19
1778000422,10.75,11.50,8.50,19.79,46.51,14.12,60.35,15.76,58.13
1778000424,10.75,11.75,8.50,19.77,46.51,14.12,60.34,16.17,58.09
1778000426,10.69,11.75,8.50,19.80,46.52,14.12,60.32,16.24,58.02
1778000427,10.69,11.75,8.00,19.95,46.51,14.16,60.28,16.29,57.96
1778000429,10.69,11.75,8.50,20.09,46.55,14.15,60.29,16.17,57.90
1778000430,10.69,11.25,8.50,19.78,46.49,14.19,60.32,16.09,57.89
1778000432,10.69,11.75,8.50,19.87,46.50,14.17,60.30,15.98,57.90
1778000434,10.69,11.75,8.25,19.75,46.48,14.18,60.36,16.29,57.97
1778000435,10.63,11.75,8.25,19.73,46.49,14.23,60.38,15.86,57.92
1778000437,10.63,11.50,8.75,19.91,46.52,14.16,60.36,16.05,57.98
1778000438,10.63,11.75,8.50,20.02,46.55,14.23,60.37,15.77,57.91
1778000440,10.63,11.50,8.25,19.68,46.50,14.26,60.37,16.40,58.01
1778000442,10.63,12.00,8.75,19.82,46.54,14.23,60.36,15.66,57.84
1778000443,10.63,11.75,8.25,19.68,46.50,14.13,60.37,15.72,57.80
1778000445,10.63,11.50,8.50,19.94,46.56,14.15,60.35,15.93,57.76
1778000446,10.63,12.00,8.50,19.66,46.54,14.16,60.37,15.94,57.74
1778000448,10.56,11.50,8.75,19.76,46.56,14.17,60.38,16.19,57.77
1778000450,10.56,11.50,8.50,19.73,46.54,14.18,60.37,15.94,57.80
1778000451,10.56,12.00,8.75,19.69,46.54,14.22,60.37,15.89,57.86
1778000453,10.56,11.50,8.75,19.61,46.51,14.16,60.36,16.22,57.96
1778000454,10.56,11.50,8.25,19.58,46.50,14.23,60.38,15.82,57.91
1778000456,10.63,11.75,8.25,19.64,46.50,14.15,60.37,15.84,57.99
1778000458,10.63,11.75,8.75,19.71,46.51,14.20,60.36,16.17,58.12
1778000459,10.63,12.00,8.50,19.57,46.50,14.08,60.31,15.45,58.05
1778000461,10.63,11.50,8.75,20.04,46.58,14.18,60.28,16.17,58.27
1778000463,10.56,11.75,8.50,20.16,46.60,14.19,60.29,15.66,58.25
1778000464,10.56,11.75,8.75,20.06,46.60,14.05,60.23,15.87,58.36
1778000466,10.56,11.75,8.75,19.55,46.52,14.08,60.23,16.19,58.46
1778000467,10.56,11.50,8.00,20.04,46.62,14.03,60.22,16.14,58.48
1778000469,10.56,11.50,8.50,19.74,46.57,14.18,60.26,15.72,58.39
1778000471,10.56,11.25,8.75,19.85,46.59,14.03,60.28,16.15,58.39
1778000472,10.56,11.75,8.50,19.62,46.55,14.05,60.33,16.14,58.32
1778000474,10.63,11.25,8.75,19.68,46.56,14.12,60.36,15.71,58.20
1778000475,10.56,11.75,8.50,19.57,46.53,13.99,60.40,15.42,58.14
1778000477,10.56,11.50,8.75,19.56,46.56,13.97,60.45,15.56,58.20
1778000479,10.56,11.75,8.50,19.71,46.56,14.05,60.54,15.86,58.25
1778000480,10.56,11.50,8.50,20.03,46.64,14.03,60.62,15.85,58.21
1778000482,10.56,12.00,8.75,19.57,46.56,14.01,60.69,15.73,58.21
1778000483,10.56,11.75,8.75,19.58,46.57,14.04,60.77,16.03,58.31
1778000485,10.56,11.50,8.75,19.78,46.61,14.03,60.81,15.86,58.33
1778000487,10.63,12.00,8.50,19.61,46.62,14.00,60.87,16.20,58.37
1778000488,10.56,12.25,8.75,19.80,46.65,14.08,60.91,15.81,58.25
1778000490,10.56,11.75,8.75,19.74,46.67,14.13,60.96,15.67,58.21
1778000491,10.56,12.00,8.50,19.76,46.68,14.04,60.97,15.56,58.15
1778000493,10.56,12.00,8.75,19.73,46.70,13.98,60.99,15.51,58.13
1778000495,10.63,11.25,8.75,19.65,46.67,13.93,60.99,15.99,58.24
1778000496,10.56,11.25,8.50,19.56,46.66,14.05,60.99,15.80,58.36
1778000498,10.56,11.75,8.75,19.57,46.66,14.16,61.00,15.90,58.61
1778000499,10.56,11.75,8.75,19.68,46.68,14.07,60.97,15.50,58.73
1778000501,10.63,12.25,8.75,20.09,46.74,14.05,60.97,15.58,58.92
1778000503,10.63,11.75,8.50,19.77,46.70,13.99,60.94,15.69,59.11
1778000504,10.63,11.50,8.75,19.81,46.72,14.15,60.97,15.64,59.25
1778000506,10.63,12.25,8.75,19.67,46.71,14.12,61.00,15.53,59.32
1778000507,10.63,12.00,8.75,19.68,46.73,14.00,61.00,15.60,59.39
1778000509,10.63,11.75,8.75,19.73,46.75,14.05,61.00,15.47,59.28
1778000511,10.69,11.50,8.75,19.57,46.72,14.05,60.98,15.89,59.23
1778000512,10.63,11.75,8.50,19.67,46.71,14.06,60.95,15.54,59.06
1778000514,10.63,12.00,8.75,19.80,46.71,14.07,60.90,15.59,58.99
1778000516,10.69,12.00,8.75,19.67,46.70,14.15,60.86,15.35,58.92
1778000517,10.69,11.25,8.75,19.56,46.69,14.05,60.79,15.15,58.95
1778000519,10.69,11.75,8.75,19.45,46.67,14.10,60.76,15.80,59.22
1778000520,10.63,11.75,8.75,19.50,46.69,14.01,60.71,15.57,59.35
1778000522,10.56,11.75,8.75,19.65,46.72,14.00,60.65,15.35,59.44
1778000524,10.63,11.75,8.50,19.48,46.68,13.94,60.63,15.50,59.59
1778000525,10.56,11.50,8.75,19.86,46.77,13.93,60.62,15.53,59.67
1778000527,10.63,11.50,8.50,19.80,46.76,14.11,60.67,15.71,59.73
1778000528,10.63,11.25,7.75,19.50,46.72,14.09,60.67,15.84,59.72
1778000530,10.56,12.00,8.75,19.56,46.72,13.98,60.69,15.48,59.62
1778000532,10.56,11.50,8.50,19.73,46.75,14.04,60.75,15.98,59.61
1778000533,10.56,11.75,8.50,19.63,46.72,14.08,60.80,15.48,59.43
1778000535,10.63,11.50,8.50,19.50,46.70,14.04,60.82,15.47,59.38
1778000536,10.56,12.00,8.75,19.64,46.73,13.97,60.82,15.81,59.40
1778000538,10.63,11.50,8.50,19.67,46.73,14.10,60.92,15.87,59.37
1778000540,10.56,12.00,8.50,19.63,46.74,13.99,60.94,15.10,59.21
1778000541,10.63,11.75,8.75,19.59,46.72,13.98,60.99,15.37,59.21
1778000543,10.63,11.50,8.50,19.69,46.75,14.07,61.06,15.59,59.28
1778000544,10.63,11.50,8.75,19.47,46.70,13.98,61.08,15.45,59.29
1778000546,10.63,11.50,8.50,19.53,46.72,14.04,61.12,15.46,59.32
1778000548,10.63,12.00,8.75,19.55,46.73,14.07,61.14,15.77,59.44
1778000549,10.63,11.25,8.75,19.58,46.75,14.13,61.16,15.28,59.39
1778000551,10.63,11.25,8.50,19.57,46.76,13.99,61.16,15.51,59.46
1778000552,10.63,11.50,8.50,19.61,46.78,13.92,61.15,15.77,59.50
1778000554,10.63,12.00,8.00,19.53,46.78,14.09,61.15,15.64,59.46
1778000556,10.63,11.75,8.75,19.64,46.80,14.11,61.13,15.55,59.37
1778000557,10.63,11.75,8.75,19.48,46.79,14.00,61.07,15.51,59.27
1778000559,10.63,11.50,8.25,19.46,46.77,14.03,61.09,15.45,59.19
1778000561,10.56,11.25,8.75,19.56,46.81,14.08,61.08,15.51,59.17
1778000562,10.63,11.50,8.50,19.55,46.80,13.96,61.04,16.02,59.21
1778000564,10.63,11.50,8.75,19.56,46.80,13.91,61.03,15.73,59.11
1778000565,10.56,11.50,8.50,19.51,46.76,14.02,61.01,15.21,58.98
1778000567,10.56,12.25,8.75,19.48,46.74,14.07,61.01,15.12,58.93
1778000569,10.56,11.75,8.25,19.56,46.77,14.04,60.99,15.45,58.96
1778000570,10.56,11.50,8.25,19.38,46.73,14.08,60.99,15.48,58.99
1778000572,10.56,11.75,8.25,19.52,46.76,14.15,61.01,15.45,58.99
1778000573,10.56,11.25,8.75,19.62,46.76,13.97,60.97,15.34,59.03
1778000575,10.56,11.75,8.75,19.68,46.77,14.07,60.98,15.98,59.17
1778000577,10.56,11.75,8.25,19.56,46.74,13.96,60.91,15.28,59.04
1778000578,10.56,11.25,8.75,19.89,46.79,13.98,60.85,15.62,59.06
1778000580,10.56,11.50,8.75,19.73,46.76,13.99,60.79,15.30,58.97
1778000581,10.56,11.75,8.50,19.62,46.74,14.00,60.78,15.62,59.02
1778000583,10.50,11.25,8.75,19.46,46.72,14.05,60.80,15.98,59.15
1778000585,10.50,11.75,8.75,20.01,46.83,14.01,60.83,15.39,59.12
1778000586,10.56,11.50,9.00,19.80,46.79,13.99,60.85,15.09,59.13
1778000588,10.50,12.00,8.75,19.79,46.81,13.98,60.86,15.70,59.28
1778000589,10.56,11.50,9.00,19.42,46.75,13.97,60.87,15.45,59.24
1778000591,10.56,11.50,9.00,19.80,46.82,13.92,60.93,15.09,59.23
1778000593,10.56,11.25,8.75,19.79,46.81,13.94,60.99,15.30,59.33
1778000594,10.56,11.75,8.50,19.48,46.79,14.01,61.06,15.54,59.43
1778000596,10.56,11.75,8.50,19.50,46.79,14.01,61.12,15.57,59.49
1778000597,10.56,12.00,8.75,19.34,46.77,14.04,61.15,15.46,59.54
1778000599,10.50,11.50,8.50,19.80,46.84,13.95,61.14,15.11,59.55
1778000601,10.56,11.75,8.75,19.79,46.84,13.94,61.15,15.59,59.69
1778000602,10.56,12.00,8.25,19.50,46.78,13.98,61.19,15.52,59.71
1778000604,10.50,12.00,8.75,19.56,46.80,14.05,61.21,15.37,59.76
1778000605,10.56,11.75,8.75,19.50,46.81,13.96,61.20,15.46,59.83
1778000607,10.56,12.00,8.75,19.91,46.88,14.12,61.23,15.69,59.96
1778000609,10.56,11.75,8.00,19.79,46.87,14.08,61.19,15.94,60.14
1778000610,10.63,11.75,8.50,19.64,46.84,14.03,61.16,15.66,60.17
1778000612,10.56,11.75,8.75,19.34,46.78,13.90,61.10,15.76,60.23
1778000614,10.56,11.75,8.50,19.95,46.90,13.97,61.07,15.98,60.29
1778000615,10.63,11.75,8.50,19.73,46.86,14.02,61.06,15.45,60.21
1778000617,10.63,12.25,9.00,19.43,46.80,14.01,61.06,15.63,60.26
1778000618,10.63,11.25,8.75,19.61,46.85,14.02,61.03,15.32,60.28
1778000620,10.63,11.75,8.25,19.91,46.92,13.98,61.03,15.56,60.41
1778000622,10.63,11.25,8.50,19.93,46.95,13.94,61.00,15.60,60.45
1778000623,10.63,12.00,8.75,19.90,46.94,14.02,61.03,15.47,60.44
1778000625,10.63,11.75,9.00,19.75,46.95,13.93,61.02,16.17,60.58
1778000626,10.69,11.50,8.75,19.58,46.94,14.00,61.02,15.61,60.60
1778000628,10.63,11.00,8.25,19.71,46.95,14.08,61.03,15.43,60.75
1778000630,10.63,11.75,8.25,19.49,46.91,14.00,61.00,15.86,61.03
1778000631,10.63,11.75,8.75,19.56,46.93,14.05,61.02,15.53,61.03
1778000633,10.63,11.25,8.25,19.51,46.91,13.97,61.01,15.35,60.96
1778000634,10.63,12.00,8.50,19.63,46.94,14.03,60.99,15.57,60.93
1778000636,10.63,11.75,8.75,19.51,46.91,14.08,60.96,15.67,60.84
1778000638,10.63,11.25,8.75,19.58,46.93,14.08,60.90,15.44,60.76
1778000639,10.63,11.25,8.75,19.64,46.93,14.05,60.85,15.33,60.73
1778000641,10.56,11.00,8.75,19.34,46.88,14.04,60.82,15.45,60.75
1778000642,10.63,12.00,8.75,19.80,46.96,13.98,60.79,15.29,60.70
1778000644,10.56,11.75,8.75,19.76,46.94,14.01,60.78,15.29,60.68
1778000646,10.63,11.75,8.75,19.95,46.98,14.09,60.79,15.58,60.67
1778000647,10.63,11.75,8.50,19.58,46.91,14.06,60.80,15.72,60.69
1778000649,10.56,11.50,8.50,19.68,46.93,13.97,60.78,15.50,60.61
1778000650,10.63,11.75,8.50,19.73,46.93,14.05,60.81,15.92,60.64
1778000652,10.56,11.75,8.75,19.69,46.93,14.06,60.83,15.68,60.50
1778000654,10.63,11.25,8.75,19.64,46.89,13.99,60.86,15.54,60.42
1778000655,10.56,11.50,8.50,19.73,46.91,13.99,60.88,15.43,60.35
1778000657,10.56,11.50,8.75,19.95,46.93,14.04,60.91,15.24,60.32
1778000659,10.63,11.25,8.75,19.66,46.89,14.03,60.91,15.21,60.33
1778000660,10.56,11.25,8.50,19.46,46.88,14.11,60.96,15.18,60.34
1778000662,10.56,11.75,8.50,19.53,46.89,14.00,60.94,15.62,60.44
1778000663,10.56,11.50,8.75,19.47,46.90,13.95,60.94,15.68,60.48
1778000665,10.56,11.75,8.50,19.63,46.93,13.92,60.95,15.16,60.40
1778000667,10.63,11.75,8.50,19.72,46.96,14.05,60.96,15.63,60.49
1778000668,10.56,11.75,8.50,19.76,46.96,14.03,60.94,15.26,60.45
1778000670,10.56,11.75,8.50,19.43,46.91,14.00,60.95,15.59,60.50
1778000671,10.50,11.75,8.75,19.51,46.90,13.98,60.96,15.39,60.47
1778000673,10.56,11.25,8.50,19.62,46.92,14.04,60.99,15.41,60.50
1778000675,10.56,11.75,8.75,19.62,46.94,14.08,61.03,15.45,60.56
1778000676,10.56,11.50,8.75,19.53,46.93,13.97,60.99,15.30,60.55
1778000678,10.56,11.75,8.75,19.62,46.95,14.11,60.99,15.62,60.59
1778000679,10.56,12.00,8.50,19.66,46.99,14.04,60.98,15.51,60.51
1778000681,10.56,11.50,8.25,19.70,47.02,14.06,60.96,15.36,60.44
1778000683,10.56,11.50,8.50,19.66,47.02,13.97,60.93,15.72,60.51
1778000684,10.56,11.75,8.50,19.56,47.01,14.04,60.92,15.45,60.51
1778000686,10.56,11.25,8.50,19.65,47.03,13.97,60.87,15.79,60.63
1778000687,10.56,12.00,8.75,19.45,47.03,14.01,60.90,15.23,60.54
1778000689,10.56,11.75,8.75,19.47,47.03,13.95,60.89,15.75,60.62
1778000691,10.50,11.50,8.50,19.58,47.04,14.04,60.92,15.37,60.57
1778000692,10.56,11.75,8.25,19.73,47.07,14.05,60.96,15.58,60.62
1778000694,10.56,11.75,8.50,19.68,47.08,14.05,61.00,15.28,60.52
1778000695,10.50,12.00,8.75,19.51,47.04,13.90,60.97,15.62,60.53
1778000697,10.56,12.00,8.75,19.69,47.07,13.96,60.99,15.39,60.46
1778000699,10.56,12.00,8.50,19.53,47.05,13.93,61.00,15.22,60.43
1778000700,10.56,12.00,8.75,19.64,47.07,14.08,61.06,15.74,60.56
1778000702,10.56,12.00,8.25,19.79,47.10,13.93,61.03,15.53,60.58
1778000704,10.63,11.50,8.75,19.71,47.08,13.87,61.04,15.26,60.59
1778000705,10.56,11.50,9.00,19.52,47.05,13.90,60.99,15.06,60.55
1778000707,10.63,11.50,8.25,19.52,47.06,13.90,60.98,15.29,60.54
1778000708,10.63,11.75,8.50,19.69,47.08,13.98,60.95,15.13,60.51
1778000710,10.63,11.75,8.75,19.65,47.07,13.95,60.97,15.16,60.47
1778000712,10.63,12.00,8.25,19.69,47.08,13.95,60.98,14.93,60.38
1778000713,10.63,12.25,8.50,19.48,47.06,13.91,60.99,15.80,60.47
1778000715,10.63,12.00,8.75,19.42,47.04,14.01,61.06,15.37,60.35
1778000716,10.63,11.75,8.75,19.44,47.05,13.99,61.10,15.04,60.25
1778000718,10.63,11.75,8.50,19.73,47.10,13.86,61.13,15.09,60.21
1778000720,10.63,11.75,8.75,19.51,47.05,13.94,61.19,15.34,60.25
1778000721,10.63,11.75,8.50,19.66,47.07,13.97,61.23,15.62,60.28
1778000723,10.69,11.50,8.50,19.45,47.05,13.98,61.25,15.05,60.15
1778000724,10.63,12.00,8.75,19.44,47.05,13.94,61.27,15.64,60.25
1778000726,10.63,12.00,8.75,19.59,47.07,13.97,61.27,14.87,60.12
1778000728,10.63,11.75,8.50,19.56,47.07,14.01,61.31,14.83,60.11
1778000729,10.63,11.75,8.75,19.58,47.05,13.92,61.29,15.12,60.17
1778000731,10.69,11.75,9.00,19.60,47.07,13.93,61.31,14.76,60.12
1778000732,10.69,11.75,8.50,19.40,47.05,13.95,61.32,14.72,60.17
1778000734,10.63,11.75,8.50,19.48,47.07,14.07,61.33,15.30,60.30
1778000736,10.63,11.50,8.50,19.59,47.09,14.05,61.37,15.38,60.36
1778000737,10.69,11.75,9.00,19.66,47.11,14.00,61.36,15.12,60.39
1778000739,10.63,12.00,9.00,19.48,47.10,13.94,61.33,15.51,60.49
1778000740,10.63,11.75,8.75,19.44,47.07,14.05,61.33,14.72,60.37
1778000742,10.63,11.75,8.75,19.37,47.08,14.07,61.33,15.02,60.46
1778000744,10.63,11.75,8.75,19.40,47.06,14.01,61.32,15.39,60.62
1778000745,10.63,12.00,8.50,19.63,47.12,13.95,61.32,15.28,60.69
1778000747,10.69,11.75,9.00,19.58,47.11,13.88,61.30,14.94,60.70
1778000748,10.63,12.00,9.00,19.45,47.10,13.92,61.33,15.17,60.76
1778000750,10.69,11.75,9.00,19.39,47.12,14.01,61.38,15.26,60.79
1778000752,10.63,12.00,8.25,19.83,47.19,14.01,61.43,14.94,60.74
1778000753,10.63,12.00,9.00,19.50,47.16,13.89,61.45,14.94,60.73
1778000755,10.63,12.00,8.75,19.55,47.16,13.98,61.44,15.26,60.83
1778000757,10.63,12.00,8.75,19.52,47.14,13.87,61.44,15.72,60.94
1778000758,10.63,11.25,8.75,19.62,47.16,13.90,61.45,15.31,60.89
1778000760,10.63,11.75,8.75,19.30,47.13,13.88,61.43,15.39,60.98
1778000761,10.63,12.00,8.75,19.60,47.18,13.91,61.44,15.22,61.06
1778000763,10.63,12.00,8.75,19.52,47.16,13.95,61.46,15.37,61.20
1778000765,10.69,11.50,9.00,19.61,47.20,13.95,61.47,14.94,61.17
1778000766,10.69,11.75,8.50,19.42,47.18,14.01,61.49,15.58,61.34
1778000768,10.63,11.75,9.00,19.57,47.22,13.89,61.46,15.75,61.39
1778000769,10.63,11.50,8.75,19.49,47.20,13.92,61.45,15.54,61.32
1778000771,10.63,11.75,8.25,19.61,47.21,14.00,61.47,14.80,61.20
1778000773,10.63,11.75,8.75,19.38,47.19,13.87,61.43,15.25,61.24
1778000774,10.63,11.50,8.75,19.49,47.20,13.94,61.43,15.54,61.24
1778000776,10.63,12.00,8.25,19.41,47.18,13.94,61.46,15.05,61.11
1778000777,10.69,12.25,8.50,19.56,47.23,13.94,61.51,15.59,61.19
1778000779,10.63,11.75,9.00,19.35,47.18,13.88,61.55,15.56,61.14
1778000781,10.63,11.75,8.75,19.52,47.21,13.84,61.58,15.21,61.04
1778000782,10.63,11.75,8.75,19.42,47.20,13.96,61.62,15.13,60.96
1778000784,10.63,11.50,8.75,19.55,47.21,13.91,61.66,15.58,60.99
1778000785,10.63,11.75,9.00,19.52,47.21,13.98,61.69,14.88,60.91
1778000787,10.63,11.50,9.00,19.56,47.23,14.00,61.72,15.12,61.02
1778000789,10.63,11.75,8.75,19.55,47.22,13.97,61.72,15.22,61.08
1778000790,10.63,11.50,8.75,19.45,47.23,14.05,61.70,15.35,61.15
1778000792,10.63,11.25,8.75,19.46,47.23,14.01,61.65,15.05,61.11
1778000793,10.69,11.50,8.75,19.62,47.25,14.05,61.57,15.15,61.06
1778000795,10.63,11.75,8.75,19.52,47.22,13.98,61.49,15.05,60.99
1778000797,10.69,12.00,8.25,19.44,47.24,14.02,61.45,15.32,60.96
1778000798,10.69,11.75,8.75,19.37,47.21,13.98,61.45,15.21,60.97
1778000800,10.69,12.00,8.75,19.63,47.26,14.07,61.47,15.50,61.23
1778000802,10.63,12.00,8.75,19.32,47.21,14.00,61.47,15.38,61.49
1778000803,10.69,12.00,8.75,19.57,47.27,13.98,61.47,15.43,61.77
1778000805,10.69,11.75,8.75,19.45,47.24,14.05,61.47,15.50,62.00
1778000806,10.69,12.00,8.50,19.49,47.24,13.94,61.43,15.56,62.22
1778000808,10.75,11.75,8.75,19.39,47.22,13.98,61.45,15.56,62.33
1778000810,10.63,11.50,8.75,19.57,47.26,14.07,61.45,15.67,62.33
1778000811,10.69,11.75,8.75,19.21,47.19,14.03,61.43,15.39,62.19
1778000813,10.69,11.75,8.75,19.40,47.24,14.10,61.44,15.66,62.13
1778000814,10.69,11.75,8.50,19.46,47.25,14.06,61.39,15.27,61.91
1778000816,10.69,12.00,8.75,19.69,47.28,13.98,61.36,15.49,61.80
1778000818,10.63,12.00,8.50,19.45,47.23,13.90,61.33,15.42,61.64
1778000819,10.63,11.75,8.50,19.37,47.23,13.94,61.32,15.27,61.53
1778000821,10.69,11.50,8.75,19.37,47.23,13.93,61.29,14.77,61.38
1778000822,10.69,11.50,8.25,19.34,47.22,14.03,61.28,15.33,61.43
1778000824,10.63,11.00,9.00,19.58,47.25,14.02,61.25,15.24,61.33
1778000826,10.69,11.75,8.50,19.28,47.20,14.05,61.26,15.33,61.32
1778000827,10.69,11.75,8.75,19.45,47.21,14.05,61.24,15.32,61.31
1778000829,10.63,12.00,8.75,19.48,47.23,14.11,61.21,15.12,61.29
1778000830,10.63,11.75,8.50,19.59,47.23,14.01,61.16,15.61,61.40
1778000832,10.63,11.75,8.50,19.64,47.25,14.07,61.16,15.28,61.32
1778000834,10.63,11.50,8.50,19.49,47.23,13.96,61.13,15.48,61.37
1778000835,10.63,11.00,8.75,19.55,47.24,14.07,61.17,15.05,61.32
1778000837,10.63,11.75,9.00,19.66,47.27,14.04,61.15,15.27,61.40
1778000838,10.63,11.50,8.75,19.35,47.23,13.99,61.15,15.37,61.47
1778000840,10.63,11.50,8.25,19.41,47.23,14.01,61.12,15.15,61.46
1778000842,10.63,11.75,8.50,19.55,47.23,13.95,61.10,15.04,61.47
1778000843,10.63,11.75,8.75,19.37,47.19,14.04,61.09,14.87,61.43
1778000845,10.63,11.75,8.25,19.67,47.25,14.03,61.07,15.55,61.50
1778000846,10.56,11.50,8.50,19.53,47.22,14.02,61.08,15.09,61.42
1778000848,10.63,11.75,8.50,19.38,47.22,14.13,61.13,15.10,61.52
1778000850,10.63,11.75,8.75,19.40,47.21,13.98,61.08,14.99,61.65
1778000851,10.63,12.00,8.25,19.73,47.27,13.99,61.06,15.10,61.79
1778000853,10.63,12.25,8.25,19.37,47.23,14.01,61.05,15.28,61.87
1778000855,10.63,12.00,8.25,19.48,47.25,14.01,61.00,15.19,61.83
1778000856,10.63,11.50,8.75,19.48,47.24,14.01,60.98,15.15,61.80
1778000858,10.63,11.75,9.00,19.73,47.29,14.04,60.98,15.15,61.71
1778000859,10.63,11.25,8.50,19.34,47.23,14.05,60.99,15.31,61.66
1778000861,10.63,11.75,8.75,19.34,47.21,14.01,60.98,14.80,61.45
1778000863,10.63,12.00,9.00,19.52,47.23,14.12,61.00,15.10,61.47
1778000864,10.63,12.00,8.50,19.53,47.24,14.10,60.99,15.32,61.52
1778000866,10.63,11.75,8.75,19.35,47.19,14.01,60.98,15.48,61.55
1778000867,10.63,11.50,8.25,19.36,47.20,13.96,60.99,15.05,61.50
1778000869,10.63,12.00,8.75,19.28,47.21,14.04,61.02,15.14,61.50
1778000871,10.56,12.00,8.75,19.38,47.22,14.05,61.02,15.45,61.54
1778000872,10.63,12.00,8.50,19.45,47.23,14.14,61.06,15.31,61.49
1778000874,10.63,12.00,8.75,19.59,47.26,14.00,61.07,15.00,61.37
1778000875,10.56,11.75,8.75,19.66,47.25,14.08,61.07,14.60,61.28
1778000877,10.56,12.25,8.75,19.38,47.21,14.05,61.04,15.31,61.38
1778000879,10.56,12.25,8.75,19.52,47.24,14.21,61.05,15.09,61.32
1778000880,10.56,11.50,8.75,19.52,47.24,14.06,61.01,15.16,61.39
1778000882,10.56,12.00,9.25,19.63,47.27,14.08,60.99,15.15,61.50
1778000883,10.56,11.75,8.75,19.27,47.21,14.10,60.99,15.20,61.59
1778000885,10.56,12.00,9.00,19.47,47.23,14.11,61.00,15.22,61.60
1778000887,10.63,11.75,8.75,19.37,47.22,14.01,60.97,14.98,61.56
1778000888,10.56,12.00,9.00,19.69,47.26,14.01,60.98,15.59,61.67
1778000890,10.56,12.00,9.25,19.41,47.26,14.17,61.05,15.26,61.60
1778000891,10.56,11.75,8.75,19.55,47.28,14.12,61.06,15.30,61.61
1778000893,10.63,12.00,8.75,19.37,47.27,14.10,61.07,15.43,61.62
1778000895,10.56,11.75,8.75,19.61,47.32,14.20,61.08,14.87,61.47
1778000896,10.63,11.50,8.75,19.16,47.25,14.16,61.08,15.42,61.55
1778000898,10.63,12.00,8.75,19.37,47.28,14.12,61.07,15.21,61.58
1778000900,10.63,11.75,9.00,19.43,47.29,14.01,61.03,15.10,61.60
1778000901,10.63,12.00,8.75,19.41,47.29,14.12,61.02,15.20,61.60
1778000903,10.63,11.50,8.75,19.32,47.28,14.07,60.99,14.98,61.56
1778000904,10.63,12.00,9.00,19.41,47.29,14.17,61.00,15.05,61.55
1778000906,10.56,12.00,8.75,19.34,47.26,14.05,60.98,15.15,61.57
1778000908,10.56,12.00,9.00,19.28,47.25,14.13,60.99,15.19,61.58
1778000909,10.56,12.00,8.75,19.32,47.24,14.05,60.97,14.81,61.50
1778000911,10.50,12.00,8.50,19.20,47.22,14.16,60.98,15.58,61.64
1778000912,10.50,12.00,8.75,19.43,47.26,14.09,60.97,14.92,61.54
1778000914,10.50,12.25,9.00,19.57,47.27,14.17,60.98,14.80,61.54
1778000916,10.50,11.50,8.75,19.38,47.25,14.13,60.98,14.85,61.57
1778000917,10.50,12.00,9.00,19.32,47.26,14.30,61.03,15.36,61.76
1778000919,10.44,11.75,8.75,19.43,47.28,14.17,61.02,15.09,61.80
1778000920,10.44,12.00,9.00,19.52,47.32,14.13,61.01,14.93,61.80
1778000922,10.44,12.00,8.75,19.44,47.32,14.19,60.98,14.80,61.80
1778000924,10.38,11.75,8.50,19.25,47.30,14.23,60.99,15.20,61.87
1778000925,10.44,11.50,8.75,19.34,47.34,14.23,60.98,14.98,61.84
1778000927,10.38,11.75,8.75,19.35,47.35,14.27,60.94,14.81,61.82
1778000928,10.38,12.00,8.50,19.27,47.35,14.23,60.88,15.30,61.92
1778000930,10.38,11.75,8.75,19.25,47.36,14.23,60.82,14.98,61.83
1778000932,10.31,11.75,8.50,19.40,47.38,14.19,60.76,14.91,61.75
1778000933,10.31,11.25,8.25,19.42,47.40,14.23,60.68,14.91,61.70
1778000935,10.25,11.75,8.50,19.39,47.41,14.19,60.58,15.58,61.76
1778000936,10.25,11.50,8.25,19.45,47.42,14.20,60.51,14.81,61.57
1778000938,10.25,11.50,8.25,19.39,47.41,14.28,60.42,15.13,61.65
1778000940,10.19,11.25,8.75,19.56,47.52,14.23,60.32,15.13,61.77
1778000941,10.25,11.75,8.50,19.45,47.57,14.27,60.25,15.13,62.00
1778000943,10.13,11.75,8.25,19.48,47.63,14.15,60.12,14.56,62.01
1778000945,10.13,11.50,8.75,19.26,47.58,14.24,60.05,15.30,62.19
1778000946,10.06,12.00,8.25,19.40,47.57,14.24,60.00,14.81,62.12
1778000948,10.13,11.00,8.25,19.24,47.48,14.18,59.96,15.31,62.22
1778000949,10.06,11.50,8.50,19.48,47.49,14.18,59.96,15.03,62.17
1778000951,10.06,11.25,8.50,19.40,47.43,14.19,59.94,14.84,62.09
1778000953,10.06,11.00,8.50,19.46,47.40,14.18,59.91,15.35,62.14
1778000954,10.06,11.50,8.25,19.30,47.37,14.26,59.92,14.98,62.03
1778000956,10.00,11.50,8.25,19.45,47.36,14.24,59.91,15.15,62.03
1778000957,9.94,11.75,8.25,19.42,47.37,14.18,59.86,14.85,61.94
1778000959,10.00,11.00,8.75,19.46,47.35,14.14,59.84,15.31,61.96
1778000961,9.94,11.50,8.75,19.30,47.31,14.19,59.85,14.81,61.83
1778000962,9.94,11.50,8.50,19.48,47.33,14.15,59.87,15.70,61.96
1778000964,9.94,11.50,8.25,19.26,47.27,14.13,59.90,15.25,61.83
1778000965,9.94,11.75,8.25,19.30,47.28,14.16,59.94,14.92,61.70
1778000967,9.94,11.50,8.50,19.37,47.31,14.16,59.99,15.09,61.67
1778000969,9.94,12.00,8.00,19.34,47.29,14.19,60.05,15.37,61.73
1778000970,9.94,11.75,8.50,19.49,47.30,14.18,60.07,14.81,61.60
1778000972,9.94,11.75,9.00,19.32,47.28,14.19,60.13,14.64,61.57
1778000973,9.88,12.00,8.75,19.43,47.30,14.23,60.18,15.15,61.66
1778000975,9.94,11.50,8.75,19.58,47.34,14.27,60.22,15.31,61.69
1778000977,9.88,12.25,8.75,19.34,47.30,14.21,60.28,15.09,61.64
1778000978,9.94,12.25,8.50,19.45,47.30,14.12,60.33,14.76,61.53
1778000980,9.94,11.75,9.25,19.40,47.30,14.16,60.42,15.03,61.55
1778000981,9.94,11.75,9.00,19.36,47.31,14.17,60.50,14.82,61.53
1778000983,9.88,11.50,8.75,19.30,47.31,14.15,60.56,14.74,61.54
1778000985,9.94,12.00,8.50,19.31,47.31,14.24,60.62,15.37,61.68
1778000986,9.94,11.75,8.75,19.34,47.31,14.26,60.67,15.22,61.67
1778000988,10.00,11.75,8.75,19.42,47.32,14.19,60.71,14.93,61.64
1778000989,9.94,11.75,8.50,19.34,47.29,14.18,60.74,14.71,61.63
1778000991,9.94,11.75,9.00,19.38,47.29,14.18,60.78,15.26,61.77
1778000993,9.94,11.75,8.00,19.26,47.27,14.16,60.79,15.21,61.76
1778000994,10.00,11.50,8.75,19.61,47.32,14.22,60.79,14.81,61.70
1778000996,9.94,11.75,9.00,19.30,47.30,14.27,60.80,15.37,61.77
1778000997,9.94,11.50,8.75,19.28,47.31,14.16,60.75,14.98,61.69
1778000999,9.94,11.50,8.75,19.41,47.35,14.12,60.72,15.05,61.69
1778001001,9.94,11.25,9.00,19.36,47.33,14.16,60.71,15.31,61.67
1778001002,9.94,11.75,8.75,19.44,47.33,14.16,60.70,14.76,61.52
1778001004,9.88,11.75,8.25,19.29,47.32,14.20,60.70,14.81,61.49
1778001006,9.94,11.50,8.50,19.32,47.30,14.15,60.69,14.93,61.50
1778001007,9.94,11.75,8.75,19.38,47.32,14.12,60.69,15.21,61.57
1778001009,9.94,12.00,8.50,19.43,47.32,14.09,60.67,15.04,61.55
1778001010,9.94,11.75,8.75,19.27,47.31,14.23,60.68,15.09,61.53
1778001012,9.94,11.75,9.00,19.43,47.34,14.16,60.64,14.70,61.47
1778001014,9.94,11.75,8.75,19.43,47.36,14.13,60.64,14.75,61.53
1778001015,9.88,12.00,8.75,19.63,47.40,14.30,60.66,15.25,61.63
1778001017,9.94,12.00,8.50,19.43,47.35,14.28,60.66,14.98,61.56
1778001018,9.94,11.75,8.50,19.38,47.34,14.32,60.64,14.86,61.50
1778001020,9.94,12.00,8.50,19.52,47.35,14.23,60.59,14.94,61.45
1778001022,9.94,11.50,8.75,19.57,47.37,14.15,60.55,14.70,61.36
1778001023,9.88,11.50,8.75,19.35,47.34,14.16,60.53,15.30,61.47
1778001025,9.88,11.75,9.00,19.23,47.31,14.18,60.51,15.31,61.48
1778001026,9.88,12.00,8.25,19.42,47.33,14.23,60.51,15.26,61.50
1778001028,9.88,11.25,8.75,19.30,47.32,14.26,60.51,14.98,61.47
1778001030,9.88,11.25,8.75,19.37,47.33,14.39,60.54,15.19,61.48
1778001031,9.88,11.50,8.75,19.45,47.35,14.23,60.53,14.86,61.38
1778001033,9.88,12.00,8.50,19.36,47.32,14.19,60.54,15.20,61.42
1778001034,9.88,11.50,8.75,19.26,47.32,14.14,60.52,14.85,61.39
1778001036,9.88,11.50,8.50,19.30,47.31,14.29,60.53,15.04,61.47
1778001038,9.81,11.50,8.50,19.45,47.32,14.28,60.48,15.58,61.59
1778001039,9.81,11.25,8.50,19.44,47.31,14.21,60.45,15.09,61.49
1778001041,9.81,11.50,8.75,19.44,47.30,14.19,60.46,15.14,61.51
1778001042,9.81,11.25,8.75,19.32,47.28,14.19,60.46,14.64,61.41
1778001044,9.75,11.75,8.25,19.69,47.32,14.19,60.41,14.80,61.41
1778001046,9.75,11.25,8.50,19.32,47.24,14.19,60.38,14.75,61.35
1778001047,9.75,12.50,8.75,19.53,47.28,14.21,60.37,14.86,61.31
1778001049,9.75,11.25,8.50,19.43,47.25,14.27,60.34,14.80,61.24
1778001050,9.81,11.50,8.25,19.28,47.21,14.23,60.29,14.98,61.24
1778001052,9.81,12.00,8.50,19.26,47.19,14.20,60.24,14.87,61.22
1778001054,9.75,11.25,8.50,19.41,47.21,14.18,60.20,14.92,61.23
1778001055,9.81,11.25,8.50,19.30,47.19,14.23,60.16,15.08,61.25
1778001057,9.81,11.75,8.50,19.45,47.22,14.18,60.10,14.86,61.25
1778001059,9.75,11.50,8.50,19.31,47.20,14.21,60.05,14.75,61.30
1778001060,9.81,11.50,8.50,19.26,47.19,14.12,60.02,15.25,61.45
1778001062,9.75,11.75,8.50,19.37,47.19,14.20,60.01,14.90,61.48
1778001063,9.75,11.75,8.75,19.34,47.18,14.26,60.03,15.07,61.58
1778001065,9.81,12.25,8.75,19.45,47.21,14.19,60.02,15.19,61.65
1778001067,9.75,11.75,8.50,19.41,47.21,14.25,60.06,14.95,61.62
1778001068,9.69,12.00,8.75,19.27,47.23,14.25,60.09,14.80,61.70
1778001070,9.69,12.00,8.75,19.26,47.28,14.25,60.11,15.75,62.11
1778001071,9.69,12.00,8.75,19.33,47.41,14.18,60.10,14.70,62.23
1778001073,9.75,11.75,8.75,19.45,47.49,14.25,60.14,15.13,62.51
1778001075,9.75,11.50,8.75,19.52,47.54,14.23,60.12,15.14,62.50
1778001076,9.81,11.75,9.00,19.35,47.47,14.27,60.17,15.30,62.46
1778001078,9.81,11.50,8.75,19.35,47.44,14.23,60.19,15.03,62.30
1778001079,9.81,11.75,8.75,19.55,47.44,14.27,60.22,15.30,62.27
1778001081,9.81,11.50,8.50,19.37,47.39,14.27,60.20,15.35,62.25
1778001083,9.75,11.75,8.50,19.40,47.38,14.21,60.18,14.80,62.16
1778001084,9.75,11.25,8.75,19.13,47.33,14.24,60.17,14.81,62.10
1778001086,9.75,11.50,8.75,19.47,47.35,14.27,60.19,15.09,62.05
1778001087,9.75,11.25,8.50,19.46,47.33,14.27,60.17,14.76,61.94
1778001089,9.75,11.75,8.50,19.46,47.31,14.22,60.17,14.91,61.88
1778001091,9.81,11.75,9.00,19.48,47.32,14.23,60.21,15.09,61.89
1778001092,9.75,11.50,8.75,19.44,47.30,14.17,60.22,15.35,61.86
1778001094,9.81,11.25,8.75,19.70,47.36,14.27,60.27,15.35,61.81
1778001095,9.75,11.75,8.75,19.36,47.28,14.23,60.32,15.36,61.79
1778001097,9.75,12.00,9.00,19.21,47.26,14.20,60.33,15.30,61.77
1778001099,9.75,11.50,9.00,19.25,47.29,14.32,60.38,15.13,61.75
1778001100,9.81,12.25,8.75,19.55,47.41,14.24,60.38,14.80,61.86
1778001102,9.75,11.75,9.00,19.52,47.48,14.23,60.38,15.36,62.36
1778001103,9.81,11.50,8.75,19.50,47.56,14.15,60.36,15.03,62.69
1778001105,9.81,12.00,8.50,19.69,47.61,14.21,60.37,15.31,62.85
1778001107,9.88,12.00,8.75,19.34,47.53,14.26,60.38,15.19,62.80
1778001108,9.81,11.75,8.75,19.46,47.53,14.17,60.37,14.87,62.68
1778001110,9.81,11.50,8.75,19.55,47.52,14.21,60.39,15.09,62.64
1778001112,9.81,11.50,8.50,19.48,47.48,14.23,60.42,15.05,62.60
1778001113,9.81,11.75,8.75,19.45,47.46,14.23,60.45,15.10,62.62
1778001115,9.81,11.75,8.50,19.59,47.46,14.20,60.48,15.32,62.60
1778001116,9.81,11.75,8.25,19.55,47.43,14.24,60.50,14.81,62.45
1778001118,9.81,12.00,8.75,19.56,47.40,14.24,60.53,15.10,62.39
1778001120,9.88,11.75,8.75,19.53,47.35,14.24,60.55,15.15,62.33
1778001121,9.88,11.75,8.75,19.53,47.36,14.26,60.54,15.10,62.22
1778001123,9.88,11.25,8.75,19.36,47.33,14.24,60.52,15.15,62.20
1778001124,9.88,11.50,8.75,19.30,47.30,14.22,60.50,15.33,62.18
1778001126,9.88,11.50,8.75,19.34,47.29,14.27,60.51,15.33,62.12
1778001128,9.88,11.50,8.75,19.37,47.31,14.18,60.48,15.30,62.04
1778001129,9.81,11.50,8.75,19.29,47.28,14.32,60.52,15.28,61.94
1778001131,9.81,11.25,8.75,19.48,47.31,14.39,60.54,14.98,61.85
1778001132,9.81,12.25,8.75,19.49,47.29,14.23,60.49,15.05,61.82
1778001134,9.81,12.00,8.75,19.58,47.29,14.28,60.50,14.89,61.76
1778001136,9.81,12.00,8.75,19.58,47.28,14.37,60.50,14.88,61.76
1778001137,9.81,11.75,8.50,19.38,47.24,14.26,60.44,15.34,61.85
1778001139,9.81,11.75,8.75,19.66,47.27,14.25,60.42,15.61,61.90
1778001140,9.81,11.75,8.75,19.30,47.20,14.25,60.41,15.18,61.77
1778001142,9.81,11.75,8.75,19.41,47.21,14.40,60.39,15.67,61.82
1778001144,9.81,12.00,8.75,19.50,47.23,14.43,60.40,15.22,61.67
1778001145,9.81,12.00,8.50,19.48,47.24,14.39,60.40,15.65,61.67
1778001147,9.81,11.25,8.25,19.52,47.24,14.25,60.35,15.56,61.58
1778001148,9.81,11.50,8.25,19.48,47.24,14.23,60.33,15.56,61.50
1778001150,9.88,11.75,8.25,19.37,47.21,14.27,60.29,15.22,61.45
1778001152,9.81,11.25,8.75,19.37,47.19,14.34,60.26,15.32,61.48
1778001153,9.88,11.75,8.75,19.45,47.20,14.30,60.23,15.62,61.55
1778001155,9.81,11.75,8.75,19.51,47.18,14.18,60.15,15.84,61.61
1778001156,9.81,11.25,8.50,19.37,47.15,14.33,60.16,15.47,61.53
1778001158,9.88,11.50,8.00,19.53,47.14,14.39,60.15,15.45,61.48
1778001160,9.81,11.50,8.50,19.55,47.15,14.21,60.10,15.33,61.43
1778001161,9.81,11.00,8.50,19.47,47.15,14.21,60.11,15.34,61.46
1778001163,9.81,11.75,8.75,19.48,47.15,14.19,60.11,15.60,61.49
1778001165,9.81,11.50,8.75,19.38,47.11,14.23,60.11,15.15,61.44
1778001166,9.88,11.50,8.50,19.37,47.10,14.23,60.10,15.23,61.44
1778001168,9.81,11.75,8.75,19.37,47.12,14.27,60.08,15.12,61.43
1778001169,9.75,11.25,8.50,19.48,47.14,14.19,60.04,15.51,61.56
1778001171,9.75,11.50,8.50,19.43,47.13,14.23,60.02,15.30,61.52
1778001173,9.75,11.75,8.50,19.54,47.12,14.25,60.04,15.21,61.46
1778001174,9.75,11.75,8.25,19.39,47.07,14.29,60.06,15.19,61.36
1778001176,9.75,11.50,8.50,19.59,47.09,14.11,60.00,15.23,61.27
1778001177,9.75,11.75,8.00,19.62,47.10,14.25,60.05,15.45,61.28
1778001179,9.75,11.25,8.25,19.29,47.03,14.27,60.06,15.23,61.25
1778001181,9.69,11.25,8.00,19.52,47.06,14.27,60.08,15.15,61.26
1778001182,9.69,12.00,8.50,19.47,47.05,14.16,60.05,15.32,61.30
1778001184,9.69,11.50,8.75,19.51,47.07,14.16,60.06,15.40,61.37
1778001185,9.69,11.50,8.25,19.50,47.06,14.39,60.10,15.37,61.37
1778001187,9.69,11.50,8.00,19.62,47.07,14.23,60.07,15.54,61.36
1778001189,9.69,11.75,8.75,19.59,47.06,14.17,60.06,15.33,61.26
1778001190,9.69,11.75,8.50,19.63,47.08,14.25,60.09,15.26,61.18
1778001192,9.69,11.75,8.25,19.35,47.04,14.17,60.09,15.26,61.12
1778001193,9.63,11.50,8.25,19.44,47.05,14.20,60.12,15.65,61.21
1778001195,9.69,11.50,8.50,19.35,47.04,14.23,60.15,15.22,61.09
1778001197,9.69,11.75,8.50,19.20,47.01,14.28,60.17,15.61,61.16
1778001198,9.63,11.75,8.50,19.58,47.08,14.28,60.19,15.34,61.09
1778001200,9.63,11.50,8.00,19.51,47.06,14.20,60.19,15.31,61.06
1778001201,9.63,11.50,8.75,19.57,47.07,14.27,60.20,15.30,61.04
1778001203,9.56,11.50,8.25,19.61,47.06,14.29,60.21,15.17,61.04
1778001205,9.63,11.75,9.00,19.48,47.04,14.22,60.22,15.48,61.10
1778001206,9.69,11.50,8.50,19.45,47.01,14.16,60.20,15.56,61.12
1778001208,9.69,11.75,8.75,19.56,47.03,14.24,60.23,14.88,61.04
1778001209,9.69,11.25,8.50,19.44,47.04,14.26,60.26,15.13,61.10
1778001211,9.69,11.75,9.00,19.45,47.04,14.24,60.29,15.28,61.19
1778001213,9.69,11.75,8.75,19.40,47.03,14.22,60.32,15.84,61.33
1778001214,9.63,12.00,8.75,19.28,47.03,14.31,60.37,15.28,61.28
1778001216,9.69,11.50,8.50,19.40,47.04,14.22,60.38,15.27,61.33
1778001217,9.69,11.50,8.25,19.41,47.06,14.27,60.43,15.81,61.51
1778001219,9.63,11.75,8.75,19.58,47.08,14.20,60.46,15.05,61.43
1778001221,9.56,12.25,8.75,19.38,47.05,14.48,60.52,14.98,61.43
1778001222,9.63,12.00,8.25,19.73,47.12,14.15,60.48,15.37,61.49
1778001224,9.69,11.25,8.75,19.56,47.12,14.22,60.49,15.26,61.45
1778001226,9.63,11.75,8.75,19.34,47.11,14.34,60.53,15.42,61.43
1778001227,9.63,12.00,8.00,19.37,47.11,14.23,60.48,15.15,61.33
1778001229,9.63,11.75,8.50,19.40,47.11,14.22,60.46,15.19,61.31
1778001230,9.69,11.50,8.75,19.37,47.10,14.24,60.45,14.96,61.26
1778001232,9.69,11.25,8.25,19.40,47.13,14.33,60.45,15.33,61.30
1778001234,9.69,11.25,8.75,19.42,47.15,14.23,60.42,15.56,61.30
1778001235,9.69,11.75,8.50,19.37,47.16,14.29,60.40,14.68,61.09
1778001237,9.69,11.75,8.50,19.69,47.21,14.28,60.37,15.48,61.16
1778001238,9.69,11.75,8.75,19.43,47.17,14.27,60.35,15.06,61.00
1778001240,9.69,11.50,8.75,19.28,47.12,14.44,60.36,15.34,60.97
1778001242,9.69,11.75,8.25,19.37,47.13,14.48,60.34,15.64,61.00
1778001243,9.69,11.75,8.50,19.55,47.15,14.26,60.27,15.30,60.94
1778001245,9.69,11.75,8.50,19.39,47.14,14.48,60.26,15.39,60.94
1778001246,9.69,11.50,8.50,19.40,47.14,14.29,60.20,15.16,60.93
1778001248,9.69,11.75,8.00,19.74,47.20,14.32,60.18,15.25,61.02
1778001250,9.69,11.75,8.50,19.32,47.14,14.29,60.13,15.26,61.10
1778001251,9.69,12.00,8.75,19.45,47.16,14.35,60.08,15.61,61.23
1778001253,9.69,12.00,7.75,19.45,47.19,14.25,60.03,15.39,61.20
1778001254,9.75,11.25,8.75,19.30,47.17,14.48,60.03,15.00,61.11
1778001256,9.75,12.00,9.00,19.44,47.20,14.50,60.03,14.93,61.09
1778001258,9.81,11.50,9.00,19.45,47.21,14.26,60.02,14.96,61.11
1778001259,9.75,12.00,9.00,19.31,47.22,14.17,60.02,15.33,61.22
1778001261,9.75,11.75,8.50,19.62,47.26,14.26,60.03,15.82,61.33
1778001262,9.75,11.25,8.00,19.39,47.23,14.25,60.08,15.78,61.33
1778001264,9.75,12.00,8.75,19.45,47.23,14.49,60.16,15.32,61.28
1778001266,9.75,11.75,8.75,19.48,47.25,14.40,60.18,15.47,61.34
1778001267,9.75,11.50,8.75,19.51,47.27,14.29,60.19,14.94,61.28
1778001269,9.69,11.50,8.75,19.45,47.27,14.17,60.17,14.78,61.25
1778001270,9.75,11.75,8.75,19.37,47.24,14.24,60.17,15.72,61.39
1778001272,9.69,11.75,8.50,19.34,47.23,14.24,60.17,15.14,61.30
1778001274,9.75,11.75,8.75,19.35,47.22,14.30,60.19,15.65,61.39
1778001275,9.75,12.00,8.50,19.26,47.22,14.40,60.20,15.82,61.45
1778001277,9.75,12.00,8.25,19.55,47.29,14.34,60.21,15.60,61.46
1778001279,9.75,11.75,8.50,19.36,47.24,14.34,60.20,15.13,61.45
1778001280,9.69,11.50,8.00,19.45,47.27,14.33,60.18,15.26,61.50
1778001282,9.69,11.50,8.50,19.37,47.27,14.29,60.17,14.94,61.44
1778001283,9.75,11.75,8.25,19.34,47.26,14.23,60.13,15.82,61.59
1778001285,9.75,11.75,8.75,19.49,47.28,14.27,60.14,15.66,61.56
1778001287,9.75,11.75,8.50,19.48,47.27,14.32,60.15,15.81,61.58
1778001288,9.75,11.75,8.50,19.43,47.26,14.23,60.15,15.26,61.48
1778001290,9.69,11.75,8.75,19.36,47.25,14.29,60.15,14.87,61.43
1778001291,9.69,11.75,8.75,19.27,47.21,14.24,60.15,14.86,61.44
1778001293,9.75,11.50,8.75,19.42,47.23,14.20,60.16,15.33,61.57
1778001295,9.75,11.50,8.50,19.27,47.20,14.28,60.20,15.17,61.51
1778001296,9.75,11.75,8.75,19.34,47.20,14.19,60.21,15.32,61.57
1778001298,9.75,11.50,8.75,19.48,47.20,14.26,60.26,15.48,61.61
1778001299,9.75,11.75,8.50,19.44,47.20,14.34,60.30,15.26,61.58
1778001301,9.75,11.50,8.50,19.34,47.19,14.32,60.32,14.99,61.56
1778001303,9.75,12.00,8.75,19.37,47.19,14.27,60.33,15.17,61.63
1778001304,9.75,11.75,8.25,19.52,47.22,14.20,60.34,15.09,61.67
1778001306,9.75,11.75,8.50,19.42,47.18,14.24,60.34,14.60,61.62
1778001307,9.75,12.00,8.75,19.28,47.15,14.16,60.35,15.20,61.75
1778001309,9.75,12.00,8.75,19.45,47.19,14.17,60.37,15.09,61.74
1778001311,9.75,12.00,8.25,19.35,47.17,14.23,60.39,15.43,61.85
1778001312,9.75,12.00,8.75,19.46,47.19,14.23,60.38,14.98,61.80
1778001314,9.69,11.75,8.75,19.30,47.16,14.15,60.37,15.31,61.84
1778001315,9.75,11.25,8.75,19.49,47.19,14.12,60.36,14.82,61.74
1778001317,9.75,12.00,8.75,19.24,47.13,14.23,60.41,15.15,61.83
1778001319,9.75,12.00,8.75,19.26,47.14,14.19,60.44,14.98,61.78
1778001320,9.69,11.75,8.50,19.42,47.17,14.23,60.47,15.25,61.78
1778001322,9.69,11.50,8.50,19.45,47.21,14.24,60.48,14.86,61.67
1778001323,9.63,11.75,8.50,19.35,47.19,14.21,60.52,14.94,61.68
1778001325,9.75,12.00,8.75,19.34,47.23,14.19,60.52,14.65,61.62
1778001327,9.75,12.00,8.50,19.30,47.24,14.18,60.51,15.36,61.73
1778001328,9.69,12.00,8.50,19.28,47.26,14.18,60.49,14.76,61.63
1778001330,9.69,11.75,8.75,19.31,47.25,14.21,60.47,14.81,61.61
1778001332,9.75,12.00,8.50,19.30,47.23,14.16,60.45,15.19,61.70
1778001333,9.69,12.00,8.75,19.45,47.26,14.11,60.44,14.98,61.64
1778001335,9.69,11.75,8.25,19.44,47.24,14.16,60.43,15.14,61.68
1778001336,9.69,11.75,8.50,19.41,47.23,14.27,60.41,15.31,61.71
1778001338,9.69,11.75,8.75,19.49,47.24,14.19,60.36,15.14,61.64
1778001340,9.69,12.00,8.25,19.42,47.22,14.21,60.31,14.81,61.59
1778001341,9.69,11.75,8.50,19.41,47.23,14.24,60.27,14.59,61.55
1778001343,9.63,11.50,8.25,19.49,47.23,14.16,60.22,15.30,61.71
1778001344,9.69,11.75,8.50,19.48,47.25,14.21,60.24,14.80,61.64
1778001346,9.69,12.00,8.50,19.65,47.26,14.23,60.25,15.30,61.74
1778001348,9.69,11.50,8.75,19.33,47.18,14.27,60.24,15.19,61.69
1778001349,9.69,11.75,9.00,19.39,47.19,14.17,60.23,14.92,61.62
1778001351,9.63,11.75,8.75,19.24,47.17,14.19,60.26,15.14,61.59
1778001352,9.69,11.25,8.75,19.44,47.19,14.19,60.31,15.13,61.52
1778001354,9.63,12.00,8.50,19.48,47.20,14.23,60.36,14.98,61.45
1778001356,9.63,11.50,8.25,19.45,47.21,14.24,60.39,14.98,61.41
1778001357,9.69,11.75,8.75,19.44,47.24,14.18,60.44,14.92,61.34
1778001359,9.63,11.75,8.50,19.48,47.25,14.19,60.46,14.91,61.34
1778001360,9.63,11.25,8.75,19.45,47.24,14.15,60.45,15.31,61.38
1778001362,9.63,12.00,8.75,19.49,47.24,14.24,60.44,15.30,61.37
1778001364,9.63,12.00,9.00,19.61,47.22,14.22,60.42,14.97,61.33
1778001365,9.69,11.50,8.75,19.58,47.22,14.12,60.40,14.59,61.26
1778001367,9.69,11.75,8.50,19.33,47.19,14.15,60.42,15.13,61.37
1778001368,9.63,11.50,8.50,19.28,47.19,14.27,60.46,15.30,61.44
1778001370,9.63,12.00,9.00,19.24,47.16,14.29,60.48,14.91,61.39
1778001372,9.63,11.75,8.50,19.53,47.22,14.14,60.48,14.87,61.44
1778001373,9.63,11.75,8.75,19.42,47.20,14.29,60.54,15.14,61.52
1778001375,9.63,11.50,8.50,19.39,47.19,14.33,60.60,15.47,61.62
1778001376,9.63,12.00,8.50,19.48,47.23,14.29,60.63,15.47,61.63
1778001378,9.69,12.00,8.75,19.45,47.23,14.27,60.64,14.97,61.54
1778001380,9.63,11.25,9.00,19.40,47.25,14.27,60.64,14.97,61.53
1778001381,9.69,11.75,8.50,19.39,47.27,14.24,60.65,14.97,61.51
1778001383,9.69,12.00,8.50,19.36,47.25,14.24,60.65,15.30,61.55
1778001384,9.63,12.25,8.50,19.73,47.30,14.26,60.65,15.25,61.57
1778001386,9.69,11.50,9.00,19.48,47.26,14.31,60.63,15.09,61.59
1778001388,9.69,12.00,8.50,19.30,47.23,14.29,60.61,15.08,61.65
1778001389,9.69,11.75,8.25,19.23,47.21,14.29,60.60,14.80,61.66
1778001391,9.75,11.50,8.75,19.34,47.21,14.19,60.57,15.30,61.81
1778001393,9.63,11.75,8.50,19.48,47.24,14.16,60.55,15.19,61.82
1778001394,9.69,11.50,8.25,19.45,47.25,14.25,60.57,15.23,61.89
1778001396,9.63,12.00,8.75,19.39,47.24,14.23,60.54,14.86,61.84
1778001397,9.69,11.75,9.00,19.66,47.30,14.16,60.54,15.23,61.93
1778001399,9.69,11.50,8.50,19.58,47.29,14.23,60.52,15.30,61.96
1778001401,9.69,11.50,8.25,19.27,47.22,14.26,60.51,14.80,61.93
1778001402,9.69,11.75,8.75,19.31,47.21,14.14,60.46,14.80,61.94
1778001404,9.63,11.25,8.75,19.48,47.23,14.25,60.44,15.02,62.00
1778001405,9.69,11.50,8.50,19.40,47.23,14.33,60.41,14.80,61.95
1778001407,9.63,11.25,8.50,19.38,47.23,14.19,60.38,14.85,61.90
1778001409,9.69,11.75,9.00,19.40,47.22,14.21,60.38,14.94,61.90
1778001410,9.69,11.75,8.50,19.29,47.17,14.21,60.38,14.80,61.84
1778001412,9.63,11.75,8.50,19.34,47.18,14.17,60.37,14.69,61.83
1778001413,9.69,11.25,8.25,19.51,47.19,14.21,60.37,15.30,61.94
1778001415,9.69,11.75,8.50,19.48,47.18,14.23,60.37,15.30,61.91
1778001417,9.69,11.25,8.75,19.56,47.18,14.23,60.37,15.02,61.83
1778001418,9.69,12.00,8.75,19.37,47.17,14.23,60.34,14.80,61.75
1778001420,9.63,12.00,8.50,19.37,47.17,14.15,60.31,15.02,61.73
1778001421,9.69,11.75,8.50,19.31,47.17,14.23,60.28,14.83,61.67
1778001423,9.63,11.25,8.25,19.34,47.18,14.15,60.23,15.12,61.65
1778001425,9.63,11.50,8.50,19.47,47.19,14.14,60.26,14.79,61.49
1778001426,9.63,10.75,9.00,19.26,47.17,14.12,60.23,15.00,61.48
1778001428,9.69,11.75,8.75,19.28,47.17,14.19,60.26,15.58,61.55
1778001429,9.56,11.75,8.75,19.35,47.18,14.23,60.27,15.56,61.56
1778001431,9.63,11.75,8.50,19.38,47.20,14.27,60.28,15.11,61.46
1778001433,9.63,11.50,8.50,19.44,47.21,14.16,60.26,14.89,61.42
1778001434,9.63,11.75,8.75,19.34,47.19,14.24,60.30,15.02,61.46
1778001436,9.63,11.75,8.75,19.36,47.19,14.19,60.32,15.00,61.52
1778001437,9.63,11.75,8.75,19.34,47.21,14.15,60.32,15.08,61.58
1778001439,9.63,12.00,8.50,19.27,47.21,14.19,60.33,15.06,61.62
1778001441,9.63,12.00,8.75,19.61,47.29,14.26,60.36,15.23,61.71
1778001442,9.63,11.75,9.00,19.34,47.26,14.22,60.35,15.13,61.75
1778001444,9.63,12.00,8.75,19.34,47.25,14.22,60.34,14.96,61.79
1778001446,9.63,11.50,8.50,19.40,47.25,14.21,60.34,14.95,61.78
1778001447,9.63,11.50,8.25,19.37,47.24,14.23,60.35,14.89,61.76
1778001449,9.63,11.50,8.50,19.49,47.27,14.22,60.33,15.23,61.81
1778001450,9.63,11.75,8.75,19.34,47.23,14.15,60.30,15.13,61.74
1778001452,9.69,11.00,8.50,19.59,47.28,14.23,60.32,14.69,61.61
1778001454,9.63,11.50,8.50,19.34,47.22,14.19,60.31,15.06,61.70
1778001455,9.63,11.75,8.75,19.14,47.17,14.23,60.32,14.74,61.68
1778001457,9.63,12.00,8.50,19.42,47.21,14.19,60.33,15.44,61.86
1778001458,9.63,12.00,8.75,19.37,47.17,14.22,60.36,15.08,61.86
1778001460,9.63,11.50,8.75,19.34,47.19,14.25,60.39,15.13,61.91
1778001462,9.63,11.50,8.75,19.21,47.16,14.18,60.38,15.02,61.99
1778001463,9.63,12.00,8.75,19.44,47.21,14.23,60.39,15.26,62.06
1778001465,9.63,11.50,8.75,19.60,47.26,14.18,60.40,14.69,61.97
1778001466,9.63,11.75,8.75,19.31,47.23,14.14,60.39,15.19,62.10
1778001468,9.63,11.50,8.75,19.24,47.22,14.22,60.40,14.99,62.07
1778001470,9.63,11.75,8.25,19.37,47.24,14.29,60.43,14.63,61.99
1778001471,9.69,11.75,8.75,19.46,47.28,14.17,60.45,15.05,62.05
1778001473,9.69,11.50,8.50,19.30,47.26,14.13,60.48,15.28,62.08
1778001474,9.69,11.50,8.50,19.31,47.29,14.19,60.52,15.13,62.02
1778001476,9.69,11.75,8.75,19.45,47.32,14.20,60.54,15.16,61.96
1778001478,9.69,11.75,8.50,19.34,47.31,14.27,60.55,15.51,61.99
1778001479,9.63,12.00,8.50,19.21,47.27,14.24,60.55,15.08,61.90
1778001481,9.69,11.75,8.75,19.26,47.30,14.23,60.53,15.11,61.93
1778001482,9.63,11.50,8.25,19.58,47.34,14.24,60.52,14.78,61.92
1778001484,9.69,11.50,8.75,19.46,47.31,14.19,60.50,14.78,61.96
1778001486,9.63,11.75,8.75,19.35,47.31,14.19,60.48,14.83,61.98
1778001487,9.63,11.50,8.75,19.28,47.31,14.23,60.48,15.26,62.05
1778001489,9.69,11.25,9.00,19.25,47.31,14.23,60.48,15.01,62.01
1778001490,9.63,11.50,8.75,19.27,47.33,14.22,60.49,15.09,62.02
1778001492,9.63,11.25,8.75,19.46,47.37,14.21,60.52,15.27,62.06
1778001494,9.63,11.50,8.75,19.23,47.33,14.26,60.50,15.08,62.03
1778001495,9.69,12.00,8.75,19.26,47.33,14.38,60.50,15.33,62.12
1778001497,9.63,11.75,8.75,19.19,47.32,14.23,60.49,14.76,62.09
1778001499,9.63,12.00,8.50,19.34,47.34,14.29,60.49,14.94,62.20
1778001500,9.63,12.00,8.75,19.38,47.37,14.29,60.45,14.93,62.25
1778001502,9.63,12.00,8.50,19.39,47.35,14.28,60.40,14.94,62.26
1778001503,9.63,12.00,8.25,19.36,47.34,14.24,60.36,15.05,62.28
1778001505,9.69,12.00,8.50,19.35,47.35,14.26,60.31,15.09,62.25
1778001507,9.69,11.25,8.75,19.40,47.37,14.27,60.27,15.10,62.21
1778001508,9.69,11.75,8.50,19.30,47.37,14.25,60.22,14.66,62.09
1778001510,9.69,11.75,8.50,19.62,47.40,14.30,60.21,14.72,62.08
1778001511,9.69,11.50,9.00,19.43,47.38,14.27,60.20,14.92,62.08
1778001513,9.69,11.50,8.50,19.18,47.32,14.19,60.19,15.37,62.15
1778001515,9.69,12.00,8.75,19.37,47.36,14.22,60.17,14.83,62.04
1778001516,9.69,11.50,9.00,19.26,47.35,14.20,60.16,14.94,62.08
1778001518,9.69,11.75,8.50,19.45,47.36,14.29,60.17,15.05,62.07
1778001519,9.69,11.75,8.25,19.26,47.33,14.27,60.17,15.30,62.11
1778001521,9.63,11.00,9.00,19.37,47.34,14.20,60.15,14.78,62.09
1778001523,9.69,11.50,8.50,19.52,47.36,14.23,60.17,15.41,62.28
1778001524,9.69,11.50,8.25,19.61,47.37,14.22,60.15,15.10,62.32
1778001526,9.63,11.50,8.50,19.15,47.29,14.24,60.17,14.91,62.38
1778001527,9.69,10.75,8.50,19.37,47.33,14.19,60.14,15.03,62.50
1778001529,9.63,11.75,8.75,19.28,47.30,14.17,60.12,15.04,62.55
1778001531,9.63,11.75,8.50,19.25,47.30,14.19,60.09,15.49,62.67
1778001532,9.56,12.00,9.00,19.23,47.30,14.19,60.11,15.08,62.57
1778001534,9.56,11.75,8.50,19.32,47.34,14.20,60.13,14.76,62.49
1778001535,9.56,11.25,9.00,19.77,47.43,14.27,60.14,14.78,62.39
1778001537,9.50,11.50,8.75,19.23,47.35,14.23,60.11,15.05,62.37
1778001539,9.50,11.75,8.50,19.35,47.37,14.22,60.12,15.28,62.36
1778001540,9.50,12.00,8.75,19.30,47.35,14.27,60.12,15.51,62.40
1778001542,9.44,11.75,9.00,19.37,47.36,14.22,60.11,15.07,62.26
1778001543,9.50,11.25,8.75,19.28,47.35,14.27,60.13,15.05,62.17
1778001545,9.50,12.00,9.00,19.57,47.41,14.25,60.14,14.53,62.09
1778001547,9.44,11.25,8.25,19.36,47.37,14.12,60.16,14.76,62.15
1778001548,9.38,11.50,8.75,19.26,47.35,14.21,60.16,14.79,62.16
1778001550,9.38,11.75,8.75,19.36,47.37,14.18,60.14,15.11,62.22
1778001551,9.44,11.75,8.75,19.27,47.37,14.18,60.15,14.91,62.16
1778001553,9.38,11.50,8.75,19.37,47.36,14.24,60.17,15.68,62.25
1778001555,9.38,11.50,8.50,19.19,47.32,14.29,60.20,15.23,62.16
1778001556,9.31,11.75,8.50,19.30,47.36,14.24,60.24,14.77,62.08
1778001558,9.31,11.75,8.75,19.35,47.37,14.29,60.27,15.40,62.24
1778001560,9.31,11.25,9.00,19.59,47.43,14.33,60.29,15.18,62.31
1778001561,9.31,12.00,8.75,19.53,47.44,14.23,60.27,15.84,62.61
1778001563,9.38,11.50,8.75,19.35,47.45,14.31,60.32,15.19,62.70
1778001564,9.31,11.75,8.75,19.43,47.46,14.23,60.33,15.45,62.86
1778001566,9.38,11.50,8.75,19.60,47.50,14.26,60.39,15.23,62.81
1778001568,9.31,11.75,8.75,19.55,47.49,14.23,60.38,15.70,62.85
1778001569,9.31,11.50,8.75,19.35,47.46,14.21,60.38,14.84,62.65
1778001571,9.31,11.50,8.50,19.37,47.45,14.23,60.45,15.29,62.68
1778001572,9.31,11.75,8.75,19.64,47.52,14.19,60.47,15.23,62.60
1778001574,9.38,11.75,8.75,19.73,47.53,14.23,60.51,14.61,62.40
1778001576,9.31,12.00,9.00,19.44,47.51,14.19,60.53,14.85,62.46
1778001577,9.38,12.00,9.00,19.24,47.55,14.27,60.55,14.96,62.62
1778001579,9.44,12.25,9.25,19.34,47.64,14.24,60.55,15.17,62.90
1778001580,9.44,12.25,8.75,19.43,47.72,14.20,60.57,15.01,63.22
1778001582,9.44,12.25,9.25,19.56,47.80,14.21,60.60,15.05,63.59
1778001584,9.50,12.00,9.00,19.45,47.81,14.17,60.67,14.80,63.87
1778001585,9.50,12.00,8.50,19.40,47.82,14.23,60.74,15.24,64.16
1778001587,9.56,12.00,8.75,19.30,47.79,14.23,60.78,15.30,64.19
1778001588,9.50,12.50,9.25,19.49,47.79,14.24,60.78,15.19,64.02
1778001590,9.50,12.25,8.75,19.57,47.75,14.23,60.77,14.98,63.77
1778001592,9.56,11.75,8.75,19.22,47.66,14.46,60.82,15.19,63.58
1778001593,9.56,11.75,8.75,19.32,47.64,14.30,60.78,15.02,63.41
1778001595,9.56,11.75,8.75,19.32,47.64,14.25,60.74,14.98,63.41
1778001596,9.56,12.00,8.75,19.37,47.67,14.27,60.71,15.03,63.54
1778001598,9.63,11.75,9.25,19.34,47.64,14.27,60.73,14.82,63.65
1778001600,9.63,11.50,8.25,19.55,47.68,14.37,60.71,14.99,63.80
1778001601,9.63,12.00,9.00,19.30,47.68,14.33,60.68,14.81,63.90
1778001603,9.63,12.50,8.50,19.45,47.75,14.28,60.66,15.09,64.11
1778001604,9.56,11.75,9.00,19.26,47.72,14.30,60.63,15.32,64.08
1778001606,9.63,12.50,8.50,19.10,47.64,14.33,60.62,15.16,63.88
1778001608,9.63,12.00,8.75,19.40,47.66,14.27,60.60,15.00,63.64
1778001609,9.63,12.00,8.75,19.14,47.57,14.37,60.61,15.10,63.49
1778001611,9.63,12.25,9.00,19.35,47.58,14.27,60.58,15.56,63.38
1778001613,9.63,12.00,9.00,19.34,47.52,14.19,60.55,15.39,63.15
1778001614,9.63,12.00,8.50,19.25,47.48,14.24,60.54,15.27,62.96
1778001616,9.63,11.25,9.25,19.70,47.55,14.19,60.52,15.77,62.92
1778001617,9.63,12.25,9.00,19.29,47.47,14.25,60.53,15.34,62.70
1778001619,9.56,11.25,8.75,19.26,47.47,14.23,60.54,15.38,62.68
1778001621,9.50,12.00,8.50,19.39,47.50,14.37,60.54,14.88,62.69
1778001622,9.50,12.00,8.75,19.34,47.53,14.43,60.53,15.26,62.84
1778001624,9.56,11.75,9.00,19.37,47.53,14.40,60.49,15.05,62.75
1778001625,9.50,11.50,8.75,19.34,47.50,14.28,60.45,15.22,62.63
1778001627,9.50,11.75,8.75,19.37,47.48,14.29,60.40,15.62,62.54
1778001629,9.50,11.75,8.25,19.30,47.42,14.27,60.37,15.11,62.28
1778001630,9.50,12.00,8.75,19.30,47.43,14.19,60.31,15.03,62.12
1778001632,9.50,12.00,8.25,19.57,47.44,14.25,60.27,14.95,61.99
1778001633,9.50,11.50,8.50,19.28,47.39,14.20,60.23,15.28,61.91
1778001635,9.44,12.25,8.50,19.42,47.39,14.33,60.23,14.81,61.72
1778001637,9.50,11.50,8.75,19.14,47.32,14.25,60.20,15.29,61.68
1778001638,9.44,12.00,8.50,19.45,47.35,14.23,60.20,14.94,61.50
1778001640,9.44,11.75,8.75,19.41,47.34,14.27,60.18,15.01,61.39
1778001641,9.44,11.50,9.00,19.49,47.34,14.25,60.18,14.87,61.24
1778001643,9.44,11.50,9.00,19.46,47.34,14.25,60.16,15.64,61.32
1778001645,9.44,11.00,8.75,19.47,47.32,14.13,60.15,15.38,61.25
1778001646,9.38,12.00,9.00,19.43,47.31,14.25,60.18,15.09,61.16
1778001648,9.44,12.00,8.75,19.39,47.27,14.29,60.21,15.22,61.18
1778001649,9.38,12.25,8.50,19.38,47.26,14.27,60.20,15.47,61.19
1778001651,9.38,11.75,9.00,19.30,47.23,14.24,60.20,15.63,61.16
1778001653,9.38,12.00,8.75,19.31,47.22,14.32,60.21,15.31,61.05
1778001654,9.38,11.50,8.75,19.34,47.23,14.29,60.21,15.19,60.96
1778001656,9.38,12.00,8.50,19.29,47.20,14.27,60.17,15.77,61.04
1778001657,9.31,11.50,8.25,19.36,47.20,14.19,60.17,14.93,60.84
1778001659,9.38,12.00,8.00,19.36,47.18,14.16,60.17,15.29,60.87
1778001661,9.31,11.50,8.75,19.47,47.20,14.19,60.16,15.66,60.98
1778001662,9.31,11.75,8.75,19.48,47.20,14.23,60.16,15.69,60.98
1778001664,9.31,12.00,8.75,19.48,47.19,14.23,60.17,15.33,60.89
1778001666,9.31,11.50,8.75,19.48,47.19,14.31,60.21,15.02,60.79
1778001667,9.31,11.75,9.00,19.48,47.17,14.23,60.19,15.37,60.78
1778001669,9.31,11.50,8.75,19.47,47.15,14.26,60.22,15.36,60.73
1778001670,9.31,11.75,9.00,19.49,47.15,14.14,60.19,15.24,60.67
1778001672,9.31,11.75,9.00,19.58,47.15,14.20,60.24,15.66,60.72
1778001674,9.31,12.00,9.00,19.73,47.19,14.27,60.27,15.94,60.74
1778001675,9.31,11.75,9.00,19.59,47.17,14.26,60.31,15.54,60.63
1778001677,9.31,11.50,8.25,19.37,47.13,14.23,60.30,15.30,60.60
1778001678,9.31,11.75,8.75,19.26,47.10,14.26,60.35,15.41,60.65
1778001680,9.31,11.75,8.75,19.61,47.15,14.27,60.39,15.58,60.76
1778001682,9.31,12.00,8.75,19.55,47.12,14.27,60.41,15.59,60.93
1778001683,9.31,11.25,8.50,19.59,47.13,14.29,60.45,15.45,61.08
1778001685,9.31,12.00,9.00,19.36,47.08,14.30,60.47,15.43,61.20
1778001686,9.31,11.75,8.75,19.51,47.11,14.42,60.50,15.80,61.26
1778001688,9.31,11.50,8.75,19.52,47.12,14.31,60.49,15.70,61.24
1778001690,9.31,11.75,8.75,19.61,47.15,14.38,60.49,15.56,61.21
1778001691,9.31,11.25,8.25,19.50,47.15,14.38,60.47,15.25,61.25
1778001693,9.31,11.50,8.50,19.61,47.14,14.40,60.46,16.02,61.50
1778001694,9.31,12.00,8.75,19.59,47.12,14.25,60.38,15.71,61.51
1778001696,9.31,11.50,8.75,19.63,47.12,14.20,60.33,15.62,61.45
1778001698,9.31,12.00,8.75,19.45,47.10,14.31,60.28,15.15,61.36
1778001699,9.25,11.75,8.50,19.42,47.11,14.26,60.23,15.76,61.57
1778001701,9.31,11.75,8.75,19.44,47.15,14.29,60.16,15.77,61.76
1778001702,9.31,12.00,8.75,19.55,47.20,14.25,60.10,15.54,61.88
1778001704,9.31,11.50,8.50,19.61,47.19,14.32,60.02,15.67,61.87
1778001706,9.31,12.00,8.75,19.68,47.16,14.37,59.96,15.65,61.71
1778001707,9.31,11.75,8.75,19.64,47.13,14.30,59.93,15.61,61.50
1778001709,9.25,11.25,8.75,19.63,47.11,14.25,59.93,15.35,61.31
1778001710,9.25,11.75,8.75,19.53,47.07,14.45,59.93,15.37,61.24
1778001712,9.25,11.25,8.50,19.43,47.03,14.39,59.88,15.56,61.21
1778001714,9.25,12.00,7.75,19.44,47.03,14.35,59.84,15.45,61.08
1778001715,9.25,11.50,8.25,19.45,47.00,14.37,59.81,15.79,61.14
1778001717,9.31,11.75,8.75,19.40,47.00,14.37,59.78,15.37,61.09
1778001718,9.25,11.75,8.25,19.44,47.01,14.29,59.75,15.73,61.16
1778001720,9.25,11.50,8.75,19.40,46.98,14.46,59.77,15.17,61.03
1778001722,9.31,12.00,8.50,19.54,47.02,14.42,59.76,15.15,60.95
1778001723,9.31,11.75,9.00,19.55,47.02,14.23,59.76,15.20,60.89
1778001725,9.31,11.75,8.75,19.51,46.98,14.27,59.78,15.51,61.00
1778001727,9.38,11.00,8.75,19.45,46.97,14.27,59.80,15.90,61.12
1778001728,9.31,11.75,8.50,19.48,46.98,14.29,59.82,15.38,61.04
1778001730,9.31,11.50,8.75,19.45,46.98,14.26,59.83,15.48,61.06
1778001731,9.31,11.25,8.50,19.60,47.01,14.37,59.88,15.45,61.14
1778001733,9.31,11.25,8.75,19.65,47.04,14.48,59.92,15.16,61.17
1778001735,9.31,11.25,8.50,19.55,47.00,14.32,59.88,15.38,61.25
1778001736,9.31,11.50,8.75,19.59,47.00,14.39,59.89,15.48,61.20
1778001738,9.31,11.50,8.00,19.34,46.96,14.31,59.90,15.29,61.08
1778001739,9.19,11.50,8.75,19.52,46.99,14.38,59.92,15.26,60.96
1778001741,9.25,11.50,8.50,19.42,46.97,14.19,59.87,15.78,60.94
1778001743,9.25,11.25,8.25,19.40,46.96,14.19,59.86,15.39,60.76
1778001744,9.25,11.75,8.75,19.55,46.97,14.31,59.86,15.45,60.69
1778001746,9.25,11.50,8.50,19.58,46.97,14.38,59.85,15.67,60.69
1778001747,9.19,11.50,8.75,19.60,46.98,14.37,59.84,15.69,60.73
1778001749,9.19,11.75,8.50,19.39,46.95,14.27,59.81,15.73,60.80
1778001751,9.19,11.75,8.75,19.65,46.98,14.43,59.80,15.60,60.83
1778001752,9.25,11.50,8.75,19.52,46.96,14.49,59.81,15.01,60.74
1778001754,9.25,11.50,8.25,19.45,46.95,14.52,59.79,15.22,60.74
1778001755,9.19,11.75,8.25,19.45,46.95,14.35,59.76,15.21,60.67
1778001757,9.25,11.75,8.25,19.55,46.97,14.44,59.77,15.26,60.62
1778001759,9.19,11.25,8.75,19.68,46.98,14.48,59.79,15.65,60.69
1778001760,9.25,12.00,8.50,19.60,46.97,14.48,59.81,15.58,60.68
1778001762,9.19,11.75,8.75,19.47,46.94,14.35,59.81,15.16,60.63
1778001763,9.19,11.50,8.75,19.57,46.96,14.23,59.80,15.96,60.79
1778001765,9.19,11.25,8.25,19.50,46.93,14.30,59.86,15.37,60.69
1778001767,9.19,11.50,8.50,19.53,46.94,14.40,59.89,15.30,60.67
1778001768,9.19,11.50,8.50,19.66,46.97,14.44,59.91,15.44,60.69
1778001770,9.19,11.75,8.75,19.54,46.96,14.41,59.91,15.71,60.71
1778001771,9.13,11.75,8.50,19.56,46.96,14.37,59.90,15.47,60.67
1778001773,9.13,11.25,8.75,19.51,46.94,14.29,59.91,15.51,60.67
1778001775,9.19,11.50,8.50,19.50,46.96,14.29,59.90,15.44,60.61
1778001776,9.25,12.00,8.75,19.62,46.95,14.50,59.92,15.40,60.56
1778001778,9.13,11.50,8.50,19.61,46.95,14.55,59.85,15.68,60.54
1778001780,9.13,11.75,8.25,19.57,46.95,14.31,59.78,15.43,60.42
1778001781,9.13,11.50,8.50,19.62,46.95,14.47,59.77,15.51,60.38
1778001783,9.13,12.00,8.75,19.42,46.91,14.41,59.74,15.62,60.35
1778001784,9.13,11.75,8.25,19.42,46.91,14.27,59.79,15.35,60.27
1778001786,9.13,12.00,9.00,19.61,46.98,14.51,59.87,15.45,60.41
1778001788,9.13,11.50,9.00,19.55,46.98,14.54,59.92,15.77,60.59
1778001789,9.13,11.75,9.00,19.64,47.02,14.41,59.93,15.67,60.70
1778001791,9.19,12.00,8.75,19.66,47.02,14.27,59.92,15.45,60.71
1778001792,9.19,11.75,8.50,19.64,47.04,14.38,59.95,15.62,60.77
1778001794,9.19,11.75,8.75,19.59,47.02,14.33,59.96,15.62,60.76
1778001796,9.25,12.00,8.50,19.62,47.04,14.40,59.96,15.49,60.70
1778001797,9.19,12.00,9.00,19.47,47.01,14.19,59.94,15.66,60.69
1778001799,9.19,12.00,9.00,19.74,47.07,14.33,59.97,15.96,60.72
1778001800,9.25,11.50,8.50,19.75,47.07,14.33,59.98,15.89,60.67
1778001802,9.25,11.75,9.00,19.72,47.07,14.37,60.03,15.66,60.66
1778001804,9.19,11.75,8.50,19.76,47.08,14.42,60.08,15.55,60.66
1778001805,9.25,11.75,8.75,19.74,47.09,14.40,60.13,15.62,60.66
1778001807,9.19,11.75,8.50,19.66,47.08,14.29,60.12,15.38,60.66
1778001808,9.19,11.75,9.00,19.69,47.10,14.31,60.14,15.54,60.70
1778001810,9.13,11.75,8.75,19.48,47.08,14.41,60.17,15.36,60.66
1778001812,9.19,12.25,9.00,19.37,47.06,14.28,60.13,15.64,60.71
1778001813,9.13,12.00,8.50,19.47,47.12,14.29,60.13,15.44,60.66
1778001815,9.13,11.50,8.75,19.48,47.18,14.40,60.12,15.61,60.83
1778001816,9.06,11.75,8.75,19.39,47.19,14.30,60.07,15.54,60.99
1778001818,9.06,11.75,9.00,19.58,47.24,14.48,60.05,15.56,61.10
1778001820,9.06,11.75,8.75,19.68,47.25,14.50,60.03,15.27,61.07
1778001821,9.06,11.75,8.75,19.76,47.26,14.51,60.02,15.53,61.06
1778001823,9.06,12.00,8.50,19.78,47.24,14.31,59.96,15.58,61.03
1778001824,9.00,11.75,8.75,19.43,47.16,14.24,59.93,15.69,61.04
1778001826,9.00,11.75,8.25,19.61,47.17,14.48,59.95,15.54,61.01
1778001828,9.00,11.50,8.75,19.43,47.11,14.27,59.91,15.62,61.01
1778001829,9.00,11.50,8.75,19.44,47.09,14.39,59.91,15.44,60.95
1778001831,9.00,12.00,8.50,19.63,47.13,14.44,59.92,16.24,61.09
1778001833,9.00,12.00,9.00,19.54,47.11,14.50,59.92,15.43,60.90
1778001834,8.94,12.00,8.50,19.69,47.10,14.33,59.87,15.39,60.86
1778001836,8.94,11.75,8.25,19.45,47.05,14.29,59.86,15.24,60.78
1778001837,9.00,12.00,8.25,19.59,47.06,14.44,59.88,15.19,60.72
1778001839,8.94,11.75,8.75,19.55,47.06,14.51,59.90,15.15,60.71
1778001841,9.00,11.25,8.25,19.62,47.07,14.24,59.83,14.98,60.65
1778001842,9.00,11.50,8.75,19.60,47.05,14.37,59.84,15.23,60.70
1778001844,8.94,11.50,8.75,19.45,46.99,14.23,59.82,15.20,60.70
1778001845,8.94,12.25,8.50,19.64,47.01,14.44,59.81,15.15,60.69
1778001847,9.00,11.75,8.75,19.35,46.96,14.51,59.83,15.21,60.68
1778001849,9.00,11.75,8.75,19.60,46.98,14.30,59.81,15.27,60.69
1778001850,9.00,12.00,8.50,19.42,46.96,14.26,59.80,15.28,60.64
1778001852,9.00,12.25,8.75,19.58,46.99,14.26,59.78,15.30,60.60
1778001853,9.00,12.00,8.75,19.56,46.98,14.44,59.81,15.12,60.49
1778001855,9.00,11.75,9.00,19.64,47.01,14.49,59.84,15.23,60.47
1778001857,9.06,11.00,8.00,19.56,46.99,14.44,59.84,15.24,60.47
1778001858,9.00,11.75,8.75,19.66,47.01,14.46,59.86,15.25,60.44
1778001860,9.00,11.75,8.75,19.53,46.99,14.44,59.86,15.56,60.45
1778001861,9.00,11.50,9.00,19.62,47.00,14.51,59.88,15.49,60.41
1778001863,8.94,11.75,8.50,19.58,47.00,14.47,59.86,15.57,60.40
1778001865,9.00,12.00,9.25,19.60,47.03,14.25,59.85,15.19,60.35
1778001866,9.00,11.75,9.00,19.57,47.05,14.23,59.86,15.34,60.42
1778001868,9.06,11.75,8.75,19.71,47.07,14.18,59.85,15.72,60.55
1778001869,9.06,11.75,8.75,19.77,47.05,14.24,59.88,15.69,60.61
1778001871,9.06,11.50,8.50,19.43,47.02,14.29,59.93,15.42,60.61
1778001873,9.13,11.75,8.75,19.69,47.07,14.32,59.96,15.49,60.67
1778001874,9.06,11.50,8.75,19.66,47.04,14.19,59.95,15.73,60.74
1778001876,9.06,11.75,9.00,19.55,47.04,14.19,59.96,15.55,60.71
1778001877,9.06,11.25,8.75,19.54,47.05,14.32,60.02,15.61,60.67
1778001879,9.06,12.00,9.00,19.55,47.05,14.31,60.03,15.37,60.57
1778001881,9.06,11.50,8.75,19.61,47.07,14.34,60.05,14.94,60.47
1778001882,9.06,11.75,8.50,19.72,47.08,14.42,60.08,15.34,60.57
1778001884,9.06,12.25,8.75,19.58,47.07,14.34,60.08,15.19,60.60
1778001886,9.00,12.00,8.25,19.52,47.05,14.35,60.11,15.39,60.65
1778001887,9.00,11.75,8.25,19.72,47.08,14.35,60.13,15.39,60.65
1778001889,9.00,11.75,8.50,19.77,47.08,14.37,60.16,15.30,60.61
1778001890,9.00,11.25,8.25,19.76,47.08,14.29,60.16,15.29,60.58
1778001892,8.94,11.50,8.50,19.45,47.01,14.33,60.17,14.84,60.49
1778001894,8.94,12.25,8.75,19.56,47.03,14.38,60.18,15.43,60.56
1778001895,9.00,12.00,8.75,19.62,47.05,14.39,60.16,15.11,60.50
1778001897,8.94,12.25,9.00,19.45,47.03,14.35,60.14,15.62,60.67
1778001898,8.94,12.00,8.75,19.45,47.06,14.38,60.15,14.84,60.68
1778001900,8.94,11.00,8.50,19.57,47.12,14.39,60.15,15.17,60.98
1778001902,8.94,12.00,9.00,19.60,47.21,14.22,60.16,15.31,61.29
1778001903,8.94,12.00,9.00,19.47,47.27,14.24,60.22,15.05,61.46
1778001905,8.94,11.75,8.75,19.62,47.34,14.39,60.28,15.56,61.73
1778001906,8.94,11.50,8.75,19.61,47.30,14.28,60.28,14.96,61.63
1778001908,9.00,11.75,9.00,19.48,47.26,14.44,60.33,15.56,61.69
1778001910,8.94,11.75,8.75,19.56,47.21,14.40,60.33,15.62,61.63
1778001911,8.94,11.75,9.00,19.60,47.18,14.27,60.30,15.13,61.50
1778001913,9.00,11.25,8.75,19.59,47.15,14.28,60.29,15.37,61.49
1778001914,9.00,12.00,8.50,19.30,47.08,14.28,60.29,15.51,61.45
1778001916,8.94,12.00,8.75,19.49,47.11,14.27,60.27,14.87,61.23
1778001918,9.00,11.50,9.00,19.48,47.10,14.16,60.25,15.61,61.31
1778001919,9.00,11.50,8.75,19.42,47.11,14.32,60.25,15.38,61.25
1778001921,9.00,11.75,8.75,19.46,47.11,14.37,60.26,15.02,61.17
1778001922,9.00,12.00,9.25,19.64,47.14,14.24,60.24,15.14,61.13
1778001924,9.00,12.00,8.00,19.74,47.15,14.28,60.25,15.13,61.10
1778001926,8.94,11.50,8.75,19.64,47.14,14.25,60.23,15.22,61.13
1778001927,9.00,11.75,8.50,19.55,47.08,14.33,60.23,15.77,61.29
1778001929,9.00,12.00,8.75,19.50,47.09,14.35,60.21,14.80,61.13
1778001930,8.94,11.75,8.50,19.60,47.08,14.23,60.17,15.37,61.24
1778001932,8.94,11.00,8.75,19.48,47.06,14.16,60.14,14.87,61.11
1778001934,8.88,11.50,8.75,19.48,47.05,14.27,60.15,15.09,61.13
1778001935,8.94,11.75,8.50,19.53,47.06,14.24,60.13,14.83,61.07
1778001937,8.88,11.50,8.50,19.66,47.05,14.25,60.09,15.62,61.14
1778001938,8.94,11.50,8.75,19.49,47.02,14.16,60.05,14.80,60.95
1778001940,8.94,11.25,8.75,19.62,47.06,14.35,60.04,14.99,60.93
1778001942,8.88,11.75,8.75,19.68,47.07,14.24,60.02,15.33,60.94
1778001943,8.88,12.00,9.00,19.63,47.04,14.30,60.02,15.27,60.92
1778001945,8.88,11.50,8.50,19.42,47.00,14.28,60.01,15.68,60.98
1778001947,8.88,11.75,8.75,19.50,47.00,14.25,59.99,15.47,60.91
1778001948,8.94,11.50,8.50,19.58,47.06,14.24,59.97,15.25,60.86
1778001950,8.94,11.75,8.50,19.53,47.02,14.25,59.98,15.38,60.88
1778001951,8.88,11.75,8.75,19.62,47.05,14.37,60.01,15.59,60.93
1778001953,8.88,11.00,8.75,19.59,47.02,14.28,60.02,15.09,60.80
1778001955,8.88,11.75,8.75,19.64,47.02,14.33,60.06,15.69,60.82
1778001956,8.81,11.50,8.50,19.61,47.07,14.25,60.07,15.54,60.77
1778001958,8.88,12.25,8.75,19.53,47.08,14.26,60.12,14.95,60.63
1778001959,8.88,11.75,8.75,19.60,47.12,14.38,60.18,15.48,60.75
1778001961,8.88,11.25,9.00,19.37,47.10,14.29,60.22,15.12,60.74
1778001963,8.81,12.00,9.00,19.59,47.10,14.29,60.23,15.33,60.87
1778001964,8.88,11.50,8.75,19.66,47.14,14.21,60.22,14.82,60.85
1778001966,8.81,11.50,8.50,19.51,47.12,14.37,60.28,15.23,60.96
1778001967,8.88,11.25,9.00,19.48,47.12,14.29,60.28,14.94,60.98
1778001969,8.81,11.25,8.25,19.62,47.13,14.29,60.29,15.22,61.05
1778001971,8.81,11.75,9.25,19.75,47.18,14.22,60.33,14.93,61.01
1778001972,8.81,12.00,8.50,19.42,47.13,14.25,60.34,15.62,61.15
1778001974,8.81,11.25,9.00,19.48,47.16,14.27,60.35,14.94,61.05
1778001975,8.88,11.75,8.75,19.67,47.17,14.35,60.34,15.09,61.12
1778001977,8.81,11.25,8.00,19.47,47.15,14.28,60.31,15.02,61.09
1778001979,8.88,11.00,8.25,19.54,47.17,14.23,60.29,15.10,61.10
1778001980,8.81,11.50,8.75,19.48,47.16,14.29,60.30,14.72,60.96
1778001982,8.81,12.00,8.75,19.62,47.18,14.23,60.27,14.96,61.00
1778001983,8.94,11.50,9.00,19.52,47.21,14.41,60.25,15.21,61.09
1778001985,8.88,11.50,8.75,19.49,47.20,14.27,60.22,15.23,61.11
1778001987,8.94,11.75,9.00,19.64,47.25,14.27,60.19,15.09,61.14
1778001988,8.88,11.50,8.75,19.58,47.24,14.24,60.14,15.28,61.22
1778001990,8.88,11.50,8.75,19.49,47.23,14.23,60.12,15.51,61.28
1778001991,8.94,11.50,8.75,19.61,47.21,14.32,60.13,15.15,61.21
1778001993,8.88,11.75,9.00,19.41,47.19,14.28,60.14,15.12,61.19
1778001995,8.88,11.50,8.75,19.61,47.23,14.28,60.12,15.06,61.18
1778001996,8.94,11.75,9.00,19.60,47.23,14.28,60.13,15.26,61.24
1778001998,8.88,12.00,8.75,19.44,47.20,14.25,60.15,15.10,61.22
1778002000,8.88,11.75,8.50,19.55,47.22,14.25,60.17,15.26,61.26
1778002001,8.81,11.50,8.75,19.49,47.21,14.53,60.25,15.30,61.34
1778002003,8.88,11.75,9.00,19.47,47.24,14.27,60.25,15.22,61.57
1778002004,8.88,11.75,9.00,19.40,47.28,14.44,60.35,14.86,61.93
1778002006,9.00,12.25,8.75,19.58,47.35,14.24,60.38,14.87,62.38
1778002008,9.00,12.00,9.25,19.51,47.43,14.29,60.43,14.91,62.85
1778002009,9.13,12.00,9.00,19.42,47.47,14.45,60.54,14.94,63.29
1778002011,9.13,12.00,9.50,19.53,47.56,14.30,60.58,14.98,63.70
1778002012,9.13,11.75,9.00,19.43,47.60,14.27,60.66,15.37,64.10
1778002014,9.19,11.75,9.25,19.48,47.63,14.29,60.72,15.59,64.32
1778002016,9.19,12.00,9.25,19.60,47.63,14.30,60.76,15.43,64.21
1778002017,9.19,11.50,9.25,19.52,47.58,14.30,60.81,15.48,64.04
1778002019,9.19,12.00,9.00,19.71,47.59,14.35,60.85,15.27,63.75
1778002020,9.19,12.00,9.00,19.77,47.56,14.29,60.84,14.80,63.39
1778002022,9.13,11.75,8.75,19.78,47.54,14.34,60.83,15.63,63.24
1778002024,9.13,11.75,8.50,19.46,47.48,14.44,60.77,15.36,62.92
1778002025,9.13,12.25,8.75,19.68,47.45,14.25,60.72,15.42,62.62
1778002027,9.19,12.00,8.75,19.89,47.48,14.40,60.71,15.12,62.30
1778002028,9.19,11.75,8.75,19.87,47.46,14.40,60.67,15.73,62.25
1778002030,9.19,12.00,8.75,19.80,47.42,14.41,60.63,15.47,62.19
1778002032,9.19,12.25,9.25,19.48,47.33,14.37,60.57,15.35,62.11
1778002033,9.19,11.50,8.75,19.76,47.35,14.29,60.47,15.66,62.10
1778002035,9.19,11.75,8.75,19.80,47.34,14.29,60.40,15.39,61.91
1778002036,9.13,11.25,8.75,19.74,47.31,14.26,60.33,15.84,61.83
1778002038,9.19,11.75,8.75,19.76,47.32,14.28,60.29,15.88,61.69
1778002040,9.13,11.75,8.75,19.58,47.28,14.33,60.21,15.41,61.50
1778002041,9.13,11.75,8.75,19.70,47.27,14.29,60.18,15.33,61.40
1778002043,9.13,11.75,8.50,19.73,47.28,14.28,60.16,15.79,61.39
1778002044,9.06,11.75,9.00,19.76,47.27,14.37,60.14,15.48,61.29
1778002046,9.13,12.00,8.75,19.60,47.24,14.31,60.11,15.64,61.31
1778002048,9.06,12.00,8.75,19.66,47.27,14.23,60.05,15.63,61.33
1778002049,9.13,11.75,8.25,19.78,47.29,14.34,60.03,15.39,61.25
1778002051,9.06,12.00,8.25,19.73,47.29,14.31,60.01,16.03,61.31
1778002053,9.00,11.75,8.75,19.76,47.29,14.33,60.05,15.70,61.14
1778002054,9.06,12.00,8.75,19.49,47.26,14.33,60.07,15.58,61.04
1778002056,9.06,11.25,8.75,19.73,47.28,14.35,60.05,15.93,61.04
1778002057,9.00,11.75,9.00,19.80,47.28,14.31,60.04,15.81,60.97
1778002059,9.00,11.75,8.50,19.72,47.25,14.27,60.04,15.49,60.91
1778002061,8.94,11.50,8.25,19.58,47.22,14.25,60.05,15.87,60.98
1778002062,9.00,11.75,8.50,19.49,47.21,14.35,60.08,15.50,60.87
1778002064,9.00,12.00,8.75,19.61,47.21,14.20,60.05,15.49,60.81
1778002065,8.94,12.00,8.75,19.40,47.18,14.29,60.07,15.23,60.67
1778002067,8.94,11.50,8.75,19.47,47.15,14.32,60.06,15.49,60.66
1778002069,8.94,12.00,8.25,19.52,47.15,14.27,60.06,15.19,60.50
1778002070,8.94,12.00,8.75,19.85,47.18,14.23,60.07,15.68,60.54
1778002072,8.88,10.75,8.50,19.40,47.13,14.23,60.06,15.95,60.59
1778002073,8.88,11.50,8.50,19.45,47.10,14.22,60.06,15.96,60.66
1778002075,8.88,11.00,8.25,19.50,47.13,14.20,60.09,15.20,60.59
1778002077,8.88,10.50,8.50,19.47,47.11,14.23,60.10,15.81,60.68
1778002078,8.88,11.00,8.50,19.62,47.13,14.24,60.12,15.32,60.59
1778002080,8.94,10.50,8.50,19.47,47.10,14.26,60.16,15.27,60.56
1778002081,8.94,11.00,8.25,19.45,47.10,14.33,60.24,15.79,60.65
1778002083,8.88,11.00,8.25,19.62,47.14,14.37,60.28,15.74,60.63
1778002085,8.88,11.25,8.50,19.52,47.11,14.29,60.30,15.34,60.53
1778002086,8.94,11.00,8.50,19.49,47.12,14.47,60.33,15.36,60.49
1778002088,8.88,11.00,8.50,19.50,47.12,14.38,60.30,15.36,60.46
1778002089,8.88,10.50,8.50,19.72,47.17,14.37,60.32,15.37,60.38
1778002091,8.88,11.00,8.25,19.45,47.12,14.28,60.28,15.57,60.34
1778002093,8.88,11.00,8.50,19.55,47.15,14.29,60.29,15.28,60.27
1778002094,8.88,10.50,8.25,19.57,47.17,14.27,60.27,15.26,60.23
1778002096,8.88,11.00,8.50,19.49,47.18,14.29,60.29,15.17,60.20
1778002097,8.88,11.00,8.50,19.73,47.23,14.31,60.28,15.45,60.22
1778002099,8.88,11.00,8.50,19.73,47.21,14.44,60.31,15.40,60.18
1778002101,8.88,10.50,8.50,19.62,47.20,14.46,60.33,15.43,60.18
1778002102,8.94,10.50,8.50,19.71,47.22,14.48,60.34,15.38,60.18
1778002104,8.94,10.75,8.25,19.74,47.23,14.25,60.31,15.46,60.26
1778002106,8.88,11.00,8.50,19.62,47.21,14.48,60.35,15.39,60.26
1778002107,8.88,11.00,8.50,19.56,47.22,14.28,60.32,15.23,60.24
1778002109,8.88,10.75,8.50,19.68,47.23,14.30,60.33,15.68,60.33
1778002110,8.88,10.75,8.50,19.79,47.27,14.34,60.34,15.10,60.26
1778002112,8.88,11.25,8.25,19.66,47.24,14.25,60.33,15.56,60.39
1778002114,8.88,10.75,8.00,19.73,47.24,14.23,60.35,15.44,60.40
1778002115,8.94,11.00,8.25,19.74,47.26,14.45,60.39,15.21,60.40
1778002117,8.94,11.00,8.50,19.71,47.24,14.40,60.38,15.25,60.42
1778002118,8.81,11.00,8.50,19.62,47.20,14.51,60.39,15.39,60.43
1778002120,8.88,10.25,8.50,19.76,47.23,14.50,60.36,15.41,60.40
1778002122,8.81,10.75,8.25,19.73,47.18,14.35,60.30,15.14,60.28
1778002123,8.88,10.75,8.50,19.72,47.17,14.54,60.31,15.61,60.31
1778002125,8.81,10.50,8.25,19.45,47.14,14.21,60.22,15.52,60.30
1778002126,8.81,10.75,8.25,19.60,47.17,14.49,60.22,15.39,60.30
1778002128,8.81,10.50,8.50,19.40,47.15,14.38,60.17,15.37,60.32
1778002130,8.81,10.75,8.50,19.69,47.21,14.29,60.13,15.54,60.37
1778002131,8.81,11.00,8.00,19.48,47.17,14.25,60.12,15.63,60.43
1778002133,8.81,11.00,8.25,19.64,47.20,14.45,60.11,15.66,60.48
1778002134,8.88,10.50,8.25,19.57,47.18,14.30,60.06,15.51,60.51
1778002136,8.81,11.00,8.50,19.66,47.23,14.29,60.04,15.21,60.48
1778002138,8.81,11.00,8.50,19.63,47.23,14.30,60.03,15.47,60.51
1778002139,8.81,11.25,8.50,19.44,47.17,14.29,60.04,15.44,60.50
1778002141,8.81,10.50,8.00,19.66,47.21,14.27,60.05,15.45,60.50
1778002142,8.81,11.00,8.50,19.70,47.19,14.32,60.06,15.21,60.46
1778002144,8.81,10.75,8.25,19.45,47.15,14.28,60.07,15.60,60.52
1778002146,8.88,11.00,8.50,19.65,47.19,14.48,60.12,15.45,60.41
1778002147,8.88,11.00,7.75,19.59,47.17,14.41,60.12,15.35,60.33
1778002149,8.88,11.25,8.00,19.74,47.18,14.32,60.13,15.37,60.29
1778002150,8.81,10.50,8.50,19.69,47.17,14.37,60.15,15.37,60.23
1778002152,8.81,11.25,8.50,19.74,47.19,14.44,60.19,15.11,60.16
1778002154,8.88,11.25,8.75,19.51,47.17,14.30,60.22,15.56,60.24
1778002155,8.88,10.75,8.50,19.67,47.21,14.39,60.23,15.32,60.20
1778002157,8.88,10.75,8.00,19.73,47.21,14.34,60.20,15.13,60.16
1778002158,8.94,10.50,8.50,19.64,47.21,14.44,60.20,15.51,60.26
1778002160,8.94,11.25,8.75,19.59,47.21,14.44,60.18,15.49,60.24
1778002162,8.94,10.50,8.25,19.80,47.24,14.37,60.18,15.21,60.22
1778002163,8.88,11.25,8.50,19.68,47.22,14.34,60.17,15.51,60.38
1778002165,8.88,11.50,8.75,19.69,47.26,14.35,60.18,15.35,60.46
1778002167,8.94,11.00,8.50,19.71,47.26,14.29,60.17,15.51,60.58
1778002168,8.88,10.75,8.50,19.74,47.26,14.29,60.17,15.75,60.65
1778002170,8.94,10.75,8.50,19.53,47.21,14.40,60.16,15.37,60.60
1778002171,8.94,10.75,8.50,19.57,47.22,14.44,60.16,15.34,60.58
1778002173,8.94,10.75,8.25,19.69,47.23,14.34,60.16,15.69,60.65
1778002175,8.94,11.00,8.50,19.66,47.23,14.35,60.15,15.62,60.67
1778002176,8.94,11.00,8.25,19.74,47.22,14.35,60.17,15.51,60.69
1778002178,8.88,10.75,8.50,19.45,47.18,14.27,60.14,15.53,60.73
1778002179,8.94,11.25,8.25,19.48,47.18,14.46,60.16,15.51,60.80
1778002181,8.94,11.00,8.25,19.66,47.20,14.26,60.09,15.66,60.93
1778002183,8.94,10.75,8.50,19.73,47.22,14.41,60.11,15.29,60.98
1778002184,8.94,11.25,8.00,19.57,47.21,14.35,60.11,15.94,61.16
1778002186,8.94,11.00,7.50,19.55,47.20,14.29,60.07,15.09,61.00
1778002187,9.00,10.50,8.00,19.49,47.19,14.29,60.04,15.43,61.00
1778002189,8.94,11.00,8.50,19.60,47.22,14.45,60.01,15.61,60.96
1778002191,8.94,11.00,8.50,19.59,47.24,14.32,59.95,15.14,60.79
1778002192,8.94,10.50,8.50,19.55,47.23,14.26,59.91,15.23,60.68
1778002194,8.88,10.50,8.50,19.77,47.27,14.31,59.87,15.46,60.65
1778002195,8.88,11.00,8.25,19.53,47.23,14.54,59.89,15.58,60.63
1778002197,8.94,11.00,8.50,19.48,47.20,14.41,59.86,15.42,60.60
1778002199,8.88,10.75,8.25,19.65,47.22,14.42,59.84,15.37,60.56
1778002200,8.94,11.00,8.25,19.45,47.20,14.51,59.84,15.71,60.63
1778002202,8.94,10.50,8.50,19.48,47.23,14.24,59.80,16.02,60.83
1778002203,8.88,11.00,8.25,19.64,47.27,14.27,59.80,15.62,61.02
1778002205,8.88,10.75,8.25,19.66,47.26,14.40,59.85,15.46,61.15
1778002207,8.88,11.50,8.50,19.66,47.26,14.28,59.85,15.02,61.13
1778002208,8.94,11.50,8.50,19.66,47.27,14.31,59.87,15.64,61.36
1778002210,8.94,11.25,8.50,19.52,47.29,14.38,59.91,14.98,61.49
1778002212,9.00,11.50,8.75,19.52,47.34,14.53,60.00,15.47,61.91
1778002213,9.06,11.50,8.25,19.59,47.34,14.32,60.02,15.20,62.04
1778002215,9.06,11.50,8.25,19.69,47.39,14.44,60.08,15.51,62.11
1778002216,9.06,11.00,9.00,19.55,47.37,14.48,60.17,15.17,62.00
1778002218,9.13,10.25,8.25,19.61,47.38,14.40,60.20,15.36,61.91
1778002220,9.13,10.25,8.00,19.45,47.38,14.44,60.25,15.13,61.73
1778002221,9.06,9.25,8.50,19.40,47.38,14.29,60.27,15.62,61.65
1778002223,9.06,9.50,8.75,19.55,47.37,14.30,60.30,15.44,61.49
1778002224,9.06,9.50,8.50,19.69,47.39,14.34,60.33,15.38,61.36
1778002226,9.06,9.25,8.75,19.45,47.34,14.34,60.33,15.41,61.29
1778002228,9.13,9.50,8.25,19.50,47.34,14.35,60.29,15.45,61.21
1778002229,9.06,9.50,8.25,19.76,47.38,14.41,60.29,15.51,61.16
1778002231,9.06,9.50,8.25,19.66,47.35,14.34,60.30,15.65,61.15
1778002232,9.06,9.75,8.50,19.44,47.32,14.34,60.30,15.40,61.05
1778002234,9.06,9.75,8.25,19.42,47.29,14.48,60.27,15.41,61.03
1778002236,9.06,9.25,7.75,19.62,47.31,14.40,60.24,15.55,61.03
1778002237,9.00,9.00,8.50,19.53,47.28,14.51,60.23,15.98,61.09
1778002239,9.00,9.50,8.25,19.44,47.25,14.42,60.15,15.36,60.92
1778002240,9.06,9.25,8.50,19.62,47.29,14.37,60.11,15.67,60.89
1778002242,9.00,9.50,8.25,19.68,47.29,14.48,60.07,15.56,60.79
1778002244,9.00,8.75,8.50,19.52,47.23,14.38,60.03,15.51,60.70
1778002245,9.00,9.00,8.50,19.67,47.24,14.52,60.02,15.35,60.62
1778002247,9.00,9.25,8.25,19.52,47.23,14.49,59.98,15.40,60.58
1778002248,8.94,8.75,8.25,19.62,47.22,14.37,59.92,15.40,60.52
1778002250,9.00,9.00,8.25,19.74,47.25,14.51,59.92,16.44,60.68
1778002252,9.00,8.75,8.50,19.65,47.24,14.50,59.92,15.42,60.48
1778002253,9.00,8.50,8.00,19.55,47.24,14.40,59.90,15.38,60.43
1778002255,9.00,8.25,8.25,19.66,47.27,14.41,59.91,15.64,60.46
1778002256,9.00,9.25,8.25,19.48,47.22,14.41,59.91,15.66,60.45
1778002258,9.00,8.75,8.50,19.42,47.20,14.46,59.89,15.76,60.44
1778002260,9.06,8.25,8.00,19.59,47.23,14.41,59.87,15.94,60.46
1778002261,9.06,8.50,7.50,19.76,47.27,14.45,59.86,15.56,60.42
1778002263,9.06,8.75,8.25,19.66,47.26,14.42,59.85,15.35,60.42
1778002264,9.06,9.00,8.50,19.57,47.25,14.30,59.86,15.42,60.47
1778002266,9.06,8.75,8.50,19.75,47.30,14.33,59.87,15.17,60.45
1778002268,9.06,9.25,8.25,19.68,47.30,14.40,59.92,15.42,60.50
1778002269,9.06,9.00,8.25,19.82,47.33,14.42,59.95,15.34,60.51
1778002271,9.06,8.75,8.50,19.66,47.32,14.37,59.93,15.32,60.55
1778002272,9.06,9.00,8.50,19.50,47.29,14.40,59.95,15.74,60.63
1778002274,9.13,9.00,8.25,19.69,47.31,14.50,59.95,15.77,60.64
1778002276,9.06,9.25,8.00,19.69,47.32,14.45,59.95,16.15,60.69
1778002277,9.06,8.50,8.00,19.69,47.33,14.48,59.96,15.84,60.60
1778002279,9.13,8.50,8.00,19.57,47.33,14.46,59.95,16.06,60.65
1778002281,9.13,8.75,8.50,19.61,47.32,14.50,59.93,15.45,60.53
1778002282,9.13,8.25,8.50,19.58,47.29,14.46,59.94,15.57,60.52
1778002284,9.13,9.00,8.25,19.65,47.31,14.48,59.94,15.46,60.48
1778002285,9.13,9.00,8.50,19.47,47.26,14.32,59.88,15.53,60.50
1778002287,9.13,8.75,8.25,19.67,47.31,14.53,59.91,15.26,60.47
1778002289,9.13,0.00,8.00,19.54,47.28,14.51,59.88,15.30,60.48
1778002290,9.13,7.75,8.25,19.64,47.31,14.44,59.86,15.35,60.51
1778002292,9.13,7.75,8.25,19.66,47.34,14.51,59.84,15.33,60.53
1778002293,9.13,7.50,8.25,19.66,47.32,14.40,59.80,15.34,60.53
1778002295,9.06,7.75,8.25,19.86,47.37,14.37,59.80,15.67,60.58
1778002297,9.13,8.00,8.50,19.69,47.35,14.43,59.80,15.72,60.58
1778002298,9.06,7.50,8.50,19.71,47.36,14.41,59.83,15.29,60.51
1778002300,9.06,8.00,8.00,19.66,47.35,14.43,59.84,15.47,60.53
1778002301,9.06,8.25,8.50,19.55,47.34,14.50,59.85,15.77,60.58
1778002303,9.13,8.25,8.00,19.63,47.35,14.38,59.83,15.35,60.53
1778002305,9.06,8.00,8.00,19.69,47.38,14.48,59.86,15.72,60.62
1778002306,9.06,8.25,7.75,19.66,47.36,14.51,59.87,15.87,60.65
1778002308,9.06,8.00,8.25,19.76,47.40,14.58,59.90,15.25,60.54
1778002309,9.00,7.75,8.25,19.72,47.38,14.46,59.87,15.74,60.64
1778002311,9.06,9.00,8.50,19.55,47.34,14.42,59.89,15.82,60.65
1778002313,9.00,0.00,7.25,19.42,47.31,14.45,59.92,15.40,60.53
1778002314,9.06,0.00,7.25,19.48,47.32,14.48,59.95,15.22,60.46
1778002316,9.06,0.00,7.50,19.48,47.34,14.40,59.95,15.37,60.48
1778002317,9.06,0.00,6.75,19.55,47.38,14.45,59.98,15.30,60.49
1778002319,9.06,4.75,7.50,19.59,47.36,14.50,60.01,15.35,60.54
1778002321,9.00,4.75,7.75,19.34,47.32,14.53,60.01,15.53,60.60
1778002322,9.06,4.75,8.25,19.76,47.39,14.37,60.01,15.46,60.66
1778002324,9.06,5.00,7.75,19.91,47.41,14.51,60.08,15.16,60.63
1778002325,9.00,5.00,8.25,19.82,47.40,14.53,60.10,15.66,60.75
1778002327,9.00,5.00,8.00,19.76,47.37,14.52,60.12,15.40,60.74
1778002329,9.00,4.25,8.00,19.74,47.39,14.46,60.10,15.51,60.78
1778002330,9.00,5.25,8.25,19.65,47.37,14.56,60.10,15.40,60.76
1778002332,9.00,5.25,8.00,19.47,47.34,14.40,60.05,15.57,60.77
1778002333,9.00,4.75,8.25,19.77,47.40,14.50,60.05,15.39,60.71
1778002335,8.94,4.75,8.00,19.58,47.39,14.46,60.05,15.23,60.66
1778002337,8.88,5.00,7.75,19.68,47.41,14.48,60.03,15.51,60.68
1778002338,8.94,5.00,8.00,19.79,47.41,14.48,60.00,15.47,60.65
1778002340,8.94,5.50,8.25,19.70,47.40,14.37,59.95,15.27,60.57
1778002341,8.94,5.00,8.25,19.66,47.39,14.41,59.96,15.69,60.62
1778002343,8.94,4.75,8.00,19.76,47.39,14.45,60.00,15.43,60.56
1778002345,8.94,0.00,6.75,19.76,47.43,14.41,59.99,15.16,60.59
1778002346,8.94,0.00,7.25,19.73,47.42,14.37,59.99,15.52,60.75
1778002348,8.88,4.25,8.00,19.73,47.45,14.39,59.98,15.44,60.89
1778002350,8.88,5.25,8.25,19.45,47.41,14.47,60.02,15.58,61.06
1778002351,8.81,5.00,8.00,19.64,47.43,14.46,60.01,15.50,61.10
1778002353,8.88,5.00,8.25,19.75,47.42,14.33,60.00,15.22,61.04
1778002354,8.88,4.25,8.25,19.70,47.43,14.40,60.05,15.64,61.09
1778002356,8.88,4.50,8.25,19.67,47.45,14.40,60.10,15.55,61.00
1778002358,8.88,4.75,8.25,19.76,47.52,14.44,60.15,15.55,60.95
1778002359,8.94,5.25,7.75,19.82,47.54,14.43,60.18,15.78,60.96
1778002361,8.94,4.75,8.25,19.70,47.55,14.49,60.19,15.17,60.84
1778002362,8.94,5.25,8.00,19.77,47.57,14.50,60.18,15.72,60.91
1778002364,8.94,5.75,8.75,19.69,47.57,14.29,60.14,15.23,60.83
1778002366,8.94,5.50,8.50,19.78,47.59,14.40,60.19,15.39,60.85
1778002367,8.94,4.50,8.25,19.79,47.59,14.46,60.24,15.84,60.92
1778002369,8.94,0.00,7.50,19.77,47.62,14.35,60.25,15.32,60.82
1778002370,8.94,0.00,8.00,19.51,47.57,14.38,60.30,16.01,60.95
1778002372,9.00,5.25,8.50,19.69,47.63,14.54,60.36,15.34,60.89
1778002374,8.94,5.25,8.25,19.63,47.64,14.46,60.38,16.03,61.04
1778002375,8.94,5.25,8.25,19.68,47.69,14.40,60.41,15.13,60.90
1778002377,8.94,5.25,7.75,19.88,47.77,14.53,60.45,15.62,61.02
1778002378,8.94,5.00,8.25,19.60,47.77,14.37,60.43,15.71,61.07
1778002380,8.94,5.25,8.25,19.74,47.80,14.52,60.46,15.62,61.07
1778002382,8.94,5.25,8.25,19.68,47.79,14.40,60.42,15.72,61.13
1778002383,8.94,5.50,8.25,19.76,47.77,14.46,60.43,15.37,61.10
1778002385,8.94,5.50,8.50,19.59,47.74,14.48,60.42,15.50,61.14
1778002386,8.94,5.25,8.25,19.40,47.70,14.43,60.41,15.95,61.28
1778002388,8.94,5.00,8.25,19.60,47.75,14.46,60.38,15.34,61.17
1778002390,8.94,5.25,8.50,19.63,47.73,14.44,60.34,15.73,61.27
1778002391,8.94,4.75,8.00,19.57,47.71,14.64,60.34,15.51,61.22
1778002393,8.88,0.00,7.50,19.69,47.68,14.45,60.27,15.54,61.14
1778002394,8.94,0.00,7.75,19.51,47.65,14.44,60.21,15.48,61.07
1778002396,8.88,8.25,8.50,19.87,47.69,14.44,60.19,15.02,60.96
1778002398,8.88,8.25,7.75,19.73,47.65,14.31,60.13,15.50,61.05
1778002399,8.94,7.75,8.00,19.89,47.66,14.53,60.16,15.66,61.10
1778002401,8.94,7.75,8.00,19.75,47.61,14.56,60.16,15.51,61.09
1778002402,8.94,6.75,8.00,19.76,47.61,14.43,60.11,15.49,61.10
1778002404,8.94,7.00,8.25,19.45,47.52,14.55,60.10,15.50,61.10
1778002406,8.88,6.50,8.00,19.69,47.54,14.45,60.07,15.37,61.10
1778002407,8.88,6.75,8.00,19.73,47.52,14.50,60.07,15.45,61.12
1778002409,8.88,7.25,8.00,19.76,47.51,14.48,60.07,15.43,61.12
1778002411,8.88,6.50,7.75,19.94,47.55,14.56,60.10,15.37,61.14
1778002412,8.81,7.00,7.75,19.73,47.51,14.39,60.04,15.45,61.17
1778002414,8.81,7.00,7.50,19.79,47.51,14.66,60.07,15.77,61.22
1778002415,8.88,7.50,8.25,19.69,47.49,14.44,59.96,15.33,61.07
1778002417,8.88,7.50,8.25,19.74,47.47,14.67,59.96,15.40,61.03
1778002419,8.81,8.75,8.00,19.69,47.45,14.40,59.89,15.52,61.02
1778002420,8.88,8.75,8.25,19.79,47.49,14.42,59.87,15.55,61.05
1778002422,8.88,8.00,8.25,19.92,47.52,14.58,59.87,15.36,61.08
1778002423,8.88,8.75,8.50,19.75,47.53,14.63,59.88,15.66,61.14
1778002425,8.88,8.50,8.00,19.60,47.50,14.58,59.89,15.47,61.09
1778002427,8.81,8.50,8.25,19.58,47.47,14.59,59.89,15.49,61.06
1778002428,8.88,8.50,8.25,19.71,47.49,14.58,59.90,15.61,61.06
1778002430,8.94,8.50,8.25,19.93,47.52,14.60,59.89,15.33,61.01
1778002431,8.94,8.00,8.25,19.91,47.50,14.63,59.89,15.34,61.01
1778002433,8.94,8.00,8.25,19.73,47.50,14.61,59.86,15.32,60.99
1778002435,8.94,0.00,8.00,19.84,47.52,14.53,59.83,15.37,60.98
1778002436,8.94,7.00,8.25,19.93,47.53,14.62,59.84,15.43,61.00
1778002438,9.00,7.50,8.50,19.97,47.58,14.63,59.83,15.59,61.06
1778002439,9.00,7.25,8.25,19.69,47.54,14.64,59.86,15.62,61.12
1778002441,9.00,7.25,8.25,19.66,47.54,14.63,59.86,15.72,61.15
1778002443,9.00,8.00,8.25,19.79,47.56,14.54,59.85,15.57,61.14
1778002444,9.06,7.75,7.75,19.69,47.52,14.52,59.82,15.58,61.19
1778002446,9.06,7.25,7.75,19.55,47.50,14.56,59.82,15.64,61.23
1778002447,9.06,7.50,8.25,19.79,47.54,14.48,59.81,15.55,61.26
1778002449,9.06,7.25,8.25,19.69,47.52,14.66,59.83,15.42,61.21
1778002451,9.13,7.00,8.25,19.66,47.48,14.46,59.76,15.54,61.22
1778002452,9.13,6.75,8.00,19.57,47.46,14.56,59.77,15.55,61.17
1778002454,9.06,7.25,8.25,19.59,47.43,14.52,59.75,15.87,61.20
1778002455,9.13,7.25,8.25,19.50,47.41,14.59,59.74,15.47,61.08
1778002457,9.13,6.75,8.25,19.29,47.35,14.42,59.70,15.86,61.16
1778002459,9.13,8.25,8.50,19.71,47.42,14.61,59.69,15.47,61.10
1778002460,9.06,8.75,7.75,19.94,47.47,14.64,59.71,15.40,61.20
1778002462,9.06,8.50,8.75,19.92,47.59,14.61,59.69,15.48,61.50
1778002463,9.00,8.75,8.50,19.70,47.65,14.57,59.72,15.57,61.82
1778002465,8.94,9.25,8.50,19.73,47.79,14.52,59.75,15.40,62.06
1778002467,8.94,9.00,8.75,19.58,47.86,14.52,59.78,15.30,62.20
1778002468,9.00,8.75,8.75,19.66,47.99,14.40,59.80,15.50,62.44
1778002470,8.94,9.00,8.50,19.76,48.05,14.37,59.84,15.69,62.62
1778002471,8.94,8.75,8.50,19.87,48.05,14.49,59.92,15.43,62.70
1778002473,8.94,9.25,8.00,19.73,48.00,14.40,59.95,15.94,62.82
1778002475,8.88,9.25,8.75,19.39,47.87,14.53,60.02,15.33,62.61
1778002476,8.94,9.00,8.75,19.84,47.90,14.52,60.04,15.50,62.60
1778002478,8.94,8.50,8.50,19.81,47.83,14.54,60.09,15.71,62.58
1778002480,8.94,9.25,8.50,19.73,47.77,14.57,60.12,15.51,62.42
1778002481,8.94,8.50,8.75,19.81,47.75,14.51,60.15,15.38,62.26
1778002483,9.00,8.75,8.00,19.76,47.69,14.51,60.17,15.93,62.24
1778002484,9.06,8.50,8.50,19.58,47.67,14.47,60.16,15.45,62.13
1778002486,9.06,8.50,8.25,19.55,47.65,14.56,60.19,15.57,62.09
1778002488,9.00,8.75,8.25,19.65,47.63,14.48,60.16,15.69,62.03
1778002489,9.06,9.00,8.25,19.69,47.65,14.43,60.15,15.45,61.92
1778002491,9.06,9.00,8.25,19.62,47.61,14.42,60.13,15.29,61.79
1778002492,9.06,9.25,8.50,19.62,47.59,14.45,60.11,15.72,61.80
1778002494,9.06,8.75,8.50,19.32,47.52,14.48,60.09,15.42,61.67
1778002496,9.06,9.25,7.75,19.35,47.53,14.57,60.08,15.56,61.61
1778002497,9.06,8.75,8.25,19.61,47.56,14.63,60.04,15.62,61.55
1778002499,9.13,8.75,8.50,19.58,47.56,14.48,59.94,15.45,61.40
1778002500,9.06,8.75,8.50,19.52,47.54,14.51,59.87,15.05,61.25
1778002502,9.06,8.75,8.00,19.48,47.52,14.51,59.78,15.73,61.32
1778002504,9.00,8.75,8.00,19.76,47.53,14.58,59.75,15.22,61.14
1778002505,9.00,9.00,8.00,19.73,47.48,14.40,59.66,15.55,61.16
1778002507,9.06,9.00,7.75,19.76,47.49,14.39,59.63,15.17,61.01
1778002508,9.00,8.75,7.75,19.94,47.54,14.40,59.64,15.50,61.05
1778002510,9.00,8.50,8.50,19.71,47.48,14.35,59.64,15.69,61.06
1778002512,8.94,8.75,8.25,20.00,47.54,14.57,59.69,15.41,60.96
1778002513,8.94,9.25,7.75,19.79,47.48,14.37,59.66,15.61,60.92
1778002515,8.88,8.50,8.25,19.81,47.50,14.50,59.73,15.28,60.74
1778002516,8.94,8.75,8.25,19.51,47.44,14.40,59.73,15.30,60.66
1778002518,8.94,8.75,8.25,19.84,47.48,14.39,59.77,15.61,60.70
1778002520,9.00,8.75,8.25,19.95,47.49,14.51,59.86,15.29,60.72
1778002521,9.06,8.75,8.50,19.75,47.45,14.56,59.89,15.34,60.86
1778002523,8.94,9.25,8.00,19.86,47.45,14.57,59.98,15.78,61.02
1778002524,8.94,8.75,8.50,19.84,47.46,14.62,60.06,15.85,61.08
1778002526,8.94,8.00,8.25,19.80,47.49,14.41,60.08,15.87,61.09
1778002528,9.00,8.75,8.25,19.73,47.48,14.51,60.16,15.65,61.05
1778002529,9.00,9.00,8.50,19.81,47.47,14.51,60.20,15.50,61.00
1778002531,8.94,9.25,8.50,19.38,47.40,14.35,60.20,15.40,60.96
1778002532,9.00,8.75,8.50,19.70,47.44,14.40,60.24,15.60,60.95
1778002534,8.94,8.75,8.50,19.46,47.40,14.37,60.24,15.42,60.91
1778002536,8.94,8.75,8.50,19.43,47.39,14.46,60.25,15.72,60.94
1778002537,8.94,9.25,8.25,19.54,47.41,14.57,60.26,15.34,60.86
1778002539,8.94,9.25,8.25,19.45,47.38,14.51,60.26,16.06,60.98
1778002540,9.00,9.00,8.50,19.58,47.39,14.41,60.21,15.80,60.97
1778002542,8.94,8.75,8.50,19.57,47.40,14.51,60.20,16.40,61.07
1778002544,9.00,9.00,8.50,19.62,47.41,14.51,60.18,15.60,60.92
1778002545,9.00,9.00,8.25,19.50,47.38,14.60,60.16,15.56,60.91
1778002547,9.06,8.75,8.50,19.45,47.38,14.42,60.08,15.95,61.03
1778002549,9.00,8.75,8.75,19.61,47.42,14.49,60.08,15.45,61.03
1778002550,9.00,8.25,8.25,19.43,47.41,14.58,60.10,15.77,61.13
1778002552,8.94,8.75,8.25,19.73,47.48,14.49,60.10,15.96,61.19
1778002553,8.88,7.75,8.00,19.37,47.43,14.49,60.09,15.51,61.12
1778002555,8.88,0.00,7.75,19.99,47.51,14.47,60.07,15.01,61.03
1778002557,8.88,0.00,7.75,20.00,47.53,14.57,60.06,15.68,61.11
1778002558,9.00,0.00,8.25,19.97,47.51,14.40,59.99,15.56,61.00
1778002560,9.00,0.00,7.75,19.89,47.50,14.43,59.99,15.45,60.91
1778002561,9.00,0.00,8.25,19.71,47.43,14.33,59.94,15.52,60.88
1778002563,9.00,0.00,8.00,19.53,47.36,14.51,59.96,15.48,60.84
1778002565,8.94,0.00,8.25,19.81,47.41,14.54,59.93,15.46,60.78
1778002566,9.06,0.00,8.00,19.51,47.33,14.40,59.90,15.65,60.74
1778002568,9.06,0.00,8.00,19.49,47.32,14.39,59.89,15.34,60.64
1778002569,9.00,0.00,8.00,19.52,47.34,14.46,59.90,15.28,60.61
1778002571,9.00,0.00,8.00,19.70,47.35,14.33,59.86,15.76,60.70
1778002573,9.00,7.50,8.25,19.48,47.29,14.46,59.89,15.57,60.65
1778002574,8.94,8.00,8.00,19.81,47.35,14.46,59.86,15.28,60.59
1778002576,8.94,8.00,8.00,19.49,47.28,14.55,59.88,15.78,60.70
1778002577,8.94,7.50,8.00,19.81,47.33,14.46,59.83,15.37,60.74
1778002579,8.88,6.00,8.00,19.50,47.27,14.35,59.81,15.36,60.88
1778002581,8.88,6.75,8.00,19.80,47.32,14.50,59.82,15.35,60.95
1778002582,8.94,8.50,7.75,19.88,47.32,14.34,59.79,15.19,60.92
1778002584,8.94,7.75,8.25,19.85,47.31,14.35,59.78,15.72,60.99
1778002585,8.88,7.25,8.25,19.55,47.25,14.44,59.79,15.80,60.96
1778002587,8.94,7.50,8.25,19.78,47.29,14.34,59.77,15.45,60.83
1778002589,8.94,7.75,8.25,19.48,47.24,14.52,59.79,15.37,60.74
1778002590,8.94,7.75,8.50,19.82,47.29,14.59,59.83,15.31,60.69
1778002592,8.94,7.75,8.50,19.45,47.24,14.51,59.85,15.73,60.73
1778002593,8.94,7.25,8.25,19.63,47.29,14.44,59.85,15.23,60.61
1778002595,8.94,7.75,8.25,19.76,47.33,14.40,59.87,15.39,60.65
1778002597,9.00,7.75,8.50,19.91,47.36,14.43,59.90,15.18,60.64
1778002598,9.00,7.75,8.50,19.53,47.31,14.45,59.93,15.32,60.71
1778002600,9.00,8.25,8.50,19.65,47.35,14.49,59.96,15.98,60.84
1778002601,9.00,8.00,8.75,19.59,47.32,14.51,59.96,15.42,60.74
1778002603,9.00,8.00,8.25,19.57,47.31,14.52,59.98,15.40,60.76
1778002605,9.00,7.75,8.75,19.46,47.32,14.62,60.05,15.63,60.84
1778002606,8.94,7.75,8.50,20.05,47.44,14.48,60.09,15.20,60.78
1778002608,8.94,7.50,8.25,19.65,47.38,14.38,60.12,15.64,60.86
1778002610,8.94,7.25,8.50,19.89,47.42,14.48,60.17,15.68,60.92
1778002611,8.94,9.00,8.25,19.62,47.38,14.56,60.25,15.15,60.93
1778002613,9.00,8.75,8.50,19.69,47.37,14.41,60.24,15.19,60.95
1778002614,9.00,9.50,8.50,19.51,47.33,14.37,60.27,15.50,61.00
1778002616,9.00,9.00,8.50,19.52,47.30,14.44,60.30,15.50,61.03
1778002618,9.00,0.00,8.00,19.85,47.36,14.51,60.30,15.29,61.00
1778002619,9.00,0.00,8.00,19.88,47.39,14.42,60.27,15.26,61.00
1778002621,9.00,0.00,8.25,19.89,47.38,14.35,60.23,15.31,60.98
1778002622,9.00,0.00,7.75,19.80,47.37,14.40,60.23,15.58,61.01
1778002624,9.00,0.00,8.25,19.50,47.29,14.51,60.23,15.40,60.94
1778002626,9.06,0.00,8.00,19.84,47.34,14.58,60.28,15.51,60.93
1778002627,9.06,0.00,8.00,19.59,47.31,14.55,60.27,15.61,60.95
1778002629,9.06,0.00,8.00,19.99,47.38,14.47,60.25,15.52,60.97
1778002630,9.06,0.00,8.00,19.66,47.34,14.47,60.26,15.60,61.02
1778002632,9.06,0.00,8.00,19.67,47.35,14.40,60.24,15.38,61.03
1778002634,9.06,0.00,8.00,19.65,47.35,14.49,60.24,15.42,61.05
1778002635,9.00,0.00,8.00,19.85,47.34,14.51,60.21,15.02,60.99
1778002637,9.06,0.00,8.00,19.50,47.28,14.47,60.20,15.47,61.08
1778002638,9.06,7.00,8.50,19.50,47.28,14.30,60.16,15.73,61.11
1778002640,9.00,6.75,7.75,19.88,47.32,14.37,60.18,15.83,61.07
1778002642,9.00,6.75,8.25,19.85,47.31,14.51,60.21,15.27,60.94
1778002643,9.00,6.75,8.25,19.49,47.26,14.49,60.20,15.66,61.03
1778002645,8.94,6.50,8.50,19.83,47.32,14.40,60.19,15.37,60.96
1778002646,8.94,6.75,8.25,19.67,47.30,14.44,60.19,15.69,61.01
1778002648,8.94,6.75,8.25,19.73,47.33,14.55,60.22,15.69,60.98
1778002650,8.94,7.00,8.25,19.84,47.32,14.46,60.20,15.51,60.91
1778002651,8.88,6.75,8.25,19.55,47.27,14.46,60.20,15.66,60.93
1778002653,8.88,6.50,8.50,19.49,47.28,14.44,60.18,15.66,60.99
1778002654,8.88,6.50,8.25,19.50,47.30,14.42,60.18,15.48,60.99
1778002656,8.88,6.25,8.25,19.75,47.37,14.55,60.19,15.48,61.08
1778002658,8.88,6.75,8.25,19.55,47.31,14.40,60.18,15.44,61.16
1778002659,8.88,6.50,8.25,19.55,47.31,14.46,60.22,15.02,61.15
1778002661,8.88,6.50,8.25,19.65,47.33,14.51,60.26,15.37,61.19
1778002662,8.88,6.75,8.25,19.90,47.40,14.55,60.30,15.47,61.13
1778002664,8.88,6.50,8.25,19.58,47.35,14.48,60.29,15.61,61.15
1778002666,8.94,7.25,8.25,19.53,47.34,14.40,60.27,15.45,61.09
1778002667,8.88,6.75,8.25,19.85,47.42,14.48,60.28,15.44,61.10
1778002669,8.81,7.00,8.25,19.87,47.43,14.41,60.25,15.42,61.10
1778002670,8.88,7.25,8.25,19.52,47.37,14.51,60.28,15.48,61.16
1778002672,8.88,6.75,8.25,19.52,47.35,14.44,60.27,15.43,61.17
1778002674,8.81,7.00,7.50,19.85,47.38,14.51,60.27,15.30,61.16
1778002675,8.81,7.50,8.25,19.52,47.32,14.43,60.23,15.47,61.17
1778002677,8.75,6.50,8.25,19.85,47.37,14.58,60.24,15.41,61.11
1778002679,8.81,8.00,8.50,19.52,47.32,14.47,60.22,15.34,61.13
1778002680,8.81,7.75,7.75,19.54,47.32,14.67,60.25,15.44,61.12
1778002682,8.75,8.25,8.25,19.90,47.37,14.58,60.22,15.71,61.23
1778002683,8.81,8.00,8.50,19.62,47.35,14.48,60.19,15.76,61.29
1778002685,8.81,8.75,8.25,19.83,47.39,14.48,60.15,15.19,61.17
1778002687,8.81,8.75,8.50,19.65,47.37,14.49,60.14,15.30,61.23
1778002688,8.75,9.00,8.50,19.60,47.40,14.53,60.16,15.26,61.32
1778002690,8.81,9.00,8.50,19.86,47.49,14.57,60.17,15.50,61.61
1778002691,8.81,8.50,8.50,19.57,47.58,14.59,60.20,15.78,62.00
1778002693,8.75,8.25,8.50,19.56,47.67,14.40,60.18,15.41,62.12
1778002695,8.75,9.00,8.75,19.81,47.75,14.59,60.25,15.51,62.22
1778002696,8.75,8.75,8.25,19.53,47.69,14.59,60.31,15.20,62.18
1778002698,8.75,8.75,8.00,19.83,47.72,14.50,60.32,15.71,62.23
1778002699,8.75,8.50,8.50,19.82,47.69,14.46,60.36,15.26,62.10
1778002701,8.81,0.00,8.00,19.86,47.70,14.62,60.43,15.57,62.11
1778002703,8.75,0.00,7.50,19.56,47.62,14.37,60.42,15.60,62.01
1778002704,8.81,3.50,8.00,19.43,47.58,14.52,60.45,15.71,61.93
1778002706,8.75,2.25,7.75,19.46,47.56,14.50,60.43,15.73,61.84
1778002707,8.88,3.25,8.00,19.61,47.57,14.49,60.44,15.74,61.80
1778002709,8.81,2.75,8.25,19.81,47.60,14.40,60.39,15.37,61.66
1778002711,8.81,2.75,8.25,19.87,47.58,14.40,60.38,15.45,61.66
1778002712,8.88,2.75,8.25,19.50,47.50,14.37,60.38,15.20,61.55
1778002714,8.88,2.50,8.00,19.58,47.50,14.33,60.38,15.75,61.61
1778002715,8.88,2.25,8.25,19.66,47.50,14.49,60.39,15.77,61.57
1778002717,8.88,2.25,8.00,19.49,47.49,14.44,60.38,15.97,61.60
1778002719,8.88,2.50,8.00,19.49,47.49,14.48,60.37,15.56,61.58
1778002720,8.88,3.75,7.75,19.45,47.48,14.44,60.35,15.95,61.75
1778002722,8.94,2.50,7.75,19.52,47.46,14.51,60.37,15.49,61.75
1778002723,8.94,3.25,7.50,19.86,47.50,14.50,60.36,15.20,61.65
1778002725,8.94,1.75,7.50,19.92,47.48,14.55,60.35,15.99,61.76
1778002727,8.94,3.25,8.00,19.66,47.44,14.56,60.34,15.53,61.63
1778002728,8.88,8.75,8.50,19.87,47.46,14.44,60.31,15.51,61.59
1778002730,8.94,8.25,8.75,19.53,47.42,14.44,60.30,15.35,61.55
1778002731,8.94,8.25,8.25,19.51,47.44,14.51,60.30,15.67,61.60
1778002733,8.94,8.25,8.00,19.80,47.52,14.46,60.28,15.68,61.60
1778002735,8.94,8.25,8.50,19.78,47.53,14.44,60.28,15.49,61.61
1778002736,8.88,8.25,8.25,19.58,47.52,14.43,60.29,15.56,61.67
1778002738,8.88,8.50,8.50,19.62,47.53,14.44,60.28,15.38,61.64
1778002739,8.88,8.25,8.50,19.57,47.54,14.54,60.31,15.52,61.68
1778002741,8.88,8.25,8.50,19.56,47.57,14.67,60.34,15.40,61.64
1778002743,8.81,8.50,8.50,19.43,47.57,14.51,60.32,15.39,61.69
1778002744,8.81,8.25,8.75,19.89,47.72,14.46,60.30,15.44,61.89
1778002746,8.81,8.75,8.50,19.55,47.73,14.51,60.33,15.03,62.12
1778002748,8.81,8.50,8.50,19.66,47.80,14.38,60.36,15.42,62.60
1778002749,8.88,8.75,8.50,19.66,47.83,14.51,60.43,15.56,63.01
1778002751,8.81,8.50,8.50,19.56,47.82,14.59,60.48,15.40,63.26
1778002752,8.81,8.50,8.25,19.57,47.79,14.30,60.46,15.08,63.35
1778002754,8.88,8.50,8.75,19.59,47.74,14.44,60.51,15.56,63.44
1778002756,8.88,9.00,8.25,19.72,47.70,14.46,60.54,15.10,63.19
1778002757,8.88,8.25,8.50,19.55,47.65,14.50,60.56,15.41,63.04
1778002759,8.88,8.25,8.50,19.76,47.66,14.45,60.59,15.36,62.82
1778002760,8.88,8.75,8.50,19.59,47.60,14.53,60.63,15.14,62.57
1778002762,8.88,8.50,8.75,19.79,47.63,14.58,60.64,15.71,62.52
1778002764,8.88,8.50,8.25,19.70,47.60,14.52,60.63,15.86,62.42
1778002765,8.81,8.75,8.25,19.54,47.62,14.41,60.63,15.14,62.33
1778002767,8.81,8.50,8.50,19.57,47.73,14.52,60.61,15.45,62.64
1778002768,8.81,8.25,8.25,19.68,47.83,14.43,60.57,15.50,62.96
1778002770,8.81,8.75,8.75,19.74,47.94,14.37,60.54,15.49,63.25
1778002772,8.81,8.50,8.75,19.58,47.94,14.44,60.55,15.37,63.32
1778002773,8.81,8.75,8.25,19.53,47.86,14.46,60.54,15.45,63.26
1778002775,8.81,8.75,8.75,19.55,47.83,14.54,60.56,15.35,63.07
1778002776,8.81,9.00,8.50,19.81,47.82,14.51,60.58,15.35,62.92
1778002778,8.88,8.75,8.25,19.86,47.78,14.55,60.61,15.44,62.76
1778002780,8.81,8.50,8.50,19.95,47.77,14.56,60.61,15.58,62.59
1778002781,8.81,8.25,8.50,19.61,47.67,14.54,60.63,15.40,62.36
1778002783,8.81,8.50,8.50,19.69,47.66,14.46,60.59,15.66,62.23
1778002784,8.88,8.75,8.50,19.48,47.59,14.40,60.58,15.89,62.21
1778002786,8.81,8.50,8.00,19.89,47.64,14.40,60.55,15.47,62.12
1778002788,8.88,8.75,8.25,19.58,47.57,14.46,60.54,15.96,62.18
1778002789,8.88,8.25,8.25,19.66,47.55,14.43,60.54,15.93,62.08
1778002791,8.81,8.50,8.25,19.67,47.53,14.51,60.53,16.08,61.99
1778002792,8.88,8.50,8.25,19.71,47.52,14.57,60.49,15.71,61.83
1778002794,8.94,8.75,8.25,19.75,47.49,14.53,60.46,15.80,61.76
1778002796,8.88,8.75,8.00,19.69,47.46,14.68,60.43,15.46,61.64
1778002797,8.88,8.50,8.25,19.55,47.43,14.39,60.33,15.46,61.57
1778002799,8.94,8.50,8.50,19.76,47.42,14.65,60.32,15.50,61.51
1778002800,8.88,8.50,8.25,19.91,47.43,14.43,60.25,15.84,61.46
1778002802,8.81,8.50,8.25,19.91,47.45,14.58,60.24,15.41,61.25
1778002804,8.81,8.25,8.00,19.68,47.41,14.56,60.19,15.49,61.15
1778002805,8.75,8.00,8.25,19.57,47.42,14.64,60.16,15.83,61.17
1778002807,8.69,8.50,8.50,19.50,47.44,14.64,60.14,15.62,61.12
1778002808,8.69,8.75,7.75,20.18,47.51,14.60,60.05,15.63,61.16
1778002810,8.69,8.75,8.50,19.80,47.43,14.70,60.01,15.75,61.17
1778002812,8.69,8.50,8.00,19.68,47.38,14.52,59.90,15.57,61.07
1778002813,8.63,8.75,8.00,20.21,47.47,14.53,59.84,15.71,60.99
1778002815,8.63,8.50,8.25,19.56,47.34,14.52,59.83,15.67,60.90
1778002817,8.69,8.50,8.25,19.85,47.40,14.53,59.82,15.47,60.79
1778002818,8.63,8.50,8.25,19.67,47.36,14.52,59.83,15.76,60.79
1778002820,8.63,8.75,8.75,19.76,47.37,14.46,59.85,15.44,60.75
1778002821,8.56,8.50,8.75,19.87,47.39,14.51,59.86,15.45,60.85
1778002823,8.63,8.75,8.75,19.84,47.40,14.61,59.89,15.72,61.00
1778002825,8.63,8.50,8.00,20.23,47.44,14.62,59.95,15.62,61.01
1778002826,8.63,9.00,8.25,19.95,47.39,14.68,59.98,15.50,60.94
1778002828,8.56,8.25,8.75,19.71,47.35,14.56,60.00,16.18,61.03
1778002829,8.63,8.50,8.50,19.96,47.39,14.54,60.04,15.67,60.91
1778002831,8.56,8.50,8.25,19.87,47.35,14.72,60.12,15.58,60.86
1778002833,8.63,8.50,8.00,19.62,47.30,14.55,60.12,15.98,60.91
1778002834,8.69,8.25,8.50,19.88,47.35,14.61,60.15,15.51,60.79
1778002836,8.63,8.50,8.50,19.78,47.35,14.58,60.18,15.94,60.84
1778002837,8.75,8.50,8.50,20.16,47.44,14.52,60.18,15.47,60.69
1778002839,8.75,8.75,8.50,19.94,47.42,14.59,60.23,15.66,60.72
1778002841,8.75,8.75,8.50,20.22,47.46,14.51,60.22,15.53,60.73
1778002842,8.75,8.50,8.50,19.85,47.43,14.52,60.25,15.50,60.80
1778002844,8.75,8.50,8.25,19.78,47.41,14.57,60.31,15.49,60.88
1778002845,8.75,9.00,8.00,20.25,47.49,14.51,60.33,15.25,60.87
1778002847,8.75,8.25,8.75,19.93,47.44,14.54,60.37,15.82,61.03
1778002849,8.81,9.00,8.25,19.88,47.45,14.68,60.41,15.47,61.05
1778002850,8.88,8.50,8.50,19.84,47.46,14.48,60.38,15.68,61.10
1778002852,8.88,8.50,8.25,19.87,47.48,14.59,60.40,15.46,61.07
1778002853,8.81,8.50,8.25,19.95,47.48,14.68,60.42,15.69,61.12
1778002855,8.81,8.50,8.50,19.69,47.44,14.58,60.40,15.53,61.10
1778002857,8.88,8.50,8.50,19.88,47.47,14.59,60.42,15.43,61.12
1778002858,8.88,8.75,8.75,20.06,47.48,14.65,60.43,15.61,61.16
1778002860,8.88,8.50,8.75,19.86,47.46,14.63,60.42,15.54,61.16
1778002861,8.81,8.50,8.50,20.23,47.54,14.63,60.42,15.63,61.20
1778002863,8.81,8.50,8.25,19.80,47.47,14.55,60.42,15.64,61.23
1778002865,8.81,8.25,8.50,19.69,47.46,14.56,60.40,15.73,61.28
1778002866,8.75,9.00,8.25,19.80,47.47,14.52,60.40,15.78,61.30
1778002868,8.81,8.75,8.25,19.91,47.49,14.57,60.41,16.25,61.38
1778002869,8.81,8.75,8.75,19.83,47.45,14.60,60.40,15.68,61.23
1778002871,8.75,9.00,8.25,19.60,47.42,14.57,60.40,15.61,61.13
1778002873,8.75,8.50,8.25,19.90,47.47,14.52,60.38,15.68,61.16
1778002874,8.69,8.50,8.50,19.50,47.43,14.52,60.38,15.79,61.20
1778002876,8.75,8.25,8.50,19.55,47.44,14.58,60.38,15.32,61.10
1778002878,8.69,8.75,8.50,19.82,47.50,14.70,60.37,15.95,61.19
1778002879,8.75,8.50,8.50,20.01,47.53,14.52,60.33,15.79,61.16
1778002881,8.75,8.50,8.00,20.07,47.57,14.50,60.29,15.81,61.16
1778002882,8.75,8.75,8.00,20.07,47.55,14.42,60.24,15.84,61.17
1778002884,8.75,8.25,8.50,19.95,47.53,14.43,60.22,15.59,61.09
1778002886,8.75,8.50,8.50,19.91,47.51,14.54,60.21,15.88,61.10
1778002887,8.75,8.25,8.50,19.91,47.49,14.62,60.21,15.46,60.98
1778002889,8.69,9.00,8.50,20.23,47.54,14.53,60.18,15.97,61.05
1778002890,8.69,9.00,8.50,19.88,47.46,14.69,60.19,16.00,61.03
1778002892,8.75,8.50,8.50,19.68,47.42,14.64,60.17,15.56,60.92
1778002894,8.69,8.75,8.75,19.94,47.44,14.58,60.16,15.68,60.89
1778002895,8.75,8.25,8.75,19.58,47.39,14.55,60.16,15.81,60.89
1778002897,8.69,0.00,7.75,19.95,47.46,14.46,60.15,16.16,60.94
1778002898,8.69,0.00,7.50,19.90,47.49,14.53,60.17,15.48,60.84
1778002900,8.56,0.00,7.50,19.53,47.46,14.50,60.17,15.58,60.91
1778002902,8.50,3.00,8.25,19.88,47.52,14.70,60.22,15.47,60.95
1778002903,8.50,3.50,7.50,19.89,47.52,14.49,60.20,15.87,61.10
1778002905,8.44,3.25,8.00,20.16,47.57,14.62,60.25,15.62,61.14
1778002906,8.38,3.25,8.25,19.88,47.53,14.58,60.23,15.52,61.19
1778002908,8.38,3.50,8.50,19.75,47.52,14.54,60.21,15.62,61.24
1778002910,8.38,3.25,8.00,19.68,47.50,14.67,60.24,15.51,61.19
1778002911,8.38,3.75,8.00,19.71,47.48,14.48,60.20,15.79,61.20
1778002913,8.38,3.75,8.25,19.79,47.51,14.62,60.26,15.84,61.21
1778002914,8.31,3.50,8.50,19.56,47.46,14.62,60.27,15.78,61.21
1778002916,8.38,3.50,8.25,19.62,47.46,14.58,60.26,15.66,61.20
1778002918,8.31,3.75,8.00,19.74,47.47,14.54,60.26,15.78,61.22
1778002919,8.38,3.50,8.25,19.97,47.51,14.35,60.22,16.00,61.25
1778002921,8.31,2.75,8.25,20.08,47.51,14.51,60.24,15.56,61.17
1778002922,8.38,2.75,8.00,19.90,47.48,14.63,60.28,15.82,61.20
1778002924,8.31,2.75,8.00,19.91,47.47,14.63,60.28,15.79,61.17
1778002926,8.31,0.00,7.25,19.95,47.46,14.62,60.28,15.28,61.02
1778002927,8.31,2.75,7.75,19.76,47.41,14.66,60.28,15.64,61.04
1778002929,8.31,3.00,7.50,19.91,47.44,14.65,60.24,15.69,61.03
1778002930,8.31,3.50,8.50,20.03,47.43,14.44,60.19,15.81,61.07
1778002932,8.25,3.50,8.25,19.74,47.39,14.68,60.23,15.50,61.03
1778002934,8.31,3.25,8.00,19.86,47.39,14.57,60.20,15.76,61.10
1778002935,8.25,3.50,7.75,19.94,47.40,14.51,60.18,15.80,61.14
1778002937,8.25,3.75,8.00,19.78,47.36,14.65,60.18,15.89,61.15
1778002938,8.25,2.75,8.00,19.76,47.35,14.41,60.12,16.06,61.20
1778002940,8.19,3.25,8.25,19.58,47.30,14.53,60.13,15.66,61.11
1778002942,8.25,4.50,8.00,20.01,47.36,14.55,60.15,15.57,61.06
1778002943,8.25,4.00,8.25,19.80,47.33,14.46,60.13,15.14,60.96
1778002945,8.25,0.00,7.75,19.91,47.35,14.60,60.14,15.40,60.98
1778002947,8.19,0.00,7.25,19.76,47.34,14.61,60.16,15.32,60.93
1778002948,8.19,4.50,8.50,19.77,47.32,14.49,60.15,15.54,61.00
1778002950,8.19,4.50,8.50,19.89,47.35,14.50,60.19,15.53,61.04
1778002951,8.13,4.25,8.50,19.89,47.37,14.66,60.27,15.53,61.06
1778002953,8.13,3.75,8.50,19.77,47.34,14.60,60.26,15.87,61.17
1778002955,8.06,3.00,8.25,20.02,47.38,14.43,60.22,15.66,61.16
1778002956,8.06,3.75,8.25,19.95,47.37,14.59,60.24,15.35,61.12
1778002958,8.06,3.25,7.75,19.68,47.32,14.55,60.26,15.59,61.20
1778002959,8.06,4.00,8.25,19.80,47.33,14.47,60.22,15.35,61.12
1778002961,8.06,3.25,8.25,19.62,47.33,14.51,60.25,15.75,61.16
1778002963,8.06,3.00,8.25,19.92,47.39,14.50,60.25,15.72,61.16
1778002964,8.00,0.00,7.25,19.72,47.33,14.47,60.27,15.64,61.13
1778002966,8.00,0.00,7.00,19.95,47.38,14.50,60.29,16.02,61.17
1778002967,8.06,2.50,8.25,19.72,47.31,14.44,60.31,16.07,61.19
1778002969,8.00,2.50,8.00,19.75,47.31,14.46,60.34,15.73,61.13
1778002971,8.06,3.25,8.50,20.30,47.38,14.55,60.39,15.47,61.09
1778002972,8.06,3.00,8.00,20.27,47.40,14.62,60.44,15.66,61.28
1778002974,8.13,2.75,8.00,19.94,47.42,14.61,60.46,15.57,61.65
1778002975,8.13,2.75,8.25,19.66,47.43,14.53,60.50,15.42,62.12
1778002977,8.19,4.00,8.50,19.50,47.50,14.49,60.58,15.78,62.82
1778002979,8.19,3.75,8.75,19.50,47.58,14.55,60.63,15.73,63.38
1778002980,8.19,3.75,8.00,19.59,47.64,14.56,60.69,16.03,63.78
1778002982,8.25,3.75,8.75,19.69,47.65,14.62,60.81,15.95,63.81
1778002983,8.19,3.25,8.25,19.92,47.66,14.51,60.80,15.44,63.64
1778002985,8.19,3.00,8.50,19.79,47.62,14.56,60.82,15.09,63.43
1778002987,8.19,1.75,8.25,19.75,47.59,14.55,60.83,15.38,63.30
1778002988,8.31,2.25,8.00,19.82,47.56,14.48,60.81,15.62,63.15
1778002990,8.31,5.25,8.25,19.80,47.55,14.47,60.76,15.72,63.02
1778002991,8.31,6.50,7.75,20.27,47.61,14.51,60.74,15.61,62.92
1778002993,8.31,9.00,8.00,19.59,47.48,14.51,60.70,15.78,62.82
1778002995,8.25,9.50,9.00,19.71,47.50,14.64,60.69,15.75,62.63
1778002996,8.25,9.50,8.50,19.74,47.50,14.62,60.65,15.96,62.48
1778002998,8.25,9.50,8.00,19.59,47.46,14.54,60.61,15.57,62.26
1778002999,8.25,9.25,8.50,19.71,47.44,14.73,60.57,15.34,62.11
1778003001,8.19,8.50,8.25,19.66,47.45,14.58,60.45,15.75,62.06
1778003003,8.25,8.50,8.25,19.76,47.47,14.62,60.42,15.51,61.89
1778003004,8.25,8.50,8.25,19.76,47.44,14.59,60.35,16.40,61.94
1778003006,8.19,8.75,8.50,19.80,47.43,14.52,60.25,15.41,61.65
1778003008,8.19,8.75,8.25,19.75,47.39,14.73,60.19,15.77,61.65
1778003009,8.13,8.75,8.50,19.98,47.40,14.59,60.09,15.86,61.58
1778003011,8.13,8.25,8.50,19.77,47.35,14.51,59.97,15.56,61.39
1778003012,8.13,8.50,8.25,19.92,47.35,14.67,59.95,15.84,61.32
1778003014,8.13,8.75,7.75,19.97,47.35,14.65,59.87,15.78,61.18
1778003016,8.13,8.50,8.50,19.89,47.32,14.70,59.84,15.49,61.05
1778003017,8.13,8.75,8.00,19.57,47.27,14.47,59.77,15.56,60.99
1778003019,8.13,8.50,8.75,19.98,47.34,14.56,59.78,15.62,60.93
1778003020,8.06,8.25,8.25,19.84,47.31,14.63,59.78,15.12,60.79
1778003022,8.00,0.00,7.50,19.84,47.30,14.59,59.78,15.63,60.88
1778003024,8.00,7.50,8.25,19.85,47.34,14.72,59.86,15.47,60.89
1778003025,8.00,3.50,8.00,19.61,47.30,14.59,59.88,15.65,60.98
1778003027,8.00,3.25,8.00,19.93,47.34,14.62,59.92,15.31,60.89
1778003028,8.00,3.75,8.00,19.81,47.35,14.53,59.95,15.66,60.89
1778003030,8.00,2.75,8.25,19.82,47.34,14.64,60.02,15.46,60.79
1778003032,8.00,2.50,8.25,19.85,47.31,14.63,60.04,15.67,60.78
1778003033,8.00,2.25,8.25,19.97,47.31,14.59,60.05,15.56,60.71
1778003035,8.00,2.25,7.75,19.94,47.30,14.53,60.04,15.14,60.63
1778003036,8.06,2.75,8.25,19.98,47.28,14.63,60.11,15.83,60.79
1778003038,8.06,2.75,8.25,19.89,47.27,14.60,60.15,15.70,60.76
1778003040,8.06,2.75,7.50,19.76,47.27,14.65,60.23,15.30,60.65
1778003041,8.06,2.50,7.75,19.81,47.26,14.64,60.31,15.59,60.73
1778003043,8.06,2.50,8.25,19.80,47.28,14.53,60.35,15.77,60.79
1778003044,8.06,2.75,7.75,20.01,47.34,14.70,60.40,15.76,60.83
1778003046,8.06,3.00,8.25,20.05,47.34,14.62,60.41,15.48,60.82
1778003048,8.06,3.50,8.25,19.97,47.34,14.81,60.42,15.49,60.82
1778003049,8.06,8.50,8.75,20.01,47.34,14.57,60.32,15.73,60.89
1778003051,8.06,8.50,8.00,20.03,47.33,14.68,60.28,15.66,60.90
1778003052,8.06,8.75,8.50,19.69,47.26,14.74,60.21,15.16,60.82
1778003054,8.06,8.75,8.50,19.91,47.30,14.69,60.16,15.84,60.94
1778003056,8.06,8.50,8.50,19.92,47.31,14.74,60.13,15.85,60.90
1778003057,8.06,8.25,8.75,19.63,47.25,14.64,60.08,15.32,60.79
1778003059,8.06,8.25,8.25,19.76,47.25,14.60,60.06,15.75,60.85
1778003060,8.00,8.75,8.75,19.76,47.25,14.60,60.04,15.58,60.83
1778003062,8.00,8.50,8.00,19.76,47.22,14.66,60.02,15.57,60.76
1778003064,8.06,8.75,8.50,19.69,47.20,14.65,60.01,15.30,60.68
1778003065,8.00,9.25,8.00,19.80,47.20,14.58,59.96,15.98,60.78
1778003067,7.94,8.25,8.25,19.88,47.20,14.69,59.96,15.45,60.64
1778003068,8.00,8.75,8.75,19.93,47.21,14.70,59.93,15.94,60.66
1778003070,7.94,8.25,8.50,19.76,47.18,14.66,59.91,15.36,60.53
1778003072,7.94,9.00,8.25,19.94,47.23,14.64,59.90,15.71,60.54
1778003073,8.00,9.00,8.25,19.97,47.23,14.64,59.93,15.78,60.51
1778003075,8.00,9.00,8.25,20.05,47.24,14.64,59.88,15.58,60.57
1778003077,8.00,9.00,7.75,19.85,47.22,14.60,59.87,15.53,60.75
1778003078,8.00,9.00,8.00,19.85,47.23,14.60,59.85,15.77,60.97
1778003080,8.00,9.00,8.50,19.86,47.24,14.64,59.85,15.65,61.05
1778003081,8.00,9.00,8.75,19.95,47.25,14.75,59.87,15.30,61.00
1778003083,7.94,9.25,8.25,19.78,47.24,14.57,59.87,15.53,61.01
1778003085,8.00,9.50,8.50,19.78,47.24,14.55,59.94,15.43,60.97
1778003086,8.00,9.00,8.25,19.78,47.24,14.70,60.01,15.62,61.01
1778003088,8.00,9.00,8.50,19.86,47.23,14.58,60.00,15.99,61.10
1778003089,8.00,9.25,8.50,19.63,47.20,14.58,60.03,16.19,61.22
1778003091,8.00,0.00,7.75,19.82,47.22,14.63,60.02,15.84,61.38
1778003093,8.00,0.00,6.50,19.86,47.23,14.72,60.01,15.74,61.55
1778003094,8.00,5.75,8.50,19.96,47.24,14.59,59.99,16.06,61.71
1778003096,8.06,5.50,8.00,19.63,47.19,14.64,60.02,15.81,61.75
1778003097,8.06,6.00,8.25,19.81,47.24,14.63,60.05,15.94,61.76
1778003099,8.06,5.25,8.25,19.83,47.24,14.68,60.07,15.80,61.69
1778003101,8.00,5.25,7.75,19.86,47.22,14.64,60.03,15.39,61.57
1778003102,8.00,4.75,8.25,19.78,47.23,14.65,60.03,15.67,61.57
1778003104,8.00,4.50,7.75,19.78,47.21,14.62,59.97,15.69,61.57
1778003105,8.06,5.50,8.25,19.58,47.17,14.71,59.93,15.81,61.57
1778003107,8.06,0.00,6.50,19.88,47.20,14.69,59.86,15.61,61.54
1778003109,8.00,0.00,8.00,19.73,47.17,14.68,59.84,15.98,61.62
1778003110,7.94,5.75,8.00,19.55,47.14,14.65,59.83,15.70,61.59
1778003112,8.00,4.75,8.25,19.87,47.20,14.69,59.84,15.67,61.52
1778003113,7.94,2.00,7.75,19.80,47.21,14.58,59.81,16.05,61.50
1778003115,7.94,3.25,7.75,19.78,47.21,14.67,59.85,15.82,61.37
1778003117,7.94,2.25,7.75,19.71,47.20,14.73,59.88,15.88,61.34
1778003118,7.94,2.25,8.00,19.77,47.17,14.63,59.87,15.83,61.30
1778003120,7.94,2.50,8.00,19.69,47.14,14.61,59.87,15.41,61.14
1778003121,7.94,2.00,7.75,19.85,47.16,14.66,59.88,15.87,61.08
1778003123,7.94,2.00,7.50,19.87,47.17,14.68,59.89,15.75,60.94
1778003125,7.94,2.25,8.00,19.73,47.12,14.55,59.87,15.56,60.78
1778003126,7.88,2.00,7.50,19.87,47.13,14.55,59.86,15.83,60.78
1778003128,7.94,2.50,8.00,19.95,47.14,14.65,59.86,15.58,60.68
1778003129,7.88,2.50,8.00,19.97,47.14,14.73,59.83,15.66,60.68
1778003131,7.88,2.00,8.25,19.97,47.14,14.48,59.75,15.92,60.71
1778003133,7.88,8.25,8.75,19.66,47.08,14.59,59.76,15.30,60.56
1778003134,7.88,8.25,8.25,19.60,47.07,14.70,59.80,15.46,60.55
1778003136,7.88,8.50,8.75,19.99,47.10,14.52,59.82,16.08,60.61
1778003138,7.88,8.25,8.00,19.78,47.08,14.65,59.86,15.34,60.42
1778003139,7.88,8.25,8.50,19.92,47.11,14.65,59.92,15.91,60.46
1778003141,7.88,8.50,8.50,20.00,47.14,14.68,59.98,15.58,60.40
1778003142,7.88,7.75,7.75,19.77,47.09,14.59,59.99,15.66,60.39
1778003144,7.88,8.25,8.25,19.76,47.11,14.75,60.05,15.47,60.34
1778003146,7.94,8.00,8.50,19.72,47.11,14.59,60.05,15.50,60.41
1778003147,7.88,8.00,7.75,20.00,47.19,14.58,60.06,15.92,60.59
1778003149,7.88,8.25,8.50,19.77,47.14,14.69,60.12,16.10,60.68
1778003150,7.94,8.25,8.25,19.80,47.18,14.63,60.11,15.66,60.64
1778003152,7.94,8.25,8.25,19.62,47.19,14.55,60.13,15.51,60.65
1778003154,7.94,8.50,9.00,19.80,47.23,14.57,60.16,15.56,60.69
1778003155,7.94,8.25,8.00,19.64,47.23,14.52,60.19,15.48,60.69
1778003157,8.00,8.75,8.50,19.78,47.23,14.73,60.29,15.34,60.70
1778003158,7.94,8.50,9.00,19.80,47.28,14.65,60.30,15.77,60.81
1778003160,7.94,8.50,9.00,19.95,47.33,14.63,60.34,15.69,60.86
1778003162,7.94,8.50,9.25,19.96,47.36,14.52,60.38,15.50,61.01
1778003163,8.00,8.75,9.25,20.26,47.50,14.57,60.44,15.84,61.46
1778003165,8.06,8.50,9.00,19.92,47.53,14.63,60.53,15.99,62.03
1778003166,8.13,8.50,9.00,19.82,47.60,14.57,60.61,15.62,62.50
1778003168,8.06,8.50,9.00,19.52,47.63,14.61,60.74,15.84,63.05
1778003170,8.13,9.50,9.00,19.73,47.70,14.56,60.81,15.50,63.35
1778003171,8.19,9.75,9.25,19.98,47.73,14.64,60.90,15.98,63.54
1778003173,8.19,9.00,9.00,19.78,47.65,14.58,60.93,15.68,63.40
1778003174,8.19,8.75,9.00,19.69,47.60,14.55,60.95,15.53,63.17
1778003176,8.19,0.00,8.25,19.64,47.57,14.56,60.96,16.05,63.04
1778003178,8.19,5.50,8.50,19.76,47.56,14.64,60.98,15.48,62.74
1778003179,8.19,0.00,7.75,19.69,47.52,14.51,60.96,15.73,62.61
1778003181,8.19,3.75,8.50,19.82,47.51,14.55,60.94,15.53,62.49
1778003182,8.19,3.75,8.50,19.82,47.51,14.74,60.93,15.64,62.50
1778003184,8.19,4.75,8.75,19.62,47.48,14.62,60.87,15.45,62.49
1778003186,8.19,4.50,8.75,19.71,47.46,14.65,60.79,15.52,62.44
1778003187,8.19,4.25,7.75,19.85,47.44,14.64,60.74,15.45,62.26
1778003189,8.13,4.50,8.50,19.73,47.39,14.69,60.67,15.90,62.16
1778003190,8.13,4.00,8.25,19.76,47.36,14.50,60.61,15.95,62.03
1778003192,8.13,4.25,8.50,19.66,47.31,14.57,60.58,15.89,61.86
1778003194,8.13,0.00,7.50,19.52,47.27,14.72,60.54,15.71,61.68
1778003195,8.06,0.00,7.75,19.87,47.30,14.65,60.52,15.73,61.52
1778003197,8.13,3.75,8.25,19.99,47.31,14.57,60.49,15.73,61.43
1778003199,8.06,3.75,8.75,19.92,47.31,14.74,60.51,15.35,61.28
1778003200,8.06,4.00,8.50,19.66,47.24,14.63,60.46,15.37,61.22
1778003202,8.06,0.00,7.25,19.84,47.28,14.51,60.43,15.64,61.17
1778003203,8.06,4.00,8.75,20.23,47.32,14.70,60.46,15.66,61.09
1778003205,8.06,4.25,8.50,19.89,47.24,14.53,60.42,15.71,61.04
1778003207,8.00,4.50,8.75,19.69,47.20,14.59,60.42,15.79,61.02
1778003208,8.06,4.25,8.75,19.87,47.22,14.74,60.45,15.66,61.05
1778003210,8.00,4.00,8.50,20.00,47.23,14.68,60.43,15.84,61.14
1778003211,8.06,4.00,8.50,19.66,47.17,14.62,60.37,16.00,61.13
1778003213,8.13,3.25,8.00,19.78,47.14,14.83,60.37,15.83,61.05
1778003215,8.06,2.75,7.75,19.86,47.16,14.60,60.30,15.83,60.99
1778003216,8.06,3.00,7.50,19.92,47.16,14.58,60.27,15.89,60.94
1778003218,8.06,3.25,8.25,19.90,47.14,14.72,60.27,15.94,60.87
1778003219,8.06,3.00,8.25,20.17,47.18,14.52,60.21,15.68,60.72
1778003221,8.06,3.25,8.25,19.78,47.11,14.62,60.20,15.94,60.73
1778003223,8.06,3.50,7.75,19.76,47.10,14.69,60.20,15.78,60.72
1778003224,8.06,3.00,7.50,19.99,47.12,14.55,60.19,15.85,60.73
1778003226,8.13,8.25,8.25,19.85,47.09,14.67,60.20,16.01,60.71
1778003227,8.06,8.75,8.75,19.69,47.07,14.63,60.18,15.36,60.57
1778003229,8.00,8.50,8.25,19.86,47.10,14.64,60.17,15.69,60.59
1778003231,8.06,8.75,8.00,20.01,47.14,14.65,60.16,15.65,60.54
1778003232,8.06,8.75,8.75,19.76,47.09,14.58,60.13,15.78,60.54
1778003234,8.06,9.00,8.25,20.05,47.14,14.66,60.11,15.66,60.48
1778003235,8.00,8.75,8.50,19.91,47.12,14.64,60.09,15.90,60.48
1778003237,8.00,8.75,8.50,19.85,47.12,14.73,60.07,16.27,60.50
1778003239,8.00,8.75,8.75,19.84,47.13,14.48,60.01,15.99,60.40
1778003240,8.00,8.50,8.75,19.91,47.16,14.52,59.99,15.85,60.40
1778003242,7.94,9.00,8.25,19.91,47.25,14.62,60.03,15.54,60.60
1778003243,7.94,8.75,8.75,20.09,47.34,14.65,60.08,15.68,60.92
1778003245,7.94,9.00,8.00,19.95,47.33,14.60,60.08,15.66,61.08
1778003247,7.94,9.00,8.75,19.91,47.32,14.56,60.07,15.85,61.21
1778003248,7.94,9.00,8.75,19.80,47.30,14.54,60.04,15.40,61.19
1778003250,8.00,9.00,8.25,19.89,47.27,14.57,60.08,15.96,61.27
1778003251,7.94,9.00,8.75,19.95,47.24,14.57,60.09,15.69,61.12
1778003253,8.00,9.25,8.75,19.92,47.20,14.52,60.12,15.47,60.98
1778003255,7.94,9.00,8.75,19.62,47.16,14.59,60.14,15.79,60.94
1778003256,7.94,9.00,8.75,19.78,47.17,14.62,60.20,15.35,60.83
1778003258,7.94,9.00,8.75,19.78,47.25,14.59,60.22,16.09,61.15
1778003259,8.00,9.25,8.50,19.99,47.40,14.68,60.29,15.50,61.39
1778003261,7.94,8.75,8.75,20.03,47.51,14.69,60.31,15.79,61.83
1778003263,8.00,9.25,8.25,19.84,47.54,14.56,60.32,15.81,62.19
1778003264,8.00,9.25,9.00,20.18,47.63,14.47,60.35,15.68,62.50
1778003266,8.00,9.00,9.00,19.90,47.54,14.62,60.41,15.59,62.69
1778003268,8.00,9.25,9.00,20.13,47.56,14.65,60.45,15.66,62.77
1778003269,8.00,9.00,8.75,19.78,47.50,14.49,60.44,15.69,62.80
1778003271,8.00,9.00,8.50,19.86,47.48,14.55,60.50,15.90,62.75
1778003272,8.06,8.75,8.75,19.71,47.46,14.46,60.52,15.98,62.58
1778003274,8.00,8.75,8.25,20.23,47.49,14.53,60.51,15.49,62.25
1778003276,8.06,8.50,9.00,19.97,47.43,14.58,60.51,15.81,62.13
1778003277,8.06,8.75,9.00,19.82,47.33,14.53,60.48,16.23,62.04
1778003279,8.13,8.75,8.50,19.89,47.31,14.59,60.45,15.87,61.78
1778003280,8.13,9.00,8.75,19.84,47.27,14.66,60.46,15.77,61.65
1778003282,8.13,9.00,8.75,20.12,47.31,14.71,60.46,15.67,61.69
1778003284,8.13,9.00,8.75,19.74,47.30,14.68,60.48,15.94,61.92
1778003285,8.13,9.00,8.50,19.84,47.31,14.59,60.49,15.90,61.99
1778003287,8.06,8.75,9.00,19.86,47.29,14.74,60.54,15.69,61.91
1778003288,8.13,9.00,9.00,19.90,47.27,14.68,60.51,15.26,61.65
1778003290,8.06,9.00,9.00,20.10,47.26,14.68,60.51,15.69,61.53
1778003292,8.06,8.75,9.00,20.19,47.25,14.69,60.48,15.68,61.33
1778003293,8.00,8.50,8.50,19.77,47.14,14.63,60.45,15.94,61.16
1778003295,8.06,9.00,8.25,19.89,47.15,14.74,60.46,16.40,61.09
1778003296,8.06,8.75,8.75,20.16,47.16,14.61,60.40,15.98,60.88
1778003298,8.06,8.25,8.25,19.98,47.12,14.62,60.41,15.85,60.79
1778003300,8.13,8.75,8.50,19.91,47.08,14.60,60.40,15.80,60.82
1778003301,8.06,8.50,8.25,20.09,47.08,14.58,60.39,15.37,60.70
1778003303,8.13,9.00,8.50,20.06,47.05,14.64,60.34,15.92,60.72
1778003304,8.06,8.00,8.50,20.16,47.04,14.72,60.34,16.23,60.72
1778003306,8.06,8.50,8.50,20.17,47.01,14.82,60.27,15.88,60.58
1778003308,8.06,8.75,8.50,19.82,46.96,14.69,60.21,15.45,60.44
1778003309,8.00,8.25,8.75,19.97,46.97,14.54,60.17,15.71,60.43
1778003311,8.06,8.75,8.50,20.08,46.99,14.71,60.19,15.64,60.38
1778003312,8.06,8.50,8.75,19.95,46.97,14.70,60.18,15.41,60.29
1778003314,8.00,9.00,8.25,19.98,47.02,14.59,60.17,16.19,60.57
1778003316,8.00,9.00,9.00,20.19,47.10,14.69,60.20,16.24,60.90
1778003317,7.94,9.00,8.75,19.97,47.18,14.74,60.23,16.36,61.38
1778003319,7.94,9.00,8.50,19.91,47.28,14.58,60.23,16.19,61.81
1778003320,7.94,9.00,9.00,19.96,47.44,14.63,60.29,15.78,62.17
1778003322,8.00,9.00,9.00,20.01,47.60,14.60,60.34,16.06,62.58
1778003324,8.06,9.00,9.25,19.81,47.63,14.59,60.40,16.02,62.70
1778003325,8.19,9.00,9.25,19.81,47.66,14.76,60.49,15.85,62.59
1778003327,8.19,9.00,9.00,19.99,47.70,14.59,60.52,16.27,62.57
1778003329,8.25,9.00,8.50,19.83,47.69,14.80,60.61,15.92,62.49
1778003330,8.25,8.75,8.75,19.91,47.68,14.71,60.63,15.71,62.31
1778003332,8.25,8.75,9.25,19.87,47.66,14.64,60.60,15.83,62.17
1778003333,8.25,9.00,8.25,19.89,47.64,14.64,60.57,16.12,62.05
1778003335,8.19,9.00,8.75,19.91,47.59,14.59,60.56,15.71,61.97
1778003337,8.13,9.00,9.00,20.10,47.59,14.60,60.53,15.90,62.06
1778003338,8.19,9.00,9.25,19.87,47.49,14.70,60.53,15.86,62.07
1778003340,8.13,8.25,8.75,20.06,47.48,14.69,60.48,15.84,62.01
1778003341,8.25,9.00,9.00,19.75,47.44,14.69,60.44,16.05,62.06
1778003343,8.25,9.00,8.75,19.90,47.51,14.59,60.42,16.08,62.22
1778003345,8.19,9.00,8.75,19.76,47.50,14.75,60.42,15.69,62.32
1778003346,8.19,8.75,9.00,20.12,47.53,14.67,60.44,16.09,62.33
1778003348,8.25,9.00,8.75,20.04,47.49,14.74,60.47,16.22,62.15
1778003349,8.25,9.00,9.00,19.86,47.43,14.62,60.44,16.21,61.99
1778003351,8.25,9.00,8.75,20.11,47.42,14.65,60.47,15.83,61.73
1778003353,8.19,10.25,9.25,19.84,47.33,14.63,60.48,16.59,61.72
1778003354,8.25,11.00,9.25,20.00,47.28,14.59,60.48,16.33,61.49
1778003356,8.25,10.50,8.75,20.07,47.21,14.72,60.48,16.25,61.28
1778003357,8.31,9.00,9.00,19.84,47.11,14.69,60.48,16.13,61.08
1778003359,8.25,8.50,9.00,20.24,47.13,14.76,60.48,16.24,60.88
1778003361,8.19,8.25,9.00,19.78,46.97,14.64,60.43,16.48,60.72
1778003362,8.25,8.75,8.25,19.97,46.94,14.59,60.35,16.83,60.61
1778003364,8.19,8.25,9.00,20.16,46.96,14.64,60.33,15.95,60.42
1778003365,8.19,9.00,8.75,19.97,46.96,14.58,60.29,16.26,60.59
1778003367,8.19,10.00,9.25,20.08,46.98,14.63,60.28,16.87,60.91
1778003369,8.19,9.50,8.75,20.12,47.03,14.69,60.32,16.81,61.10
1778003370,8.13,11.00,9.25,19.94,46.97,14.72,60.37,16.20,61.03
1778003372,8.19,10.25,9.00,20.29,46.98,14.66,60.36,16.62,61.05
1778003373,8.13,11.00,9.00,19.90,46.87,14.70,60.33,16.30,60.85
1778003375,8.19,11.50,9.00,20.04,46.86,14.76,60.30,15.97,60.75
1778003377,8.13,11.25,8.50,20.03,46.81,14.75,60.23,16.12,60.68
1778003378,8.13,11.00,9.00,20.08,46.77,14.65,60.18,16.11,60.55
1778003380,8.13,11.25,8.25,19.98,46.72,14.76,60.15,16.34,60.46
1778003381,8.06,11.25,8.75,20.40,46.77,14.76,60.11,15.77,60.24
1778003383,8.13,10.50,8.75,20.19,46.71,14.63,60.06,16.59,60.28
1778003385,8.06,11.00,8.75,19.82,46.64,14.65,60.04,16.10,60.11
1778003386,8.06,11.00,9.00,20.13,46.68,14.64,60.02,16.27,60.07
1778003388,8.06,11.50,8.75,19.99,46.66,14.62,60.01,15.98,59.94
1778003390,8.06,11.25,8.75,20.03,46.68,14.76,60.04,15.93,59.86
1778003391,8.00,10.75,8.75,19.90,46.68,14.75,60.03,16.32,59.81
1778003393,8.00,11.25,8.50,20.18,46.73,14.81,60.03,16.17,59.64
1778003394,8.00,10.75,9.00,20.39,46.76,14.86,60.03,16.23,59.60
1778003396,8.06,11.00,8.75,19.99,46.69,14.75,59.98,16.02,59.51
1778003398,8.00,11.25,8.75,20.15,46.71,14.69,59.97,15.99,59.46
1778003399,8.00,11.25,8.75,20.08,46.67,14.65,59.96,16.37,59.49
1778003401,8.00,10.50,8.00,19.92,46.63,14.68,59.96,16.37,59.52
1778003402,8.06,11.25,8.75,20.13,46.66,14.76,59.96,15.99,59.49
1778003404,8.00,10.75,8.25,20.12,46.64,14.70,59.94,16.05,59.49
1778003406,8.06,11.25,8.50,20.07,46.63,14.76,59.94,16.43,59.53
1778003407,8.06,11.50,8.25,20.32,46.66,14.76,59.92,15.73,59.36
1778003409,8.06,11.00,8.75,20.39,46.66,14.71,59.88,15.94,59.37
1778003410,8.06,11.00,8.25,20.03,46.58,14.70,59.84,15.99,59.31
1778003412,8.06,11.25,8.75,19.99,46.58,14.71,59.86,16.18,59.33
1778003414,8.13,11.25,8.50,20.16,46.59,14.70,59.87,16.18,59.31
1778003415,8.06,11.50,8.00,19.97,46.57,14.70,59.91,16.07,59.30
1778003417,8.13,10.50,9.00,20.12,46.58,14.70,59.96,15.73,59.21
1778003418,8.19,11.00,8.25,20.00,46.57,14.65,60.01,16.55,59.35
1778003420,8.19,10.75,8.75,20.00,46.58,14.64,60.07,16.43,59.35
1778003422,8.19,11.25,9.00,20.07,46.58,14.66,60.11,15.73,59.24
1778003423,8.13,11.00,8.50,20.10,46.61,14.69,60.13,16.20,59.36
1778003425,8.25,11.00,8.75,20.16,46.61,14.61,60.13,16.34,59.41
1778003426,8.19,10.50,8.50,20.30,46.62,14.69,60.15,15.94,59.40
1778003428,8.19,11.00,8.50,19.89,46.58,14.83,60.19,16.44,59.53
1778003430,8.19,10.75,8.75,20.06,46.63,14.81,60.20,16.27,59.55
1778003431,8.25,11.25,9.00,19.98,46.62,14.76,60.19,16.51,59.59
1778003433,8.19,10.75,8.75,19.94,46.62,14.76,60.16,15.71,59.44
1778003434,8.25,11.25,8.75,20.00,46.63,14.80,60.13,16.05,59.49
1778003436,8.25,11.00,8.75,20.00,46.63,14.71,60.08,16.10,59.49
1778003438,8.25,11.00,9.00,20.05,46.63,14.76,60.04,16.36,59.50
1778003439,8.19,11.25,8.25,20.05,46.63,14.70,60.02,16.30,59.48
1778003441,8.19,11.00,8.75,20.27,46.64,14.88,60.05,15.85,59.42
1778003443,8.19,10.75,8.50,20.01,46.60,14.70,60.04,16.00,59.47
1778003444,8.19,11.00,9.00,20.19,46.63,14.70,60.01,16.28,59.53
1778003446,8.19,11.25,9.00,20.02,46.60,14.66,59.98,16.80,59.64
1778003447,8.19,11.00,8.50,19.86,46.62,14.75,59.99,16.23,59.65
1778003449,8.13,11.00,9.00,19.86,46.67,14.76,59.96,16.38,59.98
1778003451,8.19,11.50,8.75,19.87,46.72,14.72,59.97,16.31,60.28
1778003452,8.19,11.25,9.00,20.03,46.75,14.80,59.99,16.01,60.32
1778003454,8.13,10.75,9.00,19.95,46.71,14.65,59.96,16.37,60.38
1778003455,8.13,11.00,8.75,20.06,46.71,14.70,59.98,16.66,60.34
1778003457,8.13,11.25,8.50,20.02,46.68,14.72,59.98,16.71,60.24
1778003459,8.19,11.00,8.00,19.92,46.64,14.76,60.01,16.21,60.06
1778003460,8.13,10.50,9.00,20.01,46.65,14.70,60.02,16.19,60.01
1778003462,8.13,10.75,9.00,19.97,46.64,14.70,60.04,16.12,59.95
1778003463,8.19,11.00,9.00,20.10,46.63,14.60,60.06,15.73,59.81
1778003465,8.19,11.25,9.00,20.05,46.62,14.73,60.09,15.77,59.75
1778003467,8.19,10.75,8.50,19.89,46.61,14.74,60.14,16.06,59.75
1778003468,8.19,11.50,8.50,19.91,46.60,14.82,60.17,15.94,59.70
1778003470,8.25,11.00,9.00,19.91,46.60,14.59,60.13,15.87,59.64
1778003471,8.19,11.25,8.25,20.24,46.65,14.64,60.12,15.84,59.62
1778003473,8.19,11.00,9.00,19.86,46.59,14.82,60.18,16.49,59.75
1778003475,8.13,11.00,9.00,19.79,46.58,14.70,60.13,16.12,59.76
1778003476,8.19,11.25,9.00,20.06,46.63,14.60,60.11,16.19,59.84
1778003478,8.13,11.00,8.50,19.91,46.60,14.64,60.12,16.19,59.84
1778003479,8.19,11.00,9.00,20.08,46.62,14.63,60.07,15.87,59.75
1778003481,8.19,10.75,8.75,20.00,46.61,14.69,60.03,15.98,59.75
1778003483,8.13,10.75,8.50,20.37,46.66,14.83,60.03,15.84,59.71
1778003484,8.13,11.25,8.75,20.08,46.63,14.82,60.02,16.20,59.76
1778003486,8.19,11.25,8.25,19.82,46.60,14.77,60.00,16.29,59.78
1778003487,8.13,11.25,8.50,20.16,46.64,14.65,59.98,16.06,59.75
1778003489,8.13,11.25,8.00,20.12,46.61,14.64,59.93,16.24,59.78
1778003491,8.13,11.00,8.75,19.91,46.58,14.66,59.93,16.50,59.86
1778003492,8.13,10.75,8.50,20.01,46.58,14.72,59.93,16.09,59.79
1778003494,8.13,11.25,8.50,20.01,46.59,14.65,59.90,16.22,59.83
1778003496,8.13,11.25,9.25,20.02,46.61,14.82,59.96,16.27,59.85
1778003497,8.13,11.25,9.00,20.12,46.61,14.64,59.97,16.01,59.81
1778003499,8.13,11.50,8.50,20.14,46.63,14.65,60.04,16.38,59.91
1778003500,8.19,11.75,8.75,19.97,46.61,14.81,60.12,15.95,59.87
1778003502,8.19,11.00,8.50,19.91,46.62,14.70,60.13,16.17,59.94
1778003504,8.19,10.75,8.75,20.02,46.64,14.72,60.17,15.94,59.94
1778003505,8.13,11.25,8.00,20.01,46.65,14.66,60.20,15.97,60.00
1778003507,8.13,11.25,8.50,20.00,46.67,14.72,60.25,16.19,60.12
1778003508,8.19,11.25,8.50,20.02,46.67,14.63,60.27,15.93,60.11
1778003510,8.25,11.00,9.00,20.10,46.69,14.64,60.30,15.78,60.09
1778003512,8.19,11.25,9.25,20.11,46.71,14.60,60.33,15.90,60.19
1778003513,8.25,10.75,9.00,20.48,46.83,14.59,60.35,15.89,60.25
1778003515,8.19,11.50,9.25,20.05,46.75,14.70,60.39,15.94,60.31
1778003516,8.25,11.25,8.50,19.77,46.70,14.75,60.42,15.93,60.29
1778003518,8.25,11.00,9.00,20.29,46.79,14.72,60.40,15.46,60.23
1778003520,8.25,11.25,8.75,19.93,46.74,14.76,60.39,15.83,60.27
1778003521,8.19,11.25,8.75,19.97,46.76,14.70,60.36,15.80,60.25
1778003523,8.19,11.00,8.75,19.96,46.75,14.66,60.28,15.82,60.23
1778003524,8.13,11.50,9.00,20.23,46.80,14.64,60.23,15.81,60.22
1778003526,8.13,11.25,8.75,20.08,46.81,14.81,60.21,16.02,60.36
1778003528,8.13,11.00,8.75,20.05,46.88,14.80,60.18,16.36,60.78
1778003529,8.13,11.25,9.00,19.73,46.87,14.81,60.13,16.64,61.29
1778003531,8.06,11.25,9.00,20.15,46.95,14.70,60.07,16.36,61.52
1778003532,8.06,11.00,9.00,20.24,46.94,14.54,59.97,16.05,61.45
1778003534,8.06,11.25,9.00,19.91,46.84,14.66,59.95,15.75,61.19
1778003536,8.06,11.00,8.75,19.89,46.81,14.80,59.93,15.94,61.05
1778003537,8.06,11.25,8.75,20.12,46.80,14.64,59.92,16.72,61.14
1778003539,8.06,11.50,8.50,20.10,46.77,14.58,59.91,15.79,60.95
1778003540,8.13,11.00,9.00,19.95,46.72,14.63,59.93,16.39,60.95
1778003542,8.06,11.00,9.00,20.01,46.71,14.64,59.93,16.43,60.78
1778003544,8.06,11.50,9.00,19.94,46.68,14.62,59.97,16.30,60.66
1778003545,8.13,11.00,9.25,20.00,46.69,14.62,60.02,15.89,60.49
1778003547,8.13,10.75,9.25,19.95,46.69,14.59,60.10,15.91,60.45
1778003549,8.13,11.50,9.00,20.08,46.72,14.59,60.15,15.96,60.40
1778003550,8.13,11.25,9.25,20.01,46.73,14.64,60.18,15.75,60.38
1778003552,8.06,11.50,9.25,19.98,46.79,14.62,60.24,15.91,60.64
1778003553,8.13,11.50,8.75,20.10,46.86,14.57,60.25,15.96,61.02
1778003555,8.06,11.25,9.00,19.95,46.84,14.70,60.35,15.80,61.22
1778003557,8.13,11.50,8.25,19.95,46.82,14.62,60.37,15.73,61.20
1778003558,8.13,11.25,8.75,20.13,46.84,14.63,60.43,15.54,61.12
1778003560,8.13,11.25,9.25,20.08,46.83,14.65,60.45,15.88,61.11
1778003561,8.19,11.50,8.50,20.14,46.83,14.71,60.47,16.25,61.16
1778003563,8.13,11.00,8.75,20.05,46.82,14.70,60.47,15.87,61.05
1778003565,8.19,11.00,9.00,20.11,46.81,14.72,60.47,15.96,60.94
1778003566,8.19,10.75,9.25,19.91,46.78,14.86,60.46,15.78,60.77
1778003568,8.19,11.50,8.75,20.09,46.79,14.66,60.42,16.22,60.73
1778003569,8.19,11.00,8.75,19.98,46.76,14.62,60.36,15.91,60.54
1778003571,8.19,10.75,8.75,20.00,46.74,14.69,60.33,16.29,60.45
1778003573,8.13,11.00,8.50,19.95,46.72,14.63,60.29,16.53,60.38
1778003574,8.13,11.25,8.50,20.02,46.71,14.61,60.24,15.76,60.22
1778003576,8.13,11.25,9.25,20.12,46.75,14.62,60.24,15.98,60.43
1778003577,8.13,11.50,9.00,19.86,46.72,14.66,60.22,15.93,60.72
1778003579,8.06,10.75,9.00,19.95,46.79,14.79,60.21,15.94,61.10
1778003581,8.06,11.25,9.00,20.11,46.85,14.57,60.18,16.02,61.54
1778003582,8.13,11.25,9.25,20.32,46.91,14.52,60.16,15.34,61.81
1778003584,8.13,10.75,9.00,20.13,46.88,14.60,60.19,16.18,62.14
1778003585,8.13,11.25,9.00,20.28,46.88,14.69,60.21,15.73,62.18
1778003587,8.13,11.50,9.00,20.29,46.86,14.64,60.23,15.69,62.24
1778003589,8.13,11.50,9.25,20.16,46.81,14.55,60.24,16.61,62.32
1778003590,8.19,11.50,9.00,19.99,46.78,14.71,60.27,15.81,62.06
1778003592,8.31,11.75,9.25,20.10,46.79,14.70,60.34,16.30,62.15
1778003593,8.38,11.75,9.00,20.48,46.87,14.81,60.45,16.39,62.31
1778003595,8.38,11.25,9.00,19.91,46.78,14.81,60.53,16.14,62.56
1778003597,8.44,11.50,9.00,19.88,46.79,14.59,60.52,16.22,62.83
1778003598,8.44,11.75,9.25,19.90,46.82,14.76,60.62,15.92,62.91
1778003600,8.50,11.50,9.25,19.92,46.86,14.59,60.64,15.94,63.09
1778003602,8.44,11.50,9.00,20.08,46.92,14.65,60.68,16.09,63.33
1778003603,8.44,11.25,9.50,20.18,47.01,14.64,60.68,15.99,63.47
1778003605,8.38,11.50,9.25,20.12,47.02,14.66,60.69,16.00,63.58
1778003606,8.38,11.25,9.50,19.97,47.04,14.68,60.67,15.91,63.62
1778003608,8.38,11.50,9.25,19.77,47.06,14.66,60.68,15.70,63.58
1778003610,8.38,11.50,9.50,20.05,47.09,14.80,60.69,16.29,63.49
1778003611,8.38,11.25,9.00,19.97,47.02,14.81,60.67,16.56,63.18
1778003613,8.38,11.00,9.25,19.82,46.94,14.70,60.62,16.10,62.73
1778003614,8.38,11.00,9.00,20.14,46.91,14.71,60.59,16.19,62.45
1778003616,8.31,11.00,9.00,20.19,46.89,14.71,60.55,16.16,62.24
1778003618,8.31,11.25,8.75,19.80,46.78,14.70,60.52,16.01,62.05
1778003619,8.38,11.25,9.00,19.78,46.76,14.70,60.49,15.95,61.86
1778003621,8.31,11.00,9.00,20.22,46.81,14.70,60.45,15.95,61.69
1778003622,8.31,11.25,9.00,20.30,46.81,14.60,60.39,15.98,61.55
1778003624,8.31,10.75,9.00,20.31,46.79,14.66,60.33,16.59,61.56
1778003626,8.25,11.50,8.50,19.97,46.70,14.74,60.32,16.43,61.40
1778003627,8.25,11.00,8.50,20.12,46.70,14.72,60.26,15.80,61.14
1778003629,8.25,11.00,9.00,20.03,46.67,14.63,60.19,16.19,61.01
1778003630,8.25,11.00,9.00,20.12,46.67,14.64,60.13,15.79,60.70
1778003632,8.25,10.50,9.00,20.19,46.65,14.76,60.12,15.84,60.51
1778003634,8.13,11.50,8.50,20.28,46.63,14.81,60.09,15.93,60.35
1778003635,8.13,11.00,8.25,20.17,46.59,14.71,60.01,16.28,60.26
1778003637,8.13,10.75,9.00,20.11,46.57,14.69,59.96,16.52,60.12
1778003638,8.06,11.00,8.75,20.16,46.56,14.65,59.90,16.27,59.91
1778003640,8.06,10.75,8.75,20.19,46.56,14.64,59.89,16.29,59.84
1778003642,8.00,10.75,9.00,19.92,46.55,14.69,59.88,15.92,59.78
1778003643,8.06,10.75,8.75,20.53,46.65,14.59,59.82,16.25,59.78
1778003645,8.00,11.25,9.00,19.96,46.54,14.64,59.78,16.53,59.74
1778003646,8.00,11.50,8.00,20.41,46.62,14.72,59.78,16.21,59.66
1778003648,8.00,11.25,8.75,20.22,46.57,14.75,59.77,16.27,59.64
1778003650,8.00,11.50,8.75,20.08,46.56,14.70,59.72,16.29,59.65
1778003651,8.00,11.25,8.75,20.18,46.54,14.74,59.67,15.98,59.56
1778003653,8.00,11.00,8.00,20.17,46.54,14.66,59.65,15.86,59.48
1778003655,7.94,11.00,8.75,19.91,46.49,14.70,59.67,16.20,59.52
1778003656,7.94,11.00,8.75,19.94,46.51,14.65,59.65,16.19,59.51
1778003658,8.00,11.00,8.75,20.19,46.54,14.70,59.67,16.07,59.42
1778003659,7.94,11.25,8.75,20.30,46.55,14.66,59.64,16.52,59.44
1778003661,7.94,11.25,9.00,20.09,46.50,14.70,59.64,16.05,59.27
1778003663,7.94,11.25,8.75,19.97,46.47,14.69,59.63,15.82,59.17
1778003664,7.94,11.25,9.00,20.19,46.47,14.75,59.66,16.07,59.17
1778003666,7.88,11.25,8.50,19.94,46.44,14.66,59.61,16.51,59.25
1778003667,7.94,10.75,8.50,19.91,46.43,14.65,59.58,16.27,59.24
1778003669,7.94,11.25,8.75,20.19,46.48,14.70,59.60,16.49,59.24
1778003671,7.94,11.00,9.00,20.01,46.45,14.59,59.57,16.44,59.21
1778003672,7.94,11.25,9.00,20.11,46.47,14.69,59.64,16.08,59.13
1778003674,7.94,11.00,8.25,20.05,46.46,14.80,59.70,16.52,59.21
1778003675,7.94,11.00,9.00,20.26,46.48,14.64,59.72,15.69,59.06
1778003677,7.94,11.00,9.00,20.35,46.50,14.64,59.77,16.13,59.18
1778003679,7.94,11.00,8.75,20.18,46.46,14.65,59.82,16.55,59.28
1778003680,7.94,10.75,8.50,19.84,46.38,14.65,59.84,15.82,59.13
1778003682,7.94,11.25,9.00,19.97,46.40,14.76,59.89,16.35,59.21
1778003683,7.94,11.50,9.00,20.15,46.45,14.60,59.88,15.80,59.14
1778003685,7.94,11.25,8.75,19.96,46.42,14.69,59.92,15.73,59.14
1778003687,8.00,11.00,8.25,20.05,46.45,14.75,59.95,16.31,59.24
1778003688,7.94,11.25,8.75,20.14,46.47,14.82,59.99,15.99,59.18
1778003690,8.00,11.00,8.50,19.87,46.44,14.66,60.00,16.16,59.28
1778003691,8.00,11.00,9.25,20.06,46.47,14.69,60.05,15.83,59.28
1778003693,7.94,10.75,9.00,19.95,46.47,14.70,60.10,15.78,59.29
1778003695,8.00,10.75,9.00,19.97,46.47,14.62,60.08,16.08,59.36
1778003696,7.94,11.50,9.00,20.02,46.51,14.71,60.15,16.25,59.41
1778003698,8.00,11.25,8.75,20.21,46.61,14.76,60.19,16.28,59.57
1778003699,8.00,11.00,9.00,20.12,46.67,14.80,60.18,16.26,59.79
1778003701,8.00,11.25,9.25,20.18,46.70,14.74,60.21,16.25,59.94
1778003703,8.06,11.50,8.75,20.00,46.65,14.72,60.24,16.20,60.05
1778003704,8.06,11.25,9.25,19.96,46.63,14.77,60.28,16.12,60.16
1778003706,8.06,11.25,9.00,19.87,46.62,14.83,60.31,16.12,60.22
1778003707,8.06,11.00,9.00,20.36,46.67,14.87,60.32,16.27,60.26
1778003709,8.06,11.00,9.00,19.97,46.58,14.80,60.31,15.87,60.16
1778003711,8.06,11.00,8.50,20.06,46.60,14.72,60.31,16.48,60.18
1778003712,8.06,11.25,9.00,20.23,46.62,14.77,60.32,16.35,60.08
1778003714,8.06,11.25,8.75,20.24,46.61,14.72,60.30,16.03,60.16
1778003716,8.00,11.25,8.50,20.08,46.59,14.67,60.28,16.31,60.34
1778003717,8.06,10.75,9.00,19.93,46.54,14.78,60.28,16.20,60.34
1778003719,8.00,11.00,9.25,20.25,46.58,14.76,60.26,16.28,60.30
1778003720,8.00,11.50,9.00,20.33,46.57,14.76,60.23,16.19,60.25
1778003722,8.00,10.75,9.25,20.05,46.50,14.86,60.18,16.20,60.22
1778003724,8.00,11.25,8.75,20.05,46.48,14.70,60.12,16.06,60.16
1778003725,8.00,10.75,8.50,20.18,46.51,14.63,60.09,16.01,60.08
1778003727,8.00,11.00,8.50,20.54,46.58,14.76,60.10,16.14,60.04
1778003728,8.00,11.00,9.00,20.40,46.56,14.76,60.06,16.20,60.11
1778003730,8.00,11.50,9.00,20.21,46.54,14.80,60.05,16.23,60.13
1778003732,8.00,11.00,9.00,20.40,46.55,14.82,60.02,16.30,60.17
1778003733,8.00,11.25,9.25,19.97,46.47,14.77,59.96,15.85,60.08
1778003735,8.00,11.00,9.00,20.09,46.51,14.76,59.95,15.86,60.10
1778003736,8.00,11.25,9.25,20.09,46.57,14.71,59.94,16.27,60.42
1778003738,8.00,11.00,9.00,20.37,46.66,14.78,60.00,16.17,60.82
1778003740,8.06,11.00,8.50,19.96,46.63,14.76,60.03,16.23,61.05
1778003741,8.06,11.50,8.50,20.06,46.64,14.76,60.05,16.07,61.03
1778003743,8.06,11.25,9.25,20.23,46.62,14.81,60.07,16.36,61.12
1778003744,8.00,10.75,9.00,20.16,46.62,14.86,60.07,16.03,61.07
1778003746,8.06,11.00,9.25,19.93,46.56,14.81,60.05,16.11,61.03
1778003748,8.06,11.25,9.00,19.95,46.53,14.78,60.03,16.27,60.96
1778003749,8.13,11.00,8.50,20.23,46.56,14.71,60.02,16.17,60.86
1778003751,8.13,11.00,9.50,20.25,46.55,14.76,60.02,16.42,60.79
1778003752,8.13,10.75,9.00,20.09,46.53,14.76,60.01,16.35,60.63
1778003754,8.06,11.00,9.25,20.04,46.53,14.91,60.01,16.27,60.48
1778003756,8.13,10.75,9.00,20.31,46.56,14.82,59.98,16.33,60.39
1778003757,8.06,10.50,9.00,20.13,46.52,14.88,59.96,16.23,60.31
1778003759,8.06,10.75,9.00,20.27,46.54,14.83,59.92,16.25,60.24
1778003760,8.00,11.25,9.00,20.33,46.51,14.76,59.89,16.18,60.12
1778003762,8.00,10.75,8.75,20.13,46.48,14.82,59.88,16.20,60.09
1778003764,8.06,10.75,9.00,19.95,46.46,14.81,59.87,15.98,60.06
1778003765,8.00,11.00,9.00,20.12,46.49,14.83,59.86,16.20,60.13
1778003767,8.00,11.00,8.75,19.94,46.45,14.80,59.84,16.00,60.09
1778003769,8.06,11.00,9.00,20.00,46.46,14.80,59.81,16.17,60.05
1778003770,8.00,11.00,9.00,20.15,46.49,14.83,59.82,16.54,60.05
1778003772,8.06,11.00,9.00,20.19,46.51,14.89,59.82,16.23,59.96
1778003773,8.00,11.25,8.75,20.23,46.51,14.75,59.77,16.04,59.91
1778003775,8.00,11.00,9.25,20.15,46.52,14.83,59.77,15.74,59.84
1778003777,8.00,11.00,8.50,20.35,46.56,14.79,59.77,16.12,59.88
1778003778,8.00,10.50,8.75,20.22,46.55,14.76,59.74,15.98,59.88
1778003780,8.00,11.25,8.50,20.48,46.57,14.86,59.73,15.80,59.85
1778003781,7.94,11.00,8.75,20.22,46.50,14.83,59.73,16.06,59.91
1778003783,8.00,11.00,8.00,20.43,46.54,14.77,59.71,15.80,59.86
1778003785,8.00,10.50,8.50,20.18,46.50,14.83,59.72,15.75,59.88
1778003786,8.00,10.75,8.75,20.09,46.48,14.77,59.71,15.85,59.95
1778003788,8.00,11.25,8.75,20.24,46.53,14.79,59.70,15.98,59.99
1778003789,7.94,11.00,8.75,20.20,46.50,14.72,59.65,16.33,60.07
1778003791,7.94,11.00,8.50,20.10,46.47,14.72,59.62,15.94,59.96
1778003793,7.94,11.00,9.00,20.18,46.47,14.80,59.60,16.21,59.94
1778003794,7.94,11.00,8.50,19.92,46.42,14.87,59.57,15.94,59.83
1778003796,7.94,11.25,8.25,20.16,46.45,14.86,59.55,16.26,59.86
1778003797,7.94,10.75,8.75,20.21,46.45,14.70,59.51,15.90,59.82
1778003799,7.94,11.00,9.00,20.49,46.49,14.64,59.49,15.96,59.86
1778003801,8.00,11.25,9.00,19.91,46.38,14.70,59.50,15.88,59.90
1778003802,8.00,11.00,8.50,19.92,46.41,14.81,59.51,15.87,59.92
1778003804,8.00,10.75,8.25,20.16,46.47,14.70,59.54,15.89,59.95
1778003805,7.94,11.25,9.00,20.15,46.47,14.66,59.57,15.89,59.98
1778003807,8.00,11.25,8.50,19.95,46.47,14.66,59.66,15.59,59.92
1778003809,7.94,11.25,9.25,20.31,46.51,14.83,59.77,16.05,59.98
1778003810,8.00,11.25,8.50,19.97,46.45,14.70,59.80,15.93,59.94
1778003812,8.00,11.00,9.00,19.91,46.41,14.72,59.85,16.16,59.96
1778003813,8.00,11.25,8.50,20.40,46.49,14.74,59.89,16.52,60.05
1778003815,8.00,11.00,9.00,20.06,46.43,14.70,59.90,15.55,59.91
1778003817,8.00,10.75,9.00,20.29,46.46,14.76,59.93,15.94,60.04
1778003818,8.00,10.75,9.00,19.96,46.42,14.69,59.93,15.87,60.07
1778003820,8.00,10.75,9.00,20.50,46.50,14.71,59.93,16.19,60.15
1778003822,8.00,11.00,9.25,20.25,46.43,14.74,59.93,15.90,60.09
1778003823,8.00,10.75,8.50,20.16,46.44,14.72,59.95,15.93,60.10
1778003825,8.00,10.50,8.50,20.05,46.43,14.72,59.97,15.91,60.08
1778003826,8.00,10.75,9.00,19.97,46.43,14.65,59.96,15.90,60.05
1778003828,8.00,11.00,8.75,20.16,46.46,14.76,59.99,16.20,60.09
1778003830,7.94,10.50,8.50,20.20,46.47,14.80,59.98,16.23,60.13
1778003831,8.00,11.25,8.50,20.05,46.44,14.63,59.97,15.45,60.03
1778003833,7.94,11.25,8.50,20.00,46.43,14.71,60.00,16.13,60.17
1778003834,8.00,10.75,9.00,20.04,46.47,14.71,60.00,16.12,60.18
1778003836,7.94,11.00,8.75,19.94,46.47,14.77,60.03,16.30,60.22
1778003838,7.94,10.75,8.75,19.95,46.45,14.82,60.04,15.98,60.19
1778003839,8.00,10.75,9.00,20.25,46.49,14.76,60.04,15.94,60.22
1778003841,8.00,10.75,9.00,20.32,46.51,14.76,60.04,15.61,60.21
1778003842,8.00,11.25,8.50,20.03,46.44,14.75,60.05,15.50,60.22
1778003844,8.00,11.25,9.00,20.12,46.48,14.70,60.04,16.23,60.38
1778003846,8.00,11.25,8.25,20.09,46.47,14.75,60.04,15.79,60.33
1778003847,8.00,10.50,9.00,20.44,46.52,14.75,60.04,15.96,60.36
1778003849,7.94,10.75,8.75,20.05,46.44,14.65,60.02,15.67,60.30
1778003850,7.94,11.25,9.00,19.93,46.44,14.76,60.03,15.84,60.31
1778003852,7.94,10.50,8.75,19.97,46.43,14.71,60.01,15.87,60.30
1778003854,8.00,11.25,9.00,20.19,46.47,14.69,59.99,16.18,60.34
1778003855,7.94,11.00,9.00,20.00,46.43,14.61,59.99,15.70,60.26
1778003857,7.94,11.25,8.75,19.93,46.43,14.82,60.03,15.84,60.29
1778003858,7.94,10.75,8.50,20.19,46.46,14.76,60.01,15.70,60.27
1778003860,7.94,11.00,8.50,20.32,46.51,14.71,59.98,15.79,60.30
1778003862,7.94,11.00,9.00,20.02,46.47,14.74,59.98,15.63,60.29
1778003863,7.94,10.75,8.50,19.95,46.45,14.72,59.94,15.68,60.29
1778003865,7.88,10.75,9.00,20.08,46.49,14.59,59.91,15.73,60.29
1778003867,7.88,11.00,8.50,20.34,46.52,14.59,59.89,16.00,60.35
1778003868,7.88,11.25,8.75,19.91,46.47,14.76,59.93,16.16,60.38
1778003870,7.88,11.00,8.50,19.97,46.47,14.74,59.93,15.62,60.30
1778003871,7.94,11.25,9.00,20.16,46.50,14.79,59.93,15.64,60.29
1778003873,7.88,10.75,9.00,20.12,46.50,14.87,59.95,15.83,60.33
1778003875,7.88,11.25,9.00,20.02,46.54,14.60,59.90,15.73,60.51
1778003876,7.88,11.50,9.00,20.16,46.61,14.72,59.95,15.71,60.87
1778003878,7.88,11.25,9.00,20.18,46.66,14.80,60.00,15.77,61.12
1778003879,7.94,10.75,9.00,20.01,46.63,14.76,60.01,15.78,61.23
1778003881,7.88,10.75,8.50,20.05,46.61,14.76,60.03,15.50,61.21
1778003883,7.94,11.25,9.00,20.07,46.62,14.76,60.05,16.19,61.30
1778003884,7.88,11.25,8.25,20.20,46.66,14.72,60.08,15.76,61.17
1778003886,7.94,11.25,8.75,20.01,46.62,14.70,60.10,16.08,61.20
1778003887,7.94,11.50,9.00,19.77,46.59,14.76,60.15,15.75,61.07
1778003889,7.94,10.75,9.00,19.98,46.65,14.72,60.17,15.63,61.03
1778003891,7.94,10.75,9.00,20.11,46.67,14.78,60.20,15.68,61.08
1778003892,7.88,11.25,8.75,20.01,46.65,14.70,60.18,15.47,61.05
1778003894,7.94,11.50,9.00,20.40,46.71,14.88,60.20,16.06,61.13
1778003895,7.94,11.50,9.25,20.01,46.66,14.85,60.17,15.81,61.02
1778003897,7.94,11.25,8.75,20.19,46.71,14.86,60.14,15.23,60.88
1778003899,8.00,11.25,9.00,19.92,46.66,14.76,60.07,15.84,61.01
1778003900,8.00,10.50,9.00,20.10,46.71,14.70,60.04,15.87,61.10
1778003902,8.00,11.00,9.00,20.44,46.74,14.66,60.03,15.89,61.21
1778003903,7.94,11.25,8.75,19.97,46.66,14.76,60.03,15.25,61.15
1778003905,7.94,10.25,9.00,20.13,46.69,14.75,60.00,15.58,61.19
1778003907,7.94,11.00,8.75,20.12,46.68,14.77,59.98,15.63,61.13
1778003908,7.94,10.25,9.00,20.01,46.66,14.65,59.94,15.41,61.03
1778003910,7.94,11.25,9.00,20.11,46.65,14.77,59.93,15.88,61.10
1778003911,7.94,10.75,9.00,20.10,46.63,14.66,59.88,15.84,61.05
1778003913,7.88,11.25,9.00,19.79,46.56,14.74,59.88,15.73,61.03
1778003915,7.88,11.25,9.00,20.01,46.58,14.70,59.83,15.82,61.09
1778003916,7.88,11.00,9.00,20.06,46.57,14.70,59.82,15.20,61.00
1778003918,7.88,11.25,9.00,20.00,46.56,14.74,59.84,15.89,61.13
1778003920,7.88,11.25,8.75,20.06,46.56,14.57,59.82,16.07,61.16
1778003921,7.81,11.00,8.75,20.06,46.54,14.66,59.83,15.84,61.08
1778003923,7.81,10.75,8.00,20.06,46.54,14.73,59.87,15.62,61.03
1778003924,7.81,10.50,8.50,20.07,46.57,14.75,59.87,15.53,61.02
1778003926,7.81,11.00,9.00,20.26,46.60,14.58,59.84,15.52,60.99
1778003928,7.88,10.75,9.00,19.99,46.56,14.63,59.86,15.42,60.89
1778003929,7.81,10.75,9.00,20.14,46.59,14.65,59.89,15.89,60.93
1778003931,7.81,11.00,8.75,20.09,46.56,14.82,59.93,15.51,60.78
1778003932,7.88,11.00,8.50,20.08,46.57,14.70,59.92,15.52,60.74
1778003934,7.88,11.00,8.75,19.80,46.52,14.70,59.91,15.50,60.74
1778003936,7.88,11.00,8.75,19.94,46.56,14.59,59.87,15.64,60.81
1778003937,7.81,11.00,9.00,20.01,46.58,14.50,59.85,15.62,60.79
1778003939,7.81,11.25,8.50,19.95,46.57,14.62,59.86,15.55,60.82
1778003940,7.81,10.75,8.75,20.05,46.58,14.64,59.87,15.77,60.89
1778003942,7.81,11.25,9.00,19.97,46.58,14.59,59.88,15.52,60.89
1778003944,7.81,11.00,8.50,19.97,46.59,14.65,59.91,15.65,60.93
1778003945,7.81,10.75,8.50,20.19,46.64,14.69,59.90,15.24,60.90
1778003947,7.88,11.00,8.75,20.01,46.62,14.65,59.87,15.92,61.07
1778003948,7.81,11.25,8.50,20.09,46.63,14.82,59.90,16.05,61.11
1778003950,7.81,11.00,9.00,20.09,46.63,14.71,59.89,15.49,61.00
1778003952,7.81,11.00,9.00,20.11,46.63,14.69,59.90,15.85,61.01
1778003953,7.81,11.25,9.00,20.01,46.61,14.75,59.90,15.74,60.99
1778003955,7.81,10.50,8.50,20.05,46.63,14.64,59.89,15.74,60.93
1778003956,7.81,10.50,9.00,20.13,46.63,14.65,59.95,15.59,60.92
1778003958,7.81,11.00,9.00,20.04,46.60,14.59,59.95,15.62,60.95
1778003960,7.81,11.00,9.00,20.43,46.67,14.76,59.99,16.11,61.06
1778003961,7.81,11.50,9.00,20.25,46.63,14.59,59.95,15.55,60.98
1778003963,7.81,11.00,8.75,19.97,46.59,14.65,59.96,15.85,61.02
1778003964,7.81,11.25,8.75,19.90,46.59,14.64,59.98,15.85,61.06
1778003966,7.81,10.75,8.75,20.02,46.63,14.62,60.00,15.60,61.07
1778003968,7.75,11.50,9.25,20.09,46.64,14.65,60.02,15.57,61.10
1778003969,7.81,11.00,9.00,20.01,46.65,14.65,60.04,15.51,61.14
1778003971,7.88,10.75,8.75,19.89,46.63,14.58,60.08,15.97,61.25
1778003973,7.88,11.25,9.00,20.00,46.65,14.58,60.14,15.51,61.13
1778003974,7.81,11.50,8.75,19.97,46.65,14.53,60.18,15.49,61.11
1778003976,7.88,11.00,9.00,20.04,46.65,14.59,60.24,15.77,61.14
1778003977,7.88,11.25,9.00,20.00,46.64,14.70,60.30,15.58,61.11
1778003979,7.88,11.00,9.00,20.02,46.65,14.58,60.29,15.55,61.11
1778003981,7.88,11.00,9.00,20.45,46.69,14.70,60.33,15.80,61.14
1778003982,7.88,11.50,9.00,20.18,46.66,14.68,60.35,15.69,61.08
1778003984,7.94,11.25,9.25,20.16,46.66,14.66,60.37,15.56,61.07
1778003985,7.88,11.50,8.75,20.01,46.68,14.69,60.37,15.71,61.29
1778003987,7.94,11.00,9.25,20.15,46.80,14.59,60.38,15.78,61.68
1778003989,7.94,11.00,8.75,20.06,46.86,14.73,60.48,15.61,61.95
1778003990,7.94,11.50,9.50,20.18,46.88,14.63,60.51,15.53,61.98
1778003992,7.94,11.50,9.00,20.13,46.89,14.70,60.55,15.64,62.11
1778003993,7.94,11.00,8.75,20.16,46.88,14.71,60.62,15.55,62.13
1778003995,8.06,11.50,9.25,20.28,46.88,14.71,60.61,15.76,62.20
1778003997,8.00,10.75,9.00,20.18,46.84,14.69,60.61,15.28,62.13
1778003998,8.06,11.50,8.75,19.97,46.78,14.69,60.57,15.62,62.19
1778004000,8.06,11.25,9.25,20.09,46.77,14.82,60.60,15.35,62.11
1778004001,8.00,11.25,9.00,20.05,46.76,14.75,60.56,15.52,62.10
1778004003,8.06,11.50,9.25,20.13,46.77,14.60,60.52,15.48,61.99
1778004005,8.06,11.00,8.75,19.85,46.72,14.70,60.51,15.47,61.92
1778004006,8.06,11.00,8.75,20.12,46.78,14.70,60.48,15.95,61.98
1778004008,8.06,11.25,9.00,20.14,46.78,14.74,60.46,15.77,61.91
1778004009,8.06,10.75,9.00,20.25,46.80,14.66,60.38,15.60,61.89
1778004011,8.00,11.25,9.25,20.01,46.74,14.70,60.36,15.62,61.92
1778004013,8.06,11.00,8.50,19.81,46.72,14.81,60.33,15.55,61.88
1778004014,8.00,11.00,8.75,20.05,46.73,14.71,60.26,15.41,61.79
1778004016,8.00,11.00,9.00,19.78,46.68,14.80,60.26,15.92,61.85
1778004017,8.00,11.25,9.00,20.05,46.71,14.60,60.20,15.30,61.68
1778004019,8.00,10.75,9.00,20.02,46.71,14.70,60.21,15.80,61.74
1778004021,7.94,11.00,8.50,20.10,46.76,14.66,60.18,15.94,61.73
1778004022,7.94,11.00,9.00,20.39,46.81,14.63,60.18,15.56,61.67
1778004024,7.94,11.00,8.50,20.31,46.81,14.76,60.21,15.36,61.60
1778004025,7.94,11.25,9.00,19.96,46.76,14.72,60.22,15.69,61.71
1778004027,7.94,11.25,8.75,20.28,46.81,14.69,60.22,15.39,61.77
1778004029,8.00,11.00,9.00,20.05,46.78,14.64,60.23,15.51,61.89
1778004030,8.00,11.00,8.25,19.89,46.77,14.64,60.24,15.56,61.96
1778004032,7.94,10.75,9.25,20.08,46.79,14.70,60.27,15.84,62.02
1778004034,7.94,11.00,9.00,20.20,46.83,14.81,60.30,15.24,61.84
1778004035,7.94,11.00,9.00,20.16,46.83,14.86,60.27,15.84,61.85
1778004037,7.94,11.25,9.00,19.99,46.79,14.70,60.28,15.56,61.68
1778004038,7.94,10.75,8.25,19.97,46.80,14.70,60.28,15.60,61.64
1778004040,7.94,11.00,9.25,20.23,46.85,14.76,60.31,15.42,61.57
1778004042,7.88,11.25,8.75,20.07,46.86,14.72,60.29,15.87,61.62
1778004043,7.88,11.25,9.25,19.83,46.84,14.80,60.29,15.71,61.56
1778004045,7.88,11.00,9.00,19.98,46.88,14.66,60.24,15.87,61.55
1778004046,7.88,10.75,8.75,20.01,46.88,14.77,60.25,15.58,61.48
1778004048,7.88,11.25,9.00,19.98,46.87,14.70,60.20,15.51,61.40
1778004050,7.88,11.00,9.00,19.80,46.82,14.60,60.17,15.99,61.44
1778004051,7.88,11.00,8.75,20.12,46.86,14.70,60.19,15.80,61.34
1778004053,7.88,11.00,8.75,19.92,46.82,14.70,60.19,15.45,61.28
1778004054,7.88,11.00,9.00,20.03,46.84,14.64,60.17,15.73,61.35
1778004056,7.88,11.00,9.25,19.97,46.82,14.72,60.19,15.51,61.35
1778004058,7.88,11.25,8.75,19.95,46.87,14.62,60.18,15.27,61.38
1778004059,7.88,11.25,8.50,20.07,46.91,14.69,60.23,15.51,61.44
1778004061,7.88,11.25,9.00,20.07,46.91,14.73,60.27,15.72,61.49
1778004062,7.88,11.25,8.75,19.86,46.85,14.74,60.31,16.05,61.64
1778004064,7.88,11.25,9.00,20.08,46.88,14.65,60.28,15.55,61.72
1778004066,7.88,11.00,9.00,19.99,46.87,14.70,60.31,15.57,61.88
1778004067,7.88,11.25,8.50,19.96,46.87,14.62,60.30,15.55,61.99
1778004069,7.88,10.75,9.00,19.91,46.88,14.63,60.33,15.56,62.03
1778004070,7.88,11.00,8.75,20.08,46.88,14.58,60.34,15.83,62.17
1778004072,7.88,10.75,8.75,19.97,46.87,14.65,60.34,15.71,62.13
1778004074,7.88,11.00,8.75,20.14,46.90,14.62,60.34,15.56,62.02
1778004075,7.88,11.00,8.25,20.12,46.91,14.69,60.36,15.64,61.95
1778004077,7.88,11.00,9.00,20.02,46.90,14.59,60.34,15.32,61.81
1778004079,7.88,10.50,9.00,20.07,46.95,14.63,60.34,15.94,61.80
1778004080,7.81,10.75,8.50,19.93,46.93,14.59,60.28,15.60,61.62
1778004082,7.81,10.75,9.50,20.31,46.98,14.73,60.29,15.47,61.53
1778004083,7.81,10.75,8.75,20.00,46.93,14.74,60.30,15.62,61.46
1778004085,7.81,10.75,9.00,19.76,46.86,14.70,60.27,15.46,61.36
1778004087,7.81,11.00,8.75,20.07,46.93,14.59,60.25,15.56,61.30
1778004088,7.81,11.00,9.00,20.06,46.94,14.68,60.26,15.46,61.24
1778004090,7.81,10.75,8.75,19.95,46.92,14.76,60.26,15.51,61.22
1778004091,7.81,11.25,8.75,19.97,46.87,14.59,60.27,15.49,61.17
1778004093,7.81,11.25,8.50,20.10,46.90,14.75,60.28,15.48,61.15
1778004095,7.81,11.00,9.25,20.16,46.93,14.62,60.26,15.49,61.18
1778004096,7.81,11.00,9.00,20.26,46.94,14.64,60.27,15.81,61.35
1778004098,7.81,11.00,8.50,19.82,46.87,14.68,60.31,15.72,61.41
1778004099,7.81,11.50,9.00,19.97,46.91,14.69,60.31,15.62,61.55
1778004101,7.88,11.25,8.75,20.16,46.90,14.69,60.36,15.78,61.72
1778004103,7.88,10.50,9.00,20.06,46.93,14.69,60.38,15.48,61.73
1778004104,7.88,11.00,9.00,20.08,46.94,14.70,60.41,15.91,61.79
1778004106,7.88,11.50,8.75,19.99,46.92,14.64,60.40,15.72,61.69
1778004107,7.88,11.25,8.75,19.83,46.92,14.63,60.41,15.41,61.58
1778004109,7.88,11.00,9.00,20.09,46.97,14.70,60.42,15.45,61.55
1778004111,7.88,11.50,8.50,20.05,46.98,14.66,60.43,15.51,61.53
1778004112,7.88,11.25,9.00,20.10,46.99,14.57,60.43,15.49,61.56
1778004114,7.81,11.00,9.00,20.05,46.98,14.62,60.44,16.03,61.66
1778004115,7.81,11.25,9.25,20.07,46.98,14.63,60.46,15.64,61.62
1778004117,7.81,10.75,9.00,20.12,46.96,14.54,60.45,15.38,61.59
1778004119,7.88,11.00,8.75,19.92,46.92,14.76,60.46,15.58,61.64
1778004120,7.81,11.25,8.75,20.22,46.98,14.63,60.44,16.09,61.75
1778004122,7.81,10.75,9.25,19.97,46.96,14.59,60.42,15.74,61.70
1778004123,7.81,11.00,9.00,19.89,46.94,14.65,60.46,15.47,61.65
1778004125,7.75,11.25,9.00,20.05,46.99,14.62,60.44,15.50,61.64
1778004127,7.88,11.25,9.25,19.83,46.99,14.74,60.49,15.66,61.61
1778004128,7.81,10.75,8.50,19.93,47.03,14.64,60.50,16.10,61.72
1778004130,7.88,10.75,9.25,20.31,47.09,14.54,60.49,15.84,61.63
1778004131,7.81,11.00,9.00,20.11,47.06,14.68,60.50,16.00,61.64
1778004133,7.81,11.25,9.25,20.15,47.07,14.70,60.52,15.97,61.65
1778004135,7.81,11.25,9.00,20.12,47.06,14.87,60.56,16.00,61.70
1778004136,7.81,11.25,8.75,20.12,47.08,14.70,60.55,15.84,61.67
1778004138,7.88,11.00,9.00,20.52,47.14,14.73,60.58,15.87,61.68
1778004140,7.81,11.25,9.00,20.23,47.08,14.53,60.56,15.45,61.58
1778004141,7.75,11.00,9.00,20.10,47.07,14.64,60.60,15.45,61.54
1778004143,7.81,11.25,9.25,19.91,47.02,14.67,60.63,15.44,61.51
1778004144,7.81,11.25,9.00,20.25,47.08,14.63,60.62,15.51,61.56
1778004146,7.81,11.25,9.00,19.83,47.04,14.63,60.63,15.23,61.72
1778004148,7.88,11.50,9.75,19.91,47.14,14.64,60.63,15.25,62.10
1778004149,7.94,11.50,9.00,19.88,47.28,14.62,60.70,15.44,62.68
1778004151,8.00,11.50,9.00,19.76,47.35,14.75,60.80,15.64,63.28
1778004152,8.00,10.75,9.25,20.09,47.48,14.69,60.85,15.45,63.67
1778004154,8.00,11.50,9.25,19.94,47.47,14.59,60.85,15.43,63.74
1778004156,8.00,11.50,9.25,19.84,47.45,14.65,60.86,15.49,63.70
1778004157,8.00,11.00,9.00,19.86,47.41,14.59,60.84,15.60,63.63
1778004159,8.00,11.25,9.25,20.01,47.40,14.70,60.85,15.84,63.58
1778004160,8.00,11.00,8.75,19.90,47.31,14.64,60.80,15.50,63.34
1778004162,8.00,11.25,9.25,20.06,47.32,14.60,60.79,15.51,63.18
1778004164,8.00,11.00,9.25,20.06,47.30,14.70,60.75,15.67,63.06
1778004165,8.00,11.25,8.75,19.90,47.25,14.77,60.70,15.63,62.94
1778004167,8.00,10.75,8.75,20.04,47.23,14.70,60.64,15.63,62.75
1778004168,8.06,11.75,8.75,19.94,47.19,14.78,60.60,15.18,62.55
1778004170,8.00,11.50,9.25,20.03,47.19,14.69,60.52,15.50,62.58
1778004172,7.94,11.00,9.25,20.11,47.18,14.70,60.48,15.77,62.55
1778004173,7.88,11.25,8.75,19.90,47.12,14.71,60.48,15.76,62.45
1778004175,7.94,11.25,9.25,20.09,47.16,14.72,60.45,15.51,62.30
1778004176,7.94,11.25,9.00,19.72,47.10,14.66,60.43,15.76,62.29
1778004178,7.94,11.00,9.25,19.87,47.12,14.59,60.42,16.28,62.31
1778004180,7.94,11.00,9.00,19.95,47.11,14.65,60.42,15.80,62.20
1778004181,8.00,11.75,8.50,20.05,47.13,14.81,60.47,15.14,62.06
1778004183,7.94,11.25,9.00,20.05,47.12,14.66,60.44,15.71,62.18
1778004185,7.94,11.25,9.25,19.98,47.10,14.76,60.45,15.49,62.18
1778004186,8.00,11.00,9.25,20.04,47.12,14.70,60.47,15.47,62.13
1778004188,7.94,11.25,9.25,20.24,47.19,14.66,60.48,15.77,62.17
1778004189,7.94,11.25,8.75,20.10,47.17,14.74,60.52,15.97,62.20
1778004191,7.94,11.00,9.25,19.96,47.15,14.66,60.52,15.57,62.14
1778004193,7.94,11.25,8.75,19.89,47.13,14.64,60.53,15.51,62.12
1778004194,7.94,11.00,9.50,19.97,47.15,14.80,60.58,15.56,62.17
1778004196,8.00,11.25,9.25,19.97,47.18,14.66,60.57,15.76,62.37
1778004197,7.94,11.75,9.25,19.98,47.17,14.66,60.55,15.73,62.42
1778004199,8.00,11.25,9.25,20.06,47.15,14.66,60.55,15.38,62.33
1778004201,8.00,11.25,8.75,19.91,47.13,14.69,60.57,15.15,62.26
1778004202,8.00,11.50,9.25,20.27,47.22,14.82,60.60,15.61,62.53
1778004204,8.00,11.50,9.25,20.45,47.35,14.81,60.61,15.99,62.94
1778004205,8.06,10.75,9.25,20.04,47.38,14.80,60.63,15.91,63.35
1778004207,8.13,11.75,9.00,19.82,47.41,14.70,60.63,15.72,63.70
1778004209,8.13,12.25,9.50,19.79,47.42,14.70,60.64,15.28,64.03
1778004210,8.13,11.75,9.50,19.76,47.44,14.76,60.65,15.92,64.46
1778004212,8.13,11.75,9.75,19.79,47.48,14.76,60.67,15.45,64.57
1778004213,8.13,11.25,9.25,19.81,47.46,14.63,60.67,16.01,64.61
1778004215,8.13,11.50,9.25,20.27,47.51,14.83,60.73,15.48,64.32
1778004217,8.19,11.50,9.00,19.99,47.43,14.76,60.73,15.23,64.08
1778004218,8.19,11.50,8.75,19.95,47.41,14.76,60.68,15.53,63.93
1778004220,8.19,11.25,9.50,20.06,47.40,14.64,60.62,15.34,63.64
1778004221,8.06,11.50,9.50,19.86,47.33,14.69,60.58,15.61,63.44
1778004223,8.06,11.25,9.25,19.89,47.28,14.65,60.52,15.39,63.18
1778004225,8.06,11.75,9.00,20.06,47.26,14.70,60.51,15.79,62.97
1778004226,8.06,11.50,8.75,19.91,47.20,14.70,60.49,15.50,62.66
1778004228,8.06,11.50,9.50,20.38,47.22,14.69,60.47,15.77,62.48
1778004229,8.06,11.75,9.25,20.34,47.19,14.76,60.46,15.58,62.21
1778004231,8.00,11.25,9.00,20.15,47.15,14.74,60.44,15.85,62.20
1778004233,8.00,11.25,9.00,20.08,47.14,14.75,60.42,15.61,62.07
1778004234,8.00,11.25,9.50,20.11,47.10,14.74,60.41,15.80,62.01
1778004236,8.00,11.25,9.00,19.98,47.08,14.76,60.40,15.41,61.80
1778004237,8.00,11.75,9.25,19.94,47.04,14.77,60.38,15.72,61.74
1778004239,8.06,11.75,9.25,20.09,47.06,14.70,60.37,16.09,61.67
1778004241,8.06,11.75,9.25,19.96,47.06,14.65,60.33,15.32,61.59
1778004242,8.06,11.75,9.00,20.15,47.10,14.74,60.35,15.72,61.87
1778004244,8.13,11.50,9.50,19.91,47.10,14.71,60.37,16.16,62.03
1778004246,8.06,11.25,9.25,20.02,47.10,14.80,60.40,15.98,61.97
1778004247,8.13,11.50,9.25,19.90,47.07,14.75,60.39,15.95,61.94
1778004249,8.13,10.75,9.00,20.33,47.12,14.71,60.40,16.15,61.94
1778004250,8.13,11.25,9.25,19.91,47.05,14.72,60.38,15.84,61.89
1778004252,8.06,11.25,9.00,20.12,47.06,14.72,60.36,15.37,61.75
1778004254,8.06,11.50,9.00,19.87,47.00,14.78,60.32,16.19,61.77
1778004255,8.06,11.00,8.75,19.87,47.00,14.80,60.30,16.11,61.63
1778004257,8.06,11.00,9.00,20.05,47.03,14.75,60.25,15.73,61.51
1778004258,8.06,11.00,9.00,20.26,47.02,14.80,60.23,16.40,61.60
1778004260,7.94,11.25,9.00,20.08,46.99,14.70,60.18,15.74,61.42
1778004262,8.00,11.00,8.50,19.90,46.93,14.91,60.21,15.51,61.31
1778004263,7.94,11.50,9.00,19.84,46.94,14.70,60.15,15.38,61.20
1778004265,7.94,11.25,8.50,20.05,46.96,14.72,60.15,15.45,61.13
1778004266,7.94,11.25,8.50,20.27,46.98,14.81,60.18,16.22,61.14
1778004268,7.94,11.50,9.25,20.05,46.96,14.70,60.15,16.42,61.11
1778004270,7.94,11.25,9.50,20.12,46.99,14.75,60.19,16.33,61.14
1778004271,7.94,11.25,9.25,19.85,46.97,14.72,60.20,15.82,61.22
1778004273,7.94,11.50,9.25,20.42,47.06,14.69,60.23,16.18,61.38
1778004274,7.94,11.50,8.75,20.44,47.04,14.72,60.24,15.80,61.32
1778004276,8.00,11.50,9.25,20.29,46.99,14.81,60.29,15.69,61.32
1778004278,7.94,11.50,8.75,19.97,46.91,14.72,60.28,15.47,61.31
1778004279,7.94,11.25,9.00,20.05,46.92,14.81,60.31,16.23,61.45
1778004281,8.00,11.25,9.00,20.16,46.90,14.80,60.30,16.01,61.43
1778004282,8.00,11.25,9.25,20.13,46.91,14.72,60.30,15.80,61.40
1778004284,7.94,11.25,9.25,20.11,46.88,14.77,60.29,15.94,61.45
1778004286,8.00,11.00,8.75,20.07,46.88,14.70,60.26,16.14,61.51
1778004287,8.00,11.75,9.25,20.01,46.85,14.71,60.25,15.41,61.33
1778004289,7.94,11.50,9.00,19.98,46.85,14.81,60.26,16.23,61.41
1778004291,8.00,11.25,9.25,19.94,46.84,14.74,60.22,15.80,61.24
1778004292,8.00,10.75,9.25,20.15,46.86,14.83,60.18,15.73,61.09
1778004294,7.88,11.00,9.00,19.99,46.81,14.80,60.13,15.96,61.07
1778004295,7.94,11.75,9.00,20.04,46.83,14.81,60.10,16.08,60.99
1778004297,7.88,11.25,9.25,19.91,46.79,14.72,60.05,15.45,60.81
1778004299,7.88,11.25,9.25,19.95,46.83,14.76,60.04,16.13,60.96
1778004300,7.88,11.25,9.00,20.19,46.89,14.80,60.04,15.78,60.86
1778004302,7.88,11.50,9.00,20.15,46.88,14.80,60.04,16.44,60.92
1778004303,7.88,11.25,9.00,20.00,46.85,14.83,60.05,15.54,60.72
1778004305,7.88,11.00,9.25,20.01,46.85,14.81,60.03,16.03,60.77
1778004307,7.88,11.00,8.50,20.33,46.89,14.83,60.02,15.45,60.66
1778004308,7.88,11.25,9.00,20.48,46.92,14.76,60.00,15.92,60.70
1778004310,7.88,11.00,9.00,20.16,46.86,14.88,60.03,15.73,60.66
1778004311,7.88,11.00,9.00,20.27,46.87,14.76,60.03,15.45,60.60
1778004313,7.88,11.25,9.25,20.10,46.85,14.72,60.03,16.06,60.69
1778004315,7.88,11.25,9.00,20.07,46.84,14.76,60.03,16.04,60.70
1778004316,7.88,11.25,8.50,19.97,46.82,14.75,60.03,16.07,60.70
1778004318,7.88,11.25,9.00,20.37,46.89,14.72,60.04,15.79,60.70
1778004319,7.81,11.00,9.00,20.20,46.86,14.70,60.04,16.49,60.94
1778004321,7.88,11.25,9.25,20.07,46.84,14.72,60.04,15.77,60.89
1778004323,7.81,11.00,9.25,20.15,46.86,14.76,60.07,16.44,61.00
1778004324,7.88,11.25,8.75,20.01,46.81,14.78,60.04,16.15,60.94
1778004326,7.81,10.50,9.25,20.16,46.84,14.83,60.06,15.78,60.84
1778004327,7.81,11.25,8.75,20.12,46.82,14.78,60.06,16.07,60.85
1778004329,7.88,11.50,9.25,20.07,46.81,14.73,60.03,15.70,60.78
1778004331,7.94,11.75,9.25,19.86,46.81,14.77,60.03,16.36,61.09
1778004332,8.00,11.50,9.25,19.97,46.90,14.89,60.05,16.08,61.43
1778004334,8.06,11.50,9.25,20.35,47.01,14.87,60.05,16.07,61.84
1778004335,8.06,11.50,9.00,20.11,47.01,14.78,60.07,15.80,62.18
1778004337,8.13,11.50,9.00,20.09,47.06,14.78,60.13,16.16,62.56
1778004339,8.06,11.00,9.00,20.10,47.15,14.72,60.16,15.90,62.67
1778004340,8.13,11.50,9.50,20.37,47.22,14.82,60.22,15.74,62.71
1778004342,8.06,11.50,8.75,20.32,47.20,14.77,60.20,15.85,62.73
1778004344,8.06,11.50,9.50,20.04,47.15,14.61,60.16,15.37,62.53
1778004345,8.06,11.25,9.00,20.02,47.08,14.70,60.21,16.07,62.55
1778004347,8.00,11.50,9.00,20.14,47.07,14.72,60.23,15.84,62.42
1778004348,8.06,11.50,9.25,20.04,47.05,14.61,60.22,15.79,62.40
1778004350,7.94,11.75,9.50,20.18,47.07,14.71,60.23,16.06,62.36
1778004352,8.00,11.50,9.00,20.12,47.05,14.64,60.27,16.13,62.41
1778004353,8.06,11.25,9.00,20.35,47.06,14.65,60.32,15.41,62.44
1778004355,8.06,11.75,9.75,20.44,47.08,14.66,60.38,15.47,62.68
1778004356,8.13,11.50,9.50,20.10,47.01,14.64,60.42,15.34,62.82
1778004358,8.06,11.75,9.25,19.84,46.97,14.66,60.44,15.98,63.00
1778004360,8.06,11.00,9.25,20.24,46.99,14.83,60.50,16.57,63.08
1778004361,8.06,10.75,9.25,20.17,46.96,14.72,60.47,16.20,62.91
1778004363,8.13,11.25,8.75,20.05,46.91,14.72,60.46,16.02,62.68
1778004364,8.06,10.75,9.25,20.07,46.85,14.82,60.46,16.38,62.51
1778004366,8.13,11.50,9.25,20.18,46.86,14.64,60.35,16.65,62.33
1778004368,8.06,11.25,8.75,19.95,46.79,14.60,60.32,16.37,62.12
1778004369,8.06,10.75,8.75,20.25,46.82,14.81,60.31,16.07,61.87
1778004371,8.00,11.00,9.00,20.27,46.82,14.72,60.27,15.71,61.67
1778004372,8.00,11.00,8.75,20.28,46.79,14.78,60.24,16.22,61.59
1778004374,7.94,11.25,9.25,20.16,46.76,14.76,60.23,15.95,61.37
1778004376,7.94,10.75,8.75,20.08,46.72,14.87,60.24,16.03,61.16
1778004377,7.94,11.75,9.25,19.96,46.69,14.76,60.18,16.33,61.06
1778004379,7.88,11.25,9.25,20.04,46.73,14.72,60.13,15.91,60.96
1778004380,7.88,11.75,9.50,20.27,46.82,14.76,60.11,16.70,61.25
1778004382,7.88,11.75,9.00,20.28,46.89,14.76,60.10,16.00,61.37
1778004384,7.81,11.25,9.50,19.86,46.86,14.71,60.09,15.89,61.63
1778004385,7.88,11.50,9.50,20.24,46.96,14.75,60.15,16.27,61.98
1778004387,7.88,11.75,9.25,20.11,47.00,14.76,60.20,16.41,62.16
1778004388,7.88,11.50,9.00,20.05,47.02,14.74,60.23,16.15,62.10
1778004390,7.88,11.00,9.25,20.05,47.00,14.70,60.25,15.84,61.93
1778004392,7.94,11.25,9.50,20.05,46.94,14.76,60.30,16.01,61.82
1778004393,7.88,11.25,9.00,19.81,46.84,14.75,60.34,16.19,61.75
1778004395,7.94,11.50,8.50,19.93,46.84,14.74,60.33,15.87,61.65
1778004397,7.94,11.50,8.75,20.11,46.85,14.65,60.31,16.21,61.69
1778004398,8.00,11.00,9.00,20.40,46.88,14.70,60.33,16.33,61.64
1778004400,8.00,11.25,9.25,20.06,46.82,14.65,60.30,16.63,61.61
1778004401,8.00,11.25,9.25,20.24,46.84,14.64,60.32,16.16,61.41
1778004403,7.94,11.25,9.25,19.97,46.78,14.69,60.34,16.27,61.42
1778004405,7.94,11.25,9.00,19.97,46.78,14.63,60.35,16.37,61.38
1778004406,7.94,11.00,9.25,20.00,46.75,14.68,60.39,16.27,61.18
1778004408,7.88,10.75,8.75,19.91,46.73,14.68,60.37,16.38,61.01
1778004409,7.94,11.50,9.00,20.12,46.75,14.59,60.33,16.29,60.73
1778004411,7.88,11.25,9.25,20.13,46.74,14.64,60.35,16.27,60.45
1778004413,7.88,11.50,8.75,20.07,46.74,14.59,60.36,16.13,60.18
1778004414,7.88,11.50,8.75,20.03,46.71,14.65,60.35,16.16,59.95
1778004416,7.88,11.00,9.00,20.20,46.73,14.69,60.36,15.87,59.78
1778004417,7.81,11.50,9.00,19.97,46.71,14.59,60.34,16.25,59.88
1778004419,7.75,11.25,9.50,20.35,46.78,14.71,60.39,16.29,60.11
1778004421,7.81,11.25,8.75,20.13,46.74,14.63,60.42,15.97,60.26
1778004422,7.81,11.75,9.25,20.25,46.76,14.65,60.45,16.84,60.41
1778004424,7.81,11.50,9.25,20.00,46.69,14.74,60.51,16.32,60.21
1778004425,7.81,11.50,9.50,19.96,46.68,14.65,60.50,16.30,60.08
1778004427,7.81,10.75,8.75,19.92,46.65,14.66,60.48,16.23,59.90
1778004429,7.81,11.25,9.25,19.94,46.64,14.70,60.49,16.11,59.71
1778004430,7.81,11.00,9.25,20.24,46.72,14.80,60.53,16.53,59.67
1778004432,7.81,11.25,9.00,20.15,46.70,14.69,60.52,16.05,59.48
1778004433,7.81,11.50,9.25,19.91,46.65,14.70,60.54,16.48,59.50
1778004435,7.81,11.25,9.25,20.23,46.70,14.63,60.53,16.11,59.43
1778004437,7.88,11.25,9.25,20.04,46.67,14.65,60.56,16.24,59.49
1778004438,7.94,11.50,9.25,20.21,46.72,14.64,60.54,16.50,59.56
1778004440,7.88,11.25,8.50,19.96,46.68,14.70,60.58,16.27,59.54
1778004441,7.94,11.50,9.25,20.23,46.73,14.75,60.62,16.21,59.57
1778004443,7.88,11.25,9.25,20.01,46.67,14.76,60.64,16.29,59.63
1778004445,7.88,11.50,9.25,20.28,46.73,14.76,60.64,16.48,59.67
1778004446,7.94,11.25,9.25,20.14,46.69,14.70,60.62,16.02,59.59
1778004448,7.88,11.50,9.00,19.97,46.67,14.81,60.65,15.87,59.64
1778004449,7.88,11.25,9.00,19.89,46.68,14.70,60.61,16.08,59.89
1778004451,7.94,11.50,9.25,20.37,46.75,14.72,60.60,15.73,59.94
1778004453,7.94,11.25,9.00,20.19,46.69,14.75,60.60,16.30,60.11
1778004454,7.94,11.25,9.25,20.23,46.70,14.86,60.63,16.51,60.22
1778004456,7.88,11.50,9.00,20.12,46.65,14.81,60.63,15.88,60.14
1778004458,7.94,11.50,9.00,20.13,46.63,14.76,60.60,16.18,60.15
1778004459,7.94,11.50,9.50,19.95,46.60,14.77,60.59,15.71,60.03
1778004461,8.00,11.25,9.25,20.21,46.64,14.80,60.57,16.22,60.07
1778004462,8.00,11.25,9.00,20.14,46.59,14.79,60.55,16.25,60.05
1778004464,8.00,11.25,9.00,20.15,46.60,14.80,60.50,16.06,60.05
1778004466,8.00,11.50,9.00,20.27,46.59,14.77,60.48,16.07,60.06
1778004467,7.94,10.75,8.75,20.22,46.59,14.83,60.47,16.05,60.09
1778004469,8.00,11.75,8.75,20.10,46.58,14.80,60.44,15.87,60.06
1778004470,8.00,11.00,9.25,20.56,46.66,14.81,60.40,16.08,60.13
1778004472,8.00,11.25,9.00,20.04,46.58,14.81,60.33,16.26,60.14
1778004474,7.94,11.25,9.00,19.95,46.55,14.80,60.25,16.06,60.13
1778004475,7.94,10.75,8.75,20.11,46.58,14.83,60.20,16.05,60.14
1778004477,8.00,11.25,9.00,20.15,46.58,14.88,60.14,16.20,60.16
1778004478,7.94,11.00,9.00,20.13,46.57,14.76,60.03,16.10,60.13
1778004480,7.94,11.00,8.75,20.01,46.54,14.82,59.98,15.80,60.07
1778004482,7.94,11.25,8.75,19.99,46.52,14.90,59.94,15.98,60.06
1778004483,7.88,11.00,9.00,20.58,46.59,14.80,59.86,16.04,60.04
1778004485,7.88,10.50,8.75,20.15,46.54,14.71,59.79,16.57,60.05
1778004486,7.88,11.00,8.50,20.08,46.52,14.77,59.77,16.00,59.85
1778004488,7.88,11.25,9.00,19.97,46.49,14.74,59.74,16.12,59.81
1778004490,7.94,11.25,9.00,19.98,46.49,14.75,59.69,16.33,59.78
1778004491,7.94,10.75,9.00,20.48,46.56,14.74,59.63,16.16,59.74
1778004493,7.94,11.25,9.00,20.42,46.55,14.80,59.60,15.99,59.74
1778004494,7.88,10.75,9.00,20.24,46.51,14.82,59.61,16.00,59.77
1778004496,7.94,11.00,9.25,20.16,46.47,14.81,59.59,16.11,59.80
1778004498,7.88,11.00,9.00,19.99,46.43,14.82,59.58,16.51,59.87
1778004499,7.88,10.50,8.75,19.95,46.41,14.85,59.62,16.19,59.80
1778004501,7.88,11.25,8.50,20.05,46.42,14.76,59.64,16.22,59.77
1778004502,7.81,11.25,9.00,20.19,46.46,14.70,59.68,16.03,59.73
1778004504,7.88,11.00,9.00,20.40,46.49,14.80,59.75,16.89,59.94
1778004506,7.88,10.75,9.25,20.01,46.42,14.83,59.78,16.12,59.97
1778004507,7.88,11.00,8.75,19.95,46.42,14.77,59.82,16.11,60.18
1778004509,7.94,11.00,9.25,20.15,46.44,14.77,59.88,16.66,60.40
1778004511,7.88,11.00,9.00,20.58,46.52,14.76,59.95,16.23,60.35
1778004512,7.94,11.00,9.00,20.23,46.48,14.78,60.01,16.16,60.31
1778004514,7.94,11.25,9.25,20.40,46.52,14.76,60.05,16.05,60.26
1778004515,7.94,11.00,8.50,20.00,46.46,14.83,60.09,16.23,60.27
1778004517,7.94,11.50,9.00,20.37,46.52,14.81,60.08,16.22,60.26
1778004519,7.94,11.25,9.25,20.00,46.42,14.74,60.09,16.15,60.27
1778004520,7.94,11.25,9.25,20.00,46.41,14.87,60.10,16.33,60.31
1778004522,7.94,10.75,8.75,20.03,46.40,14.72,60.03,16.33,60.30
1778004523,7.88,11.00,9.25,20.02,46.41,14.76,60.06,16.16,60.28
1778004525,7.88,11.00,9.25,20.22,46.43,14.80,60.09,16.43,60.34
1778004527,7.88,11.25,9.00,20.05,46.41,14.87,60.09,16.23,60.28
1778004528,7.94,11.25,9.00,20.12,46.41,14.89,60.08,16.22,60.28
1778004530,7.94,11.00,8.50,19.95,46.39,14.88,60.05,15.68,60.22
1778004531,7.94,11.25,9.25,20.05,46.40,14.77,60.03,15.74,60.38
1778004533,7.94,11.00,8.75,20.28,46.43,14.76,60.04,16.28,60.58
1778004535,7.94,11.00,8.00,20.19,46.42,14.81,60.02,16.36,60.65
1778004536,7.88,11.25,9.00,19.87,46.36,14.87,60.03,15.97,60.60
1778004538,7.88,11.00,9.00,19.97,46.37,14.81,59.99,16.05,60.57
1778004539,7.88,11.00,8.00,20.21,46.42,14.83,59.96,16.36,60.55
1778004541,7.88,10.75,9.00,20.18,46.40,14.72,59.89,15.84,60.35
1778004543,7.88,10.75,9.00,19.96,46.36,14.72,59.85,16.20,60.35
1778004544,7.88,11.00,9.00,20.14,46.37,14.76,59.81,16.18,60.31
1778004546,7.88,11.00,9.00,20.37,46.39,14.82,59.77,16.15,60.22
1778004547,7.88,11.25,9.00,20.11,46.33,14.78,59.70,15.85,60.15
1778004549,7.88,11.25,8.25,20.02,46.33,14.87,59.69,15.79,60.10
1778004551,7.88,11.00,9.00,20.02,46.33,14.83,59.68,15.80,60.11
1778004552,7.88,11.25,8.50,19.97,46.32,14.78,59.63,15.95,60.08
1778004554,7.81,10.75,9.50,19.99,46.32,14.76,59.61,15.91,60.06
1778004555,7.81,11.00,9.00,19.97,46.31,14.82,59.57,16.03,60.06
1778004557,7.81,11.25,8.50,20.21,46.36,14.72,59.54,16.15,60.08
1778004559,7.81,11.25,9.00,20.28,46.38,14.76,59.53,15.81,59.98
1778004560,7.75,11.50,9.00,20.20,46.34,14.87,59.56,15.75,59.93
1778004562,7.75,11.00,9.00,19.97,46.31,14.77,59.54,16.03,59.92
1778004564,7.75,11.25,9.00,20.07,46.33,14.70,59.51,15.97,59.86
1778004565,7.75,11.50,9.00,20.19,46.36,14.70,59.48,16.05,59.84
1778004567,7.69,11.00,9.00,20.04,46.31,14.76,59.50,16.57,59.90
1778004568,7.69,10.50,9.00,19.97,46.32,14.76,59.52,15.80,59.75
1778004570,7.75,11.25,9.00,20.42,46.39,14.76,59.54,15.73,59.76
1778004572,7.75,11.00,9.00,20.05,46.33,14.75,59.56,15.83,59.78
1778004573,7.75,11.25,9.00,20.18,46.37,14.77,59.60,15.93,59.82
1778004575,7.81,11.25,9.00,20.25,46.37,14.72,59.60,15.48,59.76
1778004576,7.75,11.00,9.00,20.35,46.40,14.72,59.64,15.78,59.88
1778004578,7.75,10.75,9.00,20.20,46.39,14.76,59.68,15.54,59.90
1778004580,7.81,11.00,9.00,20.44,46.43,14.70,59.67,15.47,59.96
1778004581,7.81,11.50,9.25,19.83,46.32,14.76,59.74,15.92,60.11
1778004583,7.81,11.25,9.25,20.16,46.40,14.70,59.75,16.01,60.16
1778004584,7.81,11.25,8.75,20.01,46.37,14.81,59.81,15.70,60.13
1778004586,7.81,11.50,8.50,20.27,46.41,14.72,59.84,16.17,60.23
1778004588,7.88,11.25,8.75,20.27,46.42,14.75,59.90,15.92,60.21
1778004589,7.81,11.25,9.00,20.40,46.48,14.76,59.95,15.90,60.26
1778004591,7.88,11.00,9.00,20.12,46.43,14.81,59.98,16.72,60.47
1778004592,7.88,11.00,9.25,20.12,46.44,14.76,60.02,15.67,60.32
1778004594,7.94,11.25,9.25,20.11,46.47,14.72,60.04,15.89,60.45
1778004596,7.88,10.75,8.75,19.96,46.46,14.71,60.07,15.94,60.52
1778004597,7.94,11.00,9.25,20.24,46.51,14.77,60.12,15.79,60.55
1778004599,7.88,11.25,8.50,19.91,46.47,14.72,60.14,16.20,60.64
1778004600,7.94,11.00,9.25,20.05,46.51,14.74,60.18,16.29,60.64
1778004602,7.88,11.25,9.00,20.11,46.54,14.72,60.18,15.72,60.55
1778004604,7.88,11.50,9.25,20.15,46.54,14.82,60.16,15.97,60.60
1778004605,7.94,10.50,8.75,19.91,46.50,14.83,60.14,15.38,60.48
1778004607,7.94,11.00,9.25,19.95,46.52,14.71,60.10,16.10,60.58
1778004609,8.00,11.25,9.00,20.21,46.54,14.76,60.06,15.40,60.49
1778004610,7.94,11.25,9.25,20.18,46.56,14.83,60.04,15.43,60.52
1778004612,7.88,11.00,8.50,20.14,46.54,14.77,60.02,15.98,60.60
1778004613,7.88,11.00,8.75,20.04,46.52,14.77,60.02,16.05,60.59
1778004615,7.88,11.00,9.25,20.24,46.57,14.82,60.02,15.82,60.54
1778004617,7.88,11.00,8.75,20.04,46.53,14.79,60.01,16.23,60.63
1778004618,7.88,11.50,9.25,19.93,46.53,14.75,59.99,16.02,60.59
1778004620,7.94,11.25,9.25,20.08,46.53,14.82,59.98,15.87,60.62
1778004621,7.88,10.75,9.25,20.01,46.53,14.80,59.95,15.97,60.78
1778004623,7.94,11.50,8.75,20.14,46.58,14.74,59.92,15.91,60.90
1778004625,8.00,11.25,9.00,20.12,46.58,14.80,59.92,15.33,60.90
1778004626,8.00,11.25,9.25,20.06,46.58,14.76,59.88,15.65,60.98
1778004628,7.94,11.25,9.00,20.03,46.57,14.76,59.87,15.69,60.93
1778004629,8.00,11.75,9.00,20.16,46.63,14.77,59.88,16.19,61.00
1778004631,8.00,11.25,9.00,20.07,46.63,14.71,59.87,15.83,60.89
1778004633,8.00,11.50,9.00,20.37,46.67,14.79,59.88,16.12,60.89
1778004634,8.00,11.25,9.00,20.24,46.68,14.72,59.87,15.62,60.72
1778004636,8.00,11.00,9.25,19.89,46.64,14.87,59.89,15.68,60.68
1778004637,8.00,11.00,9.25,20.31,46.71,14.72,59.85,16.13,60.72
1778004639,7.94,11.00,9.00,20.08,46.68,14.77,59.86,15.42,60.56
1778004641,8.00,11.25,9.00,20.05,46.68,14.76,59.86,15.67,60.60
1778004642,7.94,11.25,9.00,20.06,46.69,14.76,59.87,15.87,60.61
1778004644,7.94,10.75,9.00,20.43,46.74,14.72,59.86,15.70,60.56
1778004645,8.00,11.25,9.00,20.27,46.71,14.76,59.82,15.67,60.60
1778004647,8.00,11.25,8.50,20.27,46.73,14.70,59.80,15.50,60.62
1778004649,8.06,11.50,8.75,20.11,46.69,14.66,59.78,15.98,60.71
1778004650,8.00,11.50,9.00,20.27,46.74,14.76,59.79,15.65,60.61
1778004652,8.06,11.00,9.00,20.24,46.76,14.82,59.81,16.01,60.66
1778004653,8.06,11.25,9.25,20.09,46.75,14.83,59.80,15.87,60.64
1778004655,8.06,10.50,9.00,20.11,46.77,14.87,59.82,15.73,60.65
1778004657,8.06,11.00,9.00,20.31,46.82,14.72,59.79,15.60,60.70
1778004658,8.06,11.00,9.25,20.30,46.81,14.70,59.82,16.00,60.89
1778004660,8.06,11.00,9.25,20.01,46.78,14.72,59.84,15.66,60.94
1778004661,8.00,11.25,8.50,20.05,46.78,14.80,59.86,15.94,61.05
1778004663,8.06,11.25,9.00,20.11,46.79,14.76,59.84,15.63,61.00
1778004665,8.06,11.25,8.75,20.02,46.76,14.75,59.82,15.87,61.03
1778004666,8.06,11.25,9.00,20.07,46.77,14.83,59.83,15.61,60.94
1778004668,8.00,11.50,9.00,20.18,46.76,14.71,59.78,15.62,60.93
1778004670,8.06,11.25,9.25,20.52,46.81,14.80,59.77,15.71,61.00
1778004671,8.00,11.50,9.50,19.93,46.70,14.73,59.76,15.86,61.06
1778004673,8.00,11.50,9.00,20.15,46.71,14.70,59.77,15.60,61.00
1778004674,8.06,11.50,9.25,19.88,46.68,14.81,59.86,15.37,60.94
1778004676,8.06,11.25,9.25,20.06,46.66,14.71,59.86,15.61,61.03
1778004678,8.06,11.50,8.75,20.04,46.66,14.87,59.90,15.65,61.11
1778004679,8.06,11.25,9.25,20.09,46.67,14.78,59.91,15.62,61.14
1778004681,8.06,11.25,9.25,19.97,46.64,14.70,59.94,15.73,61.19
1778004682,8.06,11.50,9.00,20.12,46.69,14.79,59.97,16.16,61.23
1778004684,8.06,11.50,9.25,19.81,46.63,14.81,60.01,15.66,61.12
1778004686,8.00,11.25,9.25,19.85,46.66,14.70,60.00,15.89,61.16
1778004687,8.13,11.00,8.75,20.17,46.72,14.82,60.05,15.45,61.09
1778004689,8.06,11.25,8.75,20.01,46.73,14.81,60.05,15.83,61.19
1778004690,8.13,11.75,8.75,20.04,46.75,14.72,60.03,15.53,61.16
1778004692,8.06,11.25,8.50,20.04,46.78,14.72,60.05,16.10,61.29
1778004694,8.06,11.00,9.25,20.05,46.78,14.75,60.06,15.92,61.26
1778004695,8.06,11.00,9.25,20.23,46.79,14.67,60.06,15.61,61.23
1778004697,8.06,11.50,9.00,20.23,46.82,14.83,60.08,15.69,61.25
1778004698,8.13,11.25,9.00,20.24,46.83,14.80,60.07,15.84,61.29
1778004700,8.13,11.25,8.75,20.01,46.80,14.71,60.04,15.23,61.16
1778004702,8.06,11.50,9.25,19.80,46.76,14.76,60.03,15.55,61.23
1778004703,8.06,11.00,9.00,19.94,46.80,14.82,60.03,15.37,61.17
1778004705,8.00,11.00,8.75,19.90,46.79,14.83,60.02,16.08,61.31
1778004706,8.06,11.50,9.00,20.04,46.83,14.82,60.03,15.37,61.15
1778004708,8.00,11.25,8.75,20.14,46.84,14.82,60.04,15.80,61.20
1778004710,8.00,11.25,9.00,20.24,46.86,14.83,60.04,15.65,61.14
1778004711,8.00,11.50,9.00,20.32,46.89,14.77,59.99,15.93,61.34
1778004713,8.06,11.25,9.25,20.16,46.88,14.74,59.97,15.57,61.39
1778004714,8.06,11.25,9.25,19.88,46.82,14.76,59.96,15.35,61.40
1778004716,8.00,11.25,9.25,19.98,46.85,14.82,59.98,15.55,61.44
1778004718,8.06,11.75,9.25,19.99,46.84,14.76,59.97,16.33,61.58
1778004719,8.06,11.75,8.75,19.98,46.85,14.72,59.96,15.51,61.43
1778004721,8.06,11.50,9.25,20.16,46.86,14.88,59.96,15.58,61.44
1778004723,8.06,11.50,9.25,20.00,46.85,14.72,59.95,15.93,61.49
1778004724,8.00,11.00,9.25,19.98,46.85,14.88,59.93,16.10,61.51
1778004726,8.06,11.25,9.00,20.16,46.88,14.78,59.88,15.54,61.37
1778004727,8.00,11.00,9.00,20.05,46.85,14.84,59.87,15.50,61.29
1778004729,8.00,11.00,8.50,20.07,46.84,14.83,59.86,15.87,61.36
1778004731,8.00,11.25,9.00,20.03,46.85,14.83,59.87,15.63,61.36
1778004732,8.00,11.25,9.00,20.00,46.82,14.83,59.84,15.79,61.39
1778004734,8.00,11.25,8.75,20.43,46.91,14.82,59.82,15.70,61.37
1778004735,8.00,11.25,9.00,19.89,46.81,14.87,59.80,15.99,61.41
1778004737,8.00,10.50,9.00,19.83,46.80,14.83,59.76,15.51,61.32
1778004739,8.00,11.00,9.00,19.99,46.81,14.81,59.73,15.55,61.34
1778004740,8.00,11.25,8.50,19.95,46.82,14.88,59.72,15.47,61.34
1778004742,8.00,11.50,8.50,20.05,46.84,14.87,59.69,15.76,61.35
1778004743,7.94,11.25,9.25,20.01,46.85,14.90,59.69,15.73,61.35
1778004745,7.94,11.25,8.75,20.03,46.83,14.78,59.62,15.55,61.34
1778004747,7.94,10.75,9.00,20.12,46.83,14.83,59.61,15.99,61.46
1778004748,7.94,11.50,9.25,19.90,46.79,14.80,59.58,15.74,61.46
1778004750,7.94,11.25,9.25,20.01,46.78,14.83,59.58,15.34,61.44
1778004751,7.94,11.25,9.25,20.09,46.81,14.80,59.58,15.89,61.53
1778004753,7.94,11.25,9.25,19.97,46.78,14.78,59.61,15.71,61.50
1778004755,7.88,11.50,9.25,19.88,46.78,14.73,59.63,15.69,61.54
1778004756,7.94,10.50,9.50,20.03,46.79,14.70,59.66,15.51,61.51
1778004758,7.94,11.25,9.25,20.12,46.81,14.82,59.73,15.88,61.55
1778004759,7.94,11.25,9.00,20.29,46.84,14.89,59.76,15.67,61.48
1778004761,7.94,11.25,9.25,19.98,46.80,14.81,59.78,15.55,61.46
1778004763,8.00,11.00,9.50,20.01,46.81,14.80,59.79,15.40,61.46
1778004764,8.00,11.00,9.00,19.93,46.81,14.67,59.77,15.62,61.54
1778004766,8.00,11.00,9.00,19.97,46.82,14.81,59.78,15.50,61.58
1778004767,8.00,10.75,9.00,20.15,46.86,14.76,59.78,15.57,61.62
1778004769,8.00,11.50,9.25,20.13,46.86,14.77,59.79,15.62,61.59
1778004771,8.00,11.00,9.00,20.10,46.85,14.83,59.79,15.48,61.53
1778004772,8.00,11.50,9.00,20.01,46.84,14.75,59.76,15.53,61.49
1778004774,7.94,11.25,9.00,19.93,46.85,14.74,59.77,15.50,61.44
1778004776,7.94,11.75,9.25,20.04,46.89,14.77,59.79,15.81,61.56
1778004777,8.00,10.75,8.75,20.12,46.91,14.89,59.78,15.51,61.53
1778004779,7.94,11.50,9.25,20.27,46.94,14.87,59.77,15.78,61.59
1778004780,8.00,11.25,9.25,20.01,46.88,14.72,59.75,15.74,61.58
1778004782,8.00,11.00,8.75,19.93,46.87,14.72,59.76,15.34,61.52
1778004784,7.94,11.50,9.25,20.13,46.93,14.76,59.80,15.49,61.52
1778004785,7.94,11.00,9.25,19.98,46.91,14.72,59.82,15.71,61.54
1778004787,8.00,11.25,8.75,19.97,46.91,14.95,59.91,15.84,61.57
1778004788,7.94,11.25,9.50,20.09,46.94,14.81,59.91,15.91,61.57
1778004790,8.00,11.25,9.25,20.10,46.98,14.75,59.97,15.35,61.46
1778004792,8.00,11.25,9.00,19.95,46.97,14.77,59.99,15.52,61.49
1778004793,8.00,11.00,9.25,20.01,47.01,14.72,60.02,15.59,61.55
1778004795,8.00,11.50,9.25,20.01,47.00,14.77,60.04,15.45,61.55
1778004796,7.94,11.50,9.25,20.01,47.00,14.82,60.06,15.48,61.57
1778004798,8.00,11.00,8.75,19.91,46.97,14.88,60.09,15.44,61.60
1778004800,8.06,11.25,9.25,20.12,47.02,14.71,60.04,15.50,61.57
1778004801,8.00,11.50,9.00,19.89,47.01,14.75,60.08,15.46,61.51
1778004803,8.00,11.75,9.00,20.10,47.06,14.79,60.12,15.45,61.45
1778004804,8.00,11.25,9.25,20.08,47.07,14.81,60.12,15.62,61.45
1778004806,8.06,10.75,9.00,19.95,47.04,14.76,60.14,15.51,61.39
1778004808,8.06,11.50,9.00,20.16,47.08,14.92,60.15,15.77,61.43
1778004809,8.06,11.25,9.50,20.18,47.09,14.75,60.12,16.08,61.48
1778004811,8.06,11.50,9.25,19.90,47.05,14.76,60.13,15.51,61.44
1778004812,8.06,11.25,9.25,19.96,47.05,14.80,60.14,15.51,61.50
1778004814,8.06,11.50,9.00,19.90,47.06,14.87,60.13,15.56,61.63
1778004816,8.06,11.00,9.50,20.10,47.13,14.91,60.13,15.80,61.87
1778004817,8.00,11.25,9.25,20.09,47.13,14.77,60.09,15.83,62.02
1778004819,8.00,11.25,9.25,20.27,47.14,14.74,60.07,16.01,62.09
1778004820,8.00,11.00,9.25,20.06,47.06,14.77,60.08,15.78,62.03
1778004822,8.06,11.00,9.00,20.00,47.05,14.87,60.06,15.42,61.98
1778004824,8.06,11.25,9.25,20.03,47.03,14.85,60.04,15.55,62.08
1778004825,8.06,11.50,9.25,20.14,47.06,14.87,60.06,15.66,62.12
1778004827,8.00,11.00,9.00,20.14,47.06,14.83,60.05,15.72,62.09
1778004829,8.06,11.75,8.75,20.12,47.06,14.87,60.06,15.59,62.05
1778004830,8.00,11.50,9.50,19.79,47.01,14.76,60.03,15.80,62.08
1778004832,8.06,11.50,8.75,20.13,47.05,14.78,59.99,15.48,62.03
1778004833,8.06,11.75,8.75,20.16,47.06,14.88,60.00,15.53,62.00
1778004835,8.06,11.25,9.25,19.96,47.00,14.78,59.95,15.15,61.89
1778004837,8.00,11.25,9.25,19.82,47.00,14.89,59.94,15.44,61.93
1778004838,8.00,11.00,8.75,19.99,47.03,14.87,59.91,15.67,61.89
1778004840,8.00,11.00,9.50,20.06,47.05,14.78,59.89,15.61,61.87
1778004841,8.00,10.75,9.00,20.11,47.06,14.89,59.86,15.62,61.85
1778004843,8.00,11.00,9.25,19.97,47.05,14.82,59.81,15.52,61.78
1778004845,8.00,10.75,9.25,19.86,47.02,14.83,59.78,16.00,61.87
1778004846,7.94,11.00,9.00,20.05,47.07,14.77,59.75,15.98,62.04
1778004848,7.94,11.50,9.25,20.02,47.12,14.78,59.73,15.39,62.13
1778004849,7.88,10.75,9.50,20.02,47.14,14.83,59.73,15.37,62.38
1778004851,7.94,11.50,9.00,19.95,47.12,14.82,59.68,15.67,62.45
1778004853,7.88,11.25,9.25,19.96,47.11,14.83,59.68,15.56,62.36
1778004854,7.88,11.25,9.25,20.06,47.08,14.72,59.65,15.85,62.27
1778004856,7.88,11.75,9.25,20.09,47.08,14.83,59.71,15.49,62.13
1778004857,7.94,11.00,9.50,20.27,47.09,14.82,59.72,15.80,62.08
1778004859,7.88,11.25,9.25,19.91,47.05,14.82,59.74,15.73,62.01
1778004861,7.94,11.25,9.00,20.08,47.06,14.90,59.75,15.96,62.00
1778004862,7.88,11.25,9.25,19.96,47.03,14.83,59.77,15.73,61.90
1778004864,7.94,11.25,9.25,19.86,47.02,14.76,59.76,15.46,61.76
1778004865,7.88,11.25,9.25,20.00,47.03,14.72,59.76,15.49,61.67
1778004867,7.88,11.00,8.75,20.21,47.07,14.76,59.82,15.99,61.67
1778004869,7.88,11.50,9.50,20.12,47.05,14.75,59.87,15.87,61.60
1778004870,7.88,11.25,9.25,19.88,47.02,14.81,59.91,15.93,61.54
1778004872,7.94,11.50,9.50,19.97,47.02,14.83,59.92,15.95,61.50
1778004873,7.88,11.25,9.25,20.09,47.03,14.80,59.92,15.36,61.37
1778004875,7.88,10.50,9.25,19.88,46.97,14.72,59.92,15.45,61.42
1778004877,7.94,11.25,8.50,20.05,46.99,14.79,59.94,15.61,61.49
1778004878,7.94,11.25,8.50,20.06,46.97,14.76,59.97,15.47,61.49
1778004880,7.94,11.50,8.25,20.16,46.98,14.87,59.99,15.95,61.63
1778004882,7.94,11.75,9.25,20.27,46.97,14.76,59.97,15.75,61.68
1778004883,7.94,11.25,9.25,20.29,46.99,14.76,59.95,16.37,61.87
1778004885,7.94,11.75,9.00,20.03,46.94,14.88,59.97,15.45,61.69
1778004886,7.94,11.00,9.25,20.07,46.96,14.81,59.95,15.36,61.68
1778004888,7.88,11.50,9.25,19.93,46.97,14.72,59.95,15.80,61.72
1778004890,7.94,11.50,9.25,20.20,46.99,14.78,59.95,15.56,61.63
1778004891,7.88,11.50,9.25,20.18,47.00,14.72,59.92,15.84,61.63
1778004893,7.88,11.25,9.00,20.19,47.02,14.80,59.93,15.18,61.46
1778004894,7.88,11.00,9.00,20.03,47.02,14.88,59.93,15.47,61.46
1778004896,7.81,11.00,8.75,20.05,47.04,14.78,59.90,15.46,61.42
1778004898,7.88,11.00,9.50,19.96,47.02,14.76,59.90,15.80,61.44
1778004899,7.88,11.25,8.75,20.16,47.06,14.76,59.89,15.45,61.36
1778004901,7.88,11.50,9.25,20.06,47.05,14.79,59.90,15.30,61.32
1778004902,7.88,11.25,9.50,19.86,47.03,14.87,59.93,15.95,61.44
1778004904,7.81,11.50,9.00,20.11,47.06,14.81,59.92,15.37,61.34
1778004906,7.81,11.25,9.25,20.01,47.03,14.82,59.92,15.73,61.45
1778004907,7.88,11.00,8.50,19.96,47.03,14.76,59.90,15.49,61.47
1778004909,7.88,11.25,9.25,20.12,47.06,14.81,59.94,15.84,61.60
1778004910,7.88,11.00,9.25,20.09,47.06,14.74,59.90,15.78,61.63
1778004912,7.88,11.50,9.25,19.87,47.02,14.76,59.86,15.77,61.62
1778004914,7.88,11.00,9.00,19.89,47.02,14.73,59.83,15.40,61.60
1778004915,7.94,11.25,9.25,20.10,47.06,14.89,59.85,15.30,61.67
1778004917,7.94,11.00,9.25,20.01,47.02,14.75,59.81,15.44,61.82
1778004918,7.94,11.00,9.25,20.06,47.02,14.72,59.79,15.86,61.97
1778004920,7.94,11.25,9.25,20.02,47.01,14.72,59.77,15.56,61.94
1778004922,7.88,11.25,9.25,19.98,46.99,14.77,59.79,15.66,61.92
1778004923,7.94,11.00,9.25,20.19,47.05,14.72,59.80,16.01,61.94
1778004925,7.88,11.50,9.25,20.03,47.01,14.80,59.80,15.84,61.93
1778004926,7.94,11.25,8.75,20.13,47.03,14.78,59.83,16.15,62.05
1778004928,7.94,11.50,9.00,19.95,47.00,14.70,59.86,16.03,62.04
1778004930,7.88,11.75,9.25,19.97,46.99,14.89,59.94,15.46,61.93
1778004931,7.88,11.75,9.00,19.93,47.02,14.72,59.91,15.82,62.00
1778004933,8.00,12.00,9.50,20.09,47.08,14.81,59.97,15.45,62.14
1778004935,8.00,11.50,9.50,20.08,47.18,14.82,60.03,15.45,62.64
1778004936,8.06,11.50,8.75,19.84,47.16,14.72,60.06,15.37,63.19
1778004938,8.00,11.50,9.50,20.40,47.30,14.72,60.13,15.80,63.52
1778004939,8.00,11.75,9.25,20.27,47.26,14.67,60.17,15.39,63.48
1778004941,8.06,11.50,9.50,20.29,47.27,14.80,60.22,16.12,63.66
1778004943,8.13,11.50,9.75,19.88,47.24,14.83,60.26,15.65,63.71
1778004944,8.13,11.50,9.75,20.27,47.40,14.82,60.29,15.87,64.02
1778004946,8.19,11.50,9.75,20.05,47.39,14.82,60.34,15.33,64.21
1778004947,8.13,11.25,9.25,19.87,47.38,14.88,60.38,15.68,64.53
1778004949,8.19,11.75,9.75,19.88,47.36,14.72,60.37,15.40,64.45
1778004951,8.13,11.25,9.50,20.08,47.34,14.83,60.39,15.51,64.29
1778004952,8.06,11.50,9.50,20.08,47.31,14.82,60.38,15.90,64.09
1778004954,8.13,11.50,9.25,19.99,47.25,14.87,60.36,15.50,63.72
1778004955,8.06,11.75,9.25,19.85,47.20,14.83,60.34,15.46,63.46
1778004957,8.13,11.50,9.25,20.34,47.24,14.76,60.27,15.15,63.19
1778004959,8.06,11.25,9.25,19.91,47.14,14.82,60.23,15.92,63.18
1778004960,8.00,11.50,9.25,20.02,47.14,14.82,60.16,15.83,63.00
1778004962,8.06,11.25,9.00,20.06,47.10,14.88,60.11,15.92,62.81
1778004963,8.06,11.50,9.00,20.05,47.07,14.81,60.05,15.68,62.63
1778004965,8.00,11.25,9.00,19.91,47.02,14.81,60.00,15.64,62.52
1778004967,8.00,11.25,9.50,20.00,47.01,14.83,59.95,15.80,62.44
1778004968,8.00,11.25,9.25,19.97,46.98,14.76,59.86,15.68,62.25
1778004970,7.94,11.50,8.75,19.88,46.94,14.77,59.79,15.76,62.13
1778004971,7.94,11.25,9.00,20.16,46.97,14.87,59.71,15.86,62.01
1778004973,7.94,11.25,9.25,20.12,46.94,14.77,59.64,15.80,61.88
1778004975,7.88,11.00,9.00,19.97,46.91,14.83,59.56,15.74,61.83
1778004976,7.88,11.50,8.75,20.28,46.91,14.66,59.46,15.77,61.89
1778004978,7.94,11.50,9.00,19.80,46.79,14.85,59.47,15.51,61.90
1778004979,7.88,11.50,9.00,19.99,46.81,14.83,59.42,15.82,61.96
1778004981,7.88,11.00,9.25,19.88,46.78,14.85,59.38,15.63,61.89
1778004983,7.94,11.50,9.00,20.05,46.81,14.83,59.36,15.80,61.88
1778004984,7.88,11.25,9.00,20.01,46.81,14.83,59.34,15.57,61.87
1778004986,7.88,11.50,8.25,20.01,46.79,14.72,59.33,15.84,61.94
1778004988,7.88,11.50,8.50,20.10,46.79,14.77,59.34,15.75,61.86
1778004989,7.81,11.50,9.25,20.00,46.74,14.72,59.32,15.47,61.69
1778004991,7.81,11.25,9.25,20.31,46.79,14.66,59.33,16.54,61.73
1778004992,7.81,11.25,9.25,20.02,46.74,14.77,59.35,16.37,61.56
1778004994,7.81,11.00,8.75,19.98,46.70,14.88,59.38,15.84,61.30
1778004996,7.81,11.25,9.25,20.44,46.77,14.72,59.37,15.39,61.11
1778004997,7.81,11.25,9.00,20.24,46.72,14.72,59.38,15.94,61.07
1778004999,7.81,11.25,9.50,19.80,46.64,14.83,59.40,16.21,61.04
1778005000,7.75,11.25,9.25,20.05,46.71,14.78,59.39,15.87,60.99
1778005002,7.75,11.50,9.25,20.01,46.76,14.80,59.41,15.84,61.17
1778005004,7.75,11.75,9.25,20.06,46.81,14.80,59.46,15.70,61.41
1778005005,7.75,11.50,9.00,19.94,46.81,14.73,59.47,15.91,61.52
1778005007,7.81,11.75,8.75,20.12,46.79,14.75,59.49,15.76,61.47
1778005008,7.81,11.25,9.00,20.10,46.76,14.77,59.53,16.21,61.55
1778005010,7.81,11.50,9.00,20.01,46.74,14.76,59.53,15.75,61.46
1778005012,7.81,11.25,9.25,19.93,46.72,14.82,59.59,15.95,61.45
1778005013,7.88,11.25,9.00,19.93,46.71,14.70,59.58,15.81,61.36
1778005015,7.88,11.25,9.25,19.95,46.68,14.83,59.64,15.76,61.26
1778005016,7.88,11.50,9.25,20.22,46.72,14.89,59.65,16.21,61.24
1778005018,7.88,11.00,9.25,20.12,46.71,14.79,59.65,16.20,61.16
1778005020,7.88,11.50,9.25,20.22,46.75,14.82,59.67,15.84,61.03
1778005021,7.88,11.25,9.00,19.93,46.70,14.70,59.63,15.79,60.95
1778005023,7.81,11.50,8.75,19.95,46.69,14.72,59.66,15.63,60.84
1778005024,7.81,11.25,9.50,20.11,46.72,14.70,59.69,16.25,60.89
1778005026,7.88,11.25,8.50,20.18,46.69,14.75,59.71,15.87,60.79
1778005028,7.81,11.50,9.00,20.31,46.69,14.80,59.70,15.79,60.77
1778005029,7.81,11.00,9.00,20.12,46.66,14.73,59.71,16.13,60.83
1778005031,7.81,11.25,9.00,20.05,46.63,14.70,59.69,15.98,60.81
1778005032,7.88,11.25,9.25,20.24,46.66,14.88,59.73,16.19,60.83
1778005034,7.88,11.50,8.50,20.15,46.63,14.81,59.72,16.08,60.80
1778005036,7.88,11.50,9.25,20.13,46.63,14.72,59.70,15.41,60.65
1778005037,7.88,11.25,9.00,20.12,46.59,14.83,59.71,16.23,60.79
1778005039,7.88,11.50,9.25,20.14,46.59,14.78,59.69,16.40,60.80
1778005041,7.81,11.00,9.25,20.13,46.59,14.77,59.71,15.84,60.64
1778005042,7.81,11.25,9.25,19.96,46.55,14.70,59.70,15.69,60.62
1778005044,7.88,11.25,9.00,19.97,46.54,14.78,59.75,15.95,60.69
1778005045,7.88,11.75,8.50,20.05,46.53,14.82,59.79,15.53,60.70
1778005047,7.88,11.50,9.00,20.22,46.55,14.83,59.85,15.43,60.81
1778005049,7.88,11.75,9.50,20.08,46.53,14.87,59.89,16.22,61.00
1778005050,7.94,11.50,9.25,20.07,46.54,14.74,59.90,16.24,61.01
1778005052,7.94,11.00,9.25,19.90,46.50,14.75,59.93,15.99,60.96
1778005053,7.94,11.75,9.50,19.94,46.53,14.76,59.97,15.75,60.90
1778005055,7.94,11.50,9.50,20.10,46.55,14.87,60.02,15.44,60.85
1778005057,7.88,11.50,8.75,20.29,46.59,14.76,60.03,15.47,60.85
1778005058,7.88,11.50,9.25,20.12,46.59,14.78,60.06,15.87,60.94
1778005060,7.94,11.25,9.50,20.12,46.58,14.80,60.08,15.80,60.88
1778005061,7.94,11.50,9.25,19.90,46.55,14.89,60.10,15.91,60.85
1778005063,7.94,10.75,9.25,20.12,46.59,14.83,60.08,15.30,60.76
1778005065,7.88,11.50,9.25,19.99,46.58,14.88,60.05,15.44,60.82
1778005066,7.94,11.25,9.00,20.08,46.59,14.75,60.00,16.10,61.00
1778005068,7.94,11.00,8.75,20.05,46.60,14.86,59.96,15.87,61.01
1778005069,7.94,11.50,9.00,20.23,46.61,14.76,59.90,15.93,61.02
1778005071,7.94,11.00,8.75,20.16,46.58,14.81,59.87,15.41,60.92
1778005073,7.94,11.25,8.75,19.97,46.54,14.81,59.82,15.78,60.96
1778005074,7.94,11.00,8.75,20.15,46.57,14.74,59.75,15.73,60.94
1778005076,7.81,11.25,8.50,20.37,46.59,14.81,59.70,15.98,60.92
1778005077,7.81,11.00,9.00,20.09,46.52,14.80,59.63,16.18,60.88
1778005079,7.81,11.00,8.75,20.15,46.52,14.78,59.58,15.81,60.69
1778005081,7.75,11.25,9.25,19.95,46.47,14.83,59.56,15.78,60.66
1778005082,7.81,11.25,8.75,20.06,46.47,14.76,59.47,16.23,60.76
1778005084,7.75,11.25,9.00,20.18,46.47,14.83,59.45,15.41,60.60
1778005085,7.75,11.00,8.75,20.16,46.45,14.80,59.40,16.11,60.69
1778005087,7.75,11.25,9.25,20.12,46.42,14.72,59.38,15.95,60.58
1778005089,7.75,11.50,8.50,20.22,46.41,14.72,59.37,15.91,60.50
1778005090,7.69,10.75,9.25,20.36,46.40,14.76,59.39,15.76,60.43
1778005092,7.69,11.50,9.25,20.36,46.38,14.82,59.43,15.68,60.42
1778005094,7.69,11.25,9.25,20.00,46.32,14.87,59.47,15.89,60.47
1778005095,7.75,11.50,9.25,20.06,46.32,14.76,59.48,15.93,60.43
1778005097,7.75,11.00,8.75,19.98,46.32,14.76,59.54,15.82,60.42
1778005098,7.69,11.25,8.25,20.14,46.34,14.77,59.56,15.94,60.48
1778005100,7.69,11.25,9.00,20.31,46.40,14.80,59.60,15.64,60.44
1778005102,7.75,11.00,9.25,19.91,46.35,14.82,59.63,15.79,60.53
1778005103,7.75,11.25,9.25,19.97,46.38,14.83,59.65,15.94,60.61
1778005105,7.75,11.50,9.00,20.22,46.42,14.71,59.64,15.83,60.68
1778005106,7.75,10.75,9.25,20.29,46.44,14.88,59.64,16.23,60.83
1778005108,7.75,11.50,8.75,20.11,46.41,14.81,59.61,15.83,60.77
1778005110,7.75,11.25,8.75,20.16,46.44,14.83,59.58,15.91,60.89
1778005111,7.75,11.50,9.50,20.15,46.49,14.71,59.55,15.40,61.02
1778005113,7.81,11.50,9.50,20.34,46.59,14.76,59.56,15.68,61.41
1778005114,7.88,11.25,9.25,20.22,46.63,14.83,59.57,15.72,61.76
1778005116,7.88,11.25,9.50,20.27,46.70,14.82,59.60,16.16,62.13
1778005118,7.88,11.25,9.75,19.99,46.69,14.79,59.61,16.03,62.36
1778005119,7.88,11.25,9.00,19.97,46.70,14.78,59.61,15.76,62.37
1778005121,7.88,11.50,8.75,20.17,46.68,14.76,59.60,15.44,62.19
1778005122,7.88,11.00,9.25,19.97,46.62,14.83,59.61,15.36,62.00
1778005124,7.88,11.75,8.50,20.04,46.59,14.79,59.58,15.37,61.96
1778005126,7.88,11.75,9.25,20.00,46.54,14.86,59.55,16.17,62.08
1778005127,7.88,11.25,9.00,20.20,46.55,14.87,59.53,15.89,62.01
1778005129,7.88,11.25,9.25,20.24,46.55,14.70,59.46,16.05,62.00
1778005130,7.81,11.25,9.00,20.11,46.51,14.87,59.46,15.57,61.79
1778005132,7.81,11.25,9.25,20.24,46.52,14.93,59.42,15.86,61.65
1778005134,7.81,11.50,8.50,19.97,46.46,14.83,59.36,15.92,61.50
1778005135,7.75,11.50,8.75,20.05,46.43,14.83,59.34,15.64,61.31
1778005137,7.81,11.50,8.75,20.15,46.44,14.76,59.28,15.75,61.18
1778005138,7.81,11.25,9.00,20.11,46.40,14.81,59.24,16.13,61.15
1778005140,7.81,11.25,9.00,19.96,46.36,14.82,59.24,16.26,61.14
1778005142,7.75,11.25,8.50,19.97,46.36,14.80,59.23,16.01,61.03
1778005143,7.75,11.50,9.00,20.01,46.35,14.80,59.24,15.94,60.90
1778005145,7.75,11.50,9.00,20.08,46.35,14.83,59.22,15.80,60.84
1778005147,7.69,11.25,9.25,20.23,46.38,14.75,59.21,16.42,60.87
1778005148,7.69,11.25,9.25,20.38,46.38,14.79,59.21,15.80,60.65
1778005150,7.69,11.25,9.25,19.95,46.31,14.81,59.21,15.70,60.54
1778005151,7.63,11.50,9.25,19.94,46.31,14.80,59.22,15.98,60.57
1778005153,7.69,11.50,9.25,20.55,46.36,14.81,59.23,16.02,60.55
1778005155,7.69,11.00,9.25,20.16,46.31,14.69,59.22,15.97,60.50
1778005156,7.69,11.50,9.00,20.40,46.34,14.79,59.26,16.29,60.59
1778005158,7.75,11.25,9.00,20.05,46.26,14.77,59.32,16.23,60.63
1778005159,7.75,11.50,9.25,20.18,46.29,14.78,59.36,16.31,60.74
1778005161,7.75,10.75,9.50,20.12,46.29,14.76,59.42,15.93,60.78
1778005163,7.81,11.50,9.25,20.14,46.31,14.76,59.46,16.03,60.86
1778005164,7.75,11.50,9.25,20.40,46.34,14.87,59.51,16.40,60.86
1778005166,7.81,11.50,9.00,19.98,46.28,14.83,59.55,15.88,60.63
1778005167,7.81,11.50,9.50,20.09,46.29,14.82,59.58,16.15,60.56
1778005169,7.75,11.00,9.25,20.04,46.27,14.83,59.64,15.92,60.46
1778005171,7.75,11.25,8.75,20.46,46.34,14.80,59.67,16.24,60.48
1778005172,7.81,11.25,9.25,20.13,46.26,14.77,59.72,16.25,60.45
1778005174,7.81,11.50,9.00,20.18,46.26,14.83,59.78,15.77,60.34
1778005175,7.81,11.50,9.00,20.01,46.25,14.76,59.81,16.13,60.46
1778005177,7.88,11.00,9.25,20.48,46.31,14.71,59.84,16.45,60.65
1778005179,7.88,11.50,9.25,20.45,46.31,14.80,59.87,16.26,60.74
1778005180,7.88,11.00,9.50,20.09,46.28,14.83,59.91,16.29,60.88
1778005182,7.88,11.50,9.25,19.98,46.26,14.83,59.94,15.84,60.89
1778005183,7.81,11.50,9.25,20.10,46.27,14.78,59.95,16.29,60.97
1778005185,7.88,11.50,9.25,20.01,46.27,14.80,59.96,16.19,60.96
1778005187,7.94,11.50,9.25,20.41,46.31,14.83,59.95,15.85,60.93
1778005188,7.94,10.75,8.75,20.32,46.32,14.85,59.94,15.73,60.90
1778005190,7.94,11.25,9.50,20.07,46.30,14.83,59.90,15.73,60.83
1778005191,7.94,10.75,9.00,20.05,46.29,14.82,59.81,15.87,60.80
1778005193,7.88,11.25,9.00,20.31,46.31,14.71,59.76,16.10,60.80
1778005195,7.88,11.25,9.25,20.49,46.33,14.83,59.78,16.25,60.75
1778005196,7.88,11.50,9.00,20.21,46.28,14.72,59.75,15.92,60.59
1778005198,7.88,11.50,9.00,20.37,46.32,14.77,59.74,15.80,60.45
1778005200,7.88,11.00,9.00,20.10,46.26,14.76,59.74,16.31,60.41
1778005201,7.88,11.00,8.75,20.02,46.23,14.75,59.74,16.29,60.38
1778005203,7.81,11.25,9.25,20.38,46.27,14.80,59.74,15.98,60.31
1778005204,7.81,11.50,8.50,19.97,46.20,14.77,59.74,16.22,60.34
1778005206,7.81,11.25,9.00,20.21,46.23,14.87,59.75,15.72,60.25
1778005208,7.81,11.00,9.00,20.05,46.23,14.76,59.71,15.84,60.26
1778005209,7.81,11.50,9.25,19.95,46.19,14.76,59.70,16.01,60.27
1778005211,7.81,11.50,9.25,20.15,46.23,14.89,59.70,16.46,60.31
1778005212,7.75,11.00,9.25,20.28,46.24,14.87,59.68,16.05,60.20
1778005214,7.81,11.00,9.25,20.08,46.23,14.73,59.61,15.98,60.17
1778005216,7.81,11.25,8.75,20.09,46.23,14.78,59.61,15.71,60.13
1778005217,7.81,11.25,9.50,20.45,46.31,14.76,59.59,15.98,60.18
1778005219,7.81,11.00,9.25,19.80,46.20,14.72,59.59,15.85,60.18
1778005220,7.88,11.25,9.25,20.23,46.25,14.80,59.62,15.75,60.15
1778005222,7.88,11.50,8.25,20.08,46.24,14.81,59.63,16.20,60.24
1778005224,7.81,11.25,8.75,20.10,46.24,14.86,59.67,16.27,60.29
1778005225,7.81,11.25,9.00,19.97,46.22,14.76,59.69,15.70,60.18
1778005227,7.88,11.00,9.00,20.23,46.29,14.72,59.70,16.23,60.30
1778005228,7.88,11.00,9.25,20.14,46.28,14.75,59.70,16.21,60.33
1778005230,7.81,11.00,9.00,20.31,46.30,14.80,59.73,15.37,60.22
1778005232,7.88,11.25,8.75,19.97,46.23,14.80,59.74,15.83,60.34
1778005233,7.81,11.00,9.25,20.17,46.23,14.80,59.73,15.73,60.35
1778005235,7.81,11.25,9.00,20.54,46.28,14.66,59.70,16.04,60.40
1778005236,7.88,11.50,9.50,20.33,46.25,14.83,59.74,16.05,60.39
1778005238,7.88,11.00,9.25,20.28,46.24,14.82,59.75,16.02,60.41
1778005240,7.88,11.25,9.25,20.12,46.23,14.78,59.77,16.13,60.44
1778005241,7.88,11.25,9.00,19.98,46.20,14.76,59.82,15.85,60.38
1778005243,7.88,11.25,9.25,19.98,46.22,14.72,59.84,15.80,60.34
1778005244,7.88,11.25,9.25,20.38,46.27,14.76,59.88,16.26,60.39
1778005246,7.88,11.25,9.50,20.03,46.23,14.82,59.92,15.94,60.31
1778005248,7.94,11.25,9.25,20.40,46.30,14.80,59.98,15.90,60.31
1778005249,7.94,11.50,9.00,20.07,46.27,14.76,59.98,15.99,60.34
1778005251,7.94,11.50,9.50,20.22,46.29,14.83,59.99,15.75,60.39
1778005253,7.94,11.25,9.00,20.27,46.30,14.76,59.99,16.23,60.56
1778005254,8.00,11.25,9.50,20.20,46.31,14.87,60.01,15.87,60.60
1778005256,7.94,11.75,9.25,20.16,46.31,14.87,60.01,16.19,60.83
1778005257,7.94,11.75,9.25,20.18,46.34,14.85,60.00,16.11,61.05
1778005259,8.00,11.25,9.50,19.97,46.31,14.83,60.01,15.80,61.10
1778005261,8.00,10.75,9.50,20.03,46.30,14.76,59.98,15.45,61.08
1778005262,8.00,11.25,9.50,20.03,46.30,14.82,60.01,15.84,61.12
1778005264,7.94,11.75,9.50,19.91,46.27,14.72,60.00,15.34,61.04
1778005265,8.00,11.50,9.25,20.39,46.34,14.79,60.01,15.56,61.10
1778005267,7.94,11.50,9.25,20.16,46.31,14.76,59.99,16.23,61.20
1778005269,7.94,11.25,9.25,20.09,46.28,14.77,59.98,16.37,61.18
1778005270,7.94,11.25,9.25,20.01,46.27,14.78,59.96,15.77,61.02
1778005272,8.00,11.50,9.00,20.05,46.25,14.76,59.95,15.82,61.03
1778005273,8.00,11.50,9.00,20.05,46.26,14.70,59.93,15.94,61.03
1778005275,8.00,11.00,8.50,20.23,46.26,14.71,59.95,16.19,61.07
1778005277,8.00,11.25,9.25,20.32,46.30,14.71,59.94,15.84,60.96
1778005278,8.00,11.50,9.50,20.31,46.30,14.76,59.97,16.03,60.94
1778005280,7.94,11.00,9.00,20.13,46.25,14.75,59.97,15.78,60.85
1778005281,7.94,11.50,9.75,20.10,46.22,14.76,59.96,15.80,60.85
1778005283,8.00,11.50,9.00,19.98,46.21,14.77,59.95,16.15,60.90
1778005285,8.00,11.25,9.50,20.06,46.23,14.69,59.91,15.36,60.79
1778005286,8.00,11.00,8.75,19.98,46.22,14.70,59.90,15.73,60.91
1778005288,8.06,11.50,9.25,20.36,46.28,14.75,59.88,15.90,60.99
1778005289,8.06,11.25,9.00,20.10,46.25,14.88,59.89,15.68,61.03
1778005291,8.06,11.25,9.25,20.33,46.30,14.76,59.84,16.22,61.14
1778005293,8.06,11.25,9.25,20.27,46.29,14.76,59.83,15.87,61.07
1778005294,8.06,11.50,8.75,20.15,46.29,14.74,59.77,15.75,61.00
1778005296,8.00,11.50,9.25,19.98,46.25,14.70,59.71,15.84,60.94
1778005298,8.00,11.00,9.25,20.01,46.25,14.83,59.68,15.51,60.83
1778005299,8.00,10.75,9.25,20.29,46.29,14.87,59.63,15.75,60.82
1778005301,7.94,11.25,9.00,20.15,46.26,14.75,59.58,15.83,60.80
1778005302,8.00,11.25,8.50,20.16,46.22,14.72,59.55,15.84,60.78
1778005304,7.94,11.00,9.25,20.37,46.26,14.66,59.49,15.87,60.71
1778005306,7.94,11.25,9.00,20.22,46.22,14.76,59.47,15.90,60.65
1778005307,7.88,11.25,9.00,19.98,46.18,14.64,59.43,15.78,60.52
1778005309,7.88,11.25,9.00,20.07,46.18,14.61,59.41,15.58,60.42
1778005310,7.88,11.50,9.25,20.23,46.21,14.80,59.43,15.56,60.36
1778005312,7.88,11.25,9.50,20.05,46.21,14.59,59.40,15.77,60.49
1778005314,7.94,11.75,9.75,20.01,46.25,14.76,59.47,16.19,60.79
1778005315,8.00,11.50,9.75,20.35,46.32,14.87,59.54,15.62,61.05
1778005317,8.06,11.50,9.25,20.23,46.32,14.75,59.61,16.11,61.56
1778005318,8.19,11.75,9.75,19.96,46.30,14.76,59.69,15.78,61.90
1778005320,8.31,11.75,9.25,20.55,46.39,14.71,59.78,15.38,62.10
1778005322,8.38,11.50,9.50,20.21,46.35,14.78,59.89,15.45,62.32
1778005323,8.44,11.75,9.75,20.16,46.38,14.83,59.98,15.80,62.52
1778005325,8.38,11.75,9.75,20.37,46.46,14.77,60.02,15.84,62.56
1778005326,8.38,11.25,9.00,20.16,46.45,14.94,60.07,16.17,62.54
1778005328,8.31,11.50,9.50,19.95,46.40,14.76,60.04,15.77,62.22
1778005330,8.31,11.50,9.00,20.05,46.40,14.72,60.01,15.49,61.97
1778005331,8.31,11.50,9.25,20.30,46.38,14.77,60.00,16.58,61.93
1778005333,8.25,11.25,9.25,20.12,46.33,14.78,59.98,15.91,61.62
1778005334,8.19,11.75,9.00,20.01,46.32,14.81,59.91,15.78,61.42
1778005336,8.13,10.75,9.25,20.10,46.35,14.78,59.84,15.84,61.29
1778005338,8.19,11.50,9.00,19.96,46.29,14.75,59.75,16.08,61.19
1778005339,8.13,11.25,9.25,20.01,46.30,14.81,59.70,15.98,61.05
1778005341,8.13,11.75,9.50,19.95,46.27,14.74,59.59,15.83,60.87
1778005342,8.19,11.50,9.50,19.97,46.28,14.67,59.51,16.13,60.81
1778005344,8.13,11.00,9.50,19.99,46.28,14.81,59.49,15.89,60.84
1778005346,8.19,11.50,9.25,20.35,46.34,14.70,59.44,15.97,60.92
1778005347,8.19,11.50,9.50,19.91,46.26,14.87,59.48,16.35,60.98
1778005349,8.19,11.75,9.00,20.06,46.28,14.87,59.48,16.10,60.94
1778005351,8.13,11.25,9.25,20.06,46.25,14.82,59.48,15.84,60.93
1778005352,8.13,11.25,9.25,20.15,46.25,14.76,59.44,16.27,61.10
1778005354,8.19,11.50,9.00,20.55,46.30,14.72,59.43,16.00,61.10
1778005355,8.13,11.25,9.25,20.31,46.25,14.76,59.46,16.16,61.13
1778005357,8.19,11.50,9.50,20.40,46.27,14.76,59.48,15.99,61.00
1778005359,8.13,11.25,9.75,20.28,46.24,14.76,59.49,16.57,60.95
1778005360,8.06,11.25,9.00,20.05,46.22,14.81,59.48,16.72,60.81
1778005362,8.06,11.25,9.25,20.21,46.22,14.77,59.47,16.23,60.63
1778005363,8.00,11.50,9.25,20.33,46.25,14.82,59.48,16.21,60.57
1778005365,8.00,11.50,9.25,20.19,46.22,14.83,59.46,15.85,60.51
1778005367,8.00,12.00,8.75,20.19,46.23,14.80,59.48,16.09,60.50
1778005368,8.00,11.50,9.00,20.20,46.21,14.80,59.51,16.15,60.41
1778005370,8.06,11.50,9.00,20.22,46.20,14.74,59.56,16.08,60.25
1778005371,8.00,10.75,9.25,19.91,46.14,14.76,59.60,16.03,60.13
1778005373,8.00,11.25,9.00,20.16,46.16,14.66,59.62,16.11,60.04
1778005375,8.00,11.25,9.25,20.09,46.13,14.71,59.68,16.29,60.02
1778005376,8.00,11.00,9.00,20.16,46.12,14.70,59.71,16.53,60.03
1778005378,8.00,11.50,9.25,19.97,46.07,14.87,59.77,16.29,59.91
1778005379,8.00,11.00,9.25,20.12,46.08,14.66,59.76,16.12,59.80
1778005381,8.00,11.00,9.25,20.24,46.07,14.78,59.78,15.96,59.69
1778005383,8.06,11.50,9.00,20.55,46.13,14.88,59.80,16.08,59.67
1778005384,8.06,11.25,8.25,20.48,46.11,14.79,59.79,16.26,59.72
1778005386,8.13,11.00,9.25,20.40,46.12,14.82,59.80,15.75,59.71
1778005387,8.13,11.50,8.75,20.25,46.12,14.87,59.81,16.21,59.89
1778005389,8.13,11.00,8.75,20.17,46.10,14.72,59.79,16.30,59.99
1778005391,8.06,11.25,9.00,20.40,46.16,14.70,59.82,16.66,60.18
1778005392,8.13,11.50,9.00,20.15,46.08,14.87,59.86,15.98,60.18
1778005394,8.06,10.75,8.75,20.29,46.09,14.70,59.84,16.33,60.35
1778005395,8.13,11.25,9.75,20.24,46.06,14.72,59.84,16.05,60.28
1778005397,8.06,11.00,8.75,20.18,46.07,14.71,59.84,16.28,60.25
1778005399,8.06,11.25,9.00,20.16,46.07,14.66,59.83,16.37,60.24
1778005400,8.06,11.25,8.75,20.25,46.08,14.72,59.84,16.37,60.21
1778005402,8.06,11.25,9.00,20.16,46.05,14.72,59.80,16.23,60.26
1778005403,8.06,10.75,9.00,20.16,46.05,14.80,59.80,16.05,60.35
1778005405,8.06,11.25,9.00,20.07,46.05,14.64,59.77,16.52,60.55
1778005407,8.06,11.25,8.75,19.96,46.02,14.74,59.79,15.89,60.47
1778005408,8.06,11.25,9.00,20.12,46.04,14.63,59.77,16.02,60.47
1778005410,8.00,10.75,8.75,20.23,46.05,14.61,59.75,16.84,60.57
1778005412,8.06,11.50,9.00,20.18,46.05,14.68,59.77,15.90,60.37
1778005413,8.00,11.25,8.75,20.42,46.10,14.74,59.83,16.26,60.38
1778005415,7.94,11.00,8.75,20.47,46.09,14.70,59.83,15.87,60.28
1778005416,8.00,11.00,9.00,20.24,46.06,14.70,59.86,16.83,60.40
1778005418,8.00,11.25,9.25,20.03,46.02,14.70,59.88,15.98,60.17
1778005420,7.88,11.25,9.00,20.23,46.07,14.65,59.91,16.14,60.16
1778005421,7.94,11.50,9.50,20.23,46.07,14.70,59.97,16.29,60.14
1778005423,7.94,10.50,9.00,20.10,46.01,14.64,59.99,16.14,60.09
1778005424,7.94,11.25,9.00,20.24,46.03,14.69,60.05,16.11,60.08
1778005426,8.00,11.25,9.50,20.12,46.04,14.61,60.08,16.24,60.11
1778005428,8.00,11.50,9.25,20.08,46.02,14.65,60.11,15.99,60.04
1778005429,7.94,11.75,9.00,20.05,46.03,14.79,60.15,16.07,60.01
1778005431,8.00,11.50,9.50,20.57,46.14,14.68,60.15,15.87,60.02
1778005432,8.06,11.75,9.50,20.56,46.19,14.72,60.14,15.87,60.23
1778005434,8.13,11.75,9.50,20.00,46.16,14.70,60.16,16.78,60.68
1778005436,8.19,12.00,9.25,20.10,46.20,14.64,60.19,16.36,60.88
1778005437,8.19,11.50,9.75,20.21,46.24,14.72,60.31,16.08,61.16
1778005439,8.19,11.75,9.00,20.15,46.25,14.72,60.39,16.14,61.48
1778005440,8.19,11.50,9.50,20.22,46.23,14.69,60.40,16.24,61.59
1778005442,8.19,11.50,9.75,20.06,46.17,14.70,60.43,16.06,61.52
1778005444,8.13,11.00,9.25,20.19,46.18,14.69,60.43,16.30,61.48
1778005445,8.19,11.50,9.25,20.07,46.15,14.59,60.39,16.44,61.46
1778005447,8.19,11.25,9.50,20.47,46.21,14.78,60.41,16.11,61.45
1778005448,8.19,11.75,9.75,20.62,46.25,14.70,60.40,16.08,61.54
1778005450,8.19,11.75,9.25,20.23,46.18,14.69,60.39,16.24,61.58
1778005452,8.19,11.50,9.50,20.17,46.16,14.86,60.39,16.28,61.48
1778005453,8.19,11.50,9.50,20.21,46.15,14.72,60.34,16.54,61.36
1778005455,8.19,11.50,9.25,20.42,46.17,14.70,60.30,16.53,61.25
1778005456,8.13,11.25,9.50,20.17,46.11,14.73,60.26,17.05,61.28
1778005458,8.13,11.50,9.25,20.16,46.09,14.66,60.19,16.13,61.05
1778005460,8.13,11.50,9.25,20.01,46.04,14.75,60.13,16.65,61.05
1778005461,8.19,11.50,8.75,20.18,46.05,14.66,60.07,16.14,60.89
1778005463,8.13,11.25,8.75,20.60,46.12,14.70,60.01,16.29,60.81
1778005465,8.13,11.25,9.25,20.48,46.07,14.65,59.95,16.27,60.71
1778005466,8.13,11.00,9.50,20.37,46.05,14.70,59.90,16.40,60.56
1778005468,8.06,11.25,9.00,20.39,46.04,14.82,59.86,16.34,60.39
1778005469,8.00,10.75,9.00,20.50,46.08,14.72,59.79,16.30,60.26
1778005471,8.00,11.50,8.75,20.00,45.98,14.68,59.75,16.29,60.22
1778005473,8.00,11.25,9.00,20.29,46.02,14.76,59.75,16.32,60.22
1778005474,7.94,11.50,9.25,19.99,45.98,14.71,59.68,16.52,60.22
1778005476,8.00,11.00,9.00,20.23,45.99,14.83,59.67,16.64,60.11
1778005477,7.94,11.50,9.25,20.17,45.96,14.75,59.66,16.32,59.92
1778005479,8.00,11.25,8.75,20.29,45.96,14.78,59.65,16.30,59.74
1778005481,7.94,11.25,9.00,20.17,45.96,14.76,59.64,16.23,59.53
1778005482,7.94,11.50,9.00,20.53,46.00,14.70,59.62,16.30,59.40
1778005484,7.88,11.25,8.50,20.57,46.01,14.78,59.64,16.60,59.37
1778005485,7.88,11.50,9.00,20.36,45.95,14.60,59.63,16.35,59.34
1778005487,7.88,11.50,9.50,20.30,45.93,14.86,59.68,16.57,59.41
1778005489,7.94,11.50,9.25,20.27,45.92,14.72,59.66,16.29,59.31
1778005490,7.88,11.50,9.50,20.06,45.87,14.72,59.68,16.55,59.31
1778005492,7.94,11.50,9.50,20.20,45.88,14.76,59.72,16.63,59.24
1778005493,7.94,11.50,9.00,20.15,45.88,14.75,59.78,16.26,59.15
1778005495,7.94,11.75,9.00,20.48,45.95,14.71,59.81,16.19,59.24
1778005497,7.88,11.50,9.25,20.52,45.98,14.71,59.86,16.48,59.42
1778005498,7.94,11.75,9.25,20.78,46.07,14.94,59.96,16.57,59.54
1778005500,7.94,11.25,9.00,20.60,46.07,14.66,59.95,17.08,59.77
1778005501,7.94,11.75,9.50,19.93,46.01,14.80,60.03,16.16,59.77
1778005503,8.00,11.50,9.50,20.35,46.12,14.76,60.01,16.87,59.99
1778005505,8.00,11.50,9.50,20.19,46.07,14.73,60.00,16.05,59.80
1778005506,8.06,11.50,9.25,20.25,46.05,14.76,60.00,16.17,59.72
1778005508,8.06,11.50,9.25,20.42,46.04,14.71,59.99,16.53,59.70
1778005509,8.00,11.50,9.25,20.27,46.00,14.76,59.98,16.14,59.59
1778005511,8.00,11.50,9.25,20.40,45.99,14.70,59.95,16.30,59.55
1778005513,8.00,11.25,9.25,20.48,45.96,14.62,59.91,16.51,59.52
1778005514,8.06,11.00,9.00,20.78,46.00,14.72,59.90,16.11,59.40
1778005516,8.00,11.25,9.50,20.04,45.85,14.81,59.89,16.11,59.30
1778005518,8.06,11.50,9.50,19.97,45.84,14.66,59.81,16.40,59.26
1778005519,8.06,11.25,9.00,20.05,45.84,14.72,59.80,16.67,59.24
1778005521,8.06,11.00,9.00,20.23,45.85,14.78,59.81,16.42,59.22
1778005522,8.06,11.75,9.25,20.68,45.91,14.72,59.81,16.53,59.29
1778005524,8.06,11.00,9.25,20.30,45.86,14.76,59.84,16.88,59.33
1778005526,8.00,11.50,9.00,20.24,45.85,14.80,59.88,16.20,59.24
1778005527,8.00,11.50,9.00,20.38,45.88,14.62,59.85,16.17,59.27
1778005529,8.00,11.50,9.00,20.75,45.94,14.76,59.87,16.60,59.41
1778005530,8.00,11.50,9.25,20.44,45.90,14.66,59.86,16.48,59.44
1778005532,8.00,10.50,9.25,20.54,45.91,14.71,59.87,16.06,59.40
1778005534,8.00,11.50,9.25,20.29,45.86,14.87,59.91,16.88,59.60
1778005535,7.94,11.50,9.25,20.37,45.88,14.70,59.88,16.45,59.57
1778005537,7.94,11.50,9.25,20.20,45.87,14.79,59.87,16.36,59.56
1778005538,7.94,11.75,9.25,20.41,45.89,14.66,59.82,16.57,59.54
1778005540,7.94,11.75,9.50,20.35,45.85,14.87,59.82,16.23,59.45
1778005542,7.88,11.00,9.00,20.62,45.92,14.75,59.73,16.22,59.44
1778005543,7.88,11.50,9.25,20.38,45.89,14.66,59.66,16.98,59.59
1778005545,7.94,11.25,9.00,20.62,45.92,14.70,59.63,16.36,59.54
1778005546,7.94,11.50,9.25,20.42,45.87,14.83,59.65,16.91,59.75
1778005548,7.94,10.75,9.25,20.41,45.84,14.65,59.62,16.57,59.82
1778005550,7.88,11.25,9.00,19.99,45.75,14.89,59.66,16.32,59.83
1778005551,7.94,11.25,9.00,20.29,45.80,14.87,59.64,16.58,59.82
1778005553,7.88,11.25,9.25,20.38,45.78,14.70,59.59,16.39,59.66
1778005554,7.88,11.25,9.00,20.79,45.83,14.76,59.56,16.37,59.53
1778005556,7.88,10.75,9.00,20.25,45.74,14.72,59.52,15.89,59.33
1778005558,7.88,11.25,9.25,20.35,45.81,14.83,59.53,16.42,59.42
1778005559,7.88,11.75,9.00,20.81,45.91,14.72,59.48,16.40,59.56
1778005561,7.81,11.50,9.25,20.02,45.83,14.82,59.48,17.08,59.83
1778005562,7.88,11.00,8.50,20.48,45.90,14.87,59.49,16.63,59.73
1778005564,7.88,11.50,9.50,20.12,45.82,14.80,59.52,16.55,59.63
1778005566,7.81,11.50,9.50,20.29,45.81,14.79,59.56,16.61,59.54
1778005567,7.81,11.50,9.00,20.33,45.79,14.80,59.61,16.11,59.36
1778005569,7.88,11.50,9.00,20.65,45.84,14.76,59.63,16.33,59.35
1778005571,7.88,11.25,9.25,20.36,45.77,14.76,59.65,16.77,59.44
1778005572,7.88,11.25,9.00,20.38,45.77,14.81,59.66,16.59,59.51
1778005574,7.94,11.00,9.25,20.40,45.77,14.78,59.66,16.83,59.60
1778005575,7.94,11.25,9.00,20.22,45.76,14.89,59.68,16.98,59.66
1778005577,7.94,10.75,9.25,20.24,45.76,14.89,59.69,16.55,59.57
1778005579,7.94,11.75,8.75,20.08,45.74,14.80,59.70,16.51,59.47
1778005580,7.88,11.75,9.50,20.29,45.81,14.90,59.71,16.51,59.51
1778005582,7.88,11.50,9.50,20.57,45.92,14.90,59.74,16.27,59.62
1778005583,7.88,11.50,9.50,20.43,45.94,14.83,59.72,16.02,59.71
1778005585,7.94,11.25,9.00,20.45,45.95,14.76,59.70,15.94,59.66
1778005587,7.94,11.50,9.25,20.30,45.89,14.77,59.72,16.46,59.65
1778005588,7.94,10.75,8.75,20.08,45.85,14.70,59.74,16.63,59.60
1778005590,7.94,11.50,9.50,20.26,45.85,14.77,59.76,16.80,59.55
1778005591,8.00,11.75,9.50,20.15,45.82,14.87,59.80,16.42,59.43
1778005593,8.00,11.00,9.25,20.50,45.86,14.77,59.82,16.89,59.49
1778005595,7.94,11.25,8.75,20.78,45.89,14.83,59.83,16.16,59.30
1778005596,7.94,11.75,9.25,20.29,45.79,14.78,59.81,16.32,59.29
1778005598,7.94,11.75,9.50,20.57,45.84,14.79,59.79,16.35,59.32
1778005599,8.00,11.75,8.75,20.48,45.82,14.76,59.78,16.42,59.33
1778005601,8.00,11.25,9.00,20.53,45.82,14.83,59.80,16.11,59.29
1778005603,8.00,11.50,9.25,20.82,45.86,14.86,59.81,16.21,59.31
1778005604,8.06,11.75,9.50,20.08,45.75,14.74,59.81,16.21,59.28
1778005606,8.13,11.50,8.75,20.44,45.79,14.76,59.86,16.39,59.27
1778005607,8.13,11.75,9.50,20.18,45.73,14.82,59.89,16.58,59.26
1778005609,8.13,11.50,9.50,20.44,45.76,14.86,59.94,16.34,59.22
1778005611,8.19,11.50,9.25,20.53,45.78,14.77,59.96,16.55,59.36
1778005612,8.19,11.25,9.25,20.54,45.78,14.77,59.98,16.69,59.48
1778005614,8.19,11.25,9.00,20.40,45.74,14.72,59.97,16.29,59.45
1778005615,8.25,11.25,9.25,20.41,45.73,14.78,59.93,16.33,59.46
1778005617,8.25,11.50,9.25,20.49,45.73,14.81,59.91,16.20,59.40
1778005619,8.25,11.50,9.25,20.37,45.72,14.77,59.87,16.22,59.34
1778005620,8.19,11.50,9.50,20.28,45.70,14.81,59.83,16.57,59.34
1778005622,8.25,11.50,8.75,20.31,45.69,14.81,59.80,16.12,59.25
1778005624,8.25,11.25,9.25,20.80,45.76,14.77,59.77,16.46,59.29
1778005625,8.25,11.75,9.25,20.44,45.67,14.71,59.72,16.43,59.30
1778005627,8.25,11.25,9.25,20.51,45.70,14.76,59.71,16.26,59.33
1778005628,8.25,11.50,8.75,20.48,45.65,14.76,59.69,16.93,59.51
1778005630,8.25,10.75,8.75,20.48,45.66,14.60,59.65,16.30,59.42
1778005632,8.25,11.00,9.25,20.66,45.68,14.70,59.68,16.35,59.41
1778005633,8.19,11.00,9.25,20.43,45.62,14.76,59.69,16.07,59.37
1778005635,8.31,11.50,9.25,20.07,45.59,14.75,59.70,16.51,59.44
1778005636,8.25,11.25,9.00,20.10,45.60,14.75,59.74,16.51,59.46
1778005638,8.25,11.50,8.75,20.13,45.59,14.76,59.77,16.05,59.38
1778005640,8.25,11.00,9.25,20.16,45.61,14.76,59.79,15.94,59.37
1778005641,8.19,11.50,9.00,20.44,45.66,14.76,59.80,16.13,59.37
1778005643,8.25,11.00,8.75,20.80,45.72,14.80,59.80,16.29,59.39
1778005644,8.25,11.25,8.75,20.46,45.67,14.83,59.79,16.24,59.28
1778005646,8.19,11.00,9.00,20.44,45.68,14.66,59.77,16.21,59.22
1778005648,8.25,11.50,9.25,20.50,45.75,14.65,59.77,16.22,59.26
1778005649,8.19,11.25,9.00,20.47,45.76,14.80,59.82,16.08,59.29
1778005651,8.25,11.25,8.50,20.83,45.83,14.66,59.79,16.28,59.37
1778005652,8.19,11.25,9.25,20.48,45.76,14.80,59.83,16.31,59.39
1778005654,8.19,11.25,9.25,20.34,45.73,14.75,59.82,16.28,59.40
1778005656,8.19,11.25,9.00,20.44,45.72,14.83,59.83,15.87,59.36
1778005657,8.19,11.25,9.25,20.53,45.71,14.93,59.82,16.03,59.39
1778005659,8.25,11.50,9.00,20.40,45.66,14.80,59.75,16.27,59.42
1778005660,8.19,11.00,9.00,20.06,45.61,14.77,59.71,16.26,59.39
1778005662,8.19,11.25,9.25,20.44,45.66,14.77,59.67,16.20,59.34
1778005664,8.19,10.75,8.75,20.29,45.64,14.81,59.63,16.05,59.27
1778005665,8.19,11.25,9.25,20.49,45.67,14.69,59.57,16.48,59.28
1778005667,8.19,11.00,9.00,20.40,45.66,14.65,59.54,16.59,59.25
1778005668,8.19,11.00,9.00,20.78,45.71,14.75,59.54,15.92,59.13
1778005670,8.13,11.00,9.00,20.34,45.64,14.60,59.52,16.12,59.13
1778005672,8.13,10.75,9.25,20.55,45.69,14.76,59.53,16.20,59.13
1778005673,8.13,11.00,8.50,20.44,45.67,14.64,59.51,16.61,59.18
1778005675,8.06,11.25,9.00,20.43,45.67,14.72,59.55,16.33,59.09
1778005677,8.06,11.00,9.25,20.48,45.67,14.66,59.54,16.23,59.04
1778005678,8.13,11.25,9.00,20.04,45.59,14.71,59.56,15.81,58.92
1778005680,8.06,11.25,9.00,20.10,45.60,14.66,59.56,16.17,58.91
1778005681,8.06,11.00,8.75,20.29,45.63,14.66,59.55,16.59,58.96
1778005683,8.06,11.25,9.25,20.09,45.59,14.70,59.55,16.09,58.89
1778005685,8.06,11.50,8.75,20.06,45.60,14.78,59.61,16.29,58.95
1778005686,8.06,11.25,9.25,20.42,45.65,14.72,59.60,16.05,58.89
1778005688,8.06,11.25,9.00,20.51,45.70,14.65,59.61,16.02,58.87
1778005689,8.06,11.75,9.25,20.45,45.68,14.65,59.65,15.92,58.83
1778005691,8.00,11.25,9.25,20.37,45.68,14.69,59.68,16.20,58.87
1778005693,8.06,11.75,9.25,20.63,45.73,14.74,59.73,16.40,58.97
1778005694,8.13,11.50,9.50,20.03,45.68,14.61,59.75,16.48,59.19
1778005696,8.13,11.75,9.00,20.12,45.73,14.73,59.84,16.28,59.39
1778005697,8.13,11.25,9.25,20.34,45.74,14.71,59.91,16.23,59.53
1778005699,8.13,11.50,9.25,20.45,45.77,14.75,59.98,15.73,59.57
1778005701,8.19,11.50,9.50,20.37,45.75,14.69,60.01,16.58,59.86
1778005702,8.19,11.25,9.50,20.65,45.77,14.63,60.04,16.00,59.85
1778005704,8.25,11.25,9.00,20.40,45.76,14.83,60.11,16.12,59.90
1778005705,8.25,11.50,9.25,20.65,45.80,14.76,60.14,16.25,59.94
1778005707,8.25,11.00,8.75,20.33,45.75,14.71,60.10,16.21,59.94
1778005709,8.31,11.25,9.00,20.34,45.75,14.72,60.09,16.19,59.91
1778005710,8.31,11.50,9.00,20.15,45.72,14.72,60.07,16.58,59.93
1778005712,8.25,11.25,9.00,20.19,45.73,14.86,60.07,15.98,59.78
1778005713,8.31,11.00,9.25,20.37,45.78,14.80,60.02,16.59,59.89
1778005715,8.31,11.00,9.25,20.72,45.83,14.75,59.96,16.23,59.84
1778005717,8.31,11.25,9.00,20.31,45.75,14.70,59.91,16.22,59.90
1778005718,8.31,11.25,9.00,20.73,45.79,14.75,59.87,15.82,59.87
1778005720,8.31,11.00,9.25,20.35,45.71,14.67,59.82,16.07,59.94
1778005721,8.31,11.00,8.75,20.61,45.73,14.79,59.79,15.95,59.90
1778005723,8.31,11.25,9.50,20.41,45.69,14.75,59.74,15.96,59.86
1778005725,8.25,11.50,9.00,20.52,45.71,14.72,59.70,15.73,59.73
1778005726,8.25,11.50,9.25,20.44,45.70,14.74,59.68,16.27,59.71
1778005728,8.19,11.75,9.25,20.73,45.76,14.66,59.65,15.98,59.61
1778005730,8.25,11.25,9.25,20.41,45.75,14.76,59.68,16.04,59.77
1778005731,8.19,11.75,9.25,20.62,45.83,14.87,59.74,16.65,60.13
1778005733,8.19,11.75,9.50,20.64,45.87,14.63,59.75,16.29,60.37
1778005734,8.13,11.50,9.75,20.18,45.86,14.86,59.87,16.59,60.77
1778005736,8.19,12.00,9.75,20.05,45.87,14.74,59.91,15.96,60.97
1778005738,8.25,12.00,9.75,20.44,45.97,14.70,59.97,16.17,61.27
1778005739,8.31,11.50,9.75,20.25,45.99,14.86,60.07,16.18,61.51
1778005741,8.44,11.25,10.00,20.30,46.08,14.70,60.14,15.76,61.66
1778005742,8.50,11.75,9.75,20.27,46.12,14.76,60.23,15.98,61.95
1778005744,8.50,11.50,9.50,20.44,46.19,14.72,60.30,16.02,62.12
1778005746,8.56,11.75,9.75,20.16,46.15,14.80,60.40,16.27,62.22
1778005747,8.63,11.75,9.75,20.14,46.12,14.82,60.45,15.88,62.00
1778005749,8.56,11.25,9.75,20.26,46.13,14.87,60.45,16.05,61.79
1778005750,8.56,11.50,9.75,20.24,46.09,14.72,60.44,15.92,61.50
1778005752,8.50,11.50,9.50,20.38,46.09,14.79,60.43,16.08,61.27
1778005754,8.50,11.25,9.50,20.27,46.01,14.76,60.37,16.76,61.17
1778005755,8.50,12.00,9.25,20.28,45.97,14.79,60.31,16.56,60.92
1778005757,8.50,12.00,10.00,20.40,45.97,14.83,60.25,16.28,60.70
1778005758,8.63,11.75,9.25,20.42,45.97,14.81,60.19,16.02,60.55
1778005760,8.63,11.75,9.50,20.28,45.95,14.80,60.14,16.22,60.61
1778005762,8.69,12.25,9.50,20.31,45.95,14.76,60.07,16.46,60.82
1778005763,8.75,11.50,9.25,20.58,45.99,14.78,60.04,16.02,60.99
1778005765,8.81,11.75,9.00,20.48,46.00,14.83,60.07,16.57,61.31
1778005766,8.88,11.75,9.75,20.09,45.93,14.71,60.04,16.12,61.51
1778005768,8.94,12.00,9.75,20.38,45.99,14.89,60.06,16.13,61.66
1778005770,8.94,12.25,9.75,20.54,45.98,14.87,60.07,16.88,61.86
1778005771,8.94,11.75,9.75,19.97,45.87,14.78,60.04,16.16,61.77
1778005773,8.94,11.75,9.25,20.44,45.92,14.88,60.04,16.65,61.85
1778005774,8.88,11.75,9.25,20.46,45.90,14.90,60.05,16.95,61.82
1778005776,8.81,11.50,9.75,20.85,45.92,14.78,60.00,16.37,61.52
1778005778,8.75,11.75,9.25,20.44,45.81,14.99,60.00,16.42,61.22
1778005779,8.88,11.50,9.50,20.70,45.86,14.82,59.93,16.27,60.95
1778005781,8.81,12.00,9.75,20.46,45.80,14.80,59.89,16.34,60.89
1778005783,8.75,12.00,9.75,20.50,45.82,14.79,59.88,16.38,60.99
1778005784,8.75,11.50,9.75,20.41,45.79,14.78,59.84,16.40,60.96
1778005786,8.75,11.75,9.75,20.60,45.79,14.88,59.79,16.37,60.81
1778005787,8.75,11.75,9.75,20.44,45.74,14.77,59.76,16.22,60.64
1778005789,8.75,11.75,9.25,20.40,45.74,14.77,59.74,16.48,60.60
1778005791,8.75,11.75,9.50,20.48,45.77,14.83,59.74,16.43,60.68
1778005792,8.69,11.50,9.50,20.40,45.74,14.73,59.72,16.63,60.75
1778005794,8.69,11.50,9.00,20.43,45.74,14.87,59.73,16.49,60.57
1778005795,8.69,11.25,9.50,20.40,45.72,14.88,59.73,17.19,60.48
1778005797,8.56,11.25,9.50,20.85,45.77,14.89,59.71,16.94,60.23
1778005799,8.56,11.25,9.00,20.31,45.69,14.83,59.67,16.85,60.04
1778005800,8.56,11.25,9.00,20.10,45.63,14.80,59.63,16.76,59.92
1778005802,8.56,11.50,9.25,20.87,45.73,14.88,59.59,16.76,59.82
1778005803,8.56,11.50,9.00,20.52,45.66,14.81,59.56,17.19,59.71
1778005805,8.50,11.00,9.00,20.34,45.60,14.80,59.51,17.02,59.43
1778005807,8.44,11.00,9.00,20.87,45.69,14.81,59.47,17.00,59.18
1778005808,8.44,11.00,9.00,20.42,45.60,14.66,59.43,17.07,58.96
1778005810,8.44,11.25,9.50,20.55,45.63,14.77,59.41,16.57,58.69
1778005811,8.38,11.25,9.25,20.37,45.60,14.77,59.42,17.05,58.75
1778005813,8.31,11.50,9.00,20.33,45.67,14.76,59.43,17.08,58.89
1778005815,8.38,11.75,9.00,20.27,45.70,14.76,59.45,17.11,59.12
1778005816,8.38,11.50,9.50,20.35,45.74,14.81,59.48,16.56,59.14
1778005818,8.25,11.25,9.25,20.38,45.72,14.86,59.50,16.33,59.03
1778005819,8.31,11.50,9.25,20.28,45.69,14.87,59.55,16.75,59.00
1778005821,8.25,11.75,9.50,20.21,45.64,14.77,59.60,16.37,58.82
1778005823,8.25,11.25,9.50,20.17,45.58,14.72,59.65,16.61,58.78
1778005824,8.25,11.25,9.25,20.39,45.61,14.72,59.66,16.37,58.57
1778005826,8.25,11.25,8.75,20.34,45.57,14.67,59.65,16.53,58.39
1778005827,8.25,9.50,9.25,20.41,45.55,14.79,59.66,16.43,58.15
1778005829,8.31,9.00,9.25,20.38,45.50,14.72,59.64,16.74,58.00
1778005831,8.19,9.00,9.25,20.87,45.57,14.76,59.66,16.77,57.85
1778005832,8.31,9.75,9.50,20.39,45.50,14.71,59.69,16.85,57.75
1778005834,8.25,9.75,9.50,20.46,45.47,14.76,59.74,16.71,57.63
1778005835,8.31,10.25,8.75,20.40,45.46,14.83,59.76,16.55,57.51
1778005837,8.25,10.25,9.25,20.34,45.46,14.73,59.77,16.43,57.39
1778005839,8.31,9.50,8.75,20.45,45.45,14.89,59.82,17.24,57.52
1778005840,8.31,8.50,9.25,20.51,45.47,14.83,59.79,16.84,57.44
1778005842,8.31,8.25,9.25,20.50,45.46,14.78,59.77,16.51,57.39
1778005844,8.31,6.75,8.75,20.35,45.42,14.83,59.76,16.69,57.43
1778005845,8.31,6.00,8.75,20.46,45.44,14.83,59.78,17.14,57.53
1778005847,8.38,6.00,9.00,20.48,45.43,14.87,59.77,16.87,57.51
1778005848,8.38,6.50,8.50,20.53,45.44,14.80,59.77,16.44,57.51
1778005850,8.38,6.75,8.75,20.42,45.41,14.82,59.74,16.50,57.50
1778005852,8.38,6.25,8.75,20.32,45.39,14.87,59.72,16.19,57.37
1778005853,8.31,8.25,9.00,20.61,45.44,14.78,59.66,16.43,57.37
1778005855,8.25,8.50,8.75,20.84,45.45,14.91,59.63,16.91,57.45
1778005856,8.31,8.00,9.25,20.62,45.39,14.83,59.60,16.94,57.42
1778005858,8.25,8.00,9.25,20.37,45.33,14.81,59.57,16.42,57.27
1778005860,8.31,8.50,9.25,20.44,45.32,14.92,59.54,16.90,57.30
1778005861,8.25,8.50,8.75,20.56,45.33,14.93,59.51,16.44,57.14
1778005863,8.25,8.50,9.00,20.54,45.33,14.95,59.46,16.83,57.16
1778005864,8.25,8.50,9.00,20.57,45.34,14.95,59.44,16.29,57.05
1778005866,8.31,8.25,9.00,20.76,45.37,14.96,59.41,16.80,57.14
1778005868,8.25,8.75,8.75,20.66,45.34,14.83,59.35,16.83,57.16
1778005869,8.31,8.50,9.25,20.32,45.27,14.94,59.32,16.77,57.13
1778005871,8.31,8.75,8.75,20.90,45.37,14.90,59.30,16.27,57.09
1778005872,8.31,9.00,9.50,20.40,45.31,14.88,59.26,16.56,57.32
1778005874,8.31,8.25,9.00,20.75,45.40,14.94,59.32,16.66,57.67
1778005876,8.31,8.50,9.00,20.29,45.34,14.90,59.34,16.82,57.91
1778005877,8.31,8.50,8.75,20.50,45.37,14.83,59.33,16.55,57.88
1778005879,8.31,8.75,9.25,20.73,45.39,14.90,59.39,16.20,57.76
1778005880,8.25,8.50,9.00,20.41,45.32,14.88,59.42,16.51,57.72
1778005882,8.25,8.25,9.00,20.44,45.29,14.78,59.42,16.64,57.64
1778005884,8.19,8.75,9.00,20.29,45.27,15.02,59.46,16.91,57.62
1778005885,8.19,9.00,9.00,20.53,45.30,15.00,59.49,16.38,57.48
1778005887,8.19,8.50,8.50,20.27,45.25,14.79,59.43,16.40,57.45
1778005888,8.19,8.75,8.75,20.82,45.34,14.80,59.37,17.19,57.55
1778005890,8.19,8.50,8.50,20.47,45.28,14.76,59.36,16.70,57.46
1778005892,8.19,8.50,9.00,20.46,45.28,14.89,59.39,16.40,57.40
1778005893,8.19,8.50,9.00,20.53,45.28,14.89,59.43,16.46,57.42
1778005895,8.19,8.00,9.00,20.58,45.30,14.83,59.45,16.71,57.47
1778005896,8.19,8.75,8.75,20.62,45.33,14.90,59.48,16.49,57.45
1778005898,8.19,8.25,9.25,20.73,45.38,14.90,59.51,16.24,57.49
1778005900,8.19,9.00,9.00,20.56,45.35,14.82,59.48,17.11,57.68
1778005901,8.19,8.75,9.00,20.62,45.36,14.87,59.48,16.74,57.60
1778005903,8.19,8.50,9.00,20.59,45.33,14.93,59.48,16.55,57.54
1778005905,8.25,8.50,8.75,20.91,45.39,14.87,59.42,16.96,57.59
1778005906,8.19,8.50,8.75,20.18,45.29,14.88,59.41,16.60,57.63
1778005908,8.25,8.50,9.00,20.86,45.39,14.90,59.42,16.84,57.76
1778005909,8.19,8.75,9.00,20.31,45.28,14.96,59.44,16.87,57.76
1778005911,8.19,9.25,8.75,20.33,45.28,14.88,59.40,16.75,57.69
1778005913,8.25,9.25,9.00,20.51,45.30,14.91,59.38,16.19,57.56
1778005914,8.25,9.50,9.00,20.53,45.28,14.95,59.37,16.39,57.60
1778005916,8.19,9.50,9.25,20.62,45.28,14.92,59.34,16.60,57.66
1778005917,8.19,8.75,8.75,20.29,45.22,14.85,59.30,16.44,57.67
1778005919,8.19,9.00,9.25,20.29,45.22,14.92,59.29,16.94,57.80
1778005921,8.19,9.00,9.00,20.29,45.22,14.98,59.30,17.13,57.84
1778005922,8.31,8.50,9.00,20.53,45.28,14.85,59.26,16.57,57.77
1778005924,8.31,9.00,9.00,20.56,45.29,14.83,59.26,16.73,57.98
1778005925,8.31,9.00,9.25,20.32,45.30,14.76,59.26,16.46,58.31
1778005927,8.25,8.25,9.25,20.40,45.30,14.89,59.28,16.56,58.54
1778005929,8.31,8.75,9.00,20.59,45.33,14.99,59.30,16.33,58.52
1778005930,8.31,8.00,9.00,20.49,45.29,14.92,59.26,16.44,58.48
1778005932,8.25,8.50,8.75,20.48,45.27,14.93,59.26,16.53,58.45
1778005933,8.19,8.75,9.00,20.61,45.28,14.90,59.22,17.12,58.60
1778005935,8.25,8.75,9.00,20.55,45.26,14.94,59.25,16.40,58.47
1778005937,8.25,8.75,8.75,20.46,45.23,14.90,59.23,17.23,58.53
1778005938,8.25,9.25,9.00,20.49,45.23,14.87,59.23,16.58,58.39
1778005940,8.25,9.00,8.75,20.40,45.23,14.80,59.24,16.75,58.48
1778005941,8.25,9.25,9.00,20.62,45.26,14.83,59.26,16.38,58.41
1778005943,8.25,8.75,9.00,20.48,45.24,14.87,59.28,16.71,58.42
1778005945,8.19,9.50,9.00,20.64,45.27,14.86,59.27,16.53,58.29
1778005946,8.19,9.25,9.00,20.60,45.23,14.94,59.30,16.69,58.27
1778005948,8.19,9.25,9.25,20.44,45.20,14.98,59.31,16.66,58.23
1778005949,8.25,8.75,9.00,20.34,45.18,14.91,59.29,16.77,58.22
1778005951,8.19,9.50,9.25,20.83,45.25,14.91,59.28,16.88,58.17
1778005953,8.13,8.50,8.25,20.68,45.24,14.96,59.26,16.42,58.05
1778005954,8.19,8.25,9.00,20.40,45.19,14.77,59.19,16.07,57.98
1778005956,8.13,6.00,9.00,20.88,45.25,15.05,59.24,16.70,58.07
1778005957,8.13,5.75,9.00,20.77,45.22,14.88,59.23,17.13,58.14
1778005959,8.13,5.00,8.25,20.40,45.16,14.94,59.24,16.17,57.94
1778005961,8.13,0.00,8.75,20.40,45.15,14.76,59.24,16.57,58.02
1778005962,8.13,5.25,9.00,20.51,45.15,15.00,59.29,16.55,58.03
1778005964,8.13,5.00,9.00,20.48,45.12,14.92,59.28,16.44,57.97
1778005966,8.13,5.75,9.25,20.43,45.11,14.87,59.28,16.50,57.95
1778005967,8.13,0.00,8.75,20.60,45.14,14.88,59.31,16.44,57.95
1778005969,8.06,5.75,9.00,20.71,45.20,14.94,59.38,16.18,58.00
1778005970,8.13,5.25,9.00,20.48,45.23,14.88,59.39,16.55,58.28
1778005972,8.13,5.00,9.00,20.50,45.28,14.94,59.40,16.44,58.58
1778005974,8.13,5.50,9.25,20.67,45.36,14.88,59.40,16.15,58.76
1778005975,8.13,5.25,9.25,20.41,45.33,14.92,59.41,16.68,58.92
1778005977,8.19,5.00,9.25,20.47,45.30,14.87,59.40,16.67,58.84
1778005978,8.19,4.50,8.75,20.87,45.32,15.03,59.46,16.70,58.73
1778005980,8.19,5.00,9.00,20.34,45.22,14.95,59.46,16.71,58.64
1778005982,8.25,5.25,8.75,20.98,45.29,14.94,59.49,16.53,58.58
1778005983,8.13,5.25,9.00,20.46,45.21,14.99,59.48,16.72,58.58
1778005985,8.19,5.50,9.00,20.88,45.24,14.94,59.44,16.67,58.50
1778005986,8.25,5.75,9.00,20.38,45.14,14.81,59.38,16.63,58.43
1778005988,8.25,6.25,8.50,20.41,45.13,14.94,59.37,16.72,58.42
1778005990,8.19,9.25,8.75,20.49,45.13,14.83,59.32,17.17,58.45
1778005991,8.19,9.25,9.00,20.37,45.11,14.96,59.30,16.27,58.25
1778005993,8.19,9.25,9.25,20.53,45.14,14.92,59.28,17.02,58.34
1778005994,8.13,9.00,9.25,20.51,45.13,14.94,59.24,16.07,58.15
1778005996,8.19,9.25,9.25,20.51,45.12,15.01,59.21,16.12,58.12
1778005998,8.19,9.00,8.50,20.65,45.13,15.01,59.16,16.48,58.14
1778005999,8.13,9.00,8.50,20.51,45.09,14.85,59.11,16.65,58.14
1778006001,8.19,8.75,9.00,20.84,45.13,14.97,59.12,16.22,58.04
1778006002,8.19,9.00,9.25,20.51,45.07,14.89,59.08,16.59,58.10
1778006004,8.13,9.00,8.75,20.37,45.05,14.96,59.06,16.68,58.08
1778006006,8.13,9.50,9.50,20.37,45.04,14.93,59.03,16.42,58.03
1778006007,8.06,10.00,8.75,20.29,45.02,14.88,59.01,16.66,58.05
1778006009,8.13,9.25,8.75,20.94,45.13,14.94,59.02,16.46,58.00
1778006010,8.13,9.50,9.25,20.42,45.04,14.85,58.98,16.62,58.03
1778006012,8.06,9.00,9.25,20.39,45.03,14.92,59.00,16.49,58.01
1778006014,8.13,9.75,9.25,20.63,45.06,14.91,59.02,16.48,57.99
1778006015,8.13,0.00,9.00,20.37,45.04,14.83,59.02,16.52,58.00
1778006017,8.06,8.25,9.25,21.02,45.13,14.86,59.05,16.66,57.99
1778006018,8.06,8.25,9.25,20.34,45.03,14.94,59.13,16.40,57.94
1778006020,8.06,7.75,9.00,20.88,45.10,14.95,59.16,16.35,57.89
1778006022,8.06,7.75,8.75,20.41,45.01,14.89,59.15,15.94,57.82
1778006023,8.06,0.00,8.75,20.34,44.99,14.95,59.21,16.40,57.92
1778006025,8.06,8.50,9.25,20.38,44.98,14.86,59.22,16.41,57.98
1778006026,8.13,8.25,8.75,20.95,45.08,15.00,59.26,16.55,58.07
1778006028,8.06,0.00,8.75,20.77,45.04,14.94,59.27,16.94,58.20
1778006030,8.06,8.25,9.00,20.38,44.99,14.88,59.30,16.47,58.20
1778006031,8.13,8.25,9.00,20.60,45.02,14.87,59.30,16.39,58.20
1778006033,8.06,8.50,9.25,21.03,45.13,14.98,59.32,16.53,58.24
1778006035,8.06,8.50,9.00,20.65,45.08,14.88,59.30,16.70,58.27
1778006036,8.13,8.25,9.25,20.72,45.09,15.05,59.32,16.61,58.28
1778006038,8.13,7.75,9.25,20.87,45.13,14.91,59.29,16.08,58.21
1778006039,8.06,8.50,9.50,20.42,45.09,14.94,59.31,16.27,58.31
1778006041,8.06,8.50,9.25,20.89,45.22,14.96,59.34,16.19,58.48
1778006043,8.13,8.50,9.00,20.41,45.22,14.91,59.34,16.20,58.77
1778006044,8.13,8.00,9.00,20.34,45.29,14.91,59.32,16.55,59.11
1778006046,8.13,7.75,9.25,20.92,45.44,14.90,59.30,16.50,59.32
1778006047,8.13,8.75,9.25,20.35,45.34,14.91,59.28,16.80,59.44
1778006049,8.13,8.50,9.00,20.31,45.31,14.92,59.26,16.51,59.36
1778006051,8.13,9.00,9.25,20.50,45.28,14.99,59.28,16.46,59.27
1778006052,8.19,9.25,9.00,20.40,45.22,14.92,59.28,16.59,59.22
1778006054,8.19,9.50,9.25,20.51,45.22,14.86,59.27,16.83,59.27
1778006055,8.19,9.00,9.25,20.59,45.20,15.02,59.25,16.68,59.33
1778006057,8.19,9.00,9.25,20.36,45.15,14.90,59.22,16.46,59.40
1778006059,8.19,9.00,9.25,20.40,45.15,15.00,59.21,16.62,59.42
1778006060,8.19,9.50,9.00,20.53,45.14,14.94,59.18,16.48,59.31
1778006062,8.19,9.50,8.75,20.40,45.11,14.97,59.18,16.40,59.17
1778006063,8.19,9.50,9.00,20.40,45.08,14.99,59.17,16.63,59.14
1778006065,8.25,9.00,8.75,20.92,45.18,14.94,59.14,16.52,59.06
1778006067,8.19,9.00,8.75,20.38,45.07,14.99,59.11,16.29,58.97
1778006068,8.19,9.25,8.75,20.81,45.11,14.91,59.06,16.17,58.88
1778006070,8.19,8.75,8.75,20.49,45.05,14.89,59.06,16.19,58.86
1778006071,8.13,9.25,8.50,20.88,45.11,14.92,59.04,16.33,58.86
1778006073,8.13,8.75,9.25,20.32,45.00,14.97,59.06,16.26,58.84
1778006075,8.19,9.00,9.25,20.42,45.02,14.89,59.05,16.35,58.84
1778006076,8.13,9.00,9.25,20.25,45.00,14.83,59.05,16.89,58.94
1778006078,8.13,9.25,9.25,20.87,45.09,14.93,59.09,16.38,58.82
1778006079,8.13,9.25,9.25,20.37,45.01,14.94,59.15,16.90,58.91
1778006081,8.13,9.00,9.25,20.38,45.02,14.85,59.15,16.44,58.81
1778006083,8.13,9.25,8.50,20.37,45.00,14.88,59.16,16.65,58.77
1778006084,8.06,9.25,9.25,20.47,45.01,14.88,59.15,16.42,58.65
1778006086,8.06,9.00,9.25,20.40,45.00,14.87,59.15,16.50,58.62
1778006087,8.06,9.00,9.25,20.57,45.00,14.94,59.21,16.53,58.66
1778006089,8.13,9.25,9.00,20.72,45.02,14.83,59.21,16.32,58.72
1778006091,8.13,8.75,9.25,20.41,44.97,14.80,59.19,16.33,58.78
1778006092,8.06,9.00,9.50,20.55,45.02,14.83,59.18,16.33,58.79
1778006094,8.13,9.75,9.50,20.88,45.08,14.83,59.20,16.63,58.86
1778006095,8.19,9.50,9.50,20.33,45.05,14.83,59.20,16.18,59.03
1778006097,8.25,10.00,9.75,20.29,45.13,14.89,59.23,16.23,59.51
1778006099,8.38,9.50,9.75,20.47,45.20,15.02,59.33,16.61,60.09
1778006100,8.44,8.75,9.50,20.26,45.25,14.85,59.38,16.60,60.58
1778006102,8.44,9.00,9.75,20.74,45.45,14.90,59.48,16.48,60.96
1778006104,8.50,9.50,9.75,20.37,45.46,14.89,59.57,16.47,61.23
1778006105,8.44,8.75,9.75,20.51,45.49,14.78,59.59,16.80,61.27
1778006107,8.44,9.25,9.75,20.47,45.47,14.77,59.62,16.42,60.97
1778006108,8.50,9.00,9.00,20.42,45.41,14.72,59.66,16.65,60.78
1778006110,8.44,9.25,9.50,20.31,45.38,14.77,59.70,16.36,60.50
1778006112,8.44,8.75,9.25,20.47,45.37,14.87,59.75,16.47,60.36
1778006113,8.44,9.25,9.25,20.36,45.32,14.79,59.73,16.53,60.22
1778006115,8.44,9.50,9.25,20.46,45.31,14.91,59.74,16.44,60.07
1778006116,8.44,9.00,9.25,20.38,45.28,14.93,59.74,16.63,60.00
1778006118,8.38,9.00,9.25,20.37,45.26,14.89,59.72,16.49,59.86
1778006120,8.38,8.75,9.25,20.36,45.25,14.82,59.67,16.59,59.72
1778006121,8.38,9.00,9.25,20.46,45.23,14.78,59.64,16.61,59.63
1778006123,8.38,9.00,8.75,20.55,45.21,14.90,59.62,16.65,59.54
1778006124,8.38,9.00,9.25,20.51,45.22,14.81,59.55,16.45,59.41
1778006126,8.38,9.00,9.25,20.62,45.20,14.88,59.51,16.51,59.28
1778006128,8.31,9.00,9.25,20.40,45.18,14.83,59.47,16.13,59.04
1778006129,8.25,9.00,9.00,20.51,45.17,14.89,59.48,16.44,58.93
1778006131,8.25,9.00,9.00,20.56,45.16,14.87,59.46,16.98,58.91
1778006132,8.31,9.00,8.50,20.36,45.10,14.79,59.40,16.43,58.80
1778006134,8.25,9.50,9.50,20.80,45.18,14.85,59.42,16.18,58.87
1778006136,8.25,9.25,9.25,20.51,45.14,14.85,59.42,16.61,59.19
1778006137,8.19,9.00,8.75,20.76,45.22,14.88,59.44,16.35,59.41
1778006139,8.19,9.25,9.25,20.59,45.24,14.87,59.44,16.23,59.66
1778006140,8.19,9.50,9.50,20.88,45.30,14.87,59.43,16.70,59.94
1778006142,8.25,9.50,9.50,20.45,45.23,14.92,59.46,16.07,59.85
1778006144,8.25,9.00,9.50,20.33,45.19,15.02,59.48,17.05,59.91
1778006145,8.19,9.75,9.75,20.86,45.28,14.90,59.48,16.55,59.81
1778006147,8.25,9.75,9.50,20.27,45.16,14.87,59.50,16.56,59.86
1778006148,8.25,9.75,9.50,20.28,45.18,14.78,59.52,17.05,60.03
1778006150,8.19,9.25,9.50,20.37,45.21,14.91,59.59,16.06,59.92
1778006152,8.25,9.75,9.25,20.65,45.26,14.90,59.61,17.02,60.05
1778006153,8.25,10.25,9.50,20.49,45.22,14.98,59.63,16.40,59.78
1778006155,8.19,10.00,9.00,20.51,45.19,14.89,59.61,16.45,59.51
1778006156,8.19,9.75,9.50,20.44,45.18,14.91,59.60,16.38,59.30
1778006158,8.25,10.00,9.00,20.69,45.20,14.90,59.59,16.62,59.25
1778006160,8.25,9.75,9.00,20.70,45.21,14.72,59.54,16.94,59.14
1778006161,8.25,8.75,9.00,20.42,45.16,14.63,59.44,16.17,58.94
1778006163,8.31,9.00,8.75,20.32,45.12,14.58,59.36,16.68,58.97
1778006165,8.19,9.00,9.50,20.79,45.18,14.62,59.41,16.56,58.82
1778006166,8.19,9.25,8.50,20.38,45.08,14.29,59.43,16.55,58.70
1778006168,8.19,9.50,8.75,20.41,45.08,14.01,59.45,16.09,58.52
1778006169,8.13,9.50,9.25,20.40,45.07,13.85,59.44,16.26,58.41
1778006171,8.13,9.25,9.25,20.93,45.13,13.74,59.54,17.06,58.44
1778006173,8.06,9.25,9.25,20.29,45.03,13.51,59.75,16.98,58.42
1778006174,8.13,10.00,9.25,20.53,45.07,13.13,60.01,16.17,58.42
1778006176,8.19,9.50,9.25,20.58,45.10,13.08,60.45,16.16,58.71
1778006177,8.25,9.25,9.25,20.56,45.13,12.78,60.93,16.76,59.18
1778006179,8.25,12.00,9.00,20.44,45.14,12.33,61.42,16.92,59.53
1778006181,8.25,12.75,10.00,20.58,45.22,12.12,62.07,16.48,59.72
1778006182,8.25,13.00,10.00,20.86,45.31,12.09,62.81,16.72,59.94
1778006184,8.38,13.00,10.25,20.52,45.32,12.31,63.72,16.62,60.06
1778006185,8.44,13.50,9.75,20.51,45.36,12.40,64.65,16.48,60.22
1778006187,8.50,13.50,10.50,20.73,45.41,12.51,65.51,16.84,60.50
1778006189,8.69,12.75,10.50,20.45,45.36,12.63,66.25,16.81,60.65
1778006190,8.75,13.25,10.75,20.52,45.40,12.72,66.92,16.93,60.74
1778006192,8.69,0.00,10.25,20.36,45.38,12.81,67.48,17.49,60.81
1778006193,8.81,0.00,10.00,20.67,45.45,13.02,67.97,17.37,60.71
1778006195,8.75,0.00,10.00,20.51,45.45,13.07,68.30,16.95,60.46
1778006197,8.81,0.00,10.00,20.47,45.45,13.26,68.50,16.74,60.12
1778006198,8.75,0.00,10.00,20.51,45.46,13.26,68.54,17.15,59.89
1778006200,8.75,0.00,10.25,20.36,45.42,13.47,68.51,17.04,59.54
1778006201,8.81,0.00,10.00,20.37,45.42,13.63,68.39,17.45,59.32
1778006203,8.75,0.00,9.50,20.65,45.43,13.53,68.16,17.27,59.06
1778006205,8.75,0.00,9.50,20.46,45.34,13.72,67.92,17.11,58.83
1778006206,8.75,0.00,9.75,20.48,45.33,13.72,67.63,17.60,58.77
1778006208,8.75,0.00,9.25,20.94,45.37,13.83,67.37,17.08,58.49
1778006209,8.75,0.00,10.00,20.40,45.29,13.88,67.08,17.18,58.33
1778006211,8.75,0.00,9.50,20.55,45.28,13.92,66.77,17.65,58.25
1778006213,8.69,0.00,9.50,20.64,45.23,14.06,66.47,17.55,58.08
1778006214,8.69,8.75,10.00,20.53,45.19,14.12,66.15,17.65,57.94
1778006216,8.75,8.75,10.00,20.87,45.21,14.11,65.82,17.58,57.80
1778006218,8.69,9.00,10.25,20.62,45.19,14.15,65.52,17.63,57.76
1778006219,8.63,9.50,10.25,20.55,45.22,14.29,65.25,17.56,57.81
1778006221,8.63,10.00,10.50,20.72,45.30,14.29,64.99,17.62,57.94
1778006222,8.63,10.50,10.25,20.67,45.34,14.35,64.83,17.47,58.01
1778006224,8.69,9.75,10.50,20.58,45.38,14.32,64.64,17.36,58.08
1778006226,8.69,9.75,10.00,20.48,45.39,14.54,64.53,17.30,58.07
1778006227,8.69,9.50,10.00,20.61,45.44,14.58,64.37,17.30,57.99
1778006229,8.69,9.25,10.50,20.48,45.44,14.64,64.18,17.12,57.83
1778006230,8.69,9.75,10.00,20.40,45.41,14.52,63.94,17.64,57.86
1778006232,8.69,9.25,10.25,20.49,45.38,14.74,63.74,17.68,57.71
1778006234,8.69,9.50,10.50,20.47,45.31,14.70,63.51,16.90,57.45
1778006235,8.69,9.25,10.25,20.42,45.27,14.87,63.34,17.45,57.46
1778006237,8.69,9.25,10.25,20.39,45.23,14.76,63.13,17.52,57.40
1778006238,8.63,9.75,9.75,20.78,45.26,14.86,62.95,17.80,57.36
1778006240,8.63,9.75,10.25,20.54,45.19,14.78,62.77,17.83,57.31
1778006242,8.63,0.00,9.25,20.44,45.16,15.00,62.66,17.83,57.31
1778006243,8.69,9.75,10.00,20.86,45.20,14.85,62.43,17.86,57.28
1778006245,8.69,9.75,9.75,20.40,45.09,14.94,62.28,17.86,57.24
1778006246,8.69,9.50,10.00,20.47,45.06,14.94,62.12,17.82,57.17
1778006248,8.75,9.75,10.00,20.48,45.04,15.12,62.00,18.01,57.15
1778006250,8.69,9.00,9.75,20.72,45.07,15.15,61.87,17.58,57.01
1778006251,8.69,8.75,10.00,20.53,45.07,15.12,61.73,17.69,57.02
1778006253,8.69,8.75,9.75,20.62,45.09,15.20,61.61,17.51,57.05
1778006254,8.75,8.50,10.00,20.70,45.11,15.23,61.47,17.51,57.02
1778006256,8.75,9.00,10.00,20.41,45.09,15.19,61.34,17.72,56.97
1778006258,8.69,8.50,10.00,20.41,45.11,15.16,61.21,17.69,56.85
1778006259,8.75,8.00,10.25,20.83,45.20,15.26,61.14,17.95,56.85
1778006261,8.69,8.75,10.00,20.82,45.20,15.18,60.97,17.72,56.82
1778006262,8.69,8.75,9.75,20.91,45.21,15.15,60.83,18.05,56.88
1778006264,8.69,9.50,10.25,20.58,45.16,15.36,60.76,18.03,56.88
1778006266,8.69,9.75,10.25,20.75,45.18,15.23,60.67,17.88,56.83
1778006267,8.69,9.75,9.75,20.76,45.16,15.34,60.58,17.72,56.77
1778006269,8.75,9.50,10.25,20.43,45.10,15.26,60.46,17.55,56.73
1778006270,8.75,9.75,10.25,20.72,45.14,15.22,60.37,18.52,56.87
1778006272,8.69,10.00,10.25,20.67,45.15,15.20,60.27,17.46,56.58
1778006274,8.75,9.50,10.50,20.74,45.14,15.20,60.13,17.80,56.54
1778006275,8.75,9.50,10.25,20.58,45.10,15.30,60.10,17.39,56.36
1778006277,8.69,10.00,10.25,20.84,45.10,15.25,60.05,17.90,56.40
1778006279,8.69,9.75,10.50,20.91,45.09,15.33,60.03,17.73,56.36
1778006280,8.69,10.00,10.25,20.91,45.07,15.23,59.97,17.51,56.37
1778006282,8.69,10.00,10.00,20.55,44.99,15.43,59.96,18.05,56.48
1778006283,8.63,10.00,10.25,20.91,45.04,15.41,59.91,17.80,56.39
1778006285,8.69,9.75,9.75,20.84,45.02,15.47,59.85,18.15,56.35
1778006287,8.63,10.25,10.00,20.55,44.97,15.30,59.80,17.84,56.18
1778006288,8.69,10.50,9.75,20.68,44.95,15.45,59.77,18.16,56.15
1778006290,8.69,10.75,10.25,20.93,44.99,15.51,59.75,17.94,56.04
1778006291,8.63,11.00,10.00,20.89,44.96,15.45,59.72,17.92,56.04
1778006293,8.63,11.50,10.00,20.88,44.95,15.47,59.69,17.88,56.03
1778006295,8.63,11.50,10.25,20.91,44.90,15.44,59.66,17.64,55.92
1778006296,8.63,11.00,10.25,20.82,44.88,15.45,59.62,18.16,55.92
1778006298,8.56,11.25,9.75,20.99,44.89,15.44,59.56,17.80,55.75
1778006299,8.56,11.50,10.25,20.84,44.89,15.47,59.52,17.62,55.63
1778006301,8.63,11.25,10.00,20.68,44.84,15.50,59.49,17.96,55.60
1778006303,8.56,11.25,9.75,20.82,44.86,15.51,59.48,17.53,55.47
1778006304,8.56,11.00,9.75,20.57,44.82,15.44,59.49,17.63,55.45
1778006306,8.56,11.25,9.75,20.87,44.85,15.52,59.49,18.18,55.46
1778006307,8.63,11.00,10.00,20.55,44.80,15.44,59.45,17.64,55.33
1778006309,8.56,11.25,10.00,20.74,44.82,15.46,59.44,17.80,55.25
1778006311,8.56,11.50,10.50,20.55,44.79,15.43,59.44,18.01,55.21
1778006312,8.56,11.25,10.00,20.87,44.82,15.47,59.45,17.76,55.12
1778006314,8.56,11.25,10.25,20.85,44.79,15.46,59.43,18.57,55.22
1778006315,8.56,11.00,10.25,20.76,44.77,15.54,59.44,18.53,55.20
1778006317,8.56,11.25,10.00,20.86,44.78,15.55,59.43,17.66,55.02
1778006319,8.56,11.25,10.00,20.88,44.75,15.51,59.39,18.63,55.15
1778006320,8.63,11.25,9.75,20.95,44.77,15.46,59.37,17.90,55.00
1778006322,8.56,11.25,10.25,20.88,44.76,15.48,59.34,18.15,55.04
1778006324,8.56,11.25,10.00,20.79,44.76,15.47,59.31,18.15,55.07
1778006325,8.56,11.25,9.50,20.70,44.75,15.48,59.30,17.94,55.09
1778006327,8.56,11.75,10.00,20.70,44.76,15.51,59.29,18.16,55.09
1778006328,8.56,11.50,9.50,21.03,44.83,15.38,59.27,18.27,55.02
1778006330,8.63,11.00,10.25,20.98,44.82,15.41,59.28,18.55,55.01
1778006332,8.56,11.50,10.25,20.94,44.82,15.56,59.30,18.16,54.84
1778006333,8.56,0.00,9.00,20.92,44.83,15.56,59.28,18.11,54.78
1778006335,8.56,0.00,8.75,20.95,44.84,15.41,59.24,18.28,54.78
1778006336,8.50,8.00,10.00,20.87,44.82,15.56,59.24,18.48,54.85
1778006338,8.56,6.75,10.00,20.73,44.85,15.54,59.22,18.27,54.91
1778006340,8.50,6.50,9.75,20.91,44.88,15.51,59.18,17.99,54.87
1778006341,8.56,7.00,9.75,20.94,44.88,15.56,59.16,17.88,54.82
1778006343,8.56,7.00,9.25,20.86,44.86,15.56,59.15,18.51,54.85
1778006344,8.56,6.75,10.00,20.88,44.84,15.57,59.11,18.56,54.74
1778006346,8.56,6.75,9.75,20.83,44.84,15.53,59.09,17.85,54.52
1778006348,8.50,6.00,10.00,20.89,44.84,15.43,59.05,18.20,54.49
1778006349,8.50,6.00,9.75,20.91,44.83,15.45,59.01,18.44,54.45
1778006351,8.50,6.00,9.50,20.91,44.83,15.37,58.99,18.05,54.36
1778006352,8.50,6.25,9.25,20.76,44.80,15.40,58.99,18.33,54.46
1778006354,8.56,6.50,9.50,20.69,44.81,15.42,59.03,18.41,54.44
1778006356,8.56,0.00,9.25,20.76,44.81,15.41,59.07,18.16,54.38
1778006357,8.56,6.00,9.50,20.84,44.81,15.38,59.10,18.38,54.42
1778006359,8.56,6.25,10.00,20.80,44.81,15.53,59.15,18.55,54.42
1778006360,8.56,6.00,9.75,20.78,44.79,15.48,59.19,18.67,54.46
1778006362,8.56,5.75,9.50,20.76,44.78,15.62,59.24,18.33,54.46
1778006364,8.56,5.00,9.75,20.75,44.76,15.52,59.25,18.32,54.44
1778006365,8.56,6.25,9.50,20.87,44.76,15.45,59.26,18.01,54.29
1778006367,8.56,6.75,9.75,20.72,44.75,15.61,59.28,18.40,54.29
1778006368,8.56,6.00,9.75,20.53,44.71,15.46,59.26,18.40,54.29
1778006370,8.56,6.25,10.00,20.76,44.73,15.57,59.24,18.57,54.30
1778006372,8.56,0.00,9.25,20.80,44.73,15.51,59.21,18.65,54.30
1778006373,8.63,5.25,9.50,20.90,44.72,15.49,59.17,18.56,54.24
1778006375,8.56,0.00,7.75,20.76,44.71,15.51,59.16,18.55,54.18
1778006376,8.63,0.00,8.75,20.81,44.70,15.58,59.14,19.04,54.30
1778006378,8.56,0.00,8.50,20.76,44.69,15.52,59.09,18.46,54.22
1778006380,8.63,6.00,9.75,20.83,44.70,15.62,59.11,18.98,54.26
1778006381,8.56,6.50,9.50,20.77,44.68,15.50,59.08,18.34,54.09
1778006383,8.56,6.75,9.50,20.77,44.67,15.44,59.06,18.48,54.09
1778006385,8.56,6.50,9.75,20.82,44.66,15.48,59.07,18.44,54.02
1778006386,8.50,6.50,9.50,20.77,44.65,15.48,59.08,18.51,54.00
1778006388,8.56,7.50,9.50,20.72,44.64,15.50,59.07,18.70,54.01
1778006389,8.56,6.50,9.50,20.93,44.66,15.55,59.08,18.58,53.95
1778006391,8.56,6.25,9.75,20.68,44.60,15.56,59.05,18.97,53.98
1778006393,8.56,7.25,9.75,20.85,44.63,15.69,59.09,18.72,53.86
1778006394,8.63,7.00,9.50,20.87,44.65,15.69,59.04,18.55,53.78
1778006396,8.63,7.25,9.25,20.91,44.66,15.61,59.02,18.53,53.71
1778006397,8.63,6.75,9.75,20.82,44.66,15.54,59.00,18.83,53.69
1778006399,8.56,0.00,8.75,20.58,44.62,15.58,59.00,18.32,53.56
1778006401,8.56,0.00,8.50,20.65,44.67,15.54,59.01,18.70,53.63
1778006402,8.56,7.50,9.75,20.92,44.71,15.56,59.00,19.15,53.70
1778006404,8.56,7.75,10.00,20.85,44.69,15.48,58.98,19.02,53.63
1778006405,8.56,7.00,9.75,20.80,44.70,15.66,59.02,19.09,53.55
1778006407,8.50,8.25,9.50,20.77,44.69,15.44,58.99,18.78,53.41
1778006409,8.56,8.50,9.75,20.76,44.68,15.55,59.00,18.70,53.36
