timestamp,temp1_black_evap_coil,temp2_thermocouple_cond_coil,temp3_thermocouple_evap_coil,stemp1_ambient_room,shumid1_ambient_room,stemp2_inlet,shumid2_inlet,stemp3_outlet,shumid3_outlet
1777238302,12.81,28.25,10.00,23.62,16.97,19.54,22.73,8.39,43.82
1777238304,12.81,28.00,9.75,23.69,16.97,19.55,22.71,8.22,44.11
1777238306,12.69,28.00,10.25,23.74,16.96,19.48,22.65,8.31,44.48
1777238307,12.63,28.25,10.25,23.82,16.98,19.61,22.67,8.20,44.76
1777238309,12.63,28.00,9.50,23.79,16.95,19.55,22.63,7.88,45.01
1777238310,12.56,27.75,10.00,23.70,16.93,19.66,22.63,8.51,45.42
1777238312,12.50,28.00,10.00,23.98,16.95,19.52,22.58,7.87,45.59
1777238314,12.38,28.25,10.25,23.78,16.92,19.79,22.60,7.88,45.89
1777238315,12.38,28.25,10.00,23.76,16.90,19.49,22.54,8.09,46.18
1777238317,12.31,28.25,10.25,23.91,16.91,19.55,22.54,7.86,46.41
1777238319,12.25,28.50,9.25,23.77,16.91,19.64,22.54,8.29,46.73
1777238320,12.19,28.50,10.25,23.84,16.92,19.66,22.53,7.85,46.94
1777238322,12.13,28.25,9.75,23.34,16.84,19.55,22.51,7.70,47.13
1777238323,12.13,28.25,10.25,23.73,16.86,19.65,22.51,7.50,47.34
1777238325,12.13,27.75,10.25,23.79,16.87,19.66,22.49,7.78,47.58
1777238327,12.06,28.50,9.75,23.82,16.87,19.65,22.49,7.82,47.77
1777238328,12.00,28.75,10.00,23.77,16.81,19.54,22.46,7.37,47.89
1777238330,12.00,28.50,9.75,24.03,16.88,19.62,22.44,7.26,48.05
1777238331,11.88,29.00,9.75,23.84,16.83,19.64,22.43,7.46,48.28
1777238333,11.88,28.50,10.00,23.41,16.77,19.45,22.41,7.54,48.46
1777238335,11.88,28.50,10.00,23.78,16.81,19.64,22.44,7.35,48.57
1777238336,11.81,28.50,10.25,23.91,16.85,19.60,22.43,7.78,48.82
1777238338,11.81,28.75,10.25,23.76,16.82,19.66,22.43,7.41,48.89
1777238339,11.75,28.00,9.75,23.87,16.83,19.71,22.45,7.42,49.03
1777238341,11.75,28.75,9.50,23.75,16.81,19.73,22.44,7.47,49.19
1777238343,11.75,28.25,9.75,23.98,16.83,19.55,22.42,7.40,49.29
1777238344,11.69,28.50,10.00,23.76,16.82,19.65,22.40,7.74,49.47
1777238346,11.63,28.25,9.75,23.49,16.79,19.62,22.37,7.34,49.52
1777238347,11.56,28.00,9.50,23.81,16.79,19.57,22.38,7.25,49.63
1777238349,11.56,28.25,10.00,24.11,16.80,19.67,22.38,7.36,49.76
1777238351,11.56,27.50,9.75,24.12,16.82,19.73,22.36,7.23,49.84
1777238352,11.50,28.00,10.00,23.80,16.77,19.52,22.31,7.39,49.97
1777238354,11.50,27.25,9.50,24.21,16.82,19.64,22.32,7.48,50.09
1777238355,11.44,27.50,10.00,24.01,16.80,19.66,22.31,7.15,50.14
1777238357,11.44,27.25,9.50,23.99,16.80,19.59,22.30,7.02,50.26
1777238359,11.31,27.00,9.50,23.84,16.78,19.71,22.34,7.16,50.41
1777238360,11.31,27.75,9.50,23.71,16.74,19.52,22.32,7.12,50.49
1777238362,11.31,27.50,9.50,23.95,16.78,19.82,22.35,6.97,50.60
1777238363,11.25,27.50,10.00,24.05,16.79,19.75,22.34,6.95,50.71
1777238365,11.19,27.50,9.50,23.69,16.75,19.74,22.34,6.86,50.82
1777238367,11.19,27.50,9.75,23.69,16.74,19.54,22.29,6.59,50.91
1777238368,11.13,27.00,9.50,23.95,16.77,19.65,22.33,7.05,51.09
1777238370,11.13,27.50,9.75,23.69,16.75,19.47,22.30,6.87,51.18
1777238372,11.13,27.25,9.50,24.07,16.79,19.66,22.33,6.89,51.30
1777238373,11.13,27.75,9.25,23.66,16.76,19.59,22.30,6.92,51.42
1777238375,11.13,27.75,9.25,23.53,16.74,19.53,22.29,6.83,51.51
1777238376,11.06,27.75,10.00,23.69,16.76,19.49,22.29,6.98,51.66
1777238378,11.06,27.50,9.75,24.09,16.80,19.52,22.29,6.50,51.67
1777238380,11.00,27.50,10.00,23.80,16.77,19.66,22.32,6.41,51.76
1777238381,11.06,27.75,9.50,23.73,16.75,19.65,22.33,6.59,51.89
1777238383,11.00,27.75,10.00,23.91,16.78,19.52,22.30,6.41,51.93
1777238384,11.00,27.75,10.00,23.65,16.74,19.58,22.29,7.05,52.12
1777238386,11.00,27.25,10.25,23.77,16.75,19.80,22.35,6.67,52.11
1777238388,11.00,27.50,10.00,23.65,16.73,19.52,22.30,6.48,52.14
1777238389,10.94,27.75,9.75,23.86,16.75,19.53,22.31,6.48,52.20
1777238391,10.94,27.25,10.00,23.68,16.73,19.45,22.30,6.31,52.23
1777238392,11.00,27.75,9.50,23.52,16.71,19.52,22.32,6.49,52.29
1777238394,10.94,27.75,9.75,23.74,16.73,19.72,22.34,6.50,52.33
1777238396,10.88,27.75,10.00,24.10,16.77,19.59,22.33,6.68,52.41
1777238397,10.88,27.50,9.75,23.86,16.75,19.69,22.34,6.56,52.42
1777238399,10.88,27.75,10.25,23.92,16.76,19.62,22.35,6.87,52.52
1777238400,10.81,27.25,9.00,23.83,16.73,19.55,22.36,6.59,52.52
1777238402,10.81,27.50,10.00,23.62,16.71,19.60,22.37,6.86,52.61
1777238404,10.81,27.00,9.75,23.84,16.72,19.48,22.35,6.57,52.60
1777238405,10.81,27.50,9.75,23.97,16.74,19.45,22.34,6.48,52.62
1777238407,10.75,27.25,9.50,23.82,16.72,19.64,22.35,6.76,52.72
1777238408,10.75,27.25,9.50,23.74,16.72,19.59,22.35,6.53,52.73
1777238410,10.75,27.75,9.25,24.12,16.76,19.66,22.36,6.20,52.71
1777238412,10.69,27.50,9.75,23.59,16.69,19.53,22.34,6.50,52.82
1777238413,10.69,27.50,9.25,23.62,16.69,19.62,22.37,6.47,52.86
1777238415,10.75,27.75,9.75,23.80,16.72,19.65,22.40,6.35,52.91
1777238416,10.75,27.75,9.75,23.69,16.70,19.59,22.40,6.44,52.97
1777238418,10.69,27.75,9.75,23.77,16.71,19.70,22.44,6.33,53.01
1777238420,10.69,27.50,10.25,23.71,16.70,19.54,22.44,6.94,53.17
1777238421,10.69,27.75,9.75,23.84,16.72,19.66,22.46,6.52,53.16
1777238423,10.69,27.75,9.75,24.12,16.75,19.69,22.48,6.37,53.17
1777238425,10.69,27.50,10.00,23.75,16.70,19.62,22.45,7.08,53.35
1777238426,10.69,27.75,10.00,23.75,16.69,19.47,22.42,7.10,53.40
1777238428,10.69,27.50,9.50,23.79,16.68,19.53,22.43,6.12,53.26
1777238429,10.63,27.25,9.75,23.55,16.66,19.62,22.44,6.51,53.39
1777238431,10.63,27.50,10.25,24.02,16.72,19.44,22.41,6.83,53.45
1777238433,10.69,27.75,9.75,23.93,16.71,19.52,22.42,5.99,53.34
1777238434,10.63,27.50,10.00,23.77,16.69,19.45,22.40,6.62,53.47
1777238436,10.63,27.50,9.75,23.70,16.68,19.56,22.41,6.51,53.48
1777238437,10.69,27.75,10.00,23.86,16.71,19.52,22.40,6.69,53.52
1777238439,10.63,27.50,10.00,23.71,16.69,19.44,22.38,7.02,53.61
1777238441,10.69,27.50,10.25,23.91,16.72,19.66,22.43,6.51,53.55
1777238442,10.63,27.25,10.00,23.59,16.69,19.70,22.42,6.16,53.51
1777238444,10.63,27.25,9.75,23.81,16.72,19.40,22.39,6.08,53.51
1777238445,10.56,27.50,10.00,23.80,16.72,19.62,22.43,6.38,53.57
1777238447,10.63,28.00,9.75,23.79,16.71,19.62,22.44,6.12,53.53
1777238449,10.63,27.25,9.75,23.97,16.71,19.55,22.43,6.47,53.60
1777238450,10.63,28.00,9.50,23.87,16.73,19.48,22.42,6.53,53.61
1777238452,10.63,27.75,9.50,23.75,16.70,19.50,22.44,6.50,53.63
1777238453,10.56,27.75,9.50,23.96,16.76,19.63,22.47,6.44,53.61
1777238455,10.63,28.25,10.00,24.08,16.76,19.37,22.45,6.40,53.62
1777238457,10.56,28.25,9.75,23.87,16.74,19.45,22.47,6.65,53.69
1777238458,10.56,28.25,9.25,23.68,16.71,19.40,22.47,6.51,53.66
1777238460,10.56,27.75,9.50,23.84,16.74,19.62,22.51,6.18,53.60
1777238461,10.63,28.00,10.25,24.06,16.76,19.53,22.50,6.44,53.65
1777238463,10.56,28.25,9.50,23.65,16.71,19.47,22.49,6.50,53.65
1777238465,10.63,28.00,10.00,23.90,16.74,19.34,22.48,6.81,53.70
1777238466,10.56,28.00,9.75,23.84,16.74,19.46,22.52,6.37,53.64
1777238468,10.56,28.25,9.75,23.80,16.74,19.71,22.58,6.66,53.69
1777238469,10.56,28.00,10.00,23.58,16.72,19.54,22.56,6.39,53.66
1777238471,10.56,28.00,10.00,23.83,16.73,19.57,22.57,6.51,53.69
1777238473,10.56,28.50,10.00,23.80,16.76,19.62,22.60,6.47,53.69
1777238474,10.50,28.75,10.00,23.80,16.75,19.55,22.58,6.35,53.68
1777238476,10.56,28.75,10.00,23.91,16.75,19.53,22.57,6.42,53.71
1777238478,10.56,29.00,9.75,23.86,16.74,19.50,22.59,6.57,53.73
1777238479,10.63,29.00,10.75,23.76,16.73,19.53,22.64,6.24,53.68
1777238481,10.56,29.00,10.00,23.76,16.76,19.55,22.80,6.17,53.68
1777238482,10.63,28.75,10.50,23.80,16.81,19.54,22.96,6.37,53.72
1777238484,10.56,29.25,10.00,23.73,16.81,19.55,23.10,6.38,53.72
1777238486,10.63,29.25,10.50,23.86,16.87,19.48,23.14,6.41,53.70
1777238487,10.63,29.00,10.00,23.96,16.89,19.36,23.12,6.68,53.73
1777238489,10.56,28.75,10.00,23.95,16.85,19.52,23.11,6.98,53.74
1777238490,10.63,29.00,10.25,24.18,16.87,19.55,23.06,6.68,53.67
1777238492,10.63,29.00,10.00,23.68,16.78,19.44,22.99,6.20,53.56
1777238494,10.56,29.00,10.25,23.70,16.77,19.40,22.93,6.49,53.57
1777238495,10.63,28.75,10.00,23.76,16.78,19.47,22.92,6.62,53.56
1777238497,10.63,28.75,9.75,23.75,16.77,19.50,22.92,6.43,53.47
1777238498,10.63,28.25,10.00,24.05,16.81,19.46,22.95,6.24,53.41
1777238500,10.56,28.75,9.50,23.73,16.78,19.60,23.01,6.76,53.50
1777238502,10.56,28.50,9.75,23.79,16.78,19.52,22.96,6.42,53.41
1777238503,10.56,28.50,10.00,24.02,16.80,19.60,22.92,6.54,53.44
1777238505,10.56,28.75,10.25,23.92,16.79,19.45,22.85,6.12,53.38
1777238506,10.56,28.50,10.00,23.84,16.76,19.41,22.79,6.18,53.41
1777238508,10.56,28.50,10.25,24.19,16.78,19.55,22.75,6.39,53.44
1777238510,10.50,28.75,9.75,23.90,16.74,19.58,22.73,6.58,53.50
1777238511,10.56,29.00,10.25,24.04,16.77,19.59,22.71,6.77,53.56
1777238513,10.56,28.75,10.25,23.78,16.74,19.62,22.69,6.41,53.52
1777238514,10.56,28.25,9.75,23.79,16.74,19.72,22.71,6.48,53.56
1777238516,10.63,28.50,10.25,23.79,16.73,19.62,22.69,6.72,53.63
1777238518,10.63,27.75,10.00,23.91,16.76,19.53,22.66,6.01,53.53
1777238519,10.56,28.25,10.00,23.80,16.73,19.52,22.66,6.59,53.65
1777238521,10.56,28.25,10.50,24.15,16.76,19.58,22.64,6.53,53.66
1777238522,10.63,28.00,9.75,23.87,16.73,19.67,22.64,6.53,53.67
1777238524,10.63,28.50,10.25,23.87,16.72,19.55,22.61,6.62,53.71
1777238526,10.56,28.50,10.25,23.92,16.74,19.69,22.62,6.58,53.71
1777238527,10.63,28.75,10.25,23.54,16.69,19.60,22.60,6.46,53.71
1777238529,10.56,28.00,10.25,23.75,16.71,19.52,22.61,6.51,53.72
1777238531,10.56,28.50,9.75,23.68,16.70,19.41,22.56,6.65,53.75
1777238532,10.56,28.50,9.75,23.81,16.71,19.50,22.57,6.51,53.74
1777238534,10.56,28.25,10.25,23.80,16.71,19.59,22.59,6.39,53.75
1777238535,10.56,28.75,10.25,23.59,16.71,19.55,22.58,6.36,53.73
1777238537,10.56,28.75,10.25,23.79,16.73,19.52,22.58,6.14,53.73
1777238539,10.63,28.25,10.25,23.82,16.72,19.57,22.58,6.49,53.79
1777238540,10.56,28.75,10.25,23.69,16.72,19.53,22.58,6.35,53.78
1777238542,10.50,29.00,10.25,23.73,16.72,19.61,22.63,6.52,53.84
1777238543,10.56,28.50,10.50,24.05,16.75,19.37,22.61,6.26,53.80
1777238545,10.56,28.25,10.25,24.09,16.76,19.49,22.65,6.54,53.87
1777238547,10.56,28.75,10.50,23.66,16.71,19.46,22.69,6.32,53.83
1777238548,10.56,28.75,10.50,23.73,16.77,19.39,22.76,6.57,53.89
1777238550,10.63,29.00,10.50,23.80,16.77,19.66,22.86,6.43,53.88
1777238551,10.63,29.00,10.50,23.84,16.78,19.74,22.91,7.17,54.03
1777238553,10.63,29.00,9.75,23.86,16.81,19.56,22.92,6.24,53.87
1777238555,10.63,28.75,10.25,23.70,16.81,19.53,22.97,6.50,53.92
1777238556,10.63,29.00,10.00,23.70,16.79,19.48,22.98,6.56,53.94
1777238558,10.63,28.75,10.00,23.69,16.79,19.63,23.01,6.55,53.93
1777238559,10.63,28.50,10.00,24.02,16.81,19.36,22.94,6.59,53.95
1777238561,10.63,28.50,10.25,23.84,16.78,19.52,22.91,6.15,53.86
1777238563,10.63,28.50,10.50,24.11,16.81,19.45,22.85,6.43,53.89
1777238564,10.69,28.25,10.25,23.95,16.79,19.30,22.80,6.72,53.93
1777238566,10.63,28.75,10.50,24.13,16.80,19.52,22.76,6.34,53.88
1777238567,10.69,28.75,10.50,23.83,16.77,19.48,22.73,6.64,53.91
1777238569,10.63,28.50,9.75,23.69,16.76,19.48,22.70,6.20,53.82
1777238571,10.63,28.25,10.75,23.73,16.76,19.37,22.65,6.75,53.92
1777238572,10.63,29.00,10.75,24.02,16.79,19.55,22.69,6.41,53.85
1777238574,10.69,28.00,10.25,24.08,16.80,19.54,22.66,7.19,53.99
1777238576,10.63,28.25,10.25,23.76,16.77,19.37,22.63,6.49,53.87
1777238577,10.69,28.25,10.50,23.99,16.79,19.55,22.62,6.50,53.85
1777238579,10.69,28.25,10.25,23.92,16.78,19.54,22.60,6.53,53.86
1777238580,10.63,28.00,10.50,23.80,16.75,19.64,22.60,6.62,53.88
1777238582,10.63,28.25,9.75,24.01,16.79,19.44,22.56,6.33,53.83
1777238584,10.63,28.00,9.75,23.80,16.77,19.49,22.55,6.47,53.85
1777238585,10.69,28.25,10.25,23.77,16.77,19.62,22.57,6.46,53.84
1777238587,10.63,28.00,10.25,24.16,16.81,19.47,22.54,6.45,53.86
1777238588,10.63,28.00,10.00,23.79,16.75,19.61,22.52,6.16,53.83
1777238590,10.56,28.00,10.00,23.65,16.74,19.37,22.49,6.17,53.83
1777238592,10.63,28.00,10.00,24.08,16.80,19.40,22.49,5.98,53.81
1777238593,10.63,28.00,9.75,23.89,16.77,19.41,22.49,6.09,53.85
1777238595,10.63,27.75,10.00,24.11,16.79,19.70,22.52,6.33,53.92
1777238596,10.56,27.75,10.00,23.84,16.77,19.37,22.48,6.76,54.04
1777238598,10.56,27.75,9.50,24.01,16.79,19.52,22.52,5.99,53.91
1777238600,10.56,27.25,9.75,23.95,16.77,19.45,22.52,6.36,54.00
1777238601,10.56,27.50,10.00,24.08,16.80,19.53,22.55,6.50,54.05
1777238603,10.56,27.75,10.00,24.06,16.80,19.55,22.54,6.14,54.01
1777238604,10.56,27.25,9.75,24.07,16.79,19.53,22.55,5.99,54.02
1777238606,10.56,27.75,10.25,23.69,16.76,19.37,22.53,6.74,54.18
1777238608,10.56,27.25,9.75,23.84,16.76,19.59,22.51,6.12,54.11
1777238609,10.50,27.50,10.00,23.81,16.76,19.60,22.55,6.44,54.17
1777238611,10.50,27.00,10.00,23.82,16.78,19.58,22.55,6.17,54.15
1777238612,10.50,27.50,10.25,24.09,16.82,19.45,22.52,6.09,54.17
1777238614,10.50,26.75,10.00,24.06,16.81,19.48,22.51,6.10,54.18
1777238616,10.56,27.25,10.25,23.97,16.77,19.65,22.55,6.26,54.24
1777238617,10.56,27.50,10.00,23.82,16.77,19.34,22.51,6.00,54.22
1777238619,10.50,27.75,10.25,24.17,16.82,19.57,22.52,6.45,54.30
1777238620,10.56,27.50,10.25,23.75,16.75,19.52,22.50,6.02,54.24
1777238622,10.56,27.00,10.25,23.84,16.77,19.34,22.51,6.49,54.35
1777238624,10.50,27.25,9.75,23.88,16.76,19.55,22.50,6.12,54.30
1777238625,10.56,27.50,9.75,23.87,16.77,19.44,22.49,6.01,54.31
1777238627,10.56,27.75,10.00,24.20,16.81,19.52,22.49,6.08,54.33
1777238629,10.56,27.75,10.25,24.09,16.81,19.55,22.50,6.23,54.37
1777238630,10.56,27.00,10.25,23.93,16.80,19.34,22.48,6.24,54.38
1777238632,10.56,27.50,10.00,23.92,16.80,19.48,22.49,6.45,54.41
1777238633,10.56,27.50,10.25,23.96,16.80,19.50,22.50,6.16,54.40
1777238635,10.56,27.50,9.50,24.06,16.82,19.44,22.49,6.28,54.42
1777238637,10.50,27.75,9.75,23.73,16.78,19.40,22.50,6.21,54.43
1777238638,10.50,26.75,10.00,23.83,16.79,19.37,22.49,6.19,54.45
1777238640,10.50,27.00,10.00,24.01,16.80,19.48,22.51,6.01,54.44
1777238641,10.50,27.50,10.00,23.81,16.79,19.52,22.54,6.33,54.51
1777238643,10.50,26.75,9.75,23.65,16.77,19.45,22.57,6.50,54.57
1777238645,10.50,27.00,10.00,24.01,16.82,19.41,22.58,6.20,54.54
1777238646,10.44,27.00,9.75,23.91,16.80,19.34,22.58,6.65,54.67
1777238648,10.44,26.25,9.50,24.27,16.85,19.49,22.60,6.21,54.63
1777238649,10.44,26.75,10.00,23.75,16.78,19.54,22.62,6.01,54.62
1777238651,10.44,26.75,9.75,23.84,16.78,19.38,22.58,6.39,54.73
1777238653,10.44,27.00,9.25,23.73,16.77,19.41,22.60,5.94,54.71
1777238654,10.38,27.25,10.00,23.85,16.79,19.45,22.61,6.11,54.75
1777238656,10.38,26.75,10.00,23.84,16.79,19.53,22.62,6.20,54.84
1777238657,10.44,26.75,10.00,24.08,16.82,19.59,22.61,6.03,54.85
1777238659,10.44,26.25,10.00,23.89,16.80,19.54,22.59,6.25,54.94
1777238661,10.38,27.00,10.00,23.95,16.81,19.47,22.59,6.22,54.97
1777238662,10.38,27.00,10.25,24.00,16.83,19.48,22.60,6.00,54.97
1777238664,10.38,27.00,10.25,24.23,16.85,19.38,22.58,5.84,54.98
1777238665,10.38,26.75,10.00,23.66,16.77,19.33,22.57,6.32,55.09
1777238667,10.44,27.25,10.00,23.65,16.78,19.43,22.59,6.20,55.10
1777238669,10.44,27.25,10.00,23.82,16.81,19.40,22.57,6.02,55.09
1777238670,10.44,27.00,9.50,23.89,16.83,19.48,22.58,5.93,55.09
1777238672,10.38,27.25,10.00,24.16,16.85,19.48,22.60,5.77,55.08
1777238673,10.38,27.00,9.75,23.75,16.80,19.30,22.56,6.06,55.14
1777238675,10.38,26.50,9.50,24.01,16.85,19.46,22.60,6.25,55.20
1777238677,10.38,27.25,10.00,23.87,16.81,19.48,22.60,6.09,55.17
1777238678,10.38,26.75,9.75,23.95,16.85,19.32,22.58,5.89,55.15
1777238680,10.38,27.00,10.25,23.80,16.81,19.52,22.62,5.97,55.16
1777238682,10.38,27.00,9.75,23.31,16.76,19.47,22.61,6.11,55.20
1777238683,10.31,27.50,9.75,23.65,16.80,19.47,22.64,5.90,55.16
1777238685,10.38,27.25,10.00,23.91,16.83,19.37,22.62,6.25,55.25
1777238686,10.38,27.25,9.50,23.86,16.83,19.28,22.62,6.02,55.22
1777238688,10.38,27.50,9.50,23.82,16.83,19.34,22.66,6.22,55.27
1777238690,10.38,27.25,10.25,23.73,16.81,19.47,22.69,5.98,55.21
1777238691,10.44,27.25,10.00,23.80,16.84,19.30,22.67,5.98,55.22
1777238693,10.38,27.00,10.25,23.82,16.85,19.29,22.67,6.52,55.33
1777238694,10.44,27.00,10.00,23.89,16.85,19.29,22.69,6.07,55.23
1777238696,10.38,27.25,9.75,23.91,16.84,19.29,22.70,6.24,55.28
1777238698,10.38,27.50,9.75,23.87,16.85,19.22,22.70,5.96,55.21
1777238699,10.44,27.00,10.00,23.61,16.83,19.09,22.68,6.13,55.23
1777238701,10.44,27.25,10.00,23.87,16.87,19.39,22.72,6.01,55.22
1777238702,10.38,27.50,9.75,23.75,16.87,19.48,22.73,5.99,55.21
1777238704,10.38,27.50,9.75,23.68,16.86,19.18,22.70,5.84,55.19
1777238706,10.38,27.50,10.00,23.66,16.86,19.19,22.72,6.01,55.21
1777238707,10.38,27.50,9.75,23.81,16.88,19.19,22.70,5.99,55.22
1777238709,10.38,28.00,9.75,23.84,16.88,19.41,22.75,6.14,55.24
1777238710,10.38,27.50,10.00,23.88,16.89,19.21,22.71,6.01,55.23
1777238712,10.31,28.00,10.00,23.70,16.88,19.30,22.74,5.84,55.21
1777238714,10.38,27.50,10.00,23.88,16.91,19.19,22.73,5.94,55.25
1777238715,10.38,28.25,9.75,23.69,16.89,19.39,22.79,6.37,55.31
1777238717,10.38,28.00,10.25,23.87,16.91,19.14,22.78,6.31,55.30
1777238718,10.38,28.50,10.25,23.65,16.88,19.25,22.81,6.15,55.29
1777238720,10.38,28.50,10.25,23.30,16.85,19.10,22.80,6.18,55.29
1777238722,10.38,28.50,10.50,23.49,16.88,19.26,22.82,6.50,55.36
1777238723,10.44,28.50,10.25,23.70,16.90,19.19,22.83,6.36,55.31
1777238725,10.44,28.25,10.00,23.56,16.90,19.27,22.86,6.13,55.29
1777238726,10.44,28.75,10.25,23.69,16.92,19.37,22.88,5.97,55.24
1777238728,10.44,28.75,10.50,23.22,16.87,19.23,22.88,6.03,55.25
1777238730,10.44,28.50,10.75,23.77,16.95,19.14,22.89,6.31,55.27
1777238731,10.44,28.75,10.25,23.58,16.92,19.14,22.89,6.20,55.22
1777238733,10.44,29.00,10.50,23.58,16.93,19.15,22.91,6.59,55.26
1777238735,10.44,29.00,10.50,23.54,16.92,19.30,22.95,6.49,55.21
1777238736,10.44,29.25,10.50,23.70,16.96,19.13,22.94,6.33,55.15
1777238738,10.44,29.25,10.00,23.53,16.93,19.33,22.97,6.09,55.07
1777238739,10.44,29.75,10.75,23.79,16.97,19.16,22.96,6.22,55.07
1777238741,10.50,29.00,10.50,23.69,16.95,19.19,22.98,6.09,55.01
1777238743,10.50,29.75,10.75,23.79,16.98,19.04,22.97,6.25,55.00
1777238744,10.50,29.50,9.75,23.33,16.92,19.21,22.99,6.11,54.93
1777238746,10.50,29.50,10.75,23.54,16.96,19.28,23.02,6.11,54.90
1777238747,10.50,29.75,10.25,23.68,16.99,19.22,23.06,6.68,54.95
1777238749,10.50,29.75,9.75,23.82,17.04,19.03,23.11,6.61,54.88
1777238751,10.50,29.75,10.75,23.20,17.02,19.26,23.26,6.39,54.80
1777238752,10.44,29.75,10.00,23.49,17.08,19.19,23.37,6.32,54.75
1777238754,10.56,30.00,10.50,23.58,17.12,19.36,23.45,6.67,54.77
1777238755,10.56,29.75,10.75,23.73,17.15,19.13,23.45,6.54,54.69
1777238757,10.56,29.25,9.75,23.64,17.13,19.09,23.49,6.46,54.62
1777238759,10.56,29.50,10.00,23.28,17.10,19.06,23.51,6.58,54.58
1777238760,10.50,29.50,10.25,23.58,17.13,19.33,23.55,6.48,54.54
1777238762,10.50,29.75,10.00,23.73,17.16,19.33,23.55,6.77,54.53
1777238763,10.56,29.75,10.00,23.76,17.17,19.15,23.54,6.65,54.49
1777238765,10.56,29.50,10.25,23.78,17.16,19.01,23.48,6.81,54.47
1777238767,10.56,29.50,10.50,23.52,17.11,19.07,23.42,6.72,54.44
1777238768,10.50,29.25,10.25,23.65,17.08,19.33,23.41,6.37,54.33
1777238770,10.56,29.75,10.50,23.78,17.07,19.34,23.34,6.44,54.32
1777238771,10.56,29.75,10.00,23.53,17.01,19.38,23.34,6.62,54.33
1777238773,10.50,29.75,10.25,23.62,17.00,19.05,23.23,6.74,54.34
1777238775,10.56,29.75,9.75,23.80,17.01,19.19,23.22,5.98,54.19
1777238776,10.56,29.50,10.25,23.32,16.96,19.28,23.20,6.13,54.22
1777238778,10.50,29.75,10.75,23.48,16.95,19.28,23.20,6.19,54.21
1777238780,10.56,30.00,10.50,23.54,16.97,19.36,23.21,6.69,54.30
1777238781,10.56,30.00,10.00,23.60,16.97,19.13,23.19,6.11,54.18
1777238783,10.56,30.00,10.50,23.61,16.98,19.01,23.24,6.32,54.21
1777238784,10.56,29.75,10.50,23.39,16.98,19.23,23.38,6.14,54.20
1777238786,10.56,29.75,10.00,23.87,17.07,19.13,23.47,6.49,54.25
1777238788,10.56,30.00,10.50,23.49,17.05,19.15,23.51,6.51,54.26
1777238789,10.56,30.00,10.00,23.58,17.07,19.33,23.57,6.66,54.29
1777238791,10.56,30.00,9.50,23.31,17.03,19.18,23.52,6.06,54.18
1777238792,10.56,30.00,10.75,23.22,17.00,19.21,23.45,6.58,54.24
1777238794,10.56,29.75,10.00,23.62,17.03,19.29,23.40,6.51,54.22
1777238796,10.56,29.75,10.00,23.56,17.01,19.15,23.34,6.62,54.23
1777238797,10.56,29.50,10.25,23.55,17.00,19.22,23.35,6.60,54.20
1777238799,10.63,30.25,9.75,23.48,17.00,19.34,23.38,6.44,54.14
1777238800,10.63,30.00,10.75,23.76,17.03,19.25,23.42,6.49,54.14
1777238802,10.63,30.00,10.00,23.92,17.07,19.22,23.44,6.57,54.14
1777238804,10.63,30.25,10.50,23.54,17.01,19.30,23.42,6.51,54.12
1777238805,10.63,29.75,9.75,23.62,17.01,19.21,23.38,6.51,54.10
1777238807,10.63,29.75,10.00,23.30,16.93,19.13,23.30,6.69,54.11
1777238808,10.56,30.25,10.00,23.69,17.00,19.30,23.29,6.44,54.08
1777238810,10.63,30.00,10.00,23.52,16.95,19.19,23.26,6.41,54.04
1777238812,10.63,30.25,10.25,23.67,16.95,19.15,23.24,6.32,54.01
1777238813,10.56,29.50,10.25,23.28,16.92,19.25,23.25,6.48,54.04
1777238815,10.63,29.75,10.00,23.78,16.98,19.10,23.24,6.34,54.00
1777238816,10.63,30.00,10.25,23.74,16.96,19.11,23.22,6.51,54.02
1777238818,10.63,30.00,10.50,23.77,16.98,19.15,23.21,6.83,54.06
1777238820,10.63,30.25,9.75,23.25,16.91,19.13,23.19,6.21,53.96
1777238821,10.63,30.00,10.25,23.69,16.96,19.16,23.22,6.31,53.97
1777238823,10.63,30.00,10.00,23.49,16.95,19.26,23.30,6.50,53.99
1777238824,10.63,30.00,10.50,23.54,16.99,19.19,23.38,6.48,53.99
1777238826,10.63,29.75,10.25,23.87,17.04,19.23,23.43,6.48,53.99
1777238828,10.63,30.00,10.25,23.76,17.05,19.24,23.46,6.50,53.99
1777238829,10.63,29.50,10.25,23.63,17.03,19.33,23.49,6.51,54.00
1777238831,10.63,30.00,10.25,23.73,17.06,19.40,23.47,6.79,54.04
1777238833,10.63,30.00,10.25,23.37,17.00,19.09,23.38,6.36,53.95
1777238834,10.63,30.00,10.25,23.35,16.98,19.23,23.32,6.48,53.96
1777238836,10.63,30.00,10.50,23.87,17.03,19.10,23.26,6.59,53.98
1777238837,10.63,30.25,10.00,23.56,16.98,19.26,23.21,6.45,53.93
1777238839,10.63,30.00,10.00,23.44,16.95,19.22,23.16,6.53,53.93
1777238841,10.63,30.00,10.25,23.85,16.99,19.15,23.11,6.41,53.92
1777238842,10.56,29.75,10.25,23.73,16.97,19.14,23.09,6.63,53.94
1777238844,10.56,30.00,10.00,23.59,16.98,19.16,23.06,6.51,53.93
1777238845,10.56,29.50,10.25,23.58,16.95,19.34,23.05,6.51,53.92
1777238847,10.56,29.50,10.25,23.40,16.94,19.17,23.02,6.26,53.86
1777238849,10.56,29.25,10.50,23.73,16.96,19.37,23.05,6.48,53.88
1777238850,10.63,29.00,10.50,23.46,16.94,19.17,23.04,6.56,53.89
1777238852,10.56,29.00,10.75,23.58,16.94,19.35,23.06,6.51,53.89
1777238853,10.56,29.00,10.00,23.89,16.98,19.17,23.07,6.33,53.85
1777238855,10.56,28.50,10.25,23.74,16.97,19.13,23.05,6.48,53.88
1777238857,10.63,29.00,10.25,23.49,16.95,19.29,23.07,6.48,53.89
1777238858,10.63,28.75,10.75,23.69,16.97,19.25,23.05,6.63,53.91
1777238860,10.63,28.50,10.25,23.59,16.95,19.16,23.01,6.54,53.90
1777238861,10.56,28.75,10.00,23.84,17.00,19.27,23.00,6.63,53.92
1777238863,10.56,28.75,9.75,23.74,16.97,19.34,22.99,6.44,53.90
1777238865,10.56,29.00,10.25,23.50,16.95,19.19,22.95,6.48,53.93
1777238866,10.63,29.00,10.00,23.44,16.93,19.25,22.95,6.62,53.95
1777238868,10.56,28.75,10.25,23.45,16.94,19.22,22.92,6.17,53.90
1777238869,10.56,29.00,10.00,23.86,16.95,19.28,22.90,6.72,54.02
1777238871,10.56,28.75,10.00,23.72,16.95,19.21,22.88,6.16,53.95
1777238873,10.56,29.00,10.50,23.70,16.95,19.34,22.88,6.44,54.03
1777238874,10.56,28.75,10.00,23.61,16.94,19.14,22.85,6.62,54.06
1777238876,10.56,29.00,9.75,23.47,16.92,19.27,22.83,6.37,54.06
1777238878,10.56,28.50,10.25,23.50,16.94,19.14,22.84,6.49,54.13
1777238879,10.56,28.75,10.25,23.61,16.94,19.10,22.84,6.66,54.15
1777238881,10.56,28.75,10.25,23.45,16.92,19.21,22.87,6.16,54.07
1777238882,10.56,29.00,10.25,23.61,16.95,19.16,22.86,6.09,54.07
1777238884,10.63,28.75,10.00,23.74,16.96,19.05,22.84,6.77,54.21
1777238886,10.63,28.75,10.25,23.54,16.93,19.15,22.85,5.94,54.08
1777238887,10.56,29.00,10.00,23.62,16.94,19.31,22.89,6.16,54.10
1777238889,10.63,29.00,9.75,23.53,16.93,19.03,22.85,6.45,54.13
1777238890,10.63,29.00,10.00,23.40,16.92,19.26,22.89,6.63,54.19
1777238892,10.63,29.25,10.00,23.76,16.97,19.22,22.89,6.18,54.09
1777238894,10.56,29.00,10.25,23.67,16.95,19.26,22.92,6.48,54.13
1777238895,10.56,29.00,10.00,23.79,16.99,19.34,22.94,6.65,54.15
1777238897,10.63,28.75,9.75,23.44,16.94,19.15,22.91,6.16,54.06
1777238898,10.56,29.25,10.25,23.30,16.92,19.09,22.90,6.31,54.07
1777238900,10.56,29.00,10.00,23.71,16.96,19.39,22.95,6.64,54.13
1777238902,10.50,29.00,10.00,23.73,16.97,19.33,22.94,6.78,54.16
1777238903,10.50,29.00,10.00,23.41,16.92,19.30,22.94,6.70,54.13
1777238905,10.50,28.75,10.25,23.54,16.95,19.20,22.91,6.09,54.04
1777238906,10.50,28.50,10.00,23.44,16.93,18.99,22.92,6.09,54.04
1777238908,10.56,28.75,9.75,23.54,16.96,19.15,22.97,6.13,54.06
1777238910,10.56,29.00,10.00,23.79,16.98,19.18,23.00,6.24,54.08
1777238911,10.56,28.75,9.75,23.68,16.99,19.09,23.04,6.25,54.07
1777238913,10.56,28.75,9.75,23.59,16.98,19.07,23.11,6.26,54.11
1777238914,10.56,28.75,9.75,23.54,16.98,19.22,23.16,6.10,54.10
1777238916,10.56,28.75,9.75,23.80,17.01,19.33,23.23,6.42,54.18
1777238918,10.56,28.25,9.50,23.56,16.99,19.34,23.23,6.06,54.15
1777238919,10.50,28.75,9.50,23.36,16.95,19.09,23.20,6.12,54.17
1777238921,10.50,29.00,10.00,23.48,16.98,19.14,23.18,5.98,54.17
1777238922,10.50,28.75,10.00,23.69,17.01,19.09,23.14,6.48,54.29
1777238924,10.50,28.75,10.25,23.52,16.97,19.30,23.17,6.45,54.27
1777238926,10.50,29.00,9.75,23.31,16.96,19.28,23.14,6.21,54.25
1777238927,10.50,29.00,9.75,23.61,16.99,19.05,23.08,5.87,54.21
1777238929,10.50,28.75,9.75,23.88,17.01,19.19,23.09,6.31,54.31
1777238931,10.50,28.75,10.00,23.59,17.01,19.04,23.07,6.62,54.38
1777238932,10.50,28.75,10.00,23.49,16.99,19.13,23.08,5.92,54.28
1777238934,10.50,28.75,9.50,23.34,16.98,19.44,23.09,6.19,54.34
1777238935,10.50,28.75,9.50,23.37,16.98,19.26,23.07,5.92,54.32
1777238937,10.50,29.25,10.00,23.76,17.04,19.06,23.03,6.18,54.37
1777238939,10.50,29.25,10.00,23.50,17.00,19.04,23.04,6.10,54.40
1777238940,10.50,29.00,10.25,23.54,17.02,19.22,23.03,6.07,54.41
1777238942,10.50,28.75,9.50,23.35,17.00,19.28,23.05,6.02,54.40
1777238943,10.50,29.25,9.75,23.32,17.02,18.91,23.02,5.90,54.41
1777238945,10.50,29.75,10.00,23.74,17.05,18.95,23.05,6.24,54.46
1777238947,10.50,29.50,10.50,23.48,17.03,19.11,23.09,6.11,54.44
1777238948,10.50,29.25,10.50,23.35,17.01,19.04,23.11,6.72,54.55
1777238950,10.50,29.25,9.75,23.51,17.04,19.13,23.12,6.13,54.43
1777238951,10.50,29.50,10.00,23.62,17.03,19.15,23.13,6.03,54.38
1777238953,10.50,29.75,10.25,23.43,17.04,19.34,23.17,6.65,54.48
1777238955,10.50,29.50,10.25,23.24,17.02,19.10,23.15,6.09,54.36
1777238956,10.50,29.50,10.25,23.21,17.01,19.02,23.17,6.71,54.43
1777238958,10.50,30.00,9.75,23.54,17.05,19.15,23.20,6.73,54.43
1777238959,10.50,29.75,9.75,23.46,17.05,19.13,23.22,6.41,54.33
1777238961,10.50,29.50,10.25,23.61,17.07,19.20,23.22,6.12,54.26
1777238963,10.50,29.75,10.00,23.76,17.09,19.29,23.23,6.06,54.22
1777238964,10.44,29.75,10.00,23.55,17.07,19.10,23.18,6.52,54.27
1777238966,10.50,29.50,10.25,23.76,17.09,19.30,23.22,6.48,54.23
1777238967,10.50,29.25,9.50,23.51,17.05,19.08,23.19,6.97,54.29
1777238969,10.50,29.50,10.00,23.31,17.04,19.09,23.22,6.08,54.12
1777238971,10.50,29.50,10.00,23.84,17.10,19.15,23.27,6.28,54.14
1777238972,10.50,29.75,9.50,23.77,17.11,19.23,23.35,6.21,54.08
1777238974,10.50,30.00,10.25,23.50,17.07,19.08,23.41,6.72,54.16
1777238975,10.44,29.75,10.00,23.35,17.09,19.20,23.53,6.45,54.10
1777238977,10.50,29.50,10.25,23.77,17.18,19.16,23.61,6.49,54.09
1777238979,10.50,29.75,10.25,23.80,17.23,19.02,23.65,6.58,54.09
1777238980,10.50,29.75,9.50,23.52,17.20,19.15,23.74,6.57,54.09
1777238982,10.50,30.00,10.25,23.36,17.20,19.23,23.78,6.13,54.01
1777238984,10.50,29.50,10.25,23.52,17.21,19.02,23.80,6.55,54.08
1777238985,10.50,29.25,10.25,23.19,17.16,19.09,23.83,6.51,54.07
1777238987,10.50,29.50,10.25,23.46,17.17,19.20,23.82,6.44,54.06
1777238988,10.50,30.25,9.75,23.52,17.17,19.27,23.79,6.37,54.07
1777238990,10.50,30.00,10.00,23.46,17.13,19.07,23.72,6.68,54.12
1777238992,10.50,30.25,10.25,23.53,17.12,19.12,23.67,6.74,54.15
1777238993,10.56,30.25,10.00,23.42,17.10,19.04,23.61,6.62,54.12
1777238995,10.50,30.25,10.00,23.30,17.08,19.25,23.59,6.09,54.03
1777238996,10.50,30.00,10.25,23.58,17.10,19.27,23.56,6.68,54.13
1777238998,10.50,30.50,10.25,23.58,17.10,19.18,23.52,6.36,54.07
1777239000,10.50,30.50,10.50,23.52,17.07,19.27,23.49,6.62,54.12
1777239001,10.50,30.75,10.25,23.62,17.09,19.26,23.45,6.69,54.12
1777239003,10.50,30.75,10.50,23.47,17.08,19.30,23.43,6.76,54.12
1777239004,10.56,30.75,10.75,23.72,17.10,19.09,23.38,6.08,53.97
1777239006,10.50,30.50,10.25,23.72,17.09,18.98,23.36,6.43,54.02
1777239008,10.56,30.50,10.50,23.65,17.11,19.32,23.49,6.13,53.94
1777239009,10.56,30.25,10.75,23.31,17.08,19.12,23.52,6.47,53.98
1777239011,10.56,30.50,10.50,23.69,17.13,19.17,23.54,6.59,53.96
1777239012,10.63,30.25,10.50,23.62,17.11,19.19,23.51,6.86,53.95
1777239014,10.56,30.25,10.50,23.66,17.10,19.01,23.44,6.91,53.94
1777239016,10.56,30.00,10.25,23.62,17.09,19.45,23.47,6.70,53.84
1777239017,10.56,30.50,10.25,23.70,17.09,19.07,23.39,6.20,53.72
1777239019,10.63,30.25,10.50,23.51,17.05,19.13,23.38,6.58,53.76
1777239020,10.63,30.25,10.25,23.36,17.03,19.15,23.36,6.26,53.66
1777239022,10.63,30.00,9.75,23.66,17.06,19.28,23.35,6.52,53.66
1777239024,10.56,30.25,10.25,23.41,17.04,19.09,23.31,6.60,53.67
1777239025,10.56,30.25,10.00,23.44,17.06,19.09,23.32,6.69,53.64
1777239027,10.63,30.00,10.25,23.76,17.10,18.98,23.30,6.20,53.54
1777239029,10.56,30.00,10.50,23.77,17.09,19.20,23.31,6.25,53.51
1777239030,10.56,29.50,10.50,23.75,17.10,19.30,23.31,6.62,53.56
1777239032,10.56,29.75,10.00,23.56,17.05,19.09,23.27,6.73,53.57
1777239033,10.63,30.00,10.00,23.75,17.07,19.05,23.24,6.18,53.49
1777239035,10.56,30.00,10.25,23.71,17.06,19.12,23.23,6.72,53.56
1777239037,10.56,29.50,10.00,23.46,17.04,19.34,23.23,6.53,53.53
1777239038,10.56,29.25,10.00,23.59,17.07,19.35,23.23,6.98,53.60
1777239040,10.56,29.00,9.75,23.13,17.01,19.05,23.19,6.33,53.50
1777239041,10.50,29.25,9.50,23.74,17.08,19.09,23.18,6.49,53.54
1777239043,10.50,29.25,9.75,23.44,17.03,19.31,23.21,6.37,53.52
1777239045,10.56,29.25,9.75,23.56,17.06,19.34,23.19,6.65,53.58
1777239046,10.50,29.25,9.50,23.55,17.06,19.37,23.18,6.23,53.53
1777239048,10.50,29.25,10.00,23.79,17.08,19.06,23.11,6.33,53.56
1777239049,10.56,29.00,10.00,23.68,17.08,19.00,23.10,6.76,53.68
1777239051,10.50,28.75,9.75,23.65,17.05,19.05,23.09,6.68,53.66
1777239053,10.50,29.00,9.50,23.49,17.05,19.27,23.12,6.28,53.66
1777239054,10.50,29.00,10.00,23.23,17.02,19.26,23.12,5.99,53.64
1777239056,10.50,28.75,10.00,23.67,17.06,19.01,23.09,6.71,53.79
1777239057,10.50,29.00,9.75,23.69,17.08,18.96,23.11,6.12,53.71
1777239059,10.50,29.00,9.75,23.48,17.06,18.99,23.10,6.59,53.83
1777239061,10.50,28.75,9.75,23.72,17.08,19.06,23.13,6.12,53.79
1777239062,10.50,29.00,10.25,23.20,17.02,18.94,23.12,6.64,53.91
1777239064,10.44,29.25,10.00,23.75,17.09,18.96,23.12,6.33,53.88
1777239065,10.44,29.00,10.00,23.40,17.04,19.02,23.15,6.72,53.99
1777239067,10.44,29.00,9.75,23.47,17.07,19.07,23.14,6.12,53.92
1777239069,10.44,29.00,10.25,23.19,17.04,19.02,23.14,6.20,53.94
1777239070,10.44,29.00,10.25,23.75,17.09,19.06,23.14,6.78,54.08
1777239072,10.44,29.00,10.25,23.55,17.07,19.00,23.14,6.78,54.08
1777239073,10.44,28.75,10.50,23.52,17.07,19.30,23.19,6.66,54.07
1777239075,10.44,28.75,10.25,23.09,17.02,19.32,23.19,6.19,53.99
1777239077,10.44,29.00,10.00,23.78,17.11,19.00,23.17,6.14,54.01
1777239078,10.44,28.75,10.25,23.67,17.11,19.12,23.18,6.05,54.00
1777239080,10.44,29.00,10.25,23.38,17.07,19.00,23.18,6.23,54.04
1777239082,10.44,28.75,9.75,23.26,17.06,19.33,23.20,6.36,54.05
1777239083,10.44,28.75,10.00,23.22,17.05,18.91,23.17,6.58,54.11
1777239085,10.44,28.75,10.75,23.44,17.08,19.26,23.21,6.23,54.06
1777239086,10.44,28.75,10.25,23.66,17.13,19.01,23.19,6.80,54.16
1777239088,10.44,28.50,10.50,23.45,17.09,18.90,23.17,6.26,54.07
1777239090,10.44,28.75,10.25,23.32,17.08,19.05,23.18,6.50,54.11
1777239091,10.44,28.75,10.25,23.78,17.15,18.98,23.19,5.97,54.04
1777239093,10.44,28.75,10.00,23.45,17.09,19.00,23.19,6.63,54.15
1777239094,10.44,28.50,10.00,23.59,17.12,19.20,23.22,5.94,54.05
1777239096,10.50,28.50,10.25,23.46,17.09,19.04,23.20,6.09,54.11
1777239098,10.44,28.25,10.00,23.48,17.10,19.09,23.19,6.59,54.19
1777239099,10.38,28.50,9.50,23.51,17.12,19.05,23.21,6.16,54.15
1777239101,10.44,28.25,9.75,23.46,17.11,19.00,23.18,6.25,54.18
1777239102,10.44,28.50,10.00,23.55,17.12,18.95,23.20,6.05,54.16
1777239104,10.44,28.25,9.25,23.48,17.12,19.05,23.23,6.21,54.21
1777239106,10.44,28.50,10.00,23.58,17.13,19.13,23.24,6.34,54.25
1777239107,10.44,28.75,10.25,23.42,17.11,18.95,23.23,6.09,54.21
1777239109,10.38,29.00,10.00,23.80,17.14,18.96,23.25,6.09,54.24
1777239110,10.44,29.00,10.00,23.63,17.14,18.90,23.25,6.31,54.30
1777239112,10.44,28.75,10.00,23.46,17.13,19.05,23.31,6.27,54.31
1777239114,10.44,29.00,10.00,23.45,17.16,19.02,23.34,6.06,54.29
1777239115,10.38,28.75,10.00,23.45,17.15,19.02,23.36,6.00,54.28
1777239117,10.44,29.00,10.00,23.48,17.16,19.00,23.40,6.55,54.42
1777239118,10.38,29.00,10.25,23.63,17.16,19.23,23.47,6.45,54.43
1777239120,10.44,28.75,10.00,23.66,17.16,19.02,23.47,6.28,54.41
1777239122,10.44,28.50,10.50,23.48,17.15,18.98,23.45,6.10,54.37
1777239123,10.44,29.00,10.25,23.45,17.14,18.99,23.45,6.08,54.38
1777239125,10.44,29.00,10.25,23.44,17.13,19.02,23.42,6.22,54.39
1777239126,10.44,29.00,10.00,23.55,17.15,19.15,23.42,6.04,54.34
1777239128,10.44,29.00,10.25,23.37,17.12,18.98,23.37,6.26,54.38
1777239130,10.44,29.00,10.25,23.58,17.15,19.05,23.39,6.16,54.35
1777239131,10.44,29.00,10.25,23.27,17.11,19.02,23.36,6.09,54.32
1777239133,10.44,28.50,10.25,23.09,17.09,18.89,23.31,6.62,54.40
1777239135,10.44,29.00,10.25,23.51,17.15,18.89,23.30,6.51,54.37
1777239136,10.44,29.00,10.25,23.35,17.12,19.07,23.31,6.44,54.34
1777239138,10.44,28.75,10.25,23.55,17.15,18.87,23.26,6.14,54.28
1777239139,10.44,28.00,10.50,23.53,17.16,19.16,23.29,6.12,54.25
1777239141,10.44,28.75,10.00,24.01,17.21,19.03,23.27,6.39,54.29
1777239143,10.44,28.25,10.25,23.43,17.14,18.94,23.25,6.14,54.25
1777239144,10.44,28.50,10.00,23.73,17.18,19.06,23.27,6.02,54.22
1777239146,10.44,28.50,10.00,23.49,17.16,18.83,23.23,6.77,54.33
1777239147,10.44,28.00,10.25,23.14,17.11,18.89,23.22,6.25,54.24
1777239149,10.44,28.50,9.75,23.35,17.15,19.00,23.23,6.02,54.18
1777239151,10.44,28.50,9.75,23.48,17.17,18.83,23.20,6.26,54.21
1777239152,10.44,28.50,10.00,23.42,17.16,18.86,23.21,6.22,54.20
1777239154,10.44,28.00,9.50,23.92,17.21,18.91,23.22,6.26,54.21
1777239155,10.44,28.50,10.25,23.11,17.13,18.99,23.22,5.98,54.16
1777239157,10.44,28.25,9.75,23.42,17.15,18.87,23.19,6.44,54.24
1777239159,10.44,27.50,9.50,23.48,17.18,19.03,23.22,6.20,54.21
1777239160,10.44,27.75,10.00,23.48,17.17,18.87,23.19,6.61,54.29
1777239162,10.44,27.75,9.75,23.55,17.17,19.03,23.22,6.65,54.28
1777239163,10.44,27.50,9.75,23.48,17.16,18.94,23.19,6.13,54.22
1777239165,10.44,27.50,9.25,23.52,17.16,18.93,23.18,6.43,54.29
1777239167,10.38,28.00,10.00,23.32,17.13,18.86,23.17,6.26,54.26
1777239168,10.44,27.75,10.00,23.19,17.14,19.05,23.17,6.49,54.31
1777239170,10.44,27.75,9.75,23.37,17.15,18.95,23.16,6.82,54.40
1777239171,10.31,27.75,10.00,23.44,17.16,18.94,23.13,6.18,54.29
1777239173,10.38,27.75,10.00,23.44,17.16,18.91,23.15,6.55,54.37
1777239175,10.38,28.00,10.25,23.13,17.13,18.96,23.14,6.52,54.41
1777239176,10.38,28.00,10.00,23.81,17.19,18.90,23.15,6.09,54.36
1777239178,10.38,28.00,9.75,23.46,17.18,18.91,23.17,6.19,54.41
1777239180,10.38,27.25,10.25,23.38,17.16,18.94,23.18,6.22,54.44
1777239181,10.38,27.50,9.75,23.40,17.18,18.87,23.16,6.03,54.44
1777239183,10.44,27.75,10.25,23.46,17.18,18.93,23.21,6.00,54.43
1777239184,10.44,27.75,9.75,23.24,17.16,19.12,23.22,6.05,54.47
1777239186,10.38,27.75,10.50,23.64,17.21,18.98,23.20,6.09,54.48
1777239188,10.38,28.00,10.25,23.40,17.19,19.00,23.20,6.54,54.57
1777239189,10.38,27.75,9.50,23.55,17.22,18.93,23.20,6.01,54.50
1777239191,10.38,27.25,10.25,23.43,17.21,18.84,23.20,6.40,54.57
1777239192,10.38,27.75,10.00,23.20,17.18,19.06,23.22,6.24,54.55
1777239194,10.31,27.75,10.00,23.52,17.21,18.94,23.20,6.43,54.58
1777239196,10.38,28.00,10.00,23.48,17.22,18.89,23.21,6.60,54.64
1777239197,10.38,27.75,9.25,23.54,17.22,18.95,23.23,6.36,54.59
1777239199,10.38,28.00,10.00,23.49,17.20,18.97,23.24,6.00,54.54
1777239200,10.38,28.25,10.00,23.35,17.20,18.94,23.23,5.94,54.55
1777239202,10.38,28.25,10.00,23.09,17.17,18.87,23.23,6.55,54.68
1777239204,10.38,28.00,9.50,23.39,17.21,19.01,23.25,6.20,54.64
1777239205,10.38,28.00,9.75,23.37,17.22,18.99,23.24,6.05,54.60
1777239207,10.31,28.75,9.75,23.61,17.26,18.80,23.22,6.02,54.64
1777239208,10.38,29.00,9.75,23.32,17.23,18.86,23.27,5.97,54.65
1777239210,10.38,28.75,10.25,23.27,17.22,19.02,23.29,6.20,54.70
1777239212,10.38,28.75,9.75,23.81,17.29,18.91,23.29,6.51,54.78
1777239213,10.38,29.00,10.00,23.50,17.24,18.87,23.31,6.52,54.78
1777239215,10.44,28.50,10.00,23.39,17.24,18.94,23.30,6.59,54.80
1777239216,10.38,29.00,10.50,23.41,17.25,18.98,23.32,6.02,54.70
1777239218,10.44,29.00,10.00,23.29,17.23,18.78,23.31,6.43,54.74
1777239220,10.44,29.25,10.25,23.42,17.24,18.95,23.35,6.16,54.67
1777239221,10.44,28.75,10.00,23.42,17.25,18.77,23.32,5.97,54.62
1777239223,10.44,28.50,10.00,23.37,17.26,18.81,23.32,6.11,54.59
1777239224,10.44,28.75,9.75,23.44,17.26,18.83,23.33,6.05,54.54
1777239226,10.44,29.25,10.25,23.36,17.27,18.97,23.36,6.00,54.50
1777239228,10.50,29.25,10.25,23.39,17.26,18.97,23.36,6.24,54.49
1777239229,10.44,29.00,10.25,23.38,17.28,19.02,23.38,6.09,54.44
1777239231,10.50,29.25,10.25,23.44,17.28,18.72,23.36,6.11,54.41
1777239233,10.44,29.25,10.50,23.26,17.24,18.88,23.38,6.19,54.40
1777239234,10.50,29.25,10.50,23.06,17.23,18.76,23.36,6.66,54.44
1777239236,10.44,29.25,10.25,23.43,17.28,18.88,23.39,6.08,54.29
1777239237,10.44,29.00,10.25,23.26,17.26,18.95,23.41,6.48,54.35
1777239239,10.44,29.25,10.25,23.15,17.25,19.08,23.42,6.51,54.33
1777239241,10.44,29.50,10.00,23.30,17.27,18.87,23.42,6.62,54.33
1777239242,10.44,29.25,10.00,23.01,17.25,18.95,23.44,6.52,54.31
1777239244,10.44,29.00,10.50,23.49,17.30,18.80,23.43,6.77,54.34
1777239245,10.44,29.00,10.50,23.39,17.28,18.81,23.43,6.62,54.29
1777239247,10.44,29.75,10.25,23.37,17.29,18.90,23.47,6.16,54.21
1777239249,10.50,29.75,10.25,23.37,17.29,18.87,23.48,6.13,54.18
1777239250,10.44,29.25,10.50,23.14,17.26,18.89,23.48,6.31,54.19
1777239252,10.44,29.25,10.50,23.32,17.29,18.86,23.48,6.20,54.14
1777239253,10.50,29.00,10.50,23.33,17.29,19.02,23.53,6.53,54.20
1777239255,10.50,29.50,10.50,23.41,17.32,19.03,23.53,6.12,54.09
1777239257,10.56,28.75,10.50,23.47,17.34,18.82,23.50,6.21,54.08
1777239258,10.44,28.75,10.25,23.11,17.27,18.91,23.51,6.15,54.04
1777239260,10.50,28.75,10.50,23.41,17.32,18.94,23.54,6.48,54.07
1777239261,10.50,28.75,10.50,23.50,17.30,18.78,23.52,6.67,54.08
1777239263,10.50,29.00,9.75,23.32,17.31,18.78,23.50,6.56,54.03
1777239265,10.50,29.00,10.25,23.06,17.27,18.89,23.53,6.31,53.97
1777239266,10.50,29.25,10.50,23.45,17.32,18.91,23.53,6.41,53.98
1777239268,10.50,28.75,10.00,23.37,17.30,18.97,23.54,6.68,54.00
1777239269,10.44,28.75,10.25,23.41,17.32,18.78,23.53,6.18,53.91
1777239271,10.50,28.75,10.00,23.30,17.30,18.73,23.52,6.31,53.92
1777239273,10.50,28.75,10.25,23.12,17.28,18.90,23.56,6.72,53.98
1777239274,10.50,29.25,10.00,23.27,17.29,18.95,23.56,6.56,53.96
1777239276,10.50,29.00,9.75,23.37,17.29,18.80,23.56,6.47,53.95
1777239277,10.50,29.25,10.00,23.51,17.33,19.05,23.59,6.26,53.90
1777239279,10.50,29.50,10.00,23.35,17.31,18.69,23.54,6.69,54.00
1777239281,10.44,29.50,9.50,23.39,17.31,18.81,23.59,6.64,54.01
1777239282,10.50,29.25,10.00,23.54,17.32,18.77,23.58,6.22,53.97
1777239284,10.44,29.25,10.25,23.34,17.31,18.82,23.59,6.44,54.02
1777239286,10.44,29.50,9.75,23.37,17.31,18.65,23.57,6.70,54.09
1777239287,10.50,29.50,10.25,23.41,17.31,18.97,23.59,6.62,54.07
1777239289,10.50,29.25,10.25,23.47,17.32,18.88,23.58,6.31,54.03
1777239290,10.50,29.50,10.25,23.37,17.30,18.98,23.57,6.14,54.02
1777239292,10.50,29.50,10.25,23.37,17.29,19.07,23.60,6.46,54.09
1777239294,10.50,29.75,10.00,23.44,17.30,18.69,23.57,6.16,54.04
1777239295,10.50,29.50,10.50,23.28,17.29,18.99,23.61,6.64,54.14
1777239297,10.50,28.75,10.25,23.22,17.30,18.80,23.65,6.28,54.08
1777239298,10.50,29.25,10.50,23.20,17.31,19.06,23.76,6.44,54.12
1777239300,10.44,28.50,10.00,23.34,17.33,18.71,23.73,6.11,54.05
1777239302,10.50,28.75,9.75,23.30,17.32,18.96,23.76,6.65,54.16
1777239303,10.50,29.25,9.75,23.33,17.30,18.97,23.74,6.54,54.14
1777239305,10.50,29.50,10.25,23.41,17.31,19.00,23.72,6.43,54.11
1777239306,10.44,29.50,9.75,23.46,17.32,18.76,23.69,6.65,54.15
1777239308,10.50,29.50,10.00,23.48,17.31,18.90,23.71,6.65,54.16
1777239310,10.50,29.50,10.25,23.51,17.33,18.98,23.72,6.20,54.06
1777239311,10.50,29.50,10.25,23.34,17.31,19.02,23.73,6.69,54.16
1777239313,10.50,29.75,10.00,23.26,17.29,18.84,23.70,6.74,54.17
1777239314,10.50,29.00,10.50,23.33,17.30,18.85,23.73,6.07,54.04
1777239316,10.44,29.50,10.00,23.42,17.33,19.04,23.74,6.48,54.13
1777239318,10.44,29.75,10.25,23.34,17.30,18.83,23.73,6.25,54.08
1777239319,10.44,29.75,10.25,23.44,17.31,18.74,23.72,6.85,54.18
1777239321,10.44,29.50,10.25,23.46,17.32,18.85,23.73,6.28,54.08
1777239322,10.50,29.75,10.25,23.51,17.33,18.91,23.72,6.09,54.05
1777239324,10.50,29.75,10.25,23.11,17.27,19.02,23.73,6.37,54.07
1777239326,10.50,29.75,10.25,23.31,17.31,18.72,23.69,6.09,54.02
1777239327,10.50,30.00,10.25,23.24,17.28,18.77,23.68,6.91,54.17
1777239329,10.44,29.50,10.25,23.41,17.32,18.87,23.68,6.43,54.06
1777239331,10.50,30.25,10.25,23.54,17.32,19.01,23.67,6.48,54.06
1777239332,10.50,29.75,10.00,23.36,17.30,19.02,23.67,6.72,54.10
1777239334,10.50,29.50,10.00,23.02,17.26,18.83,23.62,6.65,54.06
1777239335,10.50,29.75,10.50,23.28,17.30,18.89,23.62,6.55,54.03
1777239337,10.50,29.75,10.25,23.20,17.29,18.77,23.58,6.64,54.04
1777239339,10.50,29.75,10.25,23.34,17.30,18.91,23.61,6.20,53.96
1777239340,10.50,29.50,10.25,23.32,17.30,18.72,23.59,6.57,54.00
1777239342,10.50,29.00,10.25,23.26,17.30,18.91,23.62,6.83,54.03
1777239343,10.56,29.25,10.25,23.27,17.31,18.78,23.60,6.65,53.99
1777239345,10.44,29.00,9.75,23.41,17.32,19.09,23.64,6.14,53.89
1777239347,10.50,29.25,10.00,23.44,17.33,18.91,23.60,6.46,53.94
1777239348,10.50,29.00,10.00,23.41,17.32,18.93,23.61,6.71,53.96
1777239350,10.50,29.00,10.00,23.43,17.33,18.93,23.59,6.16,53.89
1777239351,10.50,28.75,10.00,23.39,17.34,18.98,23.60,6.02,53.88
1777239353,10.50,29.00,10.00,23.05,17.27,18.89,23.61,6.35,53.93
1777239355,10.50,28.25,9.75,23.26,17.29,19.01,23.61,6.85,54.02
1777239356,10.50,29.00,10.25,23.30,17.30,19.03,23.61,6.12,53.91
1777239358,10.50,28.75,10.00,23.42,17.31,19.08,23.60,6.65,54.03
1777239359,10.50,28.75,9.75,23.07,17.28,18.82,23.56,6.39,54.00
1777239361,10.44,29.00,10.00,23.27,17.30,18.81,23.54,6.15,53.98
1777239363,10.44,28.75,10.25,23.36,17.31,19.03,23.56,6.14,54.00
1777239364,10.44,28.25,10.25,23.28,17.30,18.80,23.52,6.25,54.05
1777239366,10.44,28.25,10.25,23.06,17.28,18.91,23.52,6.16,54.07
1777239367,10.44,27.75,10.25,23.27,17.31,18.80,23.49,6.46,54.15
1777239369,10.44,28.00,10.00,23.15,17.29,18.98,23.51,6.72,54.22
1777239371,10.44,28.00,9.75,23.35,17.30,18.81,23.47,6.13,54.15
1777239372,10.44,27.50,10.00,23.30,17.31,18.86,23.46,6.09,54.17
1777239374,10.38,27.75,10.25,23.24,17.30,18.94,23.46,6.48,54.25
1777239375,10.44,27.25,10.25,23.22,17.29,18.90,23.46,6.20,54.25
1777239377,10.44,27.50,9.50,23.34,17.29,18.80,23.45,6.07,54.22
1777239379,10.44,27.75,9.75,23.33,17.31,18.70,23.43,5.99,54.24
1777239380,10.38,27.50,9.75,23.02,17.27,18.83,23.46,6.31,54.31
1777239382,10.44,27.75,10.00,23.26,17.29,19.02,23.47,6.49,54.35
1777239384,10.44,27.50,9.25,23.26,17.30,18.93,23.47,6.52,54.42
1777239385,10.38,27.50,9.50,23.37,17.32,18.98,23.52,6.02,54.35
1777239387,10.38,27.50,9.75,23.48,17.34,19.02,23.54,6.33,54.43
1777239388,10.38,27.50,9.75,23.05,17.28,18.94,23.55,6.59,54.50
1777239390,10.38,28.25,10.00,23.26,17.32,19.21,23.56,6.44,54.51
1777239392,10.38,28.00,9.75,23.33,17.33,18.98,23.52,6.62,54.56
1777239393,10.38,28.25,10.50,23.41,17.32,19.04,23.55,6.07,54.51
1777239395,10.38,28.50,10.25,23.41,17.33,19.02,23.54,6.48,54.61
1777239396,10.38,28.00,10.00,23.52,17.33,18.66,23.49,6.48,54.64
1777239398,10.38,28.75,9.25,23.34,17.32,19.02,23.54,6.26,54.62
1777239400,10.38,28.75,10.00,23.40,17.32,19.09,23.56,6.46,54.69
1777239401,10.38,28.50,10.25,23.37,17.31,18.86,23.52,6.44,54.70
1777239403,10.38,28.75,10.25,23.40,17.31,18.79,23.52,6.07,54.64
1777239404,10.38,28.50,9.75,23.27,17.30,19.00,23.53,6.23,54.68
1777239406,10.38,28.75,10.25,23.37,17.33,19.05,23.54,6.40,54.71
1777239408,10.38,28.75,9.75,23.48,17.35,18.81,23.49,6.05,54.65
1777239409,10.38,28.75,9.75,23.40,17.32,19.14,23.54,6.22,54.68
1777239411,10.31,28.25,10.25,23.08,17.29,18.87,23.49,6.21,54.65
1777239412,10.44,28.75,10.25,23.25,17.31,18.97,23.48,5.93,54.60
1777239414,10.44,28.50,9.75,23.33,17.32,19.02,23.50,6.55,54.69
1777239416,10.44,28.00,9.50,23.39,17.33,18.76,23.47,6.11,54.60
1777239417,10.38,28.50,9.50,23.36,17.33,18.86,23.46,6.08,54.57
1777239419,10.38,28.75,9.25,23.26,17.32,18.98,23.49,6.43,54.61
1777239420,10.38,28.75,10.00,23.46,17.34,19.03,23.49,6.56,54.63
1777239422,10.38,28.75,10.00,23.48,17.34,18.87,23.46,6.26,54.57
1777239424,10.38,28.50,10.25,23.41,17.34,19.07,23.51,6.03,54.52
1777239425,10.38,28.50,10.00,23.16,17.31,18.97,23.48,6.33,54.57
1777239427,10.38,28.25,9.50,23.20,17.30,18.88,23.45,6.12,54.53
1777239428,10.44,28.25,9.25,23.37,17.33,19.01,23.48,6.59,54.62
1777239430,10.38,28.25,9.75,23.39,17.33,19.04,23.46,6.03,54.53
1777239432,10.38,27.50,10.00,23.36,17.33,18.63,23.40,5.94,54.52
1777239433,10.38,28.00,10.00,23.21,17.30,18.78,23.44,6.31,54.58
1777239435,10.38,28.00,10.00,23.25,17.32,19.04,23.47,6.59,54.63
1777239437,10.38,27.25,10.00,23.27,17.31,18.98,23.45,6.64,54.65
1777239438,10.38,27.75,9.50,23.26,17.31,19.02,23.43,6.05,54.56
1777239440,10.38,27.50,10.00,23.24,17.31,18.97,23.44,6.37,54.63
1777239441,10.44,28.00,10.00,23.16,17.28,18.65,23.39,6.58,54.67
1777239443,10.38,27.75,10.00,23.28,17.31,19.06,23.44,6.72,54.71
1777239445,10.38,27.50,10.00,23.44,17.32,18.72,23.37,6.38,54.67
1777239446,10.38,27.00,9.75,23.37,17.31,19.05,23.43,6.41,54.68
1777239448,10.38,27.75,9.25,23.41,17.33,18.76,23.37,6.55,54.70
1777239449,10.38,27.50,9.50,23.46,17.32,18.80,23.38,6.88,54.77
1777239451,10.38,27.75,10.00,23.49,17.33,19.01,23.42,6.01,54.64
1777239453,10.31,28.00,9.75,23.38,17.33,18.76,23.39,5.95,54.64
1777239454,10.38,27.50,10.00,23.34,17.31,18.74,23.40,6.13,54.69
1777239456,10.31,27.75,9.75,23.20,17.28,18.77,23.40,6.44,54.78
1777239457,10.31,27.50,10.25,23.31,17.30,18.87,23.43,6.21,54.76
1777239459,10.31,27.50,9.25,23.31,17.32,18.77,23.40,5.90,54.72
1777239461,10.31,27.75,9.75,23.22,17.30,19.07,23.45,6.07,54.77
1777239462,10.31,27.75,10.00,23.37,17.32,18.76,23.41,6.02,54.79
1777239464,10.31,28.00,10.00,23.43,17.32,18.98,23.45,6.44,54.89
1777239465,10.31,28.00,10.00,23.25,17.30,18.75,23.42,6.51,54.91
1777239467,10.31,27.75,10.00,23.32,17.31,19.00,23.47,5.99,54.85
1777239469,10.31,27.75,10.00,23.31,17.30,18.74,23.42,6.15,54.89
1777239470,10.25,27.75,9.50,23.37,17.32,18.98,23.44,5.98,54.89
1777239472,10.31,27.50,9.25,23.43,17.34,18.88,23.46,6.16,54.92
1777239473,10.31,27.75,10.00,23.32,17.32,18.97,23.45,6.26,54.97
1777239475,10.31,27.50,9.25,23.27,17.31,18.76,23.44,6.41,55.01
1777239477,10.25,27.25,9.75,23.14,17.28,18.68,23.44,6.37,55.00
1777239478,10.19,27.50,9.75,23.33,17.32,18.83,23.48,6.16,54.99
1777239480,10.25,27.75,9.50,23.37,17.30,18.80,23.47,6.20,55.01
1777239482,10.31,27.50,9.50,23.48,17.33,18.82,23.48,5.97,54.99
1777239483,10.25,27.75,10.00,23.48,17.31,19.02,23.51,5.94,54.98
1777239485,10.25,27.50,9.50,23.39,17.31,18.83,23.50,5.84,54.98
1777239486,10.25,27.25,9.50,23.06,17.27,18.76,23.47,6.34,55.09
1777239488,10.25,27.75,9.75,23.43,17.32,18.98,23.50,6.22,55.07
1777239490,10.31,27.50,10.00,23.19,17.29,18.88,23.50,6.45,55.12
1777239491,10.31,27.75,10.00,23.50,17.32,19.03,23.53,6.00,55.07
1777239493,10.25,27.50,9.75,23.37,17.30,18.98,23.51,6.12,55.10
1777239494,10.25,27.25,10.00,23.45,17.33,18.92,23.51,6.37,55.15
1777239496,10.25,27.75,9.25,23.51,17.34,18.80,23.50,6.18,55.12
1777239498,10.25,27.75,9.50,23.55,17.34,18.57,23.49,6.33,55.17
1777239499,10.25,28.00,10.00,23.36,17.32,19.03,23.55,5.96,55.13
1777239501,10.25,27.75,9.75,23.34,17.31,18.86,23.53,5.87,55.12
1777239502,10.25,27.00,10.00,23.26,17.31,18.69,23.51,5.99,55.14
1777239504,10.25,27.50,9.50,23.28,17.31,18.80,23.52,6.31,55.22
1777239506,10.25,27.75,9.75,23.28,17.31,18.80,23.52,6.16,55.18
1777239507,10.25,27.75,10.00,23.38,17.33,18.98,23.55,6.09,55.17
1777239509,10.25,28.00,9.25,23.43,17.33,18.97,23.56,6.35,55.24
1777239510,10.25,28.00,10.00,23.26,17.31,18.66,23.53,5.90,55.15
1777239512,10.25,27.50,9.75,23.41,17.33,18.75,23.58,6.25,55.20
1777239514,10.25,28.00,9.50,23.37,17.33,18.80,23.59,5.79,55.13
1777239515,10.19,27.50,9.50,23.37,17.33,18.80,23.61,5.86,55.16
1777239517,10.25,28.00,10.00,23.07,17.29,18.89,23.62,6.24,55.23
1777239518,10.19,27.50,10.00,23.28,17.30,18.83,23.60,6.15,55.23
1777239520,10.19,27.75,10.00,23.34,17.31,18.90,23.62,6.21,55.25
1777239522,10.19,28.00,10.00,23.37,17.31,18.65,23.58,6.12,55.22
1777239523,10.19,27.75,10.00,23.44,17.32,18.82,23.64,6.41,55.27
1777239525,10.25,27.75,9.75,23.08,17.28,18.64,23.61,6.23,55.26
1777239526,10.25,28.00,10.00,23.33,17.33,18.77,23.65,6.12,55.21
1777239528,10.25,27.75,10.00,23.31,17.32,18.93,23.67,6.03,55.19
1777239530,10.19,27.75,10.00,23.26,17.31,18.55,23.61,5.91,55.18
1777239531,10.25,27.50,10.25,23.35,17.30,18.99,23.62,5.85,55.15
1777239533,10.25,27.50,9.75,23.27,17.31,18.74,23.58,6.52,55.27
1777239535,10.25,27.50,9.75,23.10,17.26,18.83,23.58,6.33,55.23
1777239536,10.25,27.25,10.00,23.44,17.30,18.94,23.57,6.16,55.18
1777239538,10.25,27.25,9.75,23.31,17.29,18.80,23.56,6.26,55.20
1777239539,10.19,27.25,9.50,23.41,17.30,19.01,23.57,6.15,55.17
1777239541,10.25,27.25,10.00,23.42,17.30,18.91,23.53,6.08,55.14
1777239543,10.25,27.25,9.75,23.34,17.28,18.82,23.52,5.84,55.09
1777239544,10.25,27.25,10.00,23.41,17.28,18.74,23.50,6.37,55.18
1777239546,10.25,27.25,9.25,23.45,17.28,19.03,23.54,6.37,55.17
1777239547,10.25,27.00,9.00,23.37,17.28,18.79,23.51,6.34,55.15
1777239549,10.25,27.25,9.50,23.49,17.29,18.70,23.50,5.96,55.10
1777239551,10.25,27.25,9.75,23.41,17.27,18.54,23.47,5.74,55.06
1777239552,10.25,27.25,9.50,23.27,17.27,18.70,23.49,6.14,55.16
1777239554,10.25,27.25,9.75,23.54,17.25,18.84,23.51,6.20,55.17
1777239555,10.25,27.00,9.50,23.31,17.27,18.90,23.52,6.13,55.16
1777239557,10.25,27.25,9.50,23.44,17.24,18.66,23.49,6.24,55.20
1777239559,10.19,27.00,10.00,23.41,17.26,18.70,23.49,5.67,55.12
1777239560,10.19,27.00,9.75,23.44,17.28,18.81,23.50,5.73,55.14
1777239562,10.19,27.00,9.75,23.29,17.25,18.72,23.49,6.31,55.26
1777239563,10.19,27.00,9.75,23.36,17.24,18.76,23.50,6.09,55.25
1777239565,10.19,27.00,9.25,23.74,17.28,18.60,23.46,6.38,55.32
1777239567,10.19,27.00,9.50,23.17,17.23,19.02,23.53,5.92,55.23
1777239568,10.19,26.75,9.75,23.28,17.23,18.70,23.49,6.47,55.35
1777239570,10.19,27.00,10.00,23.30,17.24,18.81,23.50,6.41,55.35
1777239571,10.19,27.00,9.50,23.19,17.22,18.80,23.52,6.26,55.36
1777239573,10.19,26.75,9.25,23.42,17.25,18.74,23.51,6.26,55.35
1777239575,10.19,27.00,10.00,23.25,17.23,18.91,23.52,6.22,55.35
1777239576,10.19,27.25,10.00,23.40,17.25,18.68,23.50,6.26,55.38
1777239578,10.19,27.25,9.75,23.37,17.27,19.00,23.56,6.27,55.40
1777239579,10.25,27.25,10.00,23.39,17.27,19.03,23.60,5.84,55.34
1777239581,10.19,27.25,9.50,23.32,17.27,18.80,23.56,6.47,55.43
1777239583,10.19,27.25,9.50,23.41,17.29,18.79,23.57,6.13,55.39
1777239584,10.19,27.75,9.00,23.39,17.29,18.62,23.57,6.39,55.42
1777239586,10.19,26.75,10.00,23.34,17.27,18.59,23.60,6.32,55.42
1777239587,10.25,27.50,10.00,23.45,17.29,18.70,23.68,6.41,55.45
1777239589,10.19,27.50,10.00,23.29,17.27,18.87,23.71,6.20,55.43
1777239591,10.19,27.75,9.50,23.47,17.29,18.76,23.70,6.23,55.45
1777239592,10.25,27.50,10.25,23.35,17.26,18.91,23.76,6.16,55.44
1777239594,10.25,27.75,9.50,23.37,17.27,18.84,23.77,6.20,55.45
1777239596,10.25,27.75,10.00,23.37,17.28,19.02,23.75,5.85,55.39
1777239597,10.25,28.00,10.00,23.44,17.23,18.82,23.72,6.41,55.48
1777239599,10.25,27.75,10.25,23.36,17.26,18.66,23.68,6.20,55.45
1777239600,10.25,27.50,9.75,23.53,17.27,18.80,23.68,6.45,55.50
1777239602,10.25,27.75,10.25,23.33,17.25,19.04,23.68,6.33,55.47
1777239604,10.19,27.50,10.00,23.44,17.26,18.94,23.68,6.28,55.46
1777239605,10.31,27.75,10.00,23.46,17.27,18.53,23.62,6.04,55.40
1777239607,10.25,27.75,10.00,23.40,17.25,18.98,23.68,6.48,55.47
1777239608,10.31,27.50,10.00,23.12,17.19,18.70,23.61,6.07,55.39
1777239610,10.31,27.25,9.75,23.50,17.24,18.76,23.61,6.28,55.42
1777239612,10.31,27.50,10.00,23.52,17.27,18.78,23.61,6.33,55.39
1777239613,10.25,27.75,9.00,23.15,17.21,18.56,23.57,5.97,55.33
1777239615,10.25,27.50,9.75,23.73,17.27,19.08,23.63,5.81,55.27
1777239616,10.25,28.00,10.00,23.35,17.23,18.78,23.57,6.33,55.36
1777239618,10.31,28.00,9.50,23.34,17.22,18.99,23.61,6.05,55.29
1777239620,10.31,27.25,9.75,23.30,17.22,18.68,23.56,6.17,55.30
1777239621,10.31,27.50,10.00,23.30,17.21,18.80,23.56,6.01,55.25
1777239623,10.31,27.50,9.75,23.30,17.22,19.02,23.59,6.33,55.28
1777239624,10.25,28.00,9.25,23.44,17.23,18.73,23.56,6.12,55.24
1777239626,10.25,27.50,9.00,23.34,17.20,18.93,23.56,6.12,55.22
1777239628,10.25,28.00,9.00,23.31,17.21,18.74,23.56,6.31,55.25
1777239629,10.25,27.75,9.75,23.41,17.21,19.05,23.59,6.32,55.24
1777239631,10.31,28.00,9.50,23.38,17.22,18.52,23.52,6.06,55.19
1777239632,10.25,28.00,9.75,23.34,17.21,18.78,23.56,5.70,55.12
1777239634,10.25,28.00,9.50,23.28,17.20,18.82,23.56,6.36,55.22
1777239636,10.25,28.50,9.75,23.32,17.19,18.60,23.54,6.11,55.18
1777239637,10.25,27.75,10.00,23.30,17.21,18.78,23.56,5.96,55.16
1777239639,10.31,28.25,9.75,23.37,17.23,18.56,23.55,5.92,55.14
1777239641,10.31,28.50,10.00,23.45,17.23,18.65,23.56,6.26,55.20
1777239642,10.31,28.50,10.00,23.08,17.19,18.78,23.56,5.99,55.18
1777239644,10.31,28.25,10.25,23.32,17.21,18.59,23.56,6.14,55.21
1777239645,10.25,28.00,10.00,23.34,17.22,18.72,23.56,6.33,55.24
1777239647,10.31,28.25,10.00,23.44,17.22,18.70,23.56,5.98,55.17
1777239649,10.31,28.50,9.75,23.28,17.22,18.72,23.57,6.46,55.25
1777239650,10.31,28.00,9.50,23.09,17.18,18.85,23.57,5.98,55.17
1777239652,10.31,28.75,9.75,23.30,17.21,18.68,23.56,6.61,55.26
1777239653,10.31,28.00,9.75,23.36,17.22,18.76,23.57,6.52,55.22
1777239655,10.31,28.50,9.50,23.41,17.24,18.63,23.56,5.97,55.13
1777239657,10.31,28.00,10.00,23.48,17.22,18.78,23.60,6.34,55.16
1777239658,10.25,28.00,10.00,23.09,17.20,18.73,23.60,6.59,55.19
1777239660,10.25,28.50,10.00,23.39,17.25,18.61,23.59,6.53,55.17
1777239661,10.31,28.50,10.00,23.31,17.23,18.60,23.61,6.10,55.06
1777239663,10.31,28.50,10.00,23.46,17.25,18.57,23.59,6.18,55.07
1777239665,10.31,28.50,10.00,23.36,17.25,18.52,23.57,6.03,55.03
1777239666,10.25,28.75,10.00,23.36,17.26,18.80,23.61,6.39,55.08
1777239668,10.31,28.75,9.75,23.58,17.28,18.87,23.63,6.25,55.05
1777239669,10.31,28.50,10.25,23.27,17.26,18.60,23.60,6.18,55.00
1777239671,10.31,28.50,9.75,23.48,17.25,18.71,23.60,6.46,55.03
1777239673,10.25,28.50,10.25,23.29,17.23,18.69,23.62,6.05,54.96
1777239674,10.31,28.75,9.75,23.44,17.27,18.81,23.63,6.44,55.03
1777239676,10.25,28.00,9.75,23.15,17.21,18.91,23.65,6.01,54.93
1777239677,10.25,28.25,9.50,23.30,17.23,18.58,23.61,6.23,54.95
1777239679,10.31,28.50,9.75,23.26,17.24,18.98,23.65,6.47,54.98
1777239681,10.25,28.00,10.00,23.25,17.23,18.88,23.62,6.25,54.92
1777239682,10.31,28.00,9.25,23.19,17.22,18.80,23.63,5.93,54.84
1777239684,10.31,27.75,10.00,23.29,17.23,18.77,23.60,6.16,54.87
1777239685,10.31,28.00,9.25,23.32,17.25,18.62,23.60,6.50,54.90
1777239687,10.31,28.00,9.75,23.20,17.23,18.91,23.61,6.62,54.89
1777239689,10.31,28.00,9.75,23.41,17.25,18.63,23.58,6.20,54.81
1777239690,10.31,27.75,9.75,23.41,17.24,18.53,23.55,6.07,54.77
1777239692,10.31,27.75,10.00,23.32,17.25,18.76,23.57,6.69,54.86
1777239693,10.31,27.25,9.75,23.37,17.23,18.76,23.58,6.07,54.75
1777239695,10.31,27.50,9.50,23.49,17.24,18.83,23.58,6.59,54.83
1777239697,10.31,27.50,9.50,23.36,17.25,18.76,23.59,6.53,54.81
1777239698,10.31,27.50,10.25,23.47,17.26,18.77,23.56,6.35,54.79
1777239700,10.31,27.50,9.75,23.47,17.27,18.73,23.57,6.41,54.82
1777239702,10.31,27.00,10.00,23.50,17.28,18.91,23.59,6.43,54.82
1777239703,10.31,27.25,10.00,23.37,17.27,18.94,23.60,6.20,54.79
1777239705,10.25,27.50,10.00,23.36,17.25,18.72,23.58,6.31,54.84
1777239706,10.31,27.50,10.00,23.29,17.26,18.91,23.60,6.11,54.82
1777239708,10.31,27.25,9.75,23.37,17.26,18.83,23.59,6.11,54.83
1777239710,10.31,27.50,10.25,23.58,17.30,18.70,23.57,5.95,54.82
1777239711,10.31,26.75,9.75,23.40,17.27,18.74,23.58,6.27,54.91
1777239713,10.31,27.00,10.00,23.51,17.27,18.88,23.58,6.06,54.90
1777239714,10.31,27.25,10.00,23.20,17.22,18.66,23.54,6.16,54.95
1777239716,10.25,27.00,9.50,23.33,17.22,18.71,23.56,5.93,54.92
1777239718,10.25,27.00,9.25,23.39,17.25,18.72,23.54,6.15,54.99
1777239719,10.25,26.75,9.50,23.41,17.25,18.90,23.57,6.13,55.01
1777239721,10.25,26.75,10.00,23.60,17.25,18.54,23.53,6.12,55.02
1777239722,10.19,26.75,9.50,23.25,17.22,18.91,23.60,6.11,55.04
1777239724,10.25,27.00,9.75,23.40,17.26,18.96,23.62,6.41,55.13
1777239726,10.25,27.25,9.75,23.42,17.27,18.62,23.59,5.95,55.07
1777239727,10.25,27.25,9.75,23.35,17.26,18.67,23.60,6.12,55.11
1777239729,10.25,26.75,10.00,23.31,17.23,18.78,23.65,6.40,55.20
1777239730,10.25,27.25,10.00,23.32,17.25,18.58,23.62,6.26,55.19
1777239732,10.25,27.25,9.75,23.23,17.24,18.86,23.65,6.44,55.26
1777239734,10.25,27.25,10.00,23.30,17.26,18.94,23.65,5.94,55.19
1777239735,10.19,27.25,9.50,23.30,17.21,18.83,23.64,6.25,55.25
1777239737,10.25,26.75,10.25,23.11,17.21,18.73,23.62,6.33,55.27
1777239738,10.31,27.25,9.25,23.30,17.25,18.94,23.65,6.34,55.28
1777239740,10.25,26.75,10.00,23.36,17.23,18.97,23.63,6.24,55.30
1777239742,10.25,27.00,9.75,23.40,17.24,18.62,23.60,6.13,55.26
1777239743,10.25,27.00,9.25,23.40,17.25,18.91,23.64,6.48,55.35
1777239745,10.31,26.75,10.25,23.50,17.25,18.91,23.64,6.34,55.31
1777239747,10.25,26.75,10.25,23.46,17.24,18.70,23.61,6.18,55.30
1777239748,10.31,27.25,10.25,23.73,17.28,18.59,23.60,6.14,55.29
1777239750,10.31,27.00,10.25,23.55,17.27,18.70,23.64,5.88,55.24
1777239751,10.31,27.50,10.25,23.27,17.23,18.98,23.69,6.21,55.31
1777239753,10.38,27.50,9.50,23.37,17.23,18.72,23.66,5.78,55.25
1777239755,10.38,27.75,10.50,23.09,17.20,18.66,23.67,6.12,55.30
1777239756,10.38,27.75,10.50,23.30,17.26,18.69,23.67,6.08,55.28
1777239758,10.38,27.50,10.00,23.32,17.24,18.55,23.65,6.07,55.30
1777239759,10.38,27.75,10.00,23.29,17.22,18.63,23.69,6.41,55.34
1777239761,10.44,27.50,9.75,23.25,17.22,18.75,23.71,5.75,55.23
1777239763,10.38,27.75,10.50,23.08,17.21,18.77,23.72,6.28,55.31
1777239764,10.38,28.00,10.50,23.33,17.23,18.75,23.70,6.08,55.26
1777239766,10.44,27.75,10.00,23.41,17.23,18.70,23.69,6.12,55.25
1777239767,10.44,27.75,10.00,23.43,17.22,18.66,23.67,6.44,55.29
1777239769,10.44,27.75,10.25,23.26,17.25,18.91,23.69,5.97,55.19
1777239771,10.44,27.75,10.00,23.31,17.25,18.89,23.68,6.07,55.19
1777239772,10.44,28.25,10.00,23.46,17.24,18.54,23.64,6.03,55.19
1777239774,10.44,27.50,9.50,23.36,17.24,18.91,23.70,6.07,55.17
1777239775,10.44,28.00,10.00,23.25,17.23,18.82,23.68,6.00,55.14
1777239777,10.44,28.00,10.00,23.06,17.20,18.62,23.65,6.22,55.16
1777239779,10.44,28.00,9.75,23.43,17.21,18.80,23.65,6.20,55.13
1777239780,10.44,27.75,9.25,23.61,17.26,18.74,23.64,6.33,55.14
1777239782,10.44,27.50,9.75,23.32,17.22,18.88,23.67,6.05,55.08
1777239783,10.38,27.25,9.75,23.31,17.23,18.72,23.65,5.94,55.05
1777239785,10.38,27.25,9.50,23.07,17.20,18.66,23.64,6.33,55.10
1777239787,10.38,27.25,9.75,23.40,17.24,18.91,23.66,6.39,55.11
1777239788,10.38,27.50,9.75,23.39,17.23,18.91,23.66,6.10,55.04
1777239790,10.38,27.50,9.50,23.37,17.23,18.59,23.62,6.08,55.04
1777239791,10.38,27.75,9.50,23.37,17.23,18.59,23.62,6.34,55.09
1777239793,10.38,28.00,10.00,23.50,17.25,18.80,23.65,6.26,55.09
1777239795,10.38,28.00,9.25,23.33,17.22,18.80,23.67,6.32,55.10
1777239796,10.38,28.00,9.75,23.37,17.23,18.55,23.63,6.21,55.09
1777239798,10.38,28.25,10.00,23.30,17.22,18.87,23.68,6.12,55.08
1777239800,10.38,28.25,10.00,23.30,17.21,18.77,23.68,6.36,55.14
1777239801,10.38,28.50,10.50,23.41,17.24,18.61,23.66,6.31,55.15
1777239803,10.31,28.75,10.25,23.48,17.26,18.76,23.69,6.02,55.11
1777239804,10.31,29.00,10.25,23.47,17.25,18.61,23.68,6.08,55.14
1777239806,10.38,29.00,9.75,23.40,17.24,18.73,23.71,6.21,55.17
1777239808,10.44,29.00,10.50,23.45,17.24,18.94,23.74,6.37,55.20
1777239809,10.38,28.50,10.50,23.27,17.22,18.84,23.74,6.16,55.17
1777239811,10.38,29.25,10.25,23.37,17.26,18.68,23.71,6.05,55.14
1777239812,10.44,29.25,10.50,23.43,17.26,18.66,23.74,6.52,55.19
1777239814,10.44,29.00,10.25,23.28,17.25,18.83,23.75,5.75,55.05
1777239816,10.44,29.00,10.25,23.06,17.21,18.74,23.74,6.42,55.14
1777239817,10.44,28.75,10.25,23.48,17.25,18.89,23.76,6.59,55.12
1777239819,10.38,29.50,10.00,23.48,17.27,18.89,23.75,6.05,54.97
1777239820,10.38,29.25,10.25,23.27,17.25,18.63,23.71,6.59,55.03
1777239822,10.44,29.50,10.25,23.04,17.22,18.66,23.74,6.31,54.91
1777239824,10.38,29.25,10.25,23.23,17.25,18.62,23.77,5.83,54.80
1777239825,10.44,29.25,9.75,23.26,17.24,18.99,23.84,6.25,54.79
1777239827,10.44,29.00,10.00,23.37,17.27,18.76,23.83,6.34,54.75
1777239828,10.38,29.00,10.25,23.37,17.25,18.70,23.83,6.08,54.64
1777239830,10.44,29.25,10.00,23.41,17.27,18.83,23.82,6.14,54.62
1777239832,10.44,28.50,10.25,23.32,17.27,18.72,23.76,5.99,54.54
1777239833,10.44,28.50,10.00,23.23,17.25,18.66,23.74,6.61,54.60
1777239835,10.44,28.50,10.25,23.41,17.26,18.70,23.74,6.44,54.53
1777239836,10.44,28.50,10.00,23.32,17.25,18.63,23.73,6.44,54.51
1777239838,10.44,28.25,10.00,23.30,17.24,18.70,23.72,6.14,54.44
1777239840,10.44,28.25,9.75,23.34,17.25,18.56,23.72,6.56,54.50
1777239841,10.44,28.25,10.00,23.27,17.23,18.62,23.72,6.54,54.50
1777239843,10.38,28.50,10.00,23.30,17.24,18.82,23.74,6.07,54.40
1777239844,10.38,28.00,10.00,23.46,17.27,18.90,23.74,6.44,54.47
1777239846,10.44,28.50,9.75,23.34,17.24,18.71,23.71,6.44,54.49
1777239848,10.44,28.00,9.75,23.36,17.24,18.66,23.70,6.65,54.53
1777239849,10.44,28.50,10.00,23.37,17.23,18.80,23.72,6.03,54.45
1777239851,10.44,27.75,9.75,23.49,17.25,18.57,23.67,6.01,54.44
1777239853,10.38,28.25,9.75,23.26,17.23,18.79,23.68,6.14,54.50
1777239854,10.44,28.00,9.75,23.56,17.25,18.76,23.69,6.55,54.60
1777239856,10.38,28.25,9.75,23.33,17.22,18.90,23.71,6.01,54.52
1777239857,10.44,28.25,9.75,23.44,17.24,18.69,23.65,5.88,54.53
1777239859,10.38,28.00,9.75,23.07,17.20,18.64,23.67,6.37,54.65
1777239861,10.38,27.50,9.75,23.42,17.25,18.79,23.68,6.44,54.69
1777239862,10.44,28.00,9.75,23.36,17.23,18.76,23.69,6.55,54.73
1777239864,10.38,28.25,9.50,23.43,17.25,18.80,23.69,5.87,54.63
1777239865,10.38,27.50,10.00,23.11,17.20,18.59,23.67,6.01,54.68
1777239867,10.44,28.25,10.25,23.41,17.25,18.80,23.70,6.02,54.71
1777239869,10.44,28.25,10.00,23.37,17.26,18.89,23.72,6.48,54.81
1777239870,10.44,28.00,9.75,23.44,17.28,18.86,23.72,6.24,54.80
1777239872,10.44,28.25,10.00,23.39,17.21,18.66,23.69,6.49,54.85
1777239873,10.44,28.50,10.25,23.41,17.28,18.62,23.72,6.33,54.83
1777239875,10.44,28.50,10.25,23.45,17.28,18.77,23.72,6.52,54.88
1777239877,10.44,28.25,9.50,23.41,17.27,18.72,23.71,6.49,54.87
1777239878,10.44,28.50,10.00,23.40,17.28,18.78,23.73,6.03,54.79
1777239880,10.44,28.00,10.00,23.10,17.23,18.64,23.72,6.18,54.82
1777239881,10.44,28.25,10.50,23.27,17.28,18.80,23.74,6.69,54.92
1777239883,10.44,28.50,10.00,23.29,17.27,18.73,23.74,6.31,54.84
1777239885,10.50,28.25,10.50,23.28,17.28,18.68,23.72,6.47,54.87
1777239886,10.50,28.00,10.00,23.40,17.30,18.85,23.77,6.28,54.82
1777239888,10.44,28.50,10.25,23.30,17.28,18.62,23.73,6.51,54.83
1777239889,10.44,28.25,10.25,23.37,17.30,18.63,23.73,6.05,54.77
1777239891,10.50,28.25,9.50,23.55,17.32,18.51,23.71,6.08,54.76
1777239893,10.44,27.75,9.75,23.37,17.30,18.83,23.75,6.32,54.80
1777239894,10.50,28.00,10.25,23.15,17.27,18.59,23.74,6.09,54.74
1777239896,10.50,28.00,9.75,23.39,17.29,18.48,23.70,6.03,54.73
1777239897,10.44,28.25,9.75,23.47,17.31,18.62,23.75,6.61,54.83
1777239899,10.50,28.00,10.00,23.41,17.30,18.50,23.70,6.46,54.80
1777239901,10.50,28.25,9.50,23.41,17.31,18.78,23.78,6.45,54.79
1777239902,10.44,27.50,9.75,23.24,17.27,18.77,23.76,6.28,54.77
1777239904,10.44,28.25,10.25,23.43,17.30,18.56,23.75,6.26,54.77
1777239906,10.44,28.25,9.75,23.35,17.29,18.68,23.77,5.95,54.74
1777239907,10.50,28.25,10.00,23.40,17.30,18.66,23.78,6.53,54.84
1777239909,10.44,28.00,10.00,23.42,17.32,18.50,23.77,6.27,54.81
1777239910,10.50,28.25,10.00,23.39,17.31,18.75,23.80,6.01,54.77
1777239912,10.44,28.50,10.00,23.39,17.33,18.48,23.78,6.32,54.83
1777239914,10.44,28.75,10.25,23.24,17.30,18.46,23.79,6.20,54.83
1777239915,10.44,28.50,10.50,23.29,17.31,18.76,23.85,6.39,54.87
1777239917,10.44,28.75,9.75,23.46,17.32,18.44,23.83,6.09,54.84
1777239918,10.44,28.75,10.25,23.37,17.33,18.49,23.86,6.12,54.85
1777239920,10.44,29.00,10.00,23.37,17.34,18.63,23.88,6.02,54.84
1777239922,10.44,28.75,10.50,23.26,17.32,18.50,23.86,6.56,54.94
1777239923,10.44,28.50,10.25,23.33,17.34,18.45,23.88,6.36,54.91
1777239925,10.44,29.00,10.50,23.40,17.35,18.46,23.86,6.37,54.92
1777239926,10.50,28.75,10.50,23.37,17.36,18.48,23.88,6.48,54.92
1777239928,10.50,28.75,10.00,23.34,17.37,18.61,23.89,6.07,54.84
1777239930,10.50,29.00,10.50,23.36,17.34,18.62,23.91,6.41,54.86
1777239931,10.44,29.00,9.75,23.34,17.36,18.40,23.86,6.57,54.85
1777239933,10.50,29.25,10.00,23.26,17.36,18.51,23.87,5.99,54.74
1777239934,10.50,28.75,10.00,23.16,17.36,18.55,23.90,6.33,54.78
1777239936,10.50,29.00,10.00,23.27,17.36,18.44,23.91,6.08,54.72
1777239938,10.50,29.00,10.00,23.31,17.38,18.56,23.96,6.54,54.78
1777239939,10.50,29.50,10.50,23.27,17.38,18.74,24.01,6.08,54.68
1777239941,10.50,29.25,10.25,23.19,17.36,18.76,24.03,5.98,54.64
1777239942,10.50,29.25,10.25,23.48,17.40,18.64,24.04,6.41,54.70
1777239944,10.50,29.75,10.25,23.26,17.37,18.53,24.07,6.40,54.69
1777239946,10.50,29.75,9.75,23.42,17.39,18.70,24.12,6.62,54.69
1777239947,10.50,29.75,10.75,23.24,17.36,18.48,24.13,5.94,54.57
1777239949,10.50,30.00,10.50,23.33,17.40,18.44,24.18,6.22,54.61
1777239951,10.56,30.00,10.25,23.30,17.40,18.78,24.28,6.31,54.61
1777239952,10.56,30.25,10.00,23.47,17.42,18.78,24.36,6.13,54.57
1777239954,10.56,29.75,10.25,23.40,17.42,18.57,24.39,6.13,54.55
1777239955,10.56,30.00,10.75,23.29,17.43,18.68,24.43,6.55,54.59
1777239957,10.56,30.00,10.75,23.37,17.44,18.88,24.42,6.67,54.59
1777239959,10.56,29.75,10.25,23.15,17.39,18.86,24.38,6.13,54.47
1777239960,10.56,30.25,10.50,23.40,17.43,18.62,24.29,6.06,54.42
1777239962,10.56,30.00,10.50,23.23,17.41,18.79,24.27,6.65,54.48
1777239963,10.56,30.50,10.50,23.44,17.43,18.59,24.18,6.78,54.45
1777239965,10.63,30.50,10.50,23.36,17.40,18.51,24.15,6.48,54.36
1777239967,10.63,30.00,10.00,23.50,17.43,18.76,24.14,6.06,54.25
1777239968,10.63,30.25,10.50,23.36,17.40,18.63,24.12,6.57,54.30
1777239970,10.56,30.00,10.50,23.36,17.42,18.44,24.06,6.44,54.22
1777239971,10.56,29.75,9.75,23.09,17.38,18.53,24.06,6.52,54.18
1777239973,10.56,30.00,10.00,23.24,17.39,18.69,24.06,6.68,54.19
1777239975,10.56,30.25,9.50,23.36,17.40,18.47,24.03,6.60,54.14
1777239976,10.56,29.75,10.25,23.47,17.42,18.38,24.01,6.56,54.10
1777239978,10.56,29.75,10.50,23.26,17.40,18.79,24.05,6.58,54.08
1777239979,10.63,30.00,10.25,23.55,17.43,18.52,24.02,6.48,54.03
1777239981,10.56,29.50,10.50,23.51,17.40,18.68,24.02,6.20,53.97
1777239983,10.56,29.75,10.25,23.20,17.38,18.59,23.97,6.41,53.99
1777239984,10.63,29.75,10.00,23.05,17.36,18.43,23.95,6.67,54.02
1777239986,10.56,29.75,10.00,23.32,17.40,18.43,23.96,6.07,53.90
1777239987,10.56,29.75,10.00,23.29,17.42,18.87,24.00,6.21,53.92
1777239989,10.56,30.00,9.75,23.31,17.39,18.53,23.99,6.20,53.92
1777239991,10.56,29.75,10.25,22.96,17.35,18.75,24.04,6.52,54.00
1777239992,10.56,30.00,10.25,23.31,17.38,18.51,24.05,6.40,53.97
1777239994,10.56,29.50,9.75,23.26,17.39,18.46,24.05,6.58,54.02
1777239995,10.56,29.50,10.00,23.35,17.41,18.46,24.05,6.05,53.93
1777239997,10.56,29.50,10.25,23.26,17.40,18.48,24.09,6.65,54.05
1777239999,10.56,30.00,10.00,23.16,17.37,18.67,24.08,6.48,54.05
1777240000,10.50,30.00,9.75,23.39,17.40,18.40,24.06,6.26,54.00
1777240002,10.50,30.50,10.25,23.13,17.38,18.52,24.07,6.43,54.06
1777240004,10.50,30.75,10.50,23.26,17.40,18.89,24.09,6.11,54.01
1777240005,10.56,30.50,10.25,23.33,17.39,18.94,24.08,6.47,54.09
1777240007,10.50,30.50,10.50,23.31,17.40,18.77,24.05,6.12,54.04
1777240008,10.50,30.50,10.25,23.23,17.40,18.46,24.00,6.55,54.11
1777240010,10.56,30.50,10.00,23.08,17.37,18.48,24.00,6.68,54.14
1777240012,10.56,30.50,10.50,22.98,17.37,18.78,24.04,6.39,54.08
1777240013,10.56,30.25,10.25,23.23,17.40,18.78,24.02,6.27,54.05
1777240015,10.56,30.25,10.50,23.30,17.40,18.65,23.98,6.72,54.12
1777240016,10.56,30.50,10.25,23.27,17.40,18.56,23.96,6.57,54.06
1777240018,10.56,30.00,10.25,23.18,17.38,18.70,23.96,6.34,54.00
1777240020,10.50,29.50,10.00,22.95,17.36,18.78,23.98,6.57,54.02
1777240021,10.50,29.75,10.25,23.37,17.41,18.67,24.01,6.59,54.01
1777240023,10.50,30.25,9.50,23.27,17.42,18.57,24.03,6.46,53.96
1777240024,10.50,30.25,10.25,23.34,17.42,18.63,24.04,6.23,53.90
1777240026,10.50,30.50,9.75,23.30,17.42,18.62,24.05,6.69,53.97
1777240028,10.50,29.75,9.75,23.31,17.41,18.84,24.06,6.68,53.96
1777240029,10.50,30.00,10.00,23.23,17.41,18.86,24.05,6.53,53.92
1777240031,10.56,30.25,9.50,23.30,17.42,18.59,24.00,6.49,53.93
1777240032,10.50,30.25,10.25,23.20,17.40,18.61,24.01,6.17,53.87
1777240034,10.50,29.75,9.75,23.38,17.42,18.61,24.00,6.01,53.86
1777240036,10.50,29.75,9.75,22.97,17.37,18.78,24.03,6.43,53.95
1777240037,10.50,30.25,10.00,23.51,17.43,18.89,24.02,6.15,53.91
1777240039,10.50,29.75,10.00,23.39,17.41,18.46,23.94,6.48,53.97
1777240040,10.50,30.00,10.00,23.50,17.45,18.68,23.95,6.14,53.94
1777240042,10.44,29.75,10.00,22.98,17.37,18.78,23.95,6.09,53.95
1777240044,10.44,29.75,9.75,23.17,17.41,18.78,23.93,6.09,53.97
1777240045,10.44,29.75,10.25,23.23,17.41,18.89,23.93,6.11,53.99
1777240047,10.44,29.25,10.00,23.22,17.39,18.66,23.89,6.14,54.01
1777240048,10.44,30.00,10.00,23.00,17.37,18.48,23.89,6.68,54.12
1777240050,10.44,29.75,10.25,23.42,17.42,18.62,23.89,6.17,54.04
1777240052,10.50,30.00,9.75,23.30,17.39,18.70,23.91,6.67,54.15
1777240053,10.44,30.25,10.25,22.90,17.36,18.69,23.92,6.31,54.09
1777240055,10.50,30.00,10.00,22.98,17.36,18.60,23.92,6.12,54.10
1777240057,10.44,30.25,10.25,23.23,17.40,18.84,23.96,6.16,54.10
1777240058,10.44,30.00,10.25,23.19,17.39,18.77,23.92,6.10,54.10
1777240060,10.44,30.00,10.50,23.35,17.41,18.52,23.90,6.50,54.19
1777240061,10.44,30.25,10.50,23.32,17.40,18.59,23.91,6.26,54.16
1777240063,10.44,30.00,9.75,23.33,17.43,18.55,23.89,6.10,54.13
1777240065,10.44,29.75,9.75,23.30,17.41,18.86,23.92,6.28,54.14
1777240066,10.50,29.50,10.00,23.26,17.41,18.64,23.89,6.16,54.10
1777240068,10.44,30.00,10.00,23.37,17.42,18.54,23.88,6.68,54.17
1777240069,10.44,30.00,9.75,22.91,17.36,18.64,23.88,6.78,54.17
1777240071,10.50,30.00,9.50,23.19,17.40,18.76,23.90,6.81,54.15
1777240073,10.44,29.75,10.25,23.33,17.42,18.66,23.88,6.34,54.04
1777240074,10.50,29.75,9.75,23.30,17.42,18.59,23.86,6.34,54.03
1777240076,10.44,29.50,10.00,23.07,17.38,18.79,23.88,6.72,54.07
1777240077,10.44,29.50,10.00,23.29,17.42,18.63,23.84,6.69,54.05
1777240079,10.44,29.75,10.00,23.30,17.42,18.64,23.86,6.26,53.97
1777240081,10.44,30.00,10.25,23.19,17.39,18.58,23.87,6.12,53.91
1777240082,10.44,30.00,10.00,23.34,17.41,18.48,23.88,6.87,54.06
1777240084,10.44,30.25,10.25,23.30,17.42,18.72,23.92,6.63,54.00
1777240085,10.44,29.75,10.50,23.23,17.41,18.88,23.93,6.57,53.99
1777240087,10.44,30.00,10.25,22.91,17.36,18.50,23.88,6.21,53.94
1777240089,10.44,30.00,10.00,22.94,17.37,18.65,23.89,6.78,54.07
1777240090,10.44,30.50,10.00,23.23,17.43,18.63,23.89,6.17,53.96
1777240092,10.44,30.50,10.00,23.44,17.44,18.60,23.87,6.11,53.97
1777240093,10.44,30.25,10.50,23.01,17.40,18.47,23.86,6.11,53.97
1777240095,10.44,30.00,10.00,23.19,17.41,18.70,23.86,6.81,54.11
1777240097,10.44,30.25,10.00,23.07,17.41,18.66,23.89,6.48,54.04
1777240098,10.50,30.00,10.50,23.27,17.43,18.54,23.87,5.99,53.96
1777240100,10.50,30.50,9.75,23.32,17.43,18.62,23.89,6.20,53.98
1777240102,10.50,30.25,9.75,23.05,17.40,18.46,23.87,6.53,54.03
1777240103,10.44,30.25,10.00,23.28,17.43,18.64,23.88,6.28,53.98
1777240105,10.50,30.25,10.50,23.06,17.40,18.68,23.87,6.03,53.92
1777240106,10.50,30.25,10.00,22.99,17.38,18.62,23.87,6.65,54.03
1777240108,10.50,30.25,10.25,23.10,17.43,18.58,23.85,6.46,53.97
1777240110,10.50,30.00,9.50,23.34,17.43,18.47,23.85,6.57,53.98
1777240111,10.50,30.25,10.00,23.33,17.44,18.79,23.91,6.83,54.00
1777240113,10.50,30.25,9.50,23.25,17.44,18.51,23.86,6.69,53.98
1777240114,10.50,30.25,10.00,23.30,17.45,18.76,23.90,6.47,53.91
1777240116,10.50,30.00,9.75,23.11,17.41,18.65,23.87,6.67,53.95
1777240118,10.50,29.75,10.25,23.34,17.44,18.78,23.87,6.13,53.85
1777240119,10.50,30.25,9.75,23.22,17.42,18.68,23.86,6.19,53.86
1777240121,10.50,30.00,10.50,22.96,17.40,18.48,23.87,6.66,53.93
1777240122,10.50,30.25,10.25,23.20,17.43,18.72,23.88,6.51,53.89
1777240124,10.50,30.00,10.25,23.02,17.41,18.63,23.87,6.17,53.83
1777240126,10.50,30.25,10.50,22.95,17.39,18.45,23.85,6.33,53.86
1777240127,10.50,30.50,10.25,22.95,17.40,18.53,23.85,6.57,53.89
1777240129,10.44,30.50,10.50,23.16,17.44,18.59,23.88,6.48,53.88
1777240130,10.50,30.00,10.25,23.23,17.45,18.49,23.86,6.72,53.91
1777240132,10.50,29.75,9.25,22.98,17.40,18.41,23.88,6.55,53.88
1777240134,10.50,30.25,10.50,22.95,17.42,18.49,23.90,6.58,53.87
1777240135,10.50,30.25,10.00,23.15,17.44,18.48,23.90,6.62,53.88
1777240137,10.50,30.50,10.00,22.98,17.42,18.72,23.93,6.71,53.89
1777240138,10.50,30.75,10.25,22.98,17.41,18.47,23.89,6.55,53.85
1777240140,10.50,30.25,10.25,22.95,17.42,18.44,23.90,6.55,53.86
1777240142,10.50,30.00,10.00,23.28,17.47,18.77,23.96,6.86,53.89
1777240143,10.50,30.25,10.25,23.30,17.47,18.44,23.91,6.20,53.78
1777240145,10.50,29.50,10.25,23.02,17.43,18.46,23.91,6.67,53.85
1777240146,10.50,30.25,10.25,23.01,17.43,18.44,23.90,6.59,53.82
1777240148,10.50,30.00,10.00,23.17,17.47,18.62,23.91,6.86,53.87
1777240150,10.50,29.75,10.25,23.27,17.48,18.61,23.92,6.21,53.75
1777240151,10.50,29.50,9.50,22.89,17.43,18.41,23.89,6.19,53.75
1777240153,10.50,30.00,10.25,23.33,17.50,18.55,23.90,6.35,53.78
1777240155,10.50,29.75,10.25,23.23,17.48,18.66,23.93,6.75,53.85
1777240156,10.50,29.75,9.75,23.07,17.45,18.80,23.98,6.43,53.80
1777240158,10.50,29.50,10.00,23.16,17.47,18.51,23.92,6.20,53.78
1777240159,10.50,29.00,9.50,23.21,17.47,18.62,23.92,6.15,53.79
1777240161,10.50,29.25,9.75,22.91,17.44,18.55,23.95,6.61,53.89
1777240163,10.50,29.75,9.50,23.12,17.47,18.39,23.91,6.15,53.83
1777240164,10.44,29.50,9.50,23.25,17.49,18.52,23.92,6.54,53.92
1777240166,10.44,29.50,10.00,23.02,17.46,18.47,23.93,6.12,53.87
1777240167,10.44,29.00,9.50,23.58,17.54,18.56,23.92,6.48,53.97
1777240169,10.44,28.50,10.00,23.14,17.48,18.43,23.91,6.61,54.00
1777240171,10.44,28.75,10.25,23.28,17.50,18.39,23.93,6.69,54.06
1777240172,10.44,28.75,10.00,22.90,17.47,18.55,23.97,6.10,53.97
1777240174,10.44,28.25,10.00,22.94,17.45,18.46,23.98,6.26,54.04
1777240175,10.44,28.50,10.00,23.25,17.50,18.41,24.00,6.42,54.11
1777240177,10.38,28.50,10.00,23.15,17.46,18.51,24.02,6.20,54.09
1777240179,10.38,28.25,10.00,23.25,17.50,18.59,24.03,6.46,54.18
1777240180,10.38,28.50,10.00,23.15,17.48,18.51,24.01,6.10,54.17
1777240182,10.38,28.25,9.75,23.26,17.51,18.72,24.05,6.09,54.20
1777240183,10.38,27.75,9.25,23.08,17.48,18.44,24.00,6.66,54.32
1777240185,10.31,27.75,9.75,23.00,17.46,18.59,24.02,6.25,54.31
1777240187,10.38,28.50,9.75,23.24,17.49,18.70,24.01,6.27,54.33
1777240188,10.38,28.00,10.00,23.21,17.49,18.44,23.97,6.12,54.36
1777240190,10.31,28.50,10.25,22.97,17.46,18.43,23.96,6.08,54.40
1777240191,10.38,28.50,10.25,23.22,17.47,18.38,23.98,6.26,54.48
1777240193,10.31,28.50,10.00,23.26,17.49,18.48,23.96,6.05,54.47
1777240195,10.38,28.75,10.25,22.94,17.45,18.44,23.97,6.38,54.58
1777240196,10.38,28.25,10.25,23.05,17.47,18.47,23.95,6.05,54.58
1777240198,10.38,28.75,10.25,22.90,17.41,18.37,23.97,6.31,54.65
1777240199,10.38,28.75,9.75,23.19,17.48,18.53,24.00,6.22,54.66
1777240201,10.38,28.75,10.25,23.37,17.51,18.77,24.05,6.07,54.65
1777240203,10.38,28.50,10.25,23.25,17.49,18.80,24.06,6.13,54.69
1777240204,10.38,28.50,10.25,23.05,17.48,18.57,24.02,6.16,54.71
1777240206,10.38,28.75,10.00,23.14,17.45,18.56,24.02,6.55,54.78
1777240208,10.38,28.75,10.00,23.00,17.45,18.86,24.05,6.45,54.74
1777240209,10.38,28.50,9.75,23.36,17.53,18.60,24.03,6.03,54.69
1777240211,10.38,28.50,9.75,23.33,17.51,18.48,24.01,6.16,54.70
1777240212,10.44,28.75,9.50,23.34,17.51,18.40,23.99,6.08,54.67
1777240214,10.44,28.75,9.75,23.28,17.49,18.38,23.99,6.59,54.76
1777240216,10.44,28.75,9.75,23.26,17.49,18.44,24.00,6.22,54.67
1777240217,10.44,28.75,9.75,22.86,17.44,18.59,24.01,6.21,54.67
1777240219,10.44,28.50,9.75,22.99,17.46,18.48,24.00,6.26,54.67
1777240220,10.44,28.50,9.50,23.26,17.49,18.76,24.02,6.59,54.70
1777240222,10.44,28.75,9.75,23.37,17.49,18.70,24.02,6.07,54.59
1777240224,10.38,28.50,9.75,23.07,17.47,18.63,24.00,5.94,54.56
1777240225,10.38,28.50,9.75,23.28,17.48,18.44,23.96,6.58,54.67
1777240227,10.44,28.75,9.25,23.32,17.47,18.77,24.01,6.53,54.64
1777240228,10.44,28.75,9.75,23.19,17.46,18.51,23.96,6.20,54.56
1777240230,10.31,28.00,9.50,23.38,17.48,18.66,23.96,6.08,54.52
1777240232,10.31,28.50,9.75,23.07,17.45,18.76,23.98,6.00,54.51
1777240233,10.38,28.75,9.75,23.07,17.44,18.55,23.92,6.33,54.57
1777240235,10.38,28.25,10.00,22.94,17.43,18.61,23.92,6.22,54.55
1777240236,10.38,28.50,9.25,23.37,17.48,18.59,23.94,6.55,54.59
1777240238,10.38,28.75,9.75,23.00,17.40,18.57,23.91,6.28,54.55
1777240240,10.44,28.50,9.75,23.28,17.48,18.66,23.91,5.96,54.50
1777240241,10.38,28.00,10.00,23.07,17.43,18.52,23.88,6.41,54.58
1777240243,10.38,28.50,10.00,23.32,17.49,18.64,23.92,6.23,54.55
1777240244,10.44,28.25,9.75,23.19,17.47,18.78,23.92,6.55,54.59
1777240246,10.44,28.50,9.75,23.28,17.48,18.61,23.90,6.48,54.59
1777240248,10.38,27.75,10.00,23.10,17.46,18.53,23.87,6.33,54.57
1777240249,10.38,28.25,9.50,22.93,17.43,18.83,23.91,6.09,54.53
1777240251,10.38,27.50,9.75,23.13,17.47,18.57,23.87,6.59,54.61
1777240252,10.44,27.50,9.25,23.29,17.49,18.88,23.92,6.51,54.62
1777240254,10.44,28.00,9.75,22.89,17.43,18.78,23.89,6.20,54.55
1777240256,10.38,27.75,9.75,23.03,17.46,18.87,23.93,6.37,54.60
1777240257,10.38,27.75,9.50,23.14,17.43,18.52,23.86,6.55,54.64
1777240259,10.38,28.00,9.50,22.98,17.45,18.63,23.89,6.10,54.57
1777240261,10.38,27.75,9.50,22.99,17.45,18.53,23.86,6.03,54.58
1777240262,10.38,27.75,9.75,23.21,17.48,18.69,23.87,6.55,54.68
1777240264,10.31,27.75,9.50,22.98,17.45,18.62,23.87,6.20,54.63
1777240265,10.38,27.75,9.50,23.03,17.45,18.59,23.86,6.06,54.65
1777240267,10.38,27.75,9.50,23.22,17.46,18.53,23.84,6.01,54.67
1777240269,10.38,27.50,8.50,23.00,17.42,18.74,23.87,6.04,54.69
1777240270,10.38,27.75,9.50,23.28,17.48,18.66,23.86,6.44,54.79
1777240272,10.38,27.50,9.50,23.19,17.46,18.48,23.82,6.28,54.78
1777240273,10.38,27.50,9.50,23.15,17.45,18.85,23.87,6.49,54.87
1777240275,10.38,27.25,8.75,22.97,17.45,18.51,23.82,6.10,54.82
1777240277,10.38,27.75,9.25,23.23,17.45,18.62,23.81,6.21,54.87
1777240278,10.38,27.75,8.75,23.12,17.45,18.62,23.83,6.07,54.88
1777240280,10.31,27.25,9.75,23.07,17.41,18.61,23.84,6.00,54.88
1777240281,10.31,27.25,9.50,23.32,17.47,18.62,23.83,6.37,54.98
1777240283,10.31,27.50,9.25,23.11,17.45,18.55,23.81,6.22,54.98
1777240285,10.31,27.50,9.50,22.92,17.43,18.62,23.83,6.26,55.01
1777240286,10.31,27.75,9.75,23.19,17.47,18.49,23.81,5.90,54.96
1777240288,10.31,28.00,9.50,23.30,17.47,18.49,23.82,6.11,55.01
1777240289,10.31,27.50,9.50,23.03,17.44,18.47,23.83,6.49,55.09
1777240291,10.31,27.50,9.50,23.17,17.46,18.72,23.85,6.01,55.02
1777240293,10.31,27.50,9.50,23.22,17.45,18.82,23.88,6.23,55.07
1777240294,10.31,27.75,9.50,23.35,17.47,18.78,23.88,6.28,55.09
1777240296,10.31,27.75,9.50,23.30,17.47,18.66,23.85,6.15,55.09
1777240297,10.31,27.75,9.50,23.03,17.41,18.55,23.85,6.36,55.13
1777240299,10.31,27.50,9.50,22.90,17.42,18.59,23.84,6.27,55.11
1777240301,10.31,27.75,9.25,23.23,17.45,18.75,23.86,6.26,55.11
1777240302,10.31,27.50,9.75,23.14,17.46,18.50,23.83,6.01,55.08
1777240304,10.31,27.25,9.75,23.03,17.43,18.86,23.87,6.07,55.07
1777240305,10.38,27.25,9.75,23.28,17.46,18.47,23.83,6.34,55.14
1777240307,10.31,27.50,9.25,23.02,17.42,18.66,23.86,6.14,55.08
1777240309,10.31,27.50,9.25,23.35,17.50,18.59,23.85,6.18,55.08
1777240310,10.31,28.00,9.25,23.54,17.50,18.60,23.83,6.02,55.04
1777240312,10.25,27.75,8.75,23.25,17.46,18.64,23.83,6.54,55.13
1777240314,10.31,27.25,9.50,23.26,17.46,18.52,23.85,6.05,55.03
1777240315,10.25,27.75,9.50,23.15,17.44,18.81,23.89,5.98,55.03
1777240317,10.25,28.00,9.50,23.05,17.43,18.61,23.87,6.26,55.07
1777240318,10.25,27.75,9.25,23.26,17.47,18.59,23.86,6.33,55.09
1777240320,10.25,28.00,9.50,23.31,17.46,18.67,23.88,5.87,55.02
1777240322,10.25,27.50,9.50,23.05,17.43,18.53,23.85,6.17,55.08
1777240323,10.25,27.50,9.50,22.96,17.43,18.93,23.90,6.48,55.13
1777240325,10.25,27.25,9.50,23.14,17.46,18.51,23.86,6.34,55.13
1777240326,10.25,27.75,9.25,22.87,17.42,18.59,23.86,5.82,55.03
1777240328,10.25,27.50,9.50,23.25,17.48,18.40,23.85,5.71,55.03
1777240330,10.25,27.50,9.25,23.13,17.44,18.55,23.86,6.24,55.12
1777240331,10.25,27.50,9.50,23.28,17.45,18.80,23.88,6.22,55.13
1777240333,10.25,27.50,9.00,23.14,17.46,18.65,23.86,6.00,55.10
1777240334,10.25,27.50,9.25,23.25,17.47,18.79,23.88,5.96,55.11
1777240336,10.19,27.25,9.00,23.23,17.48,18.56,23.86,6.08,55.15
1777240338,10.19,27.75,9.25,23.26,17.48,18.61,23.86,6.20,55.19
1777240339,10.19,27.75,9.00,23.26,17.47,18.68,23.85,6.12,55.20
1777240341,10.19,27.25,8.75,23.07,17.45,18.70,23.85,6.40,55.25
1777240342,10.19,27.75,9.25,23.03,17.46,18.58,23.85,6.13,55.22
1777240344,10.19,27.00,9.50,23.04,17.45,18.51,23.84,6.22,55.27
1777240346,10.19,27.75,9.50,23.03,17.44,18.48,23.83,5.72,55.19
1777240347,10.13,27.25,9.75,22.92,17.45,18.43,23.82,6.11,55.28
1777240349,10.19,27.75,9.00,22.91,17.43,18.66,23.85,6.12,55.29
1777240350,10.19,27.00,9.50,23.14,17.46,18.53,23.84,5.98,55.30
1777240352,10.19,27.25,9.75,22.86,17.44,18.97,23.93,5.98,55.31
1777240354,10.25,27.25,9.75,23.36,17.51,18.57,23.90,6.20,55.37
1777240355,10.25,27.25,10.00,23.23,17.50,18.46,23.88,5.83,55.32
1777240357,10.25,27.25,10.00,23.28,17.49,18.59,23.90,6.07,55.36
1777240358,10.25,27.00,9.50,23.26,17.49,18.79,23.89,6.27,55.41
1777240360,10.31,26.75,9.75,23.02,17.46,18.44,23.86,6.17,55.38
1777240362,10.25,27.50,9.75,23.32,17.48,18.45,23.86,6.25,55.41
1777240363,10.25,27.00,9.25,22.98,17.46,18.48,23.85,6.31,55.42
1777240365,10.25,27.25,9.75,22.92,17.45,18.63,23.85,6.38,55.44
1777240366,10.25,27.50,9.75,23.29,17.50,18.56,23.83,6.33,55.41
1777240368,10.25,27.00,9.50,22.91,17.44,18.69,23.86,6.31,55.40
1777240370,10.25,27.00,9.50,22.91,17.46,18.88,23.86,6.31,55.42
1777240371,10.19,27.00,9.50,23.15,17.48,18.78,23.85,6.40,55.41
1777240373,10.25,27.00,9.25,23.10,17.46,18.66,23.83,6.35,55.41
1777240375,10.25,27.25,9.75,22.97,17.45,18.66,23.85,5.94,55.33
1777240376,10.25,27.50,9.50,22.95,17.45,18.48,23.81,5.94,55.32
1777240378,10.25,27.00,9.75,23.30,17.50,18.87,23.87,6.34,55.41
1777240379,10.19,27.50,9.75,23.26,17.49,18.49,23.81,6.31,55.39
1777240381,10.25,27.50,9.25,23.07,17.43,18.52,23.83,5.85,55.30
1777240383,10.25,27.50,9.75,23.19,17.47,18.72,23.85,5.79,55.31
1777240384,10.25,27.50,9.75,23.13,17.49,18.53,23.83,6.01,55.35
1777240386,10.25,27.75,9.25,23.46,17.52,18.66,23.84,6.13,55.37
1777240387,10.25,27.50,9.25,22.93,17.45,18.48,23.84,6.27,55.41
1777240389,10.25,26.75,9.50,23.02,17.46,18.49,23.83,5.94,55.35
1777240391,10.25,27.50,9.00,23.21,17.46,18.48,23.83,6.34,55.43
1777240392,10.25,27.50,9.50,22.98,17.47,18.37,23.85,6.23,55.41
1777240394,10.25,27.50,9.25,22.97,17.45,18.48,23.86,5.90,55.36
1777240395,10.25,27.25,9.75,23.19,17.47,18.45,23.84,6.45,55.47
1777240397,10.31,27.50,9.50,22.87,17.43,18.52,23.86,6.18,55.43
1777240399,10.25,26.50,9.75,22.93,17.45,18.72,23.90,6.32,55.46
1777240400,10.25,27.25,9.75,23.02,17.47,18.38,23.86,6.22,55.45
1777240402,10.25,27.50,9.75,22.95,17.47,18.56,23.88,6.45,55.47
1777240403,10.25,26.50,9.75,22.95,17.47,18.59,23.88,5.89,55.39
1777240405,10.31,27.25,9.25,23.02,17.47,18.60,23.88,6.26,55.46
1777240407,10.25,27.25,9.75,23.02,17.47,18.47,23.88,6.20,55.45
1777240408,10.25,26.50,9.00,23.08,17.48,18.34,23.88,6.10,55.44
1777240410,10.19,27.50,9.75,22.98,17.46,18.57,23.91,6.33,55.47
1777240411,10.25,27.50,9.25,23.23,17.51,18.45,23.88,6.39,55.50
1777240413,10.19,27.00,9.00,23.26,17.51,18.78,23.93,6.22,55.46
1777240415,10.25,27.00,9.75,23.18,17.50,18.40,23.88,6.18,55.45
1777240416,10.25,27.00,9.25,23.21,17.49,18.37,23.89,6.45,55.48
1777240418,10.25,27.50,9.50,23.25,17.51,18.37,23.88,5.94,55.40
1777240419,10.25,27.75,9.75,23.19,17.49,18.40,23.89,5.80,55.40
1777240421,10.25,27.50,9.75,23.26,17.50,18.57,23.92,6.20,55.45
1777240423,10.25,27.75,9.75,23.06,17.50,18.41,23.89,6.20,55.47
1777240424,10.25,27.75,9.00,23.38,17.53,18.37,23.90,6.37,55.48
1777240426,10.31,27.50,9.75,22.98,17.50,18.55,23.91,5.92,55.43
1777240428,10.31,28.00,9.50,23.07,17.49,18.49,23.94,6.44,55.52
1777240429,10.25,27.50,9.75,23.10,17.50,18.48,23.96,6.32,55.51
1777240431,10.25,27.25,9.75,23.25,17.53,18.46,23.94,6.33,55.50
1777240432,10.25,28.00,9.50,22.92,17.47,18.46,23.94,6.27,55.50
1777240434,10.19,28.25,9.50,23.13,17.52,18.51,23.97,6.04,55.46
1777240436,10.19,28.25,9.50,22.89,17.48,18.56,23.98,5.95,55.44
1777240437,10.25,28.25,10.00,23.06,17.51,18.41,23.96,6.18,55.49
1777240439,10.19,27.75,9.75,23.27,17.52,18.61,23.98,5.94,55.46
1777240440,10.25,27.75,9.25,22.83,17.49,18.76,24.02,5.80,55.41
1777240442,10.25,28.25,9.75,22.92,17.49,18.52,24.00,6.37,55.53
1777240444,10.25,28.25,9.75,23.23,17.55,18.41,24.00,6.28,55.52
1777240445,10.25,28.50,10.00,23.28,17.54,18.48,24.01,6.33,55.51
1777240447,10.25,28.50,9.50,23.18,17.51,18.36,24.00,5.98,55.45
1777240448,10.25,28.50,9.75,23.14,17.51,18.55,24.05,6.20,55.48
1777240450,10.25,28.50,9.75,23.23,17.53,18.74,24.07,5.77,55.38
1777240452,10.31,28.75,9.50,23.50,17.57,18.53,24.06,6.07,55.40
1777240453,10.31,28.00,9.75,22.89,17.48,18.48,24.07,6.57,55.47
1777240455,10.25,28.75,9.75,23.10,17.52,18.44,24.07,6.12,55.38
1777240456,10.25,28.75,9.75,23.26,17.54,18.34,24.08,6.17,55.36
1777240458,10.25,29.00,9.75,22.95,17.47,18.72,24.14,5.88,55.26
1777240460,10.31,28.75,9.75,23.05,17.50,18.65,24.14,6.41,55.33
1777240461,10.25,29.25,9.75,22.91,17.48,18.44,24.13,6.10,55.25
1777240463,10.31,29.75,9.25,23.05,17.49,18.45,24.10,6.07,55.21
1777240464,10.31,29.50,10.00,23.16,17.51,18.37,24.12,6.37,55.23
1777240466,10.38,29.25,9.50,22.98,17.50,18.83,24.19,6.28,55.18
1777240468,10.38,29.25,10.00,23.12,17.51,18.57,24.15,6.53,55.18
1777240469,10.31,29.50,10.25,22.94,17.49,18.30,24.11,6.44,55.14
1777240471,10.38,29.50,10.25,22.92,17.49,18.34,24.13,6.04,55.01
1777240472,10.38,29.50,10.25,22.95,17.49,18.40,24.14,6.42,55.03
1777240474,10.31,29.25,10.00,23.16,17.50,18.62,24.15,6.26,54.96
1777240476,10.38,29.50,10.00,23.30,17.53,18.55,24.15,6.50,54.96
1777240477,10.38,29.50,9.75,23.22,17.51,18.40,24.13,6.26,54.88
1777240479,10.38,29.25,10.00,23.07,17.50,18.43,24.12,6.28,54.84
1777240480,10.38,29.50,10.00,22.94,17.49,18.63,24.16,6.52,54.83
1777240482,10.44,29.50,9.50,22.98,17.49,18.46,24.14,6.12,54.70
1777240484,10.44,29.50,10.00,22.98,17.48,18.71,24.17,6.15,54.65
1777240485,10.38,29.25,9.75,23.22,17.52,18.44,24.14,6.45,54.67
1777240487,10.44,29.50,10.00,23.10,17.50,18.44,24.16,6.09,54.56
1777240489,10.38,29.25,9.50,23.19,17.50,18.47,24.20,6.14,54.51
1777240490,10.44,29.00,9.75,23.28,17.53,18.47,24.21,6.23,54.51
1777240492,10.38,29.50,10.25,23.03,17.50,18.59,24.21,6.37,54.51
1777240493,10.44,29.00,9.75,23.40,17.55,18.42,24.19,6.58,54.51
1777240495,10.38,29.00,10.00,22.98,17.48,18.52,24.21,6.09,54.41
1777240497,10.38,29.25,10.25,23.30,17.53,18.66,24.23,6.13,54.39
1777240498,10.38,29.25,10.25,22.86,17.46,18.44,24.20,5.81,54.33
1777240500,10.38,28.75,10.00,23.44,17.54,18.53,24.21,6.31,54.38
1777240501,10.44,29.00,9.75,23.04,17.49,18.45,24.20,6.15,54.36
1777240503,10.44,28.75,9.75,22.94,17.47,18.56,24.20,6.10,54.36
1777240505,10.44,29.25,10.00,22.99,17.49,18.62,24.22,6.11,54.36
1777240506,10.38,29.00,9.75,23.48,17.55,18.51,24.23,6.31,54.39
1777240508,10.44,29.00,9.25,23.23,17.51,18.67,24.24,5.76,54.30
1777240509,10.44,29.25,9.75,23.04,17.51,18.68,24.23,6.59,54.44
1777240511,10.44,29.25,9.75,22.91,17.48,18.62,24.19,6.33,54.39
1777240513,10.44,29.50,9.75,23.19,17.52,18.66,24.21,5.95,54.35
1777240514,10.44,29.25,10.00,23.15,17.51,18.48,24.15,6.11,54.37
1777240516,10.44,29.50,10.00,23.26,17.54,18.40,24.16,6.45,54.44
1777240517,10.44,29.25,9.75,23.08,17.51,18.48,24.16,6.62,54.47
1777240519,10.44,29.25,9.75,23.13,17.52,18.36,24.14,6.59,54.47
1777240521,10.44,29.50,9.25,22.98,17.50,18.49,24.16,6.71,54.48
1777240522,10.44,29.50,9.75,22.97,17.49,18.59,24.17,6.24,54.42
1777240524,10.44,29.75,10.00,22.95,17.51,18.53,24.16,6.20,54.42
1777240525,10.44,29.25,10.00,23.09,17.53,18.44,24.16,6.49,54.47
1777240527,10.44,29.25,9.75,23.15,17.54,18.53,24.18,6.14,54.42
1777240529,10.44,29.25,10.00,22.83,17.49,18.41,24.14,6.52,54.50
1777240530,10.44,30.00,9.50,23.31,17.56,18.66,24.20,6.26,54.43
1777240532,10.44,29.75,10.25,22.89,17.52,18.59,24.18,6.23,54.44
1777240534,10.44,30.00,10.50,22.94,17.49,18.70,24.25,6.59,54.48
1777240535,10.44,29.75,10.25,23.09,17.52,18.51,24.22,6.47,54.47
1777240537,10.44,30.00,10.00,22.98,17.51,18.40,24.19,6.16,54.40
1777240538,10.50,29.75,10.00,23.19,17.54,18.38,24.19,6.16,54.37
1777240540,10.50,30.25,10.00,22.89,17.50,18.34,24.19,6.13,54.35
1777240542,10.56,30.25,10.25,22.96,17.50,18.37,24.17,6.08,54.30
1777240543,10.56,30.25,10.25,23.01,17.52,18.33,24.16,6.64,54.36
1777240545,10.56,30.25,10.25,22.94,17.50,18.43,24.18,6.22,54.29
1777240546,10.50,29.50,10.25,22.94,17.51,18.49,24.19,6.74,54.36
1777240548,10.50,30.00,10.25,23.27,17.54,18.44,24.17,6.71,54.34
1777240550,10.56,30.25,10.25,23.07,17.53,18.34,24.14,6.67,54.31
1777240551,10.56,30.00,10.25,22.95,17.51,18.53,24.17,6.33,54.21
1777240553,10.56,30.00,10.25,23.24,17.54,18.62,24.15,6.21,54.18
1777240554,10.50,29.50,10.25,23.20,17.56,18.69,24.18,6.34,54.17
1777240556,10.50,29.75,9.50,23.26,17.55,18.49,24.14,6.39,54.16
1777240558,10.56,29.50,9.75,22.96,17.52,18.43,24.14,6.66,54.17
1777240559,10.63,29.50,10.25,23.14,17.55,18.47,24.11,6.13,54.06
1777240561,10.56,28.50,9.50,22.93,17.52,18.65,24.14,6.28,54.08
1777240562,10.56,29.00,9.25,23.19,17.56,18.43,24.10,6.83,54.16
1777240564,10.56,29.00,9.50,22.92,17.51,18.47,24.08,6.12,54.02
1777240566,10.56,29.25,9.00,23.06,17.54,18.40,24.05,6.21,54.02
1777240567,10.56,29.25,9.75,23.26,17.57,18.52,24.06,6.71,54.10
1777240569,10.56,29.25,9.25,22.99,17.52,18.44,24.02,6.64,54.09
1777240570,10.50,29.25,9.50,23.07,17.53,18.38,24.01,6.26,54.02
1777240572,10.50,29.50,9.75,22.90,17.51,18.39,24.03,6.42,54.06
1777240574,10.44,29.00,9.50,23.29,17.55,18.49,24.03,6.07,54.03
1777240575,10.50,29.25,9.75,23.30,17.57,18.56,24.07,6.22,54.07
1777240577,10.50,29.25,9.50,22.97,17.52,18.65,24.10,6.71,54.18
1777240578,10.50,29.00,9.50,23.08,17.55,18.40,24.06,6.26,54.12
1777240580,10.44,29.50,10.00,22.97,17.54,18.70,24.09,6.51,54.19
1777240582,10.44,29.25,9.75,23.21,17.56,18.51,24.08,6.51,54.22
1777240583,10.50,29.25,10.00,23.33,17.58,18.44,24.06,6.23,54.21
1777240585,10.50,29.00,10.25,22.99,17.54,18.37,24.06,6.42,54.25
1777240587,10.44,29.00,9.75,22.98,17.53,18.38,24.05,6.26,54.25
1777240588,10.50,28.50,10.00,23.30,17.60,18.55,24.06,6.26,54.26
1777240590,10.44,29.00,10.25,23.10,17.55,18.37,24.00,6.01,54.24
1777240591,10.50,29.00,9.75,22.89,17.52,18.59,24.04,6.23,54.29
1777240593,10.44,29.00,10.00,23.34,17.58,18.39,24.03,6.64,54.36
1777240595,10.44,28.25,10.25,22.81,17.49,18.49,24.04,6.43,54.34
1777240596,10.50,29.00,10.00,23.16,17.55,18.69,24.07,6.45,54.34
1777240598,10.44,28.25,10.00,23.52,17.60,18.56,24.04,6.32,54.31
1777240599,10.44,28.75,9.50,23.13,17.56,18.75,24.05,6.37,54.35
1777240601,10.44,28.75,10.00,23.07,17.54,18.51,24.01,6.46,54.35
1777240603,10.44,28.25,9.00,23.09,17.55,18.54,24.00,6.11,54.28
1777240604,10.44,28.50,9.50,23.23,17.56,18.50,23.99,5.82,54.26
1777240606,10.44,28.50,9.75,22.88,17.52,18.44,23.95,6.60,54.40
1777240607,10.44,28.00,10.00,23.30,17.58,18.52,23.97,6.45,54.37
1777240609,10.44,28.00,9.75,22.97,17.54,18.47,23.97,6.44,54.38
1777240611,10.44,27.75,10.00,22.95,17.53,18.62,23.98,6.45,54.38
1777240612,10.44,28.25,9.50,23.23,17.57,18.51,23.96,6.14,54.35
1777240614,10.44,27.75,9.50,23.25,17.57,18.45,23.92,6.22,54.38
1777240615,10.44,28.25,9.25,23.10,17.54,18.49,23.93,6.47,54.45
1777240617,10.38,27.75,10.25,22.93,17.53,18.46,23.93,6.08,54.38
1777240619,10.38,28.00,10.00,22.95,17.53,18.69,23.97,6.07,54.40
1777240620,10.44,27.75,9.50,22.90,17.53,18.75,23.98,6.31,54.46
1777240622,10.44,28.00,9.75,22.92,17.53,18.48,23.93,6.42,54.50
1777240623,10.38,27.75,9.75,23.16,17.58,18.79,23.98,6.69,54.57
1777240625,10.38,28.25,9.00,22.91,17.54,18.43,23.92,6.34,54.55
1777240627,10.38,28.00,10.00,22.93,17.54,18.58,23.92,5.80,54.44
1777240628,10.44,27.75,10.00,23.09,17.56,18.57,23.92,6.25,54.56
1777240630,10.38,28.25,9.75,23.05,17.56,18.67,23.93,6.46,54.61
1777240631,10.38,28.50,10.00,23.07,17.57,18.43,23.91,6.59,54.66
1777240633,10.38,28.50,9.75,22.92,17.54,18.51,23.92,6.02,54.59
1777240635,10.38,28.50,10.25,23.15,17.58,18.44,23.93,6.26,54.65
1777240636,10.38,28.50,10.25,22.94,17.53,18.63,23.97,6.06,54.63
1777240638,10.38,28.50,10.00,23.01,17.54,18.40,23.95,6.53,54.72
1777240640,10.38,28.25,10.25,23.02,17.55,18.52,23.97,6.62,54.74
1777240641,10.38,28.25,10.00,23.23,17.57,18.62,23.97,6.25,54.71
1777240643,10.38,28.75,10.00,22.94,17.55,18.80,24.00,5.90,54.63
1777240644,10.38,28.50,10.00,23.52,17.63,18.60,23.96,6.08,54.65
1777240646,10.38,28.50,9.75,23.12,17.56,18.49,23.96,6.33,54.69
1777240648,10.44,28.75,10.00,23.10,17.56,18.62,23.96,6.59,54.75
1777240649,10.38,29.00,9.75,22.81,17.52,18.47,23.93,6.13,54.66
1777240651,10.38,29.00,10.00,23.21,17.57,18.53,23.95,5.92,54.61
1777240652,10.44,29.50,10.00,22.95,17.53,18.64,23.98,6.41,54.69
1777240654,10.38,29.75,10.25,23.15,17.56,18.55,23.96,6.45,54.69
1777240656,10.38,29.75,10.25,22.87,17.54,18.73,23.97,6.22,54.65
1777240657,10.44,30.00,10.00,23.14,17.57,18.62,23.98,5.97,54.60
1777240659,10.38,29.75,10.25,23.25,17.58,18.55,23.96,6.63,54.69
1777240660,10.38,30.00,10.00,23.19,17.57,18.95,24.01,6.56,54.68
1777240662,10.38,30.25,9.75,23.05,17.56,18.71,23.99,6.09,54.58
1777240664,10.38,30.25,9.75,22.80,17.53,18.50,23.97,6.96,54.72
1777240665,10.38,30.50,10.50,22.93,17.54,18.50,23.96,6.59,54.64
1777240667,10.44,30.50,10.50,23.21,17.58,18.68,23.98,6.79,54.65
1777240668,10.44,30.50,9.75,23.34,17.60,18.62,23.98,6.70,54.62
1777240670,10.38,30.25,10.25,22.99,17.55,18.76,24.00,6.28,54.52
1777240672,10.38,30.25,10.25,22.87,17.54,18.82,24.01,6.38,54.51
1777240673,10.38,30.00,10.50,23.15,17.57,18.74,24.00,6.74,54.52
1777240675,10.44,30.25,10.50,23.25,17.60,18.56,23.96,6.59,54.46
1777240676,10.44,30.25,10.50,23.16,17.58,18.46,23.96,6.50,54.39
1777240678,10.44,30.25,10.25,22.93,17.54,18.55,23.96,6.56,54.35
1777240680,10.44,30.00,9.50,23.05,17.58,18.76,23.99,6.86,54.37
1777240681,10.44,30.00,9.50,22.87,17.54,18.60,23.98,6.52,54.26
1777240683,10.44,30.00,9.75,23.25,17.60,18.55,24.00,6.63,54.25
1777240684,10.50,29.75,10.00,23.19,17.59,18.66,24.03,6.51,54.18
1777240686,10.44,30.00,10.25,22.93,17.57,18.65,24.04,6.51,54.15
1777240688,10.50,30.00,9.50,23.06,17.58,18.68,24.05,6.50,54.11
1777240689,10.44,29.75,10.25,23.02,17.57,18.97,24.10,6.18,54.05
1777240691,10.50,29.50,9.50,23.23,17.61,18.68,24.05,6.50,54.09
1777240693,10.50,29.50,10.00,22.88,17.56,18.75,24.06,6.41,54.07
1777240694,10.44,29.25,10.00,23.37,17.60,18.62,24.05,6.33,54.04
1777240696,10.44,29.50,10.00,23.34,17.62,18.86,24.08,6.27,54.06
1777240697,10.44,29.50,9.75,22.96,17.57,18.71,24.04,6.54,54.13
1777240699,10.44,29.00,9.50,23.05,17.59,18.66,24.03,6.63,54.14
1777240701,10.44,29.75,9.50,23.05,17.59,18.65,24.04,6.44,54.13
1777240702,10.44,29.25,9.00,22.86,17.56,18.79,24.06,6.14,54.13
1777240704,10.44,29.50,10.00,22.98,17.59,18.80,24.05,6.17,54.14
1777240705,10.44,28.75,10.00,22.98,17.57,18.66,24.02,6.34,54.21
1777240707,10.44,29.25,10.00,23.25,17.61,18.74,24.03,6.02,54.18
1777240709,10.44,29.25,9.75,23.14,17.60,18.62,24.00,6.05,54.22
1777240710,10.44,29.25,9.75,23.13,17.59,18.68,23.98,6.76,54.36
1777240712,10.38,29.25,10.25,23.04,17.58,18.59,23.98,6.18,54.28
1777240713,10.38,29.00,10.25,23.20,17.61,18.51,23.97,6.05,54.27
1777240715,10.44,29.25,10.00,23.15,17.59,18.71,23.99,6.00,54.31
1777240717,10.44,29.50,9.50,22.96,17.57,18.87,24.02,6.00,54.34
1777240718,10.44,29.00,10.00,23.23,17.61,18.70,24.01,6.11,54.38
1777240720,10.38,29.00,10.00,23.02,17.58,18.70,24.04,6.02,54.39
1777240721,10.44,29.00,10.00,23.18,17.60,18.70,24.06,5.79,54.37
1777240723,10.38,28.25,9.50,23.12,17.60,18.88,24.07,6.53,54.50
1777240725,10.44,28.50,10.25,23.04,17.58,18.83,24.06,6.10,54.44
1777240726,10.44,28.25,9.75,22.99,17.58,18.81,24.05,6.28,54.50
1777240728,10.38,29.00,10.00,23.01,17.55,18.83,24.02,6.55,54.53
1777240729,10.38,28.25,9.75,23.26,17.61,18.86,24.00,6.46,54.54
1777240731,10.44,28.50,9.25,22.98,17.55,18.65,23.95,6.48,54.57
1777240733,10.38,28.25,9.75,22.95,17.54,18.69,23.91,6.09,54.50
1777240734,10.38,28.25,9.25,23.22,17.57,18.81,23.92,6.33,54.56
1777240736,10.38,28.75,10.00,23.26,17.58,18.86,23.89,6.55,54.59
1777240737,10.38,28.25,10.00,23.13,17.56,18.83,23.89,6.57,54.64
1777240739,10.38,28.50,10.25,23.14,17.55,19.00,23.90,6.33,54.62
1777240741,10.38,28.50,10.00,22.98,17.54,18.66,23.85,6.28,54.64
1777240742,10.31,28.50,9.50,23.10,17.54,18.76,23.85,6.41,54.68
1777240744,10.38,28.00,9.75,23.28,17.57,18.71,23.83,6.51,54.71
1777240746,10.31,28.00,9.50,23.15,17.55,18.66,23.80,6.37,54.71
1777240747,10.31,28.00,9.75,23.22,17.55,18.77,23.80,6.20,54.70
1777240749,10.31,28.00,9.25,23.47,17.58,18.84,23.81,6.09,54.71
1777240750,10.31,27.50,10.00,23.20,17.55,18.66,23.76,6.16,54.73
1777240752,10.31,28.25,10.00,22.91,17.51,18.55,23.76,6.42,54.79
1777240754,10.31,27.50,10.50,23.05,17.53,18.88,23.79,6.08,54.76
1777240755,10.31,28.25,10.00,23.29,17.56,18.62,23.74,6.48,54.86
1777240757,10.31,27.75,9.75,23.36,17.56,18.76,23.77,6.27,54.84
1777240758,10.31,27.75,10.25,23.30,17.55,18.68,23.74,6.05,54.82
1777240760,10.31,27.75,10.00,22.92,17.52,18.80,23.79,6.44,54.90
1777240762,10.31,28.00,9.75,23.11,17.53,18.83,23.78,6.32,54.91
1777240763,10.31,28.00,9.75,22.94,17.51,18.66,23.77,6.13,54.89
1777240765,10.31,28.00,9.50,23.34,17.56,18.54,23.76,6.39,54.96
1777240766,10.31,28.25,9.50,22.94,17.49,18.73,23.78,6.34,54.97
1777240768,10.31,28.50,9.25,23.27,17.54,18.63,23.80,6.09,54.98
1777240770,10.31,28.25,9.75,23.08,17.52,18.91,23.85,5.99,54.98
1777240771,10.31,28.75,10.00,23.04,17.51,18.73,23.82,6.09,55.00
1777240773,10.31,28.00,9.50,23.16,17.51,19.00,23.86,6.16,55.03
1777240774,10.25,28.50,9.75,22.99,17.49,18.75,23.84,6.39,55.07
1777240776,10.31,28.75,10.00,23.26,17.54,18.95,23.86,6.05,55.03
1777240778,10.31,28.50,10.00,23.01,17.49,18.94,23.87,6.40,55.09
1777240779,10.31,29.00,9.75,23.21,17.52,18.52,23.83,6.07,55.06
1777240781,10.25,28.75,9.75,23.07,17.48,18.80,23.85,6.55,55.12
1777240782,10.31,29.00,10.00,22.99,17.48,18.80,23.86,6.31,55.09
1777240784,10.31,29.00,9.75,23.16,17.51,18.75,23.84,6.59,55.13
1777240786,10.31,29.00,10.00,22.98,17.50,18.96,23.90,6.12,55.03
1777240787,10.38,28.75,10.25,23.25,17.52,18.57,23.88,6.14,55.04
1777240789,10.31,29.00,10.50,23.14,17.49,18.80,23.95,6.31,55.05
1777240791,10.38,28.25,10.25,23.13,17.50,18.81,23.99,6.24,55.01
1777240792,10.38,29.00,9.75,23.27,17.53,18.68,24.00,6.45,55.03
1777240794,10.38,28.75,10.00,23.08,17.49,18.54,24.00,6.01,54.92
1777240795,10.38,28.50,9.50,22.98,17.48,18.62,23.96,6.16,54.91
1777240797,10.38,28.25,9.50,23.38,17.54,18.59,23.94,6.28,54.91
1777240799,10.44,28.50,9.50,23.12,17.51,18.66,23.91,6.50,54.89
1777240800,10.44,28.00,10.00,23.11,17.49,18.59,23.86,6.59,54.87
1777240802,10.38,28.75,9.75,23.37,17.52,18.53,23.86,6.31,54.78
1777240803,10.31,28.25,9.25,23.12,17.49,18.62,23.85,5.78,54.65
1777240805,10.31,28.25,9.50,23.37,17.53,18.98,23.89,6.12,54.70
1777240807,10.38,28.00,9.25,23.08,17.48,18.80,23.83,6.50,54.73
1777240808,10.38,28.00,10.00,23.17,17.49,18.87,23.85,6.52,54.73
1777240810,10.38,28.50,9.75,23.30,17.50,18.66,23.85,6.08,54.63
1777240811,10.38,28.25,9.75,23.49,17.53,18.62,23.83,6.07,54.62
1777240813,10.31,28.25,9.50,22.97,17.45,18.68,23.83,6.26,54.67
1777240815,10.31,28.25,9.50,22.98,17.47,18.83,23.86,6.60,54.74
1777240816,10.38,28.50,10.00,23.52,17.53,18.69,23.83,6.53,54.74
1777240818,10.31,28.25,10.00,23.30,17.49,18.70,23.82,6.46,54.74
1777240819,10.31,28.25,9.75,23.26,17.49,18.65,23.81,6.35,54.73
1777240821,10.25,28.25,10.00,23.32,17.50,18.86,23.85,6.32,54.72
1777240823,10.31,28.00,10.00,23.00,17.45,18.96,23.85,6.90,54.86
1777240824,10.31,28.00,10.25,23.36,17.50,18.80,23.85,6.59,54.80
1777240826,10.31,27.75,10.00,23.23,17.49,18.75,23.81,6.23,54.75
1777240827,10.31,28.00,9.50,23.45,17.51,18.85,23.81,6.44,54.79
1777240829,10.31,28.00,9.50,23.26,17.49,18.84,23.83,6.79,54.88
1777240831,10.31,28.25,9.75,23.17,17.45,18.67,23.79,6.65,54.88
1777240832,10.38,28.00,10.00,23.11,17.45,18.69,23.79,6.00,54.77
1777240834,10.31,27.75,10.25,23.30,17.49,18.59,23.79,6.08,54.81
1777240835,10.31,27.75,9.50,22.88,17.43,18.69,23.78,6.41,54.86
1777240837,10.31,28.00,9.50,23.34,17.49,18.59,23.78,6.51,54.90
1777240839,10.31,28.00,9.50,23.29,17.46,18.85,23.82,6.02,54.81
1777240840,10.31,28.00,9.50,23.37,17.48,18.78,23.81,6.15,54.87
1777240842,10.31,27.75,9.75,23.30,17.44,18.69,23.77,6.55,54.93
1777240844,10.31,28.00,10.00,23.16,17.46,18.76,23.79,6.54,54.94
1777240845,10.31,28.00,10.25,23.15,17.47,18.55,23.76,6.02,54.87
1777240847,10.31,27.75,10.00,23.24,17.45,18.62,23.78,6.37,54.93
1777240848,10.25,27.75,9.75,23.27,17.48,18.83,23.80,6.35,54.94
1777240850,10.25,28.00,10.00,23.01,17.44,18.63,23.81,6.52,54.98
1777240852,10.31,27.75,9.50,23.25,17.47,18.94,23.83,6.40,54.95
1777240853,10.25,28.00,9.75,23.05,17.44,18.60,23.77,6.48,55.00
1777240855,10.31,27.75,10.00,23.28,17.47,18.84,23.83,6.33,54.97
1777240856,10.31,27.75,9.75,23.26,17.47,18.79,23.82,5.91,54.91
1777240858,10.31,27.75,10.00,23.00,17.43,18.56,23.77,6.48,55.03
1777240860,10.31,27.75,10.25,23.23,17.45,18.80,23.80,6.14,54.96
1777240861,10.31,27.75,9.75,23.27,17.46,18.86,23.82,5.99,54.95
1777240863,10.31,27.50,10.00,22.94,17.42,18.62,23.78,5.98,54.98
1777240864,10.31,28.25,10.25,23.26,17.46,18.56,23.78,6.21,55.02
1777240866,10.38,27.50,9.50,23.09,17.45,18.68,23.79,6.54,55.10
1777240868,10.31,27.75,9.75,23.21,17.44,18.86,23.82,6.26,55.06
1777240869,10.31,28.00,10.00,23.16,17.45,18.85,23.83,6.28,55.07
1777240871,10.31,28.25,9.75,23.37,17.47,18.80,23.80,6.02,55.01
1777240872,10.31,28.25,10.50,23.05,17.44,18.58,23.78,6.36,55.09
1777240874,10.31,28.25,10.00,23.24,17.47,18.69,23.80,6.41,55.10
1777240876,10.31,28.00,9.50,23.08,17.44,18.61,23.78,6.33,55.10
1777240877,10.31,28.25,10.50,23.38,17.49,18.80,23.82,6.33,55.11
1777240879,10.31,28.00,10.50,23.20,17.47,18.87,23.82,6.39,55.12
1777240880,10.31,28.00,10.50,23.23,17.43,18.83,23.83,6.42,55.12
1777240882,10.31,28.00,10.25,23.04,17.43,18.64,23.80,6.05,55.07
1777240884,10.31,28.00,10.50,22.92,17.44,18.78,23.83,6.19,55.09
1777240885,10.31,28.25,10.50,23.19,17.48,18.84,23.83,6.34,55.13
1777240887,10.38,28.00,10.00,23.37,17.49,18.69,23.81,6.92,55.21
1777240888,10.31,27.75,10.25,22.98,17.47,18.66,23.80,6.00,55.04
1777240890,10.38,28.25,10.00,23.08,17.47,18.66,23.84,6.13,55.07
1777240892,10.38,28.25,10.50,22.98,17.44,18.76,23.85,6.19,55.08
1777240893,10.38,27.75,9.75,23.07,17.48,18.77,23.85,6.12,55.05
1777240895,10.38,28.00,10.00,23.41,17.52,18.80,23.86,6.37,55.11
1777240897,10.38,28.25,10.00,23.03,17.45,18.72,23.85,6.51,55.12
1777240898,10.38,28.00,9.75,23.30,17.52,18.93,23.90,6.20,55.08
1777240900,10.38,28.50,10.25,23.26,17.50,18.70,23.90,5.95,55.04
1777240901,10.38,28.50,10.00,23.09,17.47,18.58,23.91,6.07,55.06
1777240903,10.38,28.00,10.25,23.07,17.47,18.76,23.94,6.12,55.07
1777240905,10.38,28.25,10.00,23.34,17.51,18.80,23.92,6.35,55.11
1777240906,10.44,28.50,10.00,22.88,17.46,18.85,23.92,6.23,55.11
1777240908,10.38,28.25,9.50,22.92,17.47,18.80,23.92,6.33,55.12
1777240909,10.38,28.25,10.00,23.29,17.52,18.92,23.91,6.08,55.09
1777240911,10.44,28.25,10.25,23.01,17.49,18.78,23.88,6.18,55.08
1777240913,10.44,28.50,9.75,22.95,17.48,18.86,23.87,6.01,55.05
1777240914,10.44,28.00,10.25,23.09,17.49,18.62,23.85,6.04,55.05
1777240916,10.44,27.75,10.00,23.22,17.50,18.80,23.85,6.02,55.05
1777240917,10.44,28.25,9.75,23.13,17.50,18.69,23.83,6.65,55.14
1777240919,10.44,28.00,10.00,22.98,17.48,18.94,23.88,6.21,55.07
1777240921,10.44,28.50,10.00,22.99,17.48,18.57,23.80,6.35,55.08
1777240922,10.44,28.50,10.00,23.25,17.52,18.57,23.81,6.70,55.14
1777240924,10.44,28.25,10.00,23.21,17.51,18.82,23.87,6.14,55.04
1777240925,10.44,28.25,9.75,23.02,17.49,18.94,23.87,6.22,55.04
1777240927,10.38,28.25,9.75,22.90,17.46,18.70,23.85,6.56,55.09
1777240929,10.38,28.25,9.50,22.95,17.47,18.80,23.85,6.93,55.16
1777240930,10.38,28.00,10.00,23.11,17.49,18.71,23.85,6.48,55.08
1777240932,10.44,28.25,10.00,23.32,17.50,18.71,23.85,6.03,55.03
1777240933,10.31,28.50,9.50,23.36,17.52,18.80,23.87,5.98,54.99
1777240935,10.31,28.25,10.00,23.30,17.53,18.53,23.83,6.53,55.09
1777240937,10.31,28.25,9.75,22.94,17.48,18.54,23.83,6.14,55.02
1777240938,10.38,28.50,10.00,23.18,17.51,18.82,23.85,6.64,55.11
1777240940,10.31,28.25,10.00,23.11,17.48,18.68,23.86,6.15,55.03
1777240941,10.38,28.25,9.25,23.23,17.50,18.68,23.85,6.46,55.08
1777240943,10.38,28.25,9.50,23.26,17.49,18.68,23.85,6.44,55.08
1777240945,10.38,28.25,10.00,23.48,17.53,18.63,23.87,6.53,55.10
1777240946,10.38,28.25,10.25,23.19,17.48,18.77,23.89,6.16,55.03
1777240948,10.31,28.25,9.75,23.26,17.51,18.79,23.85,6.36,55.05
1777240950,10.38,27.50,9.75,23.30,17.52,18.75,23.87,6.17,55.03
1777240951,10.38,27.50,10.00,23.35,17.53,18.51,23.85,6.22,55.06
1777240953,10.31,28.00,9.75,23.47,17.52,18.66,23.87,5.94,55.00
1777240954,10.38,27.25,10.00,23.05,17.47,18.62,23.85,6.37,55.07
1777240956,10.38,27.75,10.00,23.48,17.52,18.76,23.85,6.33,55.07
1777240958,10.31,27.50,9.50,23.40,17.49,18.84,23.87,5.86,55.00
1777240959,10.31,27.50,9.50,23.13,17.46,18.80,23.84,6.09,55.04
1777240961,10.31,27.75,9.75,23.30,17.48,18.72,23.83,5.97,55.04
1777240962,10.31,27.50,9.50,23.46,17.49,18.78,23.82,6.48,55.14
1777240964,10.31,27.50,9.00,23.30,17.45,18.52,23.78,6.20,55.11
1777240966,10.25,27.50,9.25,23.38,17.49,18.68,23.79,6.33,55.15
1777240967,10.25,27.50,9.00,23.36,17.44,18.69,23.78,6.12,55.15
1777240969,10.25,27.00,9.50,23.42,17.48,18.86,23.82,6.11,55.19
1777240970,10.25,27.50,9.75,23.23,17.45,18.76,23.81,6.22,55.23
1777240972,10.25,27.00,9.75,23.35,17.46,18.89,23.84,5.96,55.23
1777240974,10.25,27.50,9.75,23.35,17.47,18.62,23.79,5.78,55.23
1777240975,10.25,27.75,9.50,23.23,17.45,18.65,23.79,6.26,55.34
1777240977,10.25,27.75,10.00,23.31,17.45,18.61,23.78,6.27,55.37
1777240978,10.25,27.75,10.00,23.29,17.44,18.68,23.80,6.20,55.41
1777240980,10.25,28.00,9.25,23.19,17.47,18.88,23.85,6.33,55.47
1777240982,10.25,28.00,10.00,23.26,17.46,18.62,23.80,5.93,55.42
1777240983,10.25,28.25,10.25,23.04,17.43,18.54,23.81,6.33,55.52
1777240985,10.31,28.25,9.25,22.99,17.41,18.79,23.84,6.23,55.50
1777240986,10.25,28.25,9.75,23.15,17.44,18.79,23.86,6.10,55.50
1777240988,10.31,28.00,10.25,23.31,17.47,18.70,23.86,6.47,55.57
1777240990,10.31,28.25,10.25,23.26,17.48,18.95,23.87,6.12,55.50
1777240991,10.25,28.25,10.00,23.40,17.48,18.56,23.83,6.26,55.52
1777240993,10.31,28.00,10.00,23.08,17.45,18.56,23.81,6.08,55.45
1777240994,10.31,28.00,10.00,23.44,17.50,18.62,23.84,6.37,55.50
1777240996,10.31,28.00,10.00,23.32,17.46,18.55,23.81,6.00,55.39
1777240998,10.31,28.25,10.00,23.38,17.47,18.58,23.80,5.88,55.33
1777240999,10.31,27.50,10.00,22.96,17.43,18.83,23.83,6.42,55.39
1777241001,10.31,28.00,10.00,23.27,17.48,18.66,23.80,6.21,55.31
1777241003,10.31,28.25,9.50,23.38,17.48,18.75,23.82,6.64,55.37
1777241004,10.31,28.25,9.75,23.53,17.48,18.66,23.82,6.09,55.24
1777241006,10.31,28.25,10.00,23.30,17.46,18.64,23.80,6.44,55.27
1777241007,10.31,28.25,9.75,23.44,17.49,18.54,23.79,6.37,55.23
1777241009,10.31,28.25,9.75,23.49,17.51,18.69,23.83,6.48,55.24
1777241011,10.31,28.00,10.00,23.27,17.47,18.71,23.83,6.48,55.23
1777241012,10.31,27.50,9.75,23.19,17.46,18.84,23.85,6.51,55.22
1777241014,10.31,28.00,9.25,23.46,17.49,18.80,23.84,6.09,55.14
1777241015,10.31,27.75,9.50,23.23,17.47,18.66,23.83,6.14,55.17
1777241017,10.25,27.00,9.75,23.31,17.44,18.58,23.82,6.33,55.21
1777241019,10.25,27.75,9.75,23.43,17.49,18.66,23.85,6.41,55.22
1777241020,10.25,28.00,10.00,23.23,17.48,18.83,23.85,6.15,55.20
1777241022,10.31,27.75,10.00,23.40,17.47,18.75,23.87,6.16,55.20
1777241023,10.31,27.75,10.25,23.30,17.50,18.56,23.83,5.84,55.15
1777241025,10.31,27.50,10.00,23.40,17.50,18.87,23.89,6.09,55.20
1777241027,10.25,27.75,10.25,23.50,17.51,18.51,23.85,6.40,55.26
1777241028,10.31,27.75,10.25,23.26,17.49,18.85,23.90,6.11,55.23
1777241030,10.25,27.50,10.25,23.26,17.51,18.90,23.92,6.12,55.26
1777241031,10.25,27.50,10.00,23.39,17.51,18.61,23.85,6.40,55.31
1777241033,10.25,27.25,9.75,23.40,17.52,18.63,23.87,6.33,55.32
1777241035,10.25,28.00,9.75,23.27,17.51,18.62,23.85,6.37,55.36
1777241036,10.31,28.00,9.75,23.32,17.50,18.51,23.87,5.84,55.26
1777241038,10.25,28.00,10.25,23.51,17.53,18.66,23.89,6.22,55.33
1777241039,10.25,27.50,9.25,23.28,17.50,18.56,23.87,6.26,55.36
1777241041,10.31,27.50,9.50,23.38,17.52,18.90,23.93,5.98,55.32
1777241043,10.25,27.25,10.25,23.46,17.52,18.85,23.93,5.99,55.33
1777241044,10.25,27.00,10.25,23.04,17.44,18.47,23.90,5.86,55.32
1777241046,10.25,28.00,10.00,23.30,17.51,18.97,23.96,5.90,55.34
1777241047,10.31,27.75,10.25,23.35,17.51,18.80,23.91,6.20,55.39
1777241049,10.25,28.00,10.25,23.44,17.52,18.81,23.93,6.35,55.42
1777241051,10.31,28.00,10.25,23.07,17.48,18.70,23.91,6.33,55.42
1777241052,10.31,27.75,10.25,23.39,17.52,18.85,23.93,6.25,55.41
1777241054,10.31,28.00,10.00,23.41,17.52,18.87,23.92,5.87,55.33
1777241056,10.31,28.00,10.00,23.35,17.50,18.86,23.91,5.96,55.35
1777241057,10.31,28.25,9.50,22.97,17.45,18.71,23.90,6.20,55.38
1777241059,10.25,28.25,10.25,23.54,17.53,18.58,23.88,5.95,55.35
1777241060,10.31,28.25,10.00,23.26,17.50,18.57,23.89,6.35,55.41
1777241062,10.31,28.00,10.00,23.30,17.51,18.58,23.90,6.07,55.35
1777241064,10.31,29.00,10.25,23.24,17.48,18.74,23.93,6.00,55.36
1777241065,10.31,28.25,10.25,23.33,17.51,18.94,23.95,6.05,55.35
1777241067,10.31,28.50,10.50,23.31,17.49,18.65,23.94,6.31,55.39
1777241068,10.38,28.50,10.50,23.30,17.50,18.85,24.03,6.15,55.36
1777241070,10.38,28.75,10.25,23.17,17.49,18.72,24.05,6.40,55.39
1777241072,10.38,28.50,10.50,23.38,17.51,18.66,24.08,6.06,55.32
1777241073,10.38,28.50,10.00,23.33,17.52,18.80,24.10,6.19,55.31
1777241075,10.38,28.75,10.00,23.36,17.53,18.80,24.13,6.21,55.32
1777241076,10.44,29.00,10.25,23.18,17.50,18.72,24.12,6.06,55.26
1777241078,10.44,28.75,9.75,23.30,17.53,18.79,24.15,6.58,55.32
1777241080,10.44,29.00,10.25,23.37,17.52,18.68,24.15,6.41,55.27
1777241081,10.50,29.25,10.00,23.52,17.56,18.59,24.21,6.24,55.21
1777241083,10.44,29.50,10.25,23.52,17.54,18.69,24.29,6.52,55.23
1777241084,10.44,29.25,10.50,23.30,17.51,18.66,24.32,6.43,55.18
1777241086,10.50,29.25,10.50,23.64,17.55,18.76,24.35,6.16,55.09
1777241088,10.50,29.25,10.75,23.23,17.53,18.66,24.33,6.09,55.04
1777241089,10.50,29.25,10.75,23.26,17.53,18.82,24.30,6.31,55.04
1777241091,10.44,29.00,10.75,23.38,17.54,18.63,24.26,6.41,55.03
1777241092,10.50,29.25,10.25,23.40,17.54,18.81,24.25,6.08,54.92
1777241094,10.50,28.75,10.50,23.40,17.54,18.79,24.22,6.43,54.94
1777241096,10.50,29.00,10.50,23.24,17.52,18.62,24.17,6.05,54.84
1777241097,10.50,29.00,10.50,23.37,17.51,18.70,24.16,6.62,54.90
1777241099,10.50,28.50,10.25,23.54,17.54,18.59,24.12,6.09,54.78
1777241101,10.50,28.75,10.00,23.21,17.47,18.66,24.10,6.35,54.78
1777241102,10.50,28.25,9.75,23.35,17.48,18.58,24.07,6.52,54.78
1777241104,10.50,28.00,10.00,23.61,17.51,18.80,24.06,6.10,54.69
1777241105,10.44,28.50,10.00,23.37,17.46,18.55,24.02,6.47,54.75
1777241107,10.44,28.50,10.00,23.49,17.48,18.73,24.01,6.24,54.72
1777241109,10.50,28.00,9.75,23.40,17.48,18.88,24.02,6.48,54.73
1777241110,10.50,28.25,9.75,23.26,17.45,18.80,23.99,6.28,54.71
1777241112,10.50,28.25,9.75,23.05,17.43,18.65,23.95,6.55,54.77
1777241113,10.50,28.00,9.75,23.37,17.45,18.80,23.94,6.41,54.76
1777241115,10.50,27.75,9.75,23.44,17.46,18.72,23.89,6.10,54.71
1777241117,10.50,28.50,9.50,23.33,17.43,18.93,23.92,6.08,54.74
1777241118,10.50,28.25,9.75,23.60,17.46,18.65,23.86,6.34,54.81
1777241120,10.50,28.25,9.25,23.17,17.42,18.66,23.86,6.65,54.88
1777241121,10.44,28.50,10.00,23.40,17.45,19.05,23.89,6.43,54.88
1777241123,10.44,28.00,9.50,23.60,17.44,18.62,23.83,6.12,54.85
1777241125,10.50,27.75,9.50,23.32,17.42,18.72,23.84,6.01,54.86
1777241126,10.44,27.75,10.00,23.38,17.43,18.64,23.84,6.35,54.96
1777241128,10.50,28.00,10.00,23.13,17.38,18.80,23.83,6.16,54.96
1777241129,10.50,27.50,9.50,23.24,17.40,18.63,23.79,6.21,54.98
1777241131,10.44,27.25,9.75,23.28,17.39,18.94,23.80,6.08,54.98
1777241133,10.44,27.00,9.75,23.36,17.40,18.87,23.77,5.98,54.97
1777241134,10.44,27.50,9.75,23.28,17.41,18.96,23.77,5.84,54.96
1777241136,10.44,26.75,9.50,23.19,17.37,18.87,23.76,6.16,55.05
1777241137,10.44,27.00,10.00,23.16,17.38,18.77,23.74,6.36,55.09
1777241139,10.44,27.25,9.75,23.12,17.37,18.87,23.74,6.17,55.09
1777241141,10.38,27.25,10.00,23.44,17.39,18.82,23.74,6.14,55.11
1777241142,10.38,26.75,9.50,23.31,17.38,18.80,23.73,5.73,55.05
1777241144,10.38,26.75,9.75,23.28,17.37,18.83,23.74,5.85,55.10
1777241145,10.38,27.25,10.00,23.48,17.40,18.88,23.73,6.14,55.18
1777241147,10.38,27.00,9.50,23.33,17.38,18.95,23.75,6.26,55.23
1777241149,10.38,26.75,9.75,23.25,17.36,18.95,23.75,6.28,55.25
1777241150,10.38,26.75,9.75,23.39,17.37,18.68,23.68,6.37,55.28
1777241152,10.38,27.00,9.25,23.36,17.36,18.72,23.69,6.63,55.36
1777241154,10.38,27.00,10.00,23.35,17.38,18.94,23.71,6.22,55.32
1777241155,10.31,27.25,10.00,23.34,17.39,18.55,23.65,5.94,55.30
1777241157,10.31,26.75,10.25,23.29,17.37,18.59,23.67,6.17,55.37
1777241158,10.31,26.75,9.75,23.31,17.39,18.79,23.69,6.49,55.45
1777241160,10.38,27.00,10.25,23.34,17.37,19.13,23.73,5.98,55.39
1777241162,10.38,26.75,10.00,23.27,17.38,18.85,23.69,6.47,55.50
1777241163,10.31,27.00,10.25,23.19,17.36,18.90,23.69,6.37,55.50
1777241165,10.31,27.25,10.00,23.42,17.42,18.91,23.68,6.18,55.48
1777241166,10.31,27.25,10.00,23.34,17.38,18.51,23.64,5.90,55.46
1777241168,10.31,26.75,10.00,23.62,17.44,18.80,23.65,6.44,55.56
1777241170,10.25,27.00,9.50,23.25,17.39,18.71,23.63,6.31,55.56
1777241171,10.25,27.50,9.75,23.43,17.41,18.91,23.69,6.31,55.57
1777241173,10.25,27.25,10.00,23.14,17.37,18.78,23.68,6.16,55.55
1777241174,10.25,27.75,10.00,23.47,17.40,18.65,23.69,6.06,55.54
1777241176,10.31,27.75,10.00,23.37,17.40,18.64,23.67,6.21,55.58
1777241178,10.25,28.00,9.50,23.29,17.39,18.84,23.73,6.33,55.60
1777241179,10.25,27.25,10.00,23.13,17.36,18.85,23.72,6.05,55.56
1777241181,10.31,27.50,10.00,23.40,17.41,18.80,23.74,6.28,55.62
1777241182,10.31,27.00,9.00,23.32,17.40,18.72,23.74,6.28,55.60
1777241184,10.31,28.00,10.00,23.45,17.40,18.53,23.69,6.33,55.61
1777241186,10.31,27.50,9.50,23.44,17.42,18.85,23.75,6.39,55.64
1777241187,10.25,28.00,10.00,23.38,17.39,18.84,23.75,6.25,55.62
1777241189,10.25,28.00,10.00,23.31,17.39,18.55,23.71,6.31,55.61
1777241190,10.25,28.00,9.75,23.34,17.40,18.58,23.71,6.23,55.59
1777241192,10.25,27.75,10.00,23.26,17.38,18.96,23.75,6.32,55.61
1777241194,10.25,28.00,10.00,23.40,17.39,18.72,23.74,5.84,55.52
1777241195,10.25,28.25,10.00,23.29,17.39,18.76,23.74,6.15,55.57
1777241197,10.25,27.75,9.50,23.37,17.40,18.86,23.78,6.73,55.69
1777241198,10.25,28.25,9.50,23.13,17.37,18.76,23.74,6.10,55.57
1777241200,10.25,28.25,9.75,23.44,17.43,18.83,23.75,6.47,55.62
1777241202,10.31,27.75,9.75,23.41,17.43,18.71,23.73,6.04,55.54
1777241203,10.25,28.00,10.00,23.43,17.43,18.78,23.74,6.47,55.62
1777241205,10.25,28.00,10.00,23.35,17.43,18.93,23.75,6.45,55.60
1777241207,10.25,28.00,10.25,23.61,17.45,18.87,23.77,6.32,55.57
1777241208,10.25,27.75,9.75,23.23,17.43,18.57,23.72,5.84,55.47
1777241210,10.25,28.00,10.00,23.49,17.46,18.87,23.75,6.17,55.50
1777241211,10.19,27.75,9.00,23.36,17.44,18.76,23.74,6.08,55.47
1777241213,10.19,27.50,10.25,23.32,17.44,18.79,23.76,5.84,55.42
1777241215,10.19,27.75,9.50,23.02,17.40,18.84,23.77,6.06,55.43
1777241216,10.25,27.75,10.00,23.36,17.45,18.76,23.76,6.25,55.46
1777241218,10.19,27.50,10.25,23.41,17.45,18.61,23.74,6.32,55.48
1777241219,10.25,27.50,10.00,23.58,17.48,18.95,23.77,6.21,55.44
1777241221,10.25,27.50,9.50,23.53,17.47,18.93,23.77,5.84,55.37
1777241223,10.25,27.75,9.50,23.37,17.45,18.76,23.74,5.84,55.36
1777241224,10.25,27.50,9.75,23.01,17.39,18.70,23.73,5.96,55.39
1777241226,10.25,27.25,10.25,23.39,17.46,18.80,23.73,6.28,55.45
1777241227,10.25,27.50,9.75,23.22,17.44,18.61,23.73,6.09,55.41
1777241229,10.25,27.25,10.50,23.41,17.45,18.65,23.73,6.16,55.42
1777241231,10.25,28.00,10.50,23.31,17.45,18.89,23.77,6.01,55.40
1777241232,10.25,27.50,10.00,23.26,17.43,18.76,23.73,6.20,55.42
1777241234,10.25,27.75,10.50,23.36,17.43,18.70,23.73,6.13,55.43
1777241235,10.25,28.25,10.00,23.25,17.44,18.82,23.77,6.31,55.48
1777241237,10.25,28.25,10.25,23.30,17.45,18.56,23.75,6.36,55.49
1777241239,10.31,28.25,10.25,23.28,17.44,18.80,23.80,6.22,55.48
1777241240,10.31,28.25,10.50,23.33,17.45,18.66,23.78,6.17,55.50
1777241242,10.31,28.00,10.50,23.24,17.43,18.90,23.81,6.44,55.53
1777241243,10.38,28.50,9.50,23.23,17.44,19.00,23.83,6.34,55.53
1777241245,10.38,28.25,10.00,23.27,17.46,18.62,23.79,6.18,55.51
1777241247,10.38,28.50,10.25,23.31,17.46,18.64,23.77,6.21,55.53
1777241248,10.38,28.50,10.50,23.31,17.47,18.76,23.79,5.86,55.45
1777241250,10.38,28.25,10.25,23.36,17.47,18.80,23.79,6.26,55.54
1777241251,10.38,28.50,10.25,23.24,17.45,18.57,23.77,6.37,55.52
1777241253,10.31,28.25,10.25,23.43,17.47,18.64,23.76,6.27,55.51
1777241255,10.38,28.00,10.25,23.28,17.46,18.87,23.81,6.53,55.53
1777241256,10.38,28.00,10.00,22.93,17.41,18.71,23.78,6.31,55.48
1777241258,10.38,28.00,10.25,22.98,17.41,18.70,23.78,6.19,55.45
1777241260,10.38,28.50,10.00,23.36,17.46,18.90,23.81,6.06,55.39
1777241261,10.38,28.25,9.75,23.29,17.44,18.98,23.81,6.52,55.45
1777241263,10.38,28.00,9.75,23.31,17.45,18.60,23.76,5.90,55.34
1777241264,10.31,28.50,10.00,23.05,17.42,18.87,23.83,5.96,55.31
1777241266,10.38,28.50,10.00,23.20,17.46,18.54,23.77,6.33,55.37
1777241268,10.38,28.25,9.75,23.36,17.46,18.94,23.81,6.26,55.34
1777241269,10.38,27.75,10.25,23.30,17.47,18.87,23.82,6.00,55.29
1777241271,10.31,28.25,10.25,23.44,17.47,18.66,23.76,6.38,55.35
1777241272,10.38,28.25,9.50,23.09,17.44,18.86,23.79,5.94,55.28
1777241274,10.31,28.25,9.75,23.30,17.46,18.83,23.78,6.21,55.30
1777241276,10.38,27.50,9.75,23.30,17.48,18.60,23.75,6.07,55.26
1777241277,10.31,28.25,10.00,23.34,17.47,18.64,23.75,5.98,55.26
1777241279,10.31,28.00,10.00,23.27,17.47,18.61,23.75,5.98,55.28
1777241280,10.31,27.75,9.50,23.15,17.45,18.72,23.77,6.42,55.34
1777241282,10.31,27.50,9.50,23.18,17.46,18.62,23.75,6.39,55.34
1777241284,10.31,27.50,9.75,23.34,17.48,18.80,23.78,6.31,55.32
1777241285,10.31,27.50,10.00,23.33,17.49,18.91,23.80,6.37,55.35
1777241287,10.31,27.75,10.00,23.16,17.47,18.71,23.77,5.86,55.25
1777241288,10.31,27.75,9.50,23.03,17.43,18.76,23.77,6.12,55.33
1777241290,10.25,27.50,9.75,23.25,17.49,18.68,23.75,6.22,55.34
1777241292,10.25,27.75,9.75,23.09,17.47,18.66,23.77,6.22,55.36
1777241293,10.31,28.00,9.50,23.11,17.47,18.80,23.80,6.20,55.37
1777241295,10.31,28.00,9.50,23.29,17.50,18.80,23.82,5.91,55.35
1777241296,10.31,28.25,9.25,22.88,17.45,18.63,23.80,6.33,55.43
1777241298,10.25,28.50,9.25,22.95,17.45,18.78,23.85,6.39,55.48
1777241300,10.25,28.25,9.75,23.37,17.51,18.76,23.87,6.22,55.48
1777241301,10.25,28.75,9.75,23.08,17.48,18.99,23.90,6.21,55.50
1777241303,10.25,28.75,10.25,23.30,17.52,18.63,23.87,6.21,55.52
1777241304,10.31,28.75,10.25,22.98,17.47,18.63,23.90,6.12,55.53
1777241306,10.25,28.75,10.25,23.30,17.52,18.55,23.89,6.32,55.57
1777241308,10.25,28.75,9.75,23.25,17.51,18.61,23.90,6.21,55.56
1777241309,10.25,28.00,10.00,23.19,17.50,18.70,23.92,6.01,55.51
1777241311,10.25,29.00,9.25,23.31,17.50,18.95,23.97,6.19,55.54
1777241313,10.31,29.00,9.75,23.25,17.50,18.68,23.92,6.41,55.54
1777241314,10.31,29.00,10.00,23.24,17.51,18.64,23.90,5.99,55.46
1777241316,10.31,28.75,10.25,23.48,17.53,18.66,23.92,6.20,55.44
1777241317,10.31,28.25,10.25,23.19,17.51,18.80,23.94,6.28,55.42
1777241319,10.31,28.50,9.75,23.32,17.53,18.67,23.91,6.61,55.43
1777241321,10.31,28.25,10.25,23.32,17.52,18.76,23.90,6.53,55.37
1777241322,10.31,28.00,9.75,23.39,17.54,18.89,23.93,6.57,55.33
1777241324,10.25,28.50,9.50,23.23,17.51,18.49,23.85,5.92,55.18
1777241325,10.31,28.25,10.00,23.38,17.53,18.69,23.88,6.31,55.22
1777241327,10.31,28.75,9.75,22.87,17.46,18.98,23.92,6.67,55.25
1777241329,10.31,28.50,9.25,23.17,17.51,18.84,23.89,6.48,55.16
1777241330,10.38,28.25,9.75,23.33,17.53,18.71,23.88,6.24,55.11
1777241332,10.31,28.75,10.00,23.26,17.52,18.43,23.85,6.05,55.06
1777241333,10.31,29.00,10.00,23.19,17.52,18.65,23.89,6.05,55.06
1777241335,10.38,29.00,9.25,22.95,17.49,18.60,23.88,6.53,55.13
1777241337,10.38,28.75,9.75,23.22,17.52,18.84,23.92,6.33,55.10
1777241338,10.38,29.25,10.00,22.96,17.50,18.70,23.92,6.36,55.10
1777241340,10.31,29.00,10.00,23.29,17.53,18.48,23.89,6.03,55.06
1777241341,10.38,29.00,9.50,23.09,17.51,18.55,23.92,6.38,55.13
1777241343,10.31,29.25,10.00,23.21,17.52,18.61,23.93,6.51,55.15
1777241345,10.31,29.25,9.75,23.16,17.52,18.74,23.96,6.03,55.06
1777241346,10.31,29.50,9.75,23.30,17.52,18.98,23.99,6.40,55.12
1777241348,10.31,29.50,10.00,23.05,17.49,18.47,23.94,6.06,55.06
1777241349,10.31,29.50,10.25,23.25,17.51,18.66,23.97,6.28,55.10
1777241351,10.31,29.00,10.00,22.96,17.50,18.65,23.98,6.19,55.08
1777241353,10.31,29.25,10.25,23.15,17.51,18.70,23.99,6.56,55.11
1777241354,10.31,29.50,10.00,22.99,17.49,18.80,24.01,6.39,55.06
1777241356,10.31,29.50,10.25,23.23,17.51,18.75,24.01,6.20,55.01
1777241357,10.25,29.50,10.25,23.05,17.49,18.45,23.95,6.41,55.01
1777241359,10.31,30.00,10.25,23.25,17.51,18.64,23.98,6.33,54.97
1777241361,10.31,29.75,10.00,23.17,17.51,18.48,23.96,6.44,54.94
1777241362,10.31,29.75,10.00,23.30,17.53,18.62,23.97,6.09,54.88
1777241364,10.31,29.50,10.00,23.17,17.51,18.45,23.95,6.48,54.91
1777241366,10.31,29.50,9.50,23.05,17.49,18.55,23.96,6.26,54.84
1777241367,10.31,29.50,10.25,23.32,17.53,18.80,24.01,5.98,54.75
1777241369,10.31,29.25,10.00,23.15,17.50,18.76,23.99,6.55,54.83
1777241370,10.31,29.50,9.50,23.29,17.52,18.46,23.96,6.15,54.74
1777241372,10.31,29.25,10.25,23.33,17.54,18.47,23.97,6.09,54.72
1777241374,10.31,29.25,10.00,22.85,17.46,18.40,23.98,6.09,54.68
1777241375,10.38,29.50,9.75,23.36,17.52,18.46,23.98,6.12,54.66
1777241377,10.38,29.50,10.00,23.29,17.52,18.37,23.97,6.48,54.72
1777241378,10.31,28.75,9.75,23.11,17.49,18.48,23.97,6.49,54.69
1777241380,10.31,29.50,9.75,23.00,17.48,18.45,23.97,6.41,54.65
1777241382,10.38,29.25,9.75,23.26,17.51,18.59,23.99,6.59,54.67
1777241383,10.31,28.75,10.00,23.23,17.49,18.60,23.97,6.43,54.64
1777241385,10.31,28.75,9.50,23.19,17.51,18.36,23.93,6.60,54.67
1777241386,10.31,28.25,9.75,23.32,17.54,18.59,23.97,6.28,54.61
1777241388,10.31,28.50,9.75,23.02,17.50,18.38,23.95,6.40,54.61
1777241390,10.31,28.75,9.50,23.16,17.50,18.56,23.96,6.51,54.65
1777241391,10.31,28.50,9.25,23.32,17.55,18.43,23.94,6.22,54.60
1777241393,10.25,28.50,9.75,23.09,17.52,18.48,23.96,6.65,54.68
1777241394,10.25,28.50,9.00,22.96,17.49,18.35,23.95,6.56,54.69
1777241396,10.25,28.00,10.00,23.18,17.52,18.33,23.96,6.46,54.68
1777241398,10.25,28.75,9.50,22.83,17.48,18.58,23.98,6.20,54.65
1777241399,10.25,28.75,9.50,23.20,17.53,18.42,23.96,6.20,54.67
1777241401,10.31,28.50,10.00,22.96,17.49,18.51,23.97,6.56,54.76
1777241402,10.25,28.25,10.00,23.09,17.50,18.37,23.97,6.47,54.77
1777241404,10.25,28.25,10.00,23.13,17.51,18.40,23.98,5.99,54.72
1777241406,10.25,28.25,9.75,23.20,17.53,18.49,23.99,6.05,54.75
1777241407,10.31,27.75,9.50,23.00,17.50,18.44,23.97,6.28,54.84
1777241409,10.19,28.25,9.25,22.92,17.49,18.45,23.98,6.19,54.87
1777241410,10.25,28.50,9.75,23.17,17.52,18.48,23.98,6.58,54.94
1777241412,10.25,28.00,9.75,23.29,17.53,18.36,23.98,6.41,54.94
1777241414,10.19,28.25,9.50,23.25,17.53,18.66,24.03,6.28,54.94
1777241415,10.25,28.00,9.75,23.33,17.54,18.61,24.00,6.37,54.98
1777241417,10.25,28.00,10.00,23.24,17.54,18.70,24.04,6.57,55.05
1777241419,10.19,28.25,10.00,23.20,17.53,18.59,24.01,5.98,54.95
1777241420,10.25,28.00,9.25,22.93,17.47,18.53,24.01,6.25,55.04
1777241422,10.19,28.00,9.75,23.11,17.51,18.53,24.01,6.51,55.10
1777241423,10.25,28.00,9.75,23.26,17.55,18.38,24.00,6.05,55.04
1777241425,10.25,28.00,9.25,23.02,17.51,18.37,23.99,6.09,55.05
1777241427,10.25,28.00,9.75,23.23,17.52,18.43,24.00,6.15,55.07
1777241428,10.19,28.25,9.75,23.22,17.53,18.49,24.02,6.22,55.10
1777241430,10.19,28.25,9.75,23.06,17.51,18.52,24.05,6.24,55.10
1777241431,10.25,28.00,9.75,22.99,17.49,18.73,24.06,6.09,55.10
1777241433,10.19,28.50,9.50,23.33,17.55,18.60,24.07,6.00,55.09
1777241435,10.25,28.00,10.25,23.26,17.52,18.53,24.04,6.51,55.18
1777241436,10.19,28.25,10.00,23.04,17.50,18.49,24.02,5.98,55.10
1777241438,10.25,28.50,10.00,22.90,17.48,18.86,24.07,6.00,55.11
1777241439,10.25,28.00,9.75,22.94,17.48,18.62,24.05,6.38,55.18
1777241441,10.19,28.50,9.75,23.02,17.49,18.74,24.05,6.01,55.11
1777241443,10.25,28.25,9.75,23.34,17.53,18.44,24.01,6.03,55.12
1777241444,10.25,28.25,9.75,23.18,17.51,18.53,24.04,5.88,55.11
1777241446,10.25,28.25,9.75,22.87,17.49,18.51,24.04,6.01,55.13
1777241447,10.25,28.25,9.75,22.90,17.50,18.66,24.04,6.50,55.19
1777241449,10.25,28.25,9.50,23.10,17.51,18.45,24.01,6.03,55.14
1777241451,10.25,27.25,10.00,23.26,17.53,18.64,24.03,6.35,55.19
1777241452,10.25,28.25,10.00,22.97,17.50,18.61,24.02,5.94,55.11
1777241454,10.19,27.25,9.00,23.14,17.51,18.29,23.97,6.16,55.15
1777241455,10.25,27.50,9.75,23.32,17.53,18.40,23.99,6.02,55.12
1777241457,10.19,27.75,9.75,22.92,17.48,18.59,24.02,6.33,55.19
1777241459,10.19,27.25,9.50,23.23,17.54,18.77,24.03,6.32,55.19
1777241460,10.25,28.00,10.00,22.81,17.46,18.49,23.99,5.97,55.14
1777241462,10.25,28.00,9.75,22.93,17.48,18.54,24.01,6.34,55.20
1777241464,10.19,28.00,9.75,23.14,17.50,18.51,23.99,6.36,55.23
1777241465,10.25,27.50,9.75,23.24,17.49,18.62,24.01,6.36,55.23
1777241467,10.25,27.75,9.75,23.11,17.50,18.55,24.00,6.12,55.22
1777241468,10.19,27.50,9.50,23.23,17.51,18.30,23.98,6.37,55.26
1777241470,10.19,27.75,9.75,22.94,17.47,18.47,24.00,6.41,55.31
1777241472,10.25,27.75,9.50,23.25,17.51,18.47,24.00,5.79,55.21
1777241473,10.19,27.75,9.75,23.22,17.51,18.55,24.00,6.58,55.36
1777241475,10.25,27.75,10.00,23.30,17.53,18.76,24.03,6.09,55.30
1777241476,10.25,26.75,9.75,23.30,17.54,18.46,24.00,6.32,55.38
1777241478,10.19,27.50,9.75,22.94,17.47,18.64,24.03,6.16,55.36
1777241480,10.19,27.25,9.75,23.09,17.51,18.48,24.01,5.94,55.33
1777241481,10.19,27.25,10.00,22.97,17.50,18.66,24.05,6.35,55.41
1777241483,10.19,27.50,10.00,22.87,17.49,18.54,24.05,6.40,55.44
1777241484,10.25,28.00,10.00,23.28,17.54,18.52,24.05,6.12,55.40
1777241486,10.25,27.50,9.25,22.95,17.50,18.40,24.04,5.99,55.40
1777241488,10.25,27.75,10.00,22.92,17.50,18.51,24.07,6.27,55.45
1777241489,10.19,27.75,10.00,23.23,17.53,18.53,24.06,6.01,55.42
1777241491,10.19,28.00,10.25,22.96,17.50,18.47,24.06,6.35,55.50
1777241492,10.25,27.75,10.00,23.06,17.52,18.46,24.06,6.27,55.47
1777241494,10.19,28.25,10.00,23.32,17.56,18.72,24.12,6.33,55.47
1777241496,10.25,28.25,10.25,22.95,17.52,18.51,24.07,5.84,55.40
1777241497,10.25,28.25,9.75,22.92,17.51,18.59,24.09,6.13,55.44
1777241499,10.25,28.25,10.50,23.12,17.54,18.70,24.10,6.41,55.49
1777241500,10.31,28.00,9.25,23.29,17.57,18.35,24.06,6.33,55.47
1777241502,10.25,28.50,9.75,23.04,17.54,18.49,24.10,6.22,55.46
1777241504,10.25,28.50,10.00,23.26,17.57,18.56,24.12,6.47,55.49
1777241505,10.25,28.00,9.75,22.94,17.54,18.68,24.15,5.83,55.38
1777241507,10.25,28.25,10.25,23.31,17.59,18.51,24.12,6.36,55.45
1777241508,10.25,28.50,10.00,22.85,17.51,18.44,24.14,6.47,55.47
1777241510,10.25,28.50,9.75,23.36,17.59,18.44,24.13,6.32,55.44
1777241512,10.31,28.50,10.25,22.93,17.52,18.51,24.14,5.80,55.34
1777241513,10.31,28.50,10.25,22.96,17.55,18.49,24.12,6.37,55.42
1777241515,10.31,28.00,10.25,23.23,17.58,18.63,24.14,6.28,55.39
1777241517,10.31,28.50,10.00,23.30,17.58,18.38,24.11,6.27,55.38
1777241518,10.31,28.75,10.00,23.15,17.56,18.41,24.11,6.27,55.37
1777241520,10.31,28.50,10.25,23.34,17.59,18.44,24.09,6.26,55.34
1777241521,10.31,28.00,10.00,23.13,17.56,18.54,24.12,6.03,55.28
1777241523,10.31,28.25,10.25,23.50,17.62,18.41,24.10,6.23,55.30
1777241525,10.31,28.50,10.00,23.25,17.58,18.44,24.08,6.13,55.29
1777241526,10.31,28.50,9.75,23.18,17.58,18.41,24.07,6.13,55.27
1777241528,10.31,29.00,9.25,22.95,17.56,18.49,24.06,5.94,55.22
1777241529,10.31,28.50,9.75,22.99,17.58,18.46,24.05,5.91,55.21
1777241531,10.31,29.00,9.50,22.93,17.58,18.66,24.08,5.98,55.21
1777241533,10.31,29.00,9.75,23.29,17.62,18.49,24.04,6.27,55.26
1777241534,10.31,29.00,10.00,22.99,17.57,18.55,24.06,6.14,55.23
1777241536,10.31,29.00,9.50,22.88,17.56,18.40,24.06,5.91,55.18
1777241537,10.31,29.00,10.25,22.93,17.57,18.61,24.07,6.40,55.26
1777241539,10.25,29.25,9.50,23.18,17.61,18.40,24.05,6.54,55.29
1777241541,10.31,29.25,9.50,23.30,17.62,18.50,24.06,6.62,55.28
1777241542,10.31,29.25,10.25,22.99,17.59,18.32,24.04,6.01,55.16
1777241544,10.31,29.25,10.25,22.86,17.56,18.44,24.07,6.01,55.18
1777241545,10.31,28.75,9.75,23.13,17.61,18.51,24.08,5.86,55.15
1777241547,10.31,29.00,10.00,23.53,17.66,18.78,24.12,6.10,55.18
1777241549,10.31,28.75,9.75,23.32,17.64,18.46,24.06,6.36,55.22
1777241550,10.31,29.00,10.00,23.23,17.62,18.56,24.08,6.05,55.15
1777241552,10.31,28.75,9.75,22.85,17.56,18.51,24.07,6.18,55.16
1777241553,10.31,28.75,9.50,23.12,17.62,18.40,24.06,6.15,55.16
1777241555,10.31,28.75,9.50,23.05,17.59,18.61,24.09,6.38,55.18
1777241557,10.25,28.75,9.75,23.30,17.63,18.57,24.09,6.39,55.17
1777241558,10.31,28.75,9.50,23.08,17.62,18.47,24.07,6.01,55.10
1777241560,10.25,28.75,9.50,22.87,17.57,18.63,24.12,6.28,55.15
1777241561,10.25,28.75,9.75,23.00,17.58,18.39,24.10,5.86,55.06
1777241563,10.19,28.75,9.50,22.90,17.59,18.32,24.10,6.13,55.12
1777241565,10.19,28.50,9.50,23.25,17.64,18.59,24.14,6.25,55.15
1777241566,10.25,28.50,9.50,23.04,17.60,18.48,24.14,6.31,55.16
1777241568,10.19,28.50,9.75,22.87,17.57,18.44,24.15,6.33,55.17
1777241569,10.25,28.50,9.25,23.15,17.61,18.39,24.14,6.50,55.22
1777241571,10.25,28.50,9.50,23.30,17.64,18.51,24.16,6.15,55.18
1777241573,10.25,28.00,9.75,23.30,17.67,18.48,24.16,6.49,55.25
1777241574,10.19,28.50,9.75,23.08,17.62,18.62,24.19,6.28,55.23
1777241576,10.25,28.50,9.50,22.87,17.59,18.33,24.14,6.23,55.26
1777241578,10.19,28.50,9.75,23.23,17.65,18.37,24.17,6.15,55.26
1777241579,10.13,29.00,9.75,22.91,17.61,18.59,24.19,6.48,55.34
1777241581,10.19,29.00,9.50,22.92,17.60,18.38,24.17,6.24,55.32
1777241582,10.19,29.00,9.75,23.33,17.66,18.45,24.19,6.46,55.37
1777241584,10.19,28.75,9.50,23.04,17.61,18.27,24.18,6.32,55.36
1777241586,10.19,28.75,9.75,22.92,17.60,18.34,24.18,6.01,55.32
1777241587,10.19,28.75,9.75,23.17,17.64,18.31,24.19,5.75,55.28
1777241589,10.25,29.25,10.25,23.26,17.64,18.30,24.21,6.16,55.36
1777241590,10.19,28.75,10.00,22.91,17.60,18.23,24.21,6.31,55.38
1777241592,10.25,29.50,10.00,23.09,17.64,18.45,24.26,6.06,55.34
1777241594,10.19,29.25,10.00,23.44,17.68,18.33,24.24,5.98,55.31
1777241595,10.19,29.00,10.25,23.01,17.62,18.32,24.23,5.98,55.30
1777241597,10.25,29.00,10.25,22.94,17.61,18.30,24.26,6.01,55.28
1777241598,10.25,28.75,9.75,23.15,17.63,18.24,24.24,6.11,55.28
1777241600,10.25,29.00,10.50,23.01,17.62,18.27,24.25,6.57,55.32
1777241602,10.25,29.00,10.00,23.12,17.62,18.24,24.25,6.67,55.30
1777241603,10.31,29.25,9.75,23.29,17.64,18.44,24.29,6.62,55.27
1777241605,10.25,29.00,10.25,23.01,17.61,18.26,24.28,6.52,55.22
1777241606,10.25,28.75,10.00,22.92,17.61,18.19,24.27,6.26,55.14
1777241608,10.19,28.25,10.00,22.85,17.61,18.27,24.29,6.69,55.19
1777241610,10.31,28.75,9.25,23.20,17.64,18.27,24.28,6.05,55.07
1777241611,10.31,28.75,9.75,23.03,17.62,18.27,24.30,6.03,55.03
1777241613,10.31,28.75,9.75,22.98,17.61,18.26,24.30,6.20,55.02
1777241614,10.31,28.50,9.75,23.26,17.64,18.44,24.32,6.24,55.04
1777241616,10.25,28.00,9.50,23.07,17.63,18.26,24.29,6.86,55.14
1777241618,10.31,28.25,9.75,23.25,17.64,18.33,24.29,6.12,55.01
1777241619,10.25,28.00,9.75,23.27,17.63,18.36,24.31,6.12,55.00
1777241621,10.25,27.75,9.50,22.85,17.58,18.51,24.32,5.95,54.99
1777241622,10.25,28.00,9.25,23.42,17.66,18.16,24.27,6.31,55.05
1777241624,10.25,27.50,9.50,23.23,17.63,18.23,24.30,6.33,55.07
1777241626,10.25,28.00,9.50,23.06,17.62,18.23,24.28,6.33,55.09
1777241627,10.25,28.00,9.00,23.41,17.66,18.36,24.32,5.84,55.03
1777241629,10.19,27.75,9.50,23.26,17.64,18.29,24.32,6.14,55.11
1777241631,10.25,28.25,9.75,23.10,17.62,18.39,24.34,6.29,55.16
1777241632,10.19,28.25,9.50,22.87,17.58,18.32,24.33,6.19,55.19
1777241634,10.19,28.00,9.25,23.02,17.63,18.58,24.35,6.24,55.23
1777241635,10.25,28.25,9.50,23.21,17.64,18.19,24.33,6.31,55.27
1777241637,10.25,28.50,10.00,23.23,17.65,18.27,24.34,5.78,55.20
1777241639,10.19,28.25,10.00,23.09,17.63,18.33,24.36,6.46,55.34
1777241640,10.19,28.25,10.00,23.09,17.64,18.15,24.35,6.24,55.32
1777241642,10.19,28.00,10.25,23.12,17.63,18.27,24.36,6.46,55.37
1777241643,10.19,28.25,10.00,23.23,17.65,18.40,24.38,6.24,55.35
1777241645,10.19,28.50,9.75,22.98,17.62,18.26,24.37,6.05,55.34
1777241647,10.19,28.25,10.00,23.02,17.63,18.12,24.36,6.05,55.33
1777241648,10.25,28.50,9.50,23.21,17.65,18.46,24.42,6.48,55.42
1777241650,10.19,29.00,9.00,23.09,17.64,18.38,24.40,6.37,55.37
1777241651,10.25,28.75,10.25,23.01,17.61,18.32,24.40,6.19,55.36
1777241653,10.25,29.00,9.75,23.15,17.62,18.35,24.41,6.12,55.32
1777241655,10.25,28.75,10.00,22.98,17.61,18.27,24.39,6.22,55.33
1777241656,10.19,28.25,9.25,22.98,17.60,18.36,24.40,5.88,55.24
1777241658,10.25,29.00,10.25,23.12,17.62,18.31,24.39,6.16,55.29
1777241659,10.25,28.50,10.25,23.19,17.63,18.27,24.39,6.25,55.31
1777241661,10.19,28.75,10.00,23.12,17.62,18.36,24.40,6.01,55.24
1777241663,10.25,28.75,9.50,22.90,17.59,18.27,24.39,6.01,55.24
1777241664,10.25,28.50,9.50,22.88,17.60,18.18,24.36,6.50,55.30
1777241666,10.25,28.00,9.50,22.91,17.60,18.17,24.39,5.97,55.20
1777241667,10.19,28.75,9.25,23.26,17.64,18.22,24.40,6.31,55.24
1777241669,10.19,28.00,9.75,23.05,17.61,18.26,24.40,6.33,55.23
1777241671,10.19,28.50,9.50,22.99,17.62,18.14,24.38,6.31,55.22
1777241672,10.19,28.25,9.25,22.90,17.60,18.12,24.37,5.98,55.14
1777241674,10.19,28.00,9.75,23.40,17.66,18.27,24.41,5.69,55.08
1777241675,10.19,28.25,9.00,23.06,17.61,18.16,24.40,6.38,55.21
1777241677,10.13,28.00,10.00,23.02,17.60,18.19,24.41,6.16,55.16
1777241679,10.13,27.75,9.50,23.02,17.60,18.16,24.40,6.31,55.17
1777241680,10.13,28.25,9.50,23.12,17.61,18.12,24.39,6.32,55.19
1777241682,10.13,28.25,9.50,23.19,17.62,18.37,24.44,6.01,55.14
1777241684,10.13,28.50,10.00,23.26,17.64,18.05,24.40,5.77,55.11
1777241685,10.13,28.25,9.75,23.01,17.62,18.11,24.42,6.37,55.24
1777241687,10.13,28.25,10.00,22.88,17.60,18.24,24.44,6.43,55.26
1777241688,10.13,28.50,10.00,23.07,17.62,18.09,24.43,6.46,55.27
1777241690,10.13,28.25,9.75,23.17,17.62,18.23,24.45,6.23,55.25
1777241692,10.13,28.25,9.75,23.25,17.64,18.22,24.46,6.18,55.29
1777241693,10.13,28.25,10.00,22.87,17.61,18.34,24.50,6.28,55.32
1777241695,10.13,28.25,9.50,22.89,17.61,18.06,24.48,6.16,55.31
1777241696,10.13,28.25,9.75,23.22,17.65,18.08,24.48,6.26,55.36
1777241698,10.13,28.50,9.75,23.09,17.62,18.30,24.51,6.25,55.37
1777241700,10.13,28.25,10.25,23.02,17.63,18.05,24.48,6.16,55.35
1777241701,10.13,28.00,10.25,22.88,17.61,18.15,24.51,6.05,55.32
1777241703,10.13,28.00,9.50,23.41,17.66,18.19,24.52,6.12,55.31
1777241704,10.19,27.75,10.00,23.01,17.61,18.14,24.51,6.50,55.36
1777241706,10.19,27.75,9.50,23.27,17.65,18.12,24.50,6.04,55.26
1777241708,10.19,27.75,10.00,23.20,17.63,18.21,24.53,6.42,55.30
1777241709,10.19,27.50,10.00,22.94,17.61,18.06,24.52,6.16,55.26
1777241711,10.19,27.75,10.00,23.07,17.64,17.97,24.52,6.00,55.20
1777241712,10.19,27.75,9.75,22.97,17.60,18.12,24.51,6.05,55.20
1777241714,10.19,27.50,9.75,23.39,17.66,18.36,24.57,5.84,55.13
1777241716,10.13,27.25,9.75,23.35,17.65,17.99,24.49,5.84,55.12
1777241717,10.19,27.75,9.75,22.95,17.60,18.08,24.50,6.46,55.22
1777241719,10.13,27.75,9.50,23.05,17.61,18.10,24.52,6.15,55.16
1777241720,10.19,27.75,10.00,22.93,17.60,18.05,24.51,6.44,55.23
1777241722,10.19,27.25,9.50,23.35,17.65,18.26,24.53,6.22,55.19
1777241724,10.13,27.25,9.75,22.98,17.62,18.24,24.54,6.39,55.22
1777241725,10.13,27.00,10.25,23.05,17.65,18.17,24.52,6.22,55.21
1777241727,10.13,27.25,9.25,23.24,17.67,18.14,24.52,6.19,55.21
1777241729,10.13,26.75,9.50,23.08,17.66,18.12,24.53,6.07,55.22
1777241730,10.13,26.75,9.50,23.00,17.64,18.20,24.53,6.48,55.29
1777241732,10.13,27.00,9.75,23.15,17.68,18.24,24.56,5.92,55.22
1777241733,10.13,27.00,9.75,23.21,17.68,18.00,24.51,6.19,55.29
1777241735,10.13,27.00,10.00,23.17,17.68,18.29,24.56,6.20,55.31
1777241737,10.13,26.75,9.75,23.32,17.69,18.15,24.53,6.05,55.31
1777241738,10.13,27.50,9.25,22.89,17.63,17.98,24.52,6.18,55.34
1777241740,10.13,26.75,10.00,23.37,17.70,18.16,24.54,6.25,55.36
1777241741,10.06,27.00,9.75,23.11,17.68,18.19,24.55,5.90,55.33
1777241743,10.06,27.25,10.00,23.30,17.72,18.16,24.55,5.84,55.32
1777241745,10.06,27.75,9.75,22.96,17.66,18.15,24.53,6.28,55.43
1777241746,10.13,27.00,9.25,23.02,17.69,18.12,24.55,6.16,55.43
1777241748,10.06,28.00,10.00,22.98,17.67,18.19,24.55,6.37,55.50
1777241749,10.06,27.75,10.00,22.93,17.66,18.05,24.52,6.20,55.48
1777241751,10.06,27.75,9.50,23.15,17.68,18.21,24.55,5.98,55.44
1777241753,10.13,28.00,10.00,23.29,17.70,18.27,24.57,6.18,55.50
1777241754,10.06,27.50,9.75,23.18,17.70,18.19,24.54,6.35,55.53
1777241756,10.13,28.00,10.25,23.19,17.69,18.09,24.54,6.48,55.57
1777241757,10.06,28.00,10.00,23.02,17.69,18.20,24.57,5.80,55.43
1777241759,10.13,27.75,10.00,23.18,17.70,18.13,24.56,6.45,55.56
1777241761,10.13,27.75,9.75,23.02,17.68,18.05,24.55,6.25,55.51
1777241762,10.13,28.00,10.00,23.02,17.69,18.16,24.56,6.36,55.53
1777241764,10.13,28.00,10.00,22.96,17.66,18.27,24.58,5.96,55.43
1777241765,10.13,27.50,9.75,23.19,17.71,18.12,24.56,6.36,55.49
1777241767,10.13,28.25,10.00,22.95,17.68,18.33,24.59,6.07,55.44
1777241769,10.13,27.75,10.25,23.34,17.73,18.05,24.57,6.25,55.44
1777241770,10.06,28.00,9.75,23.15,17.70,18.07,24.55,5.99,55.38
1777241772,10.13,28.00,9.25,23.06,17.70,18.05,24.57,6.23,55.42
1777241773,10.13,27.75,10.00,22.86,17.68,18.14,24.56,6.18,55.39
1777241775,10.13,28.00,9.75,22.94,17.67,18.29,24.60,6.21,55.40
1777241777,10.19,27.25,9.50,23.23,17.71,18.08,24.55,6.36,55.40
1777241778,10.13,27.75,9.75,23.14,17.72,18.25,24.58,5.82,55.30
1777241780,10.19,27.00,9.75,22.76,17.67,18.23,24.57,6.31,55.40
1777241781,10.13,27.50,9.25,23.37,17.74,18.11,24.58,6.27,55.38
1777241783,10.06,27.75,10.00,22.75,17.66,17.91,24.55,6.33,55.39
1777241785,10.13,27.50,10.00,23.08,17.72,17.91,24.53,5.94,55.34
1777241786,10.06,27.75,10.00,23.21,17.73,18.16,24.58,6.07,55.37
1777241788,10.13,27.75,10.00,22.83,17.69,17.99,24.56,6.28,55.45
1777241790,10.13,27.50,9.75,23.14,17.72,18.25,24.59,6.16,55.41
1777241791,10.06,27.75,10.25,23.15,17.73,18.06,24.54,6.44,55.48
1777241793,10.13,27.50,10.00,22.94,17.72,18.12,24.56,6.24,55.49
1777241794,10.06,27.75,10.25,22.72,17.68,18.19,24.56,5.89,55.43
1777241796,10.13,27.50,9.75,22.98,17.73,18.27,24.58,6.19,55.50
1777241798,10.13,27.75,9.75,23.23,17.77,18.22,24.56,6.38,55.54
1777241799,10.06,28.00,9.75,23.06,17.74,18.18,24.54,5.68,55.44
1777241801,10.13,27.75,9.75,22.82,17.72,18.13,24.55,6.34,55.56
1777241802,10.13,28.00,9.75,22.97,17.72,18.08,24.54,6.18,55.56
1777241804,10.06,27.50,10.00,23.13,17.75,18.26,24.56,5.76,55.51
1777241806,10.13,27.75,9.75,22.81,17.71,18.13,24.53,6.49,55.64
1777241807,10.06,27.75,9.25,22.91,17.74,18.20,24.55,5.91,55.56
1777241809,10.06,27.50,9.75,23.09,17.77,18.33,24.58,5.74,55.56
1777241810,10.13,27.75,9.75,23.04,17.76,17.98,24.53,5.93,55.60
1777241812,10.06,27.50,10.00,22.84,17.72,18.14,24.54,5.95,55.61
1777241814,10.13,27.50,10.25,22.99,17.74,18.26,24.57,5.73,55.57
1777241815,10.13,28.00,9.75,22.81,17.72,17.99,24.52,6.11,55.66
1777241817,10.13,28.00,9.75,22.99,17.74,18.05,24.52,6.12,55.66
1777241818,10.13,27.75,9.75,23.00,17.73,18.12,24.52,6.09,55.65
1777241820,10.13,27.50,10.25,23.21,17.77,18.19,24.53,6.00,55.61
1777241822,10.13,27.50,10.00,22.88,17.72,18.24,24.53,6.24,55.65
1777241823,10.13,27.50,10.00,23.07,17.74,17.99,24.50,6.16,55.64
1777241825,10.13,27.75,9.75,22.96,17.73,18.04,24.51,6.27,55.64
1777241826,10.13,27.75,9.75,22.92,17.72,18.16,24.54,6.16,55.61
1777241828,10.19,27.75,9.75,23.22,17.75,18.03,24.51,6.24,55.62
1777241830,10.19,27.75,10.00,23.15,17.76,18.25,24.53,5.84,55.54
1777241831,10.19,28.00,9.75,22.96,17.74,18.17,24.52,5.98,55.57
1777241833,10.19,27.75,10.00,23.05,17.76,18.33,24.56,5.79,55.52
1777241834,10.13,27.25,9.75,22.95,17.73,17.97,24.52,5.96,55.55
1777241836,10.19,27.75,9.75,23.23,17.76,18.19,24.54,5.79,55.53
1777241838,10.13,27.50,9.50,23.02,17.75,17.97,24.51,5.98,55.57
1777241839,10.19,28.00,9.75,22.96,17.75,18.12,24.55,5.73,55.52
1777241841,10.13,27.75,10.25,23.09,17.78,18.33,24.58,6.47,55.66
1777241843,10.13,28.00,10.00,22.76,17.72,18.05,24.54,5.80,55.54
1777241844,10.19,28.00,10.00,22.77,17.74,18.23,24.56,6.00,55.59
1777241846,10.19,27.50,9.75,22.98,17.75,17.96,24.52,5.88,55.60
1777241847,10.13,27.75,9.50,22.92,17.75,18.16,24.57,6.03,55.62
1777241849,10.13,28.00,9.50,23.01,17.75,18.30,24.57,6.21,55.66
1777241851,10.13,28.00,9.75,22.93,17.75,18.15,24.55,6.31,55.70
1777241852,10.13,27.75,9.75,22.92,17.76,18.08,24.57,6.16,55.67
1777241854,10.13,27.75,9.50,23.30,17.81,18.27,24.58,5.95,55.63
1777241855,10.13,27.50,10.25,22.82,17.74,18.08,24.54,6.02,55.65
1777241857,10.13,28.00,10.00,22.75,17.74,18.13,24.56,5.87,55.65
1777241859,10.19,27.75,10.00,22.78,17.72,18.18,24.57,6.24,55.71
1777241860,10.13,28.00,10.00,23.23,17.78,17.94,24.50,5.98,55.66
1777241862,10.13,27.25,10.00,22.75,17.73,18.23,24.55,6.25,55.72
1777241863,10.13,28.00,9.25,23.00,17.76,18.06,24.54,6.04,55.68
1777241865,10.13,28.25,9.25,23.01,17.76,18.25,24.56,6.14,55.70
1777241867,10.06,28.00,10.00,22.94,17.73,18.12,24.52,5.77,55.64
1777241868,10.13,28.25,9.75,23.23,17.77,18.01,24.52,5.99,55.68
1777241870,10.06,28.00,9.50,22.82,17.72,17.98,24.52,6.13,55.72
1777241871,10.06,28.00,9.75,22.95,17.74,18.09,24.53,5.73,55.63
1777241873,10.13,27.75,9.50,22.76,17.69,18.01,24.53,5.86,55.66
1777241875,10.13,28.25,9.75,22.80,17.69,18.12,24.57,6.09,55.71
1777241876,10.13,28.00,9.75,22.75,17.70,18.12,24.56,6.01,55.68
1777241878,10.13,28.00,9.75,22.77,17.71,18.21,24.57,5.80,55.65
1777241879,10.13,27.75,9.25,23.02,17.74,18.28,24.58,5.88,55.68
1777241881,10.06,28.00,10.00,22.82,17.70,18.03,24.55,5.95,55.66
1777241883,10.06,28.50,10.00,22.95,17.72,18.22,24.57,5.89,55.67
1777241884,10.13,28.25,10.00,22.94,17.72,18.19,24.58,5.75,55.63
1777241886,10.06,28.50,10.00,22.87,17.72,18.16,24.57,5.99,55.69
1777241887,10.06,28.00,9.25,22.95,17.74,18.12,24.57,5.81,55.65
1777241889,10.13,27.75,9.75,23.07,17.73,18.26,24.59,6.13,55.70
1777241891,10.13,28.50,9.75,22.91,17.71,17.87,24.53,6.01,55.68
1777241892,10.13,28.25,9.50,22.97,17.70,17.97,24.55,6.01,55.65
1777241894,10.13,28.00,9.50,23.13,17.73,18.18,24.59,6.05,55.64
1777241896,10.13,29.00,10.25,23.17,17.75,18.05,24.56,6.05,55.64
1777241897,10.13,28.50,9.50,22.83,17.72,17.89,24.55,6.07,55.63
1777241899,10.13,28.75,9.75,22.82,17.71,18.12,24.60,6.20,55.64
1777241900,10.13,28.50,10.00,22.75,17.69,17.94,24.57,6.09,55.61
1777241902,10.13,28.00,10.00,23.02,17.74,17.97,24.58,6.20,55.61
1777241904,10.19,28.50,10.00,23.13,17.74,18.00,24.60,6.31,55.60
1777241905,10.13,28.75,9.50,22.80,17.71,18.05,24.62,6.24,55.58
1777241907,10.13,28.50,10.25,22.78,17.70,18.08,24.64,6.02,55.55
1777241908,10.13,28.50,9.50,23.00,17.71,18.11,24.64,6.31,55.55
1777241910,10.13,29.00,9.25,22.78,17.69,17.91,24.63,6.06,55.50
1777241912,10.19,29.00,10.00,23.05,17.74,17.99,24.65,6.37,55.55
1777241913,10.13,29.25,9.50,23.06,17.73,17.89,24.63,6.07,55.47
1777241915,10.19,28.75,9.75,23.02,17.74,18.06,24.68,6.48,55.54
1777241916,10.13,29.00,9.50,22.91,17.71,17.97,24.66,5.98,55.45
1777241918,10.13,29.25,10.00,23.01,17.74,17.86,24.67,5.83,55.41
1777241920,10.13,29.25,9.75,22.98,17.74,17.90,24.67,6.22,55.48
1777241921,10.13,28.75,9.50,22.83,17.74,17.99,24.70,6.26,55.49
1777241923,10.13,29.00,9.75,23.05,17.75,18.02,24.72,5.94,55.39
1777241924,10.13,28.50,10.25,22.82,17.72,17.97,24.70,5.96,55.40
1777241926,10.13,28.75,10.25,22.94,17.73,18.01,24.73,6.37,55.45
1777241928,10.13,28.75,10.25,23.00,17.73,17.97,24.72,6.14,55.40
1777241929,10.13,29.00,10.25,23.02,17.75,17.96,24.74,6.09,55.37
1777241931,10.19,28.50,10.00,22.98,17.73,18.03,24.72,6.25,55.36
1777241932,10.13,29.00,10.25,23.14,17.76,18.17,24.78,5.97,55.30
1777241934,10.13,28.75,10.25,22.72,17.70,17.90,24.72,5.96,55.28
1777241936,10.13,29.00,10.00,22.81,17.72,18.03,24.73,6.10,55.26
1777241937,10.13,29.00,10.00,22.82,17.72,18.08,24.74,6.04,55.23
1777241939,10.13,29.00,10.00,22.80,17.71,17.99,24.71,6.40,55.26
1777241941,10.13,29.00,10.25,22.85,17.72,17.95,24.70,6.21,55.21
1777241942,10.13,28.75,10.25,22.77,17.71,18.02,24.71,5.97,55.16
1777241944,10.19,29.25,9.75,23.08,17.74,17.97,24.70,6.22,55.19
1777241945,10.19,29.00,10.00,23.01,17.75,18.11,24.73,5.92,55.14
1777241947,10.13,29.00,10.00,22.82,17.73,18.08,24.70,5.88,55.12
1777241949,10.19,29.25,9.75,22.79,17.72,17.88,24.70,6.09,55.15
1777241950,10.13,28.75,10.25,22.72,17.70,17.88,24.71,6.28,55.18
1777241952,10.13,29.00,10.00,22.90,17.73,18.05,24.72,6.22,55.17
1777241953,10.19,29.25,9.25,23.01,17.75,18.07,24.74,6.01,55.10
1777241955,10.19,29.50,10.50,23.17,17.75,18.11,24.73,6.03,55.12
1777241957,10.19,29.25,9.75,22.76,17.71,17.80,24.70,6.26,55.13
1777241958,10.19,29.00,9.75,22.70,17.70,17.94,24.72,6.47,55.15
1777241960,10.19,29.25,10.50,22.73,17.70,18.09,24.75,6.05,55.06
1777241961,10.19,29.25,10.00,22.88,17.74,18.00,24.74,6.01,55.03
1777241963,10.25,29.25,10.00,22.99,17.75,18.18,24.77,5.99,54.99
1777241965,10.19,29.00,10.50,22.76,17.72,17.86,24.71,6.46,55.08
1777241966,10.19,29.00,10.25,22.89,17.72,17.95,24.72,6.28,55.03
1777241968,10.25,28.75,10.25,23.08,17.74,17.99,24.73,6.02,54.95
1777241969,10.25,28.75,10.00,23.02,17.76,17.94,24.72,6.18,54.98
1777241971,10.25,29.25,10.25,22.91,17.75,17.93,24.73,6.03,54.94
1777241973,10.25,29.25,9.50,22.79,17.73,18.14,24.77,6.03,54.93
1777241974,10.25,29.25,10.25,22.68,17.73,17.80,24.73,6.49,54.99
1777241976,10.25,29.75,10.00,22.88,17.76,17.83,24.74,6.17,54.94
1777241977,10.25,29.25,10.25,22.74,17.74,17.87,24.75,6.17,54.93
1777241979,10.25,30.00,10.00,22.94,17.76,18.00,24.76,6.56,54.99
1777241981,10.25,29.75,10.25,22.91,17.74,18.12,24.79,6.08,54.90
1777241982,10.25,30.00,10.50,22.80,17.75,18.08,24.79,6.16,54.91
1777241984,10.25,29.75,10.50,22.69,17.73,17.80,24.75,6.18,54.90
1777241985,10.25,29.75,10.25,23.02,17.77,18.13,24.79,6.31,54.91
1777241987,10.25,30.00,10.25,23.24,17.78,17.93,24.77,6.59,54.94
1777241989,10.31,29.50,10.50,22.72,17.73,18.11,24.81,6.21,54.86
1777241990,10.31,30.00,10.00,22.91,17.75,18.16,24.80,6.46,54.85
1777241992,10.31,30.00,10.00,22.89,17.76,18.16,24.81,6.33,54.80
1777241994,10.31,30.00,10.25,23.01,17.76,18.01,24.79,6.18,54.75
1777241995,10.25,29.75,9.75,22.87,17.73,17.90,24.78,6.63,54.80
1777241997,10.31,30.00,10.25,22.72,17.73,18.07,24.80,6.41,54.72
1777241998,10.31,29.75,10.00,22.87,17.75,18.12,24.81,6.12,54.65
1777242000,10.31,29.75,10.25,22.88,17.75,18.03,24.81,6.58,54.67
1777242002,10.31,29.25,10.00,22.79,17.74,18.05,24.81,6.16,54.57
1777242003,10.31,29.00,10.00,23.14,17.78,17.91,24.81,6.20,54.54
1777242005,10.31,29.00,9.75,22.94,17.76,18.12,24.81,6.32,54.53
1777242006,10.31,29.25,10.00,23.02,17.75,18.16,24.82,6.05,54.46
1777242008,10.25,29.50,9.75,22.78,17.73,18.09,24.81,6.42,54.51
1777242010,10.31,29.75,10.25,22.81,17.72,18.12,24.81,6.11,54.45
1777242011,10.31,29.25,10.00,22.93,17.75,18.08,24.81,6.38,54.50
1777242013,10.25,29.75,10.00,23.02,17.76,17.94,24.80,6.55,54.52
1777242014,10.25,29.75,10.00,22.72,17.72,18.12,24.82,6.12,54.45
1777242016,10.31,29.75,10.00,22.77,17.75,18.00,24.79,6.28,54.50
1777242018,10.25,29.75,10.00,22.95,17.76,17.90,24.77,6.58,54.54
1777242019,10.25,29.75,9.75,22.91,17.76,17.83,24.76,6.41,54.53
1777242021,10.25,29.25,9.75,22.98,17.78,18.01,24.80,6.22,54.51
1777242022,10.31,29.75,9.75,22.81,17.75,18.01,24.78,6.62,54.58
1777242024,10.25,29.50,10.25,23.00,17.77,17.94,24.77,6.62,54.60
1777242026,10.25,29.50,10.25,23.05,17.77,18.04,24.79,6.05,54.50
1777242027,10.25,29.75,9.75,22.79,17.76,17.95,24.77,5.99,54.49
1777242029,10.25,29.50,10.50,22.70,17.75,17.87,24.78,6.33,54.56
1777242030,10.25,29.75,10.00,22.92,17.78,17.95,24.79,6.56,54.62
1777242032,10.25,29.50,10.00,22.83,17.77,18.02,24.80,6.55,54.63
1777242034,10.25,29.50,9.50,22.79,17.76,18.07,24.82,6.59,54.63
1777242035,10.19,29.00,9.75,22.75,17.75,18.08,24.81,6.08,54.56
1777242037,10.19,29.00,10.00,22.71,17.76,18.07,24.84,6.44,54.62
1777242038,10.25,29.50,10.00,22.89,17.76,18.06,24.82,6.09,54.55
1777242040,10.25,29.25,9.00,22.80,17.77,17.87,24.80,6.38,54.61
1777242042,10.25,29.75,10.25,22.92,17.78,18.09,24.84,6.35,54.62
1777242043,10.25,29.25,10.00,22.94,17.78,17.97,24.83,6.38,54.60
1777242045,10.19,29.00,9.75,22.85,17.76,18.05,24.84,6.43,54.62
1777242047,10.25,29.00,10.00,23.00,17.79,18.05,24.83,6.53,54.65
1777242048,10.25,29.00,9.00,23.00,17.78,18.11,24.86,6.02,54.57
1777242050,10.25,28.50,9.75,22.68,17.75,17.91,24.82,6.89,54.71
1777242051,10.25,29.00,10.00,23.02,17.78,18.14,24.83,6.09,54.58
1777242053,10.25,28.50,9.50,22.91,17.77,17.88,24.80,6.60,54.68
1777242055,10.19,28.25,9.75,22.71,17.74,17.93,24.77,6.05,54.60
1777242056,10.19,28.50,9.75,22.81,17.78,17.98,24.77,6.31,54.65
1777242058,10.19,28.50,9.50,22.68,17.75,18.08,24.78,6.10,54.62
1777242059,10.19,28.75,9.25,22.96,17.78,18.00,24.76,6.22,54.65
1777242061,10.25,28.50,10.00,22.98,17.80,18.06,24.76,6.51,54.72
1777242063,10.19,28.25,9.75,22.76,17.77,18.16,24.77,6.23,54.69
1777242064,10.19,28.25,10.00,23.00,17.79,18.05,24.75,6.08,54.68
1777242066,10.19,28.25,9.75,22.98,17.79,18.16,24.73,6.49,54.80
1777242067,10.19,27.75,9.50,22.78,17.78,17.95,24.71,6.02,54.73
1777242069,10.19,27.75,10.00,23.02,17.80,17.99,24.72,6.31,54.82
1777242071,10.19,28.25,9.75,22.80,17.77,17.98,24.71,6.41,54.87
1777242072,10.13,28.50,10.00,22.98,17.78,17.97,24.69,6.03,54.82
1777242074,10.19,28.50,9.75,22.81,17.78,18.29,24.74,5.63,54.78
1777242075,10.19,28.00,9.50,22.94,17.78,17.97,24.71,6.28,54.93
1777242077,10.19,28.75,9.75,22.90,17.79,17.96,24.71,6.51,55.00
1777242079,10.13,28.50,10.25,22.92,17.80,18.08,24.73,6.26,54.98
1777242080,10.19,29.00,9.50,22.98,17.82,18.08,24.73,6.32,55.02
1777242082,10.13,29.00,9.50,22.71,17.78,18.11,24.73,6.19,55.02
1777242083,10.13,28.50,10.00,22.92,17.79,17.85,24.70,6.15,55.03
1777242085,10.19,28.75,9.75,22.86,17.78,17.76,24.72,6.32,55.09
1777242087,10.19,28.75,10.00,22.89,17.80,17.79,24.71,6.16,55.06
1777242088,10.13,28.75,10.00,22.75,17.76,18.11,24.75,6.10,55.07
1777242090,10.13,28.75,10.00,22.86,17.78,18.10,24.76,6.31,55.11
1777242091,10.13,28.75,9.75,23.01,17.81,18.17,24.77,6.54,55.15
1777242093,10.13,28.50,9.25,22.88,17.77,18.10,24.75,5.98,55.05
1777242095,10.19,28.75,9.75,22.68,17.77,18.01,24.75,6.17,55.08
1777242096,10.13,28.50,9.75,22.98,17.81,18.12,24.77,6.35,55.12
1777242098,10.19,28.75,9.75,22.78,17.76,18.16,24.79,6.06,55.08
1777242100,10.19,28.75,10.00,22.70,17.76,18.02,24.76,6.01,55.06
1777242101,10.19,28.25,9.00,22.89,17.78,18.18,24.80,6.38,55.12
1777242103,10.19,28.00,9.25,22.94,17.79,17.84,24.75,5.99,55.05
1777242104,10.13,28.50,9.75,22.98,17.78,18.08,24.78,6.22,55.10
1777242106,10.13,28.00,9.25,22.73,17.77,17.97,24.75,6.48,55.11
1777242108,10.19,28.50,10.00,23.01,17.80,18.19,24.79,6.44,55.12
1777242109,10.13,28.25,9.50,22.95,17.80,18.08,24.77,6.16,55.06
1777242111,10.19,28.25,9.50,22.91,17.79,17.94,24.76,5.84,55.02
1777242112,10.13,27.75,10.25,22.78,17.78,17.94,24.77,6.37,55.09
1777242114,10.13,28.25,9.75,22.93,17.78,18.09,24.77,6.05,55.05
1777242116,10.13,28.00,9.50,22.86,17.78,17.94,24.76,6.37,55.12
1777242117,10.13,28.00,10.00,22.77,17.78,18.19,24.81,6.47,55.14
1777242119,10.13,28.25,9.75,22.92,17.79,18.18,24.82,6.31,55.13
1777242120,10.13,28.00,9.25,22.74,17.78,18.11,24.82,6.36,55.14
1777242122,10.13,28.25,9.50,22.91,17.79,17.94,24.81,6.51,55.19
1777242124,10.13,28.00,9.75,22.89,17.78,18.03,24.82,6.18,55.15
1777242125,10.13,28.25,9.50,22.73,17.78,17.87,24.79,6.32,55.20
1777242127,10.13,27.75,9.75,22.82,17.79,17.85,24.80,6.49,55.25
1777242128,10.19,28.25,9.75,22.69,17.78,17.87,24.80,6.00,55.18
1777242130,10.13,28.25,9.75,22.81,17.79,18.15,24.84,5.96,55.21
1777242132,10.06,28.25,9.50,22.80,17.78,18.06,24.82,6.26,55.28
1777242133,10.06,28.25,9.25,22.80,17.80,17.86,24.81,5.77,55.21
1777242135,10.06,28.00,9.50,23.02,17.82,17.86,24.81,6.21,55.32
1777242136,10.13,28.25,9.25,22.91,17.81,18.08,24.87,6.23,55.35
1777242138,10.06,28.00,9.50,22.68,17.79,18.12,24.87,5.78,55.27
1777242140,10.06,27.75,9.50,22.92,17.82,17.89,24.84,5.99,55.35
1777242141,10.13,28.00,9.75,22.87,17.81,18.07,24.88,6.22,55.40
1777242143,10.13,28.00,9.25,22.79,17.80,17.85,24.86,5.92,55.36
1777242144,10.13,28.00,9.50,22.72,17.81,17.94,24.87,6.02,55.40
1777242146,10.06,28.00,9.50,22.91,17.82,17.88,24.87,5.98,55.40
1777242148,10.06,28.00,9.75,22.87,17.81,18.01,24.88,5.91,55.40
1777242149,10.13,28.00,9.50,22.95,17.83,17.93,24.89,6.13,55.46
1777242151,10.06,27.75,9.75,22.87,17.81,17.94,24.90,6.14,55.48
1777242153,10.13,28.00,10.00,22.76,17.80,17.91,24.92,6.20,55.50
1777242154,10.13,28.25,9.50,22.83,17.81,17.95,24.91,6.26,55.54
1777242156,10.06,28.00,9.75,22.82,17.81,18.03,24.94,5.79,55.47
1777242157,10.06,28.00,10.00,22.86,17.82,17.94,24.95,5.90,55.49
1777242159,10.06,28.00,9.75,22.78,17.81,17.91,24.93,6.27,55.57
1777242161,10.06,28.25,9.75,22.96,17.84,17.85,24.93,6.43,55.60
1777242162,10.13,28.25,9.75,22.92,17.83,17.74,24.91,5.90,55.52
1777242164,10.13,28.25,9.75,22.98,17.84,17.87,24.92,5.89,55.52
1777242165,10.13,28.50,9.75,22.87,17.83,18.10,24.96,6.11,55.57
1777242167,10.06,28.50,9.75,22.91,17.85,17.91,24.95,5.90,55.54
1777242169,10.06,28.25,9.75,22.76,17.80,17.95,24.95,5.98,55.55
1777242170,10.06,28.50,10.00,22.83,17.81,17.83,24.94,6.28,55.61
1777242172,10.06,28.50,10.00,22.89,17.83,17.90,24.97,5.93,55.54
1777242173,10.13,28.50,10.25,22.72,17.80,17.96,24.98,6.12,55.56
1777242175,10.06,28.50,10.25,22.90,17.82,17.96,24.99,6.32,55.59
1777242177,10.13,28.75,10.25,22.86,17.81,17.86,24.98,6.15,55.54
1777242178,10.13,28.50,9.50,22.78,17.81,17.76,24.98,6.37,55.57
1777242180,10.13,28.50,10.00,22.71,17.80,17.91,25.00,6.46,55.59
1777242181,10.13,28.50,9.75,22.87,17.84,17.87,24.97,6.33,55.53
1777242183,10.06,28.50,10.00,22.98,17.83,17.94,24.99,6.22,55.50
1777242185,10.13,28.75,9.75,22.70,17.80,17.94,24.99,6.50,55.51
1777242186,10.13,28.25,9.50,22.72,17.81,17.80,24.97,6.46,55.48
1777242188,10.13,28.75,10.00,22.97,17.85,17.80,24.96,6.01,55.40
1777242189,10.06,28.50,9.50,22.78,17.82,17.86,24.98,6.16,55.42
1777242191,10.13,28.50,10.00,22.75,17.83,18.01,25.00,6.33,55.43
1777242193,10.13,29.00,10.00,23.06,17.85,17.79,24.98,6.43,55.44
1777242194,10.13,28.50,10.00,22.74,17.82,17.78,24.99,6.29,55.39
1777242196,10.13,29.00,10.00,22.92,17.84,17.74,24.99,6.20,55.37
1777242197,10.13,29.00,10.00,22.63,17.81,17.97,25.04,6.39,55.39
1777242199,10.13,29.00,10.00,22.87,17.84,17.73,25.02,5.93,55.32
1777242201,10.13,29.00,9.25,22.91,17.85,17.80,25.04,6.15,55.34
1777242202,10.13,29.00,10.00,22.80,17.83,17.83,25.04,6.36,55.37
1777242204,10.13,29.00,10.00,22.87,17.83,18.02,25.06,6.34,55.34
1777242206,10.13,29.25,9.75,22.92,17.87,17.98,25.07,5.98,55.28
1777242207,10.19,29.25,10.00,22.80,17.84,17.73,25.02,6.40,55.35
1777242209,10.13,29.00,10.00,22.75,17.82,17.66,25.02,6.00,55.25
1777242210,10.13,29.50,9.25,22.70,17.82,17.67,25.03,5.99,55.25
1777242212,10.19,29.00,10.00,22.97,17.85,17.83,25.04,6.21,55.26
1777242214,10.19,29.25,10.00,22.76,17.82,17.61,25.02,6.02,55.21
1777242215,10.13,29.50,9.25,22.77,17.84,17.76,25.04,6.17,55.21
1777242217,10.19,29.50,9.75,22.76,17.83,17.76,25.06,6.59,55.27
1777242218,10.19,29.50,10.25,22.92,17.85,17.88,25.08,6.01,55.16
1777242220,10.19,29.75,10.00,22.69,17.82,17.70,25.05,6.54,55.21
1777242222,10.19,29.75,10.00,22.79,17.84,17.82,25.08,6.36,55.14
1777242223,10.19,29.75,10.25,22.77,17.84,17.80,25.09,6.08,55.07
1777242225,10.19,29.75,10.00,22.87,17.85,17.69,25.06,5.96,55.02
1777242226,10.19,29.50,9.75,22.67,17.82,17.90,25.11,6.21,55.03
1777242228,10.13,29.00,10.00,22.83,17.84,17.63,25.09,6.41,55.02
1777242230,10.19,29.25,10.00,22.95,17.85,17.64,25.09,6.53,55.02
1777242231,10.25,29.50,10.25,22.78,17.82,17.73,25.10,6.56,54.98
1777242233,10.19,29.25,10.25,22.76,17.80,17.67,25.11,6.07,54.87
1777242234,10.25,29.25,9.75,22.79,17.81,17.68,25.11,6.07,54.81
1777242236,10.19,29.00,10.00,22.78,17.80,17.84,25.14,5.99,54.78
1777242238,10.25,29.25,9.75,22.64,17.81,17.74,25.12,6.19,54.79
1777242239,10.19,29.25,10.00,22.91,17.83,17.97,25.17,6.48,54.81
1777242241,10.19,29.25,10.00,22.72,17.81,17.66,25.14,6.51,54.78
1777242242,10.25,29.00,9.75,22.77,17.81,17.89,25.18,6.69,54.78
1777242244,10.19,28.25,9.50,22.87,17.82,17.63,25.14,6.54,54.75
1777242246,10.19,29.00,9.75,22.92,17.82,17.77,25.16,6.05,54.64
1777242247,10.19,28.50,9.50,23.13,17.85,17.67,25.15,6.37,54.69
1777242249,10.25,29.00,10.25,22.92,17.83,18.05,25.20,6.27,54.68
1777242251,10.13,28.75,9.75,22.82,17.82,17.82,25.16,7.04,54.80
1777242252,10.13,28.75,9.50,22.72,17.82,17.67,25.15,6.48,54.71
1777242254,10.19,27.75,9.75,22.72,17.84,17.65,25.15,6.20,54.68
1777242255,10.19,28.50,9.50,22.76,17.83,17.80,25.17,6.08,54.66
1777242257,10.19,28.25,10.00,22.81,17.84,17.59,25.14,6.54,54.75
1777242259,10.13,28.25,9.50,22.64,17.82,17.46,25.13,6.12,54.70
1777242260,10.19,28.00,9.50,22.94,17.86,17.78,25.17,6.20,54.74
1777242262,10.13,28.00,10.00,22.68,17.83,17.74,25.16,6.37,54.79
1777242263,10.13,28.25,9.75,22.76,17.84,17.72,25.16,6.16,54.79
1777242265,10.13,28.00,9.25,22.79,17.84,17.78,25.16,6.02,54.80
1777242267,10.13,28.00,9.50,22.89,17.85,17.69,25.13,6.37,54.90
1777242268,10.13,28.00,9.75,22.83,17.85,17.94,25.18,6.24,54.89
1777242270,10.13,28.00,9.50,22.75,17.84,17.80,25.16,6.39,54.95
1777242271,10.13,28.00,9.50,22.76,17.83,17.81,25.14,6.21,54.96
1777242273,10.06,28.50,9.25,22.69,17.83,17.75,25.14,5.93,54.92
1777242275,10.13,28.25,10.00,23.01,17.88,17.60,25.13,6.16,55.01
1777242276,10.13,28.00,10.25,22.91,17.86,17.62,25.13,6.37,55.08
1777242278,10.13,28.25,10.25,22.72,17.85,17.86,25.14,6.00,55.06
1777242279,10.13,28.00,10.25,22.89,17.88,17.67,25.14,6.62,55.21
1777242281,10.06,27.75,10.25,22.68,17.85,17.64,25.12,6.21,55.18
1777242283,10.13,28.00,10.00,22.69,17.86,17.68,25.14,6.21,55.20
1777242284,10.06,28.25,10.00,22.68,17.86,17.66,25.13,6.05,55.19
1777242286,10.06,28.25,10.00,22.72,17.87,17.74,25.14,5.96,55.22
1777242287,10.13,28.25,9.50,22.76,17.87,17.60,25.12,6.34,55.31
1777242289,10.13,28.00,10.00,22.76,17.89,17.94,25.18,5.97,55.25
1777242291,10.06,28.00,9.50,22.78,17.89,17.76,25.13,6.33,55.35
1777242292,10.13,28.00,10.00,22.89,17.90,17.80,25.14,6.22,55.35
1777242294,10.13,27.75,9.25,22.82,17.89,17.67,25.13,6.21,55.36
1777242295,10.13,27.75,9.75,22.74,17.88,17.80,25.13,6.24,55.39
1777242297,10.13,27.50,9.75,22.85,17.87,17.71,25.13,5.94,55.34
1777242299,10.13,27.50,9.75,22.75,17.90,17.88,25.15,5.88,55.34
1777242300,10.06,27.75,10.00,22.86,17.89,17.81,25.13,6.33,55.44
1777242302,10.13,28.00,9.75,22.85,17.90,17.86,25.12,5.99,55.39
1777242303,10.13,27.75,9.75,22.91,17.91,17.75,25.10,6.15,55.43
1777242305,10.13,27.75,9.75,22.66,17.85,17.73,25.11,6.20,55.45
1777242307,10.13,27.25,10.00,22.81,17.89,17.75,25.09,5.78,55.38
1777242308,10.13,27.75,9.75,22.94,17.90,17.83,25.10,6.05,55.44
1777242310,10.06,27.75,9.50,22.85,17.89,17.63,25.08,5.80,55.42
1777242312,10.13,27.75,9.75,22.88,17.90,17.76,25.10,5.87,55.45
1777242313,10.06,27.50,9.75,22.92,17.89,17.89,25.12,5.76,55.44
1777242315,10.06,27.50,10.00,23.10,17.92,17.66,25.07,6.01,55.51
1777242316,10.06,27.25,10.00,22.73,17.88,17.76,25.08,6.46,55.60
1777242318,10.06,27.50,9.50,22.78,17.89,17.77,25.09,6.25,55.60
1777242320,10.13,27.25,9.75,22.71,17.90,17.72,25.10,5.91,55.55
1777242321,10.06,27.25,9.75,22.73,17.91,17.86,25.11,5.98,55.58
1777242323,10.06,27.25,9.25,22.80,17.91,17.95,25.11,5.81,55.55
1777242324,10.06,27.25,9.75,22.89,17.90,17.87,25.10,5.74,55.56
1777242326,10.13,27.25,9.75,22.76,17.89,17.80,25.09,6.31,55.68
1777242328,10.06,27.50,9.25,22.78,17.90,17.67,25.08,6.25,55.66
1777242329,10.06,27.50,9.75,22.64,17.88,17.69,25.06,5.98,55.65
1777242331,10.13,27.25,10.00,22.72,17.90,17.74,25.06,6.12,55.68
1777242332,10.06,27.25,9.75,22.71,17.87,17.72,25.06,5.88,55.66
1777242334,10.13,27.25,9.50,22.68,17.88,17.94,25.09,6.12,55.70
1777242336,10.06,27.50,9.50,22.99,17.91,17.64,25.06,5.98,55.72
1777242337,10.06,27.25,9.50,22.85,17.91,17.84,25.08,5.90,55.71
1777242339,10.06,27.50,9.25,22.78,17.91,17.89,25.08,6.21,55.78
1777242340,10.06,27.50,9.25,22.74,17.91,17.68,25.06,5.80,55.73
1777242342,10.06,27.25,9.25,22.66,17.91,17.75,25.05,6.51,55.89
1777242344,10.06,26.75,9.50,22.80,17.92,17.81,25.07,6.05,55.82
1777242345,10.13,27.00,9.25,22.83,17.92,17.69,25.04,5.91,55.79
1777242347,10.06,27.00,9.50,22.75,17.92,17.84,25.07,5.75,55.80
1777242348,10.06,27.00,9.50,22.87,17.94,17.76,25.06,5.72,55.81
1777242350,10.06,27.25,9.75,22.83,17.91,17.81,25.06,5.84,55.86
1777242352,10.06,27.25,9.25,22.98,17.96,17.83,25.06,5.90,55.87
1777242353,10.06,27.00,9.25,22.96,17.95,17.84,25.08,6.03,55.93
1777242355,10.06,27.00,9.50,22.85,17.93,17.73,25.06,5.98,55.93
1777242356,10.00,27.00,9.75,22.72,17.91,17.70,25.05,5.73,55.91
1777242358,10.00,27.00,9.50,22.80,17.93,17.78,25.08,6.09,55.99
1777242360,10.00,27.00,9.50,22.90,17.94,17.76,25.09,6.11,56.00
1777242361,10.00,27.00,9.50,22.72,17.92,17.86,25.12,5.79,55.96
1777242363,10.00,26.75,9.50,22.83,17.94,17.80,25.09,5.88,56.00
1777242365,10.00,27.00,9.50,22.95,17.95,17.64,25.08,6.39,56.11
1777242366,10.00,27.25,9.50,22.79,17.95,17.70,25.09,5.91,56.04
1777242368,10.00,26.50,9.00,22.72,17.91,17.80,25.10,5.96,56.05
1777242369,10.00,27.25,9.75,22.80,17.92,17.73,25.08,5.88,56.05
1777242371,10.06,27.25,9.50,22.73,17.93,17.70,25.08,5.73,56.03
1777242373,10.06,27.50,9.50,22.79,17.93,17.76,25.09,6.25,56.14
1777242374,10.00,27.50,9.50,22.98,17.94,17.87,25.10,6.09,56.11
1777242376,10.00,26.75,10.00,22.91,17.93,17.66,25.06,5.89,56.09
1777242377,10.00,27.50,9.75,22.87,17.93,17.65,25.08,5.70,56.07
1777242379,10.00,27.50,9.75,22.81,17.92,17.66,25.06,5.70,56.08
1777242381,10.06,27.25,9.50,22.69,17.90,17.76,25.08,5.93,56.12
1777242382,10.00,27.75,9.75,22.90,17.94,17.77,25.10,5.86,56.11
1777242384,10.00,27.75,9.75,22.73,17.92,17.63,25.08,5.76,56.07
1777242385,10.00,27.50,9.75,22.89,17.93,17.80,25.12,5.93,56.11
1777242387,10.00,28.00,9.25,22.83,17.93,17.71,25.11,5.75,56.06
1777242389,10.00,28.00,9.75,22.86,17.94,17.78,25.11,6.31,56.15
1777242390,10.06,28.00,9.75,22.83,17.93,17.77,25.11,6.28,56.16
1777242392,10.06,28.00,10.00,22.73,17.90,17.80,25.12,5.73,56.05
1777242393,10.06,28.25,9.75,22.91,17.93,17.73,25.12,5.62,56.02
1777242395,10.00,28.00,9.50,22.85,17.93,17.82,25.13,5.90,56.05
1777242397,10.06,28.25,10.00,22.72,17.93,17.61,25.11,5.99,56.04
1777242398,10.06,27.75,10.25,22.76,17.93,17.75,25.13,5.82,56.00
1777242400,10.13,28.00,10.00,23.02,17.96,17.87,25.16,5.76,55.98
1777242401,10.06,28.00,9.50,22.75,17.93,17.73,25.14,6.48,56.06
1777242403,10.06,27.75,9.50,22.60,17.92,17.70,25.15,6.07,55.95
1777242405,10.06,28.00,9.50,22.74,17.93,17.74,25.16,6.16,55.91
1777242406,10.06,28.00,9.50,22.99,17.97,17.67,25.14,6.13,55.88
1777242408,10.06,28.00,9.75,22.76,17.94,17.78,25.15,6.28,55.87
1777242409,10.06,27.75,9.75,22.89,17.95,17.82,25.17,6.33,55.85
1777242411,10.06,27.75,10.00,22.83,17.96,17.89,25.16,6.27,55.80
1777242413,10.06,27.75,10.00,23.04,17.98,17.72,25.15,6.22,55.77
1777242414,10.06,27.75,9.75,22.83,17.97,17.59,25.12,6.24,55.76
1777242416,10.06,27.75,9.25,22.92,17.97,17.77,25.14,5.90,55.69
1777242418,10.06,27.50,9.50,22.87,17.96,17.59,25.12,5.81,55.65
1777242419,10.00,27.75,9.50,22.62,17.91,17.97,25.16,6.26,55.73
1777242421,10.00,27.00,9.50,22.90,17.96,17.64,25.13,6.20,55.72
1777242422,10.00,27.75,9.50,22.57,17.93,17.80,25.15,6.16,55.72
1777242424,9.94,27.25,9.75,22.91,17.96,17.88,25.16,6.06,55.69
1777242426,10.00,27.50,10.00,22.98,17.96,17.70,25.11,5.98,55.70
1777242427,10.00,27.50,9.75,22.93,17.96,17.71,25.11,6.01,55.71
1777242429,9.94,27.25,9.75,22.77,17.93,17.83,25.12,6.05,55.74
1777242430,10.00,27.50,10.00,22.73,17.95,17.53,25.08,5.86,55.72
1777242432,10.00,27.50,9.75,22.63,17.93,17.63,25.11,5.76,55.74
1777242434,10.00,27.75,10.00,22.81,17.94,17.66,25.09,5.73,55.75
1777242435,10.00,28.00,10.25,22.69,17.93,17.67,25.10,6.12,55.85
1777242437,10.00,27.75,9.75,22.65,17.94,17.67,25.12,6.17,55.88
1777242438,10.00,27.75,9.75,22.71,17.94,17.66,25.11,5.77,55.82
1777242440,10.00,27.75,9.75,22.93,17.98,17.74,25.11,5.88,55.86
1777242442,10.06,27.25,10.00,22.80,17.94,17.58,25.12,5.98,55.87
1777242443,10.00,27.50,10.25,22.69,17.94,17.63,25.12,5.81,55.85
1777242445,10.00,27.50,10.25,22.74,17.94,17.87,25.16,5.81,55.85
1777242446,10.06,27.25,10.25,22.87,17.96,17.73,25.14,6.16,55.91
1777242448,10.06,27.50,9.75,22.72,17.95,17.76,25.15,6.15,55.90
1777242450,10.06,27.75,10.25,22.69,17.94,17.93,25.17,5.78,55.82
1777242451,10.06,27.25,10.00,22.82,17.96,17.74,25.13,5.71,55.80
1777242453,10.06,27.75,9.75,22.85,17.95,17.55,25.12,5.87,55.80
1777242454,10.06,27.25,9.75,22.66,17.93,17.56,25.13,6.17,55.85
1777242456,10.06,27.50,9.75,22.78,17.94,17.90,25.16,5.84,55.78
1777242458,10.06,27.50,9.75,22.71,17.94,17.87,25.14,6.31,55.84
1777242459,10.00,27.50,9.75,22.90,17.97,17.64,25.13,5.69,55.72
1777242461,10.00,27.50,9.50,22.77,17.95,17.68,25.14,6.09,55.79
1777242462,10.06,27.00,9.50,22.93,17.96,17.61,25.09,6.24,55.80
1777242464,10.06,27.25,9.25,22.94,17.96,17.85,25.13,6.09,55.77
1777242466,10.06,27.25,10.00,22.62,17.92,17.74,25.12,5.57,55.69
1777242467,10.06,27.25,9.50,22.80,17.94,17.96,25.15,5.77,55.72
1777242469,10.06,27.00,9.75,22.77,17.94,17.74,25.12,5.91,55.75
1777242471,10.06,27.25,10.00,22.69,17.93,17.87,25.12,5.98,55.77
1777242472,10.06,27.00,9.50,22.79,17.95,17.86,25.12,5.76,55.72
1777242474,10.06,27.50,10.00,22.78,17.95,17.94,25.13,6.26,55.83
1777242475,10.00,27.50,9.75,22.80,17.93,17.81,25.11,5.94,55.77
1777242477,10.00,27.25,9.50,22.65,17.94,17.90,25.11,5.88,55.76
1777242479,10.00,27.25,10.00,22.85,17.95,17.80,25.09,6.05,55.81
1777242480,10.00,27.75,9.75,22.83,17.93,17.74,25.09,6.10,55.83
1777242482,10.00,27.50,9.25,22.81,17.94,17.71,25.08,5.87,55.79
1777242483,10.06,27.75,9.25,22.72,17.91,17.76,25.06,5.66,55.76
1777242485,10.00,27.75,9.75,22.55,17.92,17.87,25.11,5.80,55.78
1777242487,10.00,28.00,9.75,22.89,17.96,17.76,25.07,6.39,55.91
1777242488,10.00,27.75,10.25,22.91,17.94,17.77,25.08,5.99,55.83
1777242490,10.00,28.00,9.75,22.88,17.94,17.65,25.06,6.20,55.88
1777242491,10.00,28.00,9.50,22.87,17.93,17.76,25.08,6.24,55.89
1777242493,10.00,28.00,10.00,22.99,17.96,17.61,25.08,5.83,55.81
1777242495,10.00,28.00,9.75,22.80,17.92,17.84,25.10,5.87,55.83
1777242496,10.00,28.00,10.00,22.82,17.94,18.10,25.14,5.69,55.78
1777242498,10.06,28.00,10.25,22.66,17.93,18.04,25.14,6.26,55.87
1777242499,10.06,27.75,9.75,22.67,17.91,17.75,25.09,6.24,55.87
1777242501,10.06,27.75,10.00,22.80,17.95,17.76,25.09,5.98,55.82
1777242503,10.06,27.50,9.50,22.78,17.92,17.55,25.08,5.77,55.76
1777242504,10.06,27.25,9.50,22.83,17.93,17.69,25.09,5.78,55.74
1777242506,10.06,27.75,9.25,22.83,17.94,17.91,25.13,5.77,55.73
1777242507,10.00,27.75,9.50,22.83,17.94,17.82,25.11,6.27,55.83
1777242509,10.00,27.25,10.00,22.65,17.91,17.80,25.10,6.33,55.81
1777242511,10.00,27.50,9.75,23.02,17.96,17.80,25.09,5.92,55.73
1777242512,10.06,27.50,9.75,22.79,17.92,17.76,25.09,6.13,55.76
1777242514,10.00,27.50,9.75,22.72,17.93,17.73,25.09,5.80,55.70
1777242515,10.00,27.75,9.75,22.71,17.91,17.53,25.06,5.88,55.70
1777242517,10.00,27.50,9.50,22.88,17.95,17.61,25.08,5.89,55.71
1777242519,10.00,27.75,10.00,22.75,17.92,18.04,25.14,6.25,55.78
1777242520,10.00,27.75,10.00,22.78,17.92,17.88,25.12,6.14,55.77
1777242522,10.00,27.75,10.00,22.78,17.93,17.74,25.10,6.26,55.80
1777242524,10.00,28.25,9.75,22.70,17.92,17.86,25.13,5.82,55.72
1777242525,10.06,28.25,10.00,22.74,17.92,17.76,25.11,6.27,55.81
1777242527,10.06,28.25,9.75,22.87,17.95,17.82,25.12,6.27,55.83
1777242528,10.00,28.25,9.50,22.75,17.94,17.63,25.11,5.97,55.77
1777242530,10.06,28.25,9.75,22.70,17.93,17.87,25.15,5.73,55.75
1777242532,10.06,28.50,9.75,22.78,17.96,17.68,25.12,5.90,55.79
1777242533,10.06,28.25,10.00,22.82,17.94,17.76,25.13,5.87,55.77
1777242535,10.06,28.75,9.75,22.76,17.97,17.61,25.11,6.13,55.82
1777242536,10.06,28.75,10.25,22.83,17.95,17.69,25.14,5.94,55.79
1777242538,10.06,29.00,9.75,22.90,17.97,17.58,25.12,6.21,55.82
1777242540,10.13,29.00,9.25,23.03,17.97,17.80,25.16,5.90,55.76
1777242541,10.06,29.00,10.25,22.77,17.96,17.80,25.15,6.16,55.80
1777242543,10.06,28.50,10.25,22.77,17.94,17.76,25.17,6.20,55.77
1777242544,10.06,28.75,10.25,22.90,17.95,17.68,25.14,6.21,55.74
1777242546,10.06,29.00,10.00,23.02,17.98,17.80,25.14,5.96,55.68
1777242548,10.06,29.00,9.75,22.85,17.96,17.56,25.13,6.36,55.69
1777242549,10.06,29.25,9.75,22.72,17.93,18.01,25.19,6.20,55.63
1777242551,10.13,28.75,9.75,22.79,17.95,17.73,25.15,6.16,55.57
1777242552,10.13,28.75,10.00,22.88,17.95,17.66,25.15,6.05,55.51
1777242554,10.06,28.75,10.25,22.86,17.96,17.76,25.18,6.16,55.49
1777242556,10.13,29.00,10.00,22.81,17.95,17.76,25.18,6.17,55.44
1777242557,10.06,28.75,10.00,22.78,17.95,17.64,25.17,6.33,55.40
1777242559,10.13,28.50,9.75,22.76,17.94,17.80,25.16,6.39,55.38
1777242560,10.13,28.50,10.00,22.80,17.94,17.75,25.15,6.31,55.32
1777242562,10.13,28.75,9.25,22.83,17.95,17.74,25.14,6.01,55.25
1777242564,10.13,28.75,9.75,22.86,17.95,17.99,25.15,6.26,55.23
1777242565,10.13,28.25,9.75,22.68,17.93,17.84,25.14,6.01,55.19
1777242567,10.13,28.75,9.50,22.78,17.97,17.96,25.13,6.51,55.27
1777242568,10.13,28.75,10.00,22.69,17.95,17.73,25.09,6.13,55.20
1777242570,10.13,28.75,10.00,22.81,17.96,17.76,25.11,5.97,55.17
1777242572,10.13,28.75,10.00,22.89,17.97,17.80,25.09,6.36,55.24
1777242573,10.13,28.75,10.00,22.76,17.93,17.74,25.08,6.41,55.25
1777242575,10.06,28.75,9.75,22.80,17.94,17.87,25.08,6.39,55.24
1777242577,10.13,28.75,10.00,22.74,17.95,17.74,25.06,6.36,55.24
1777242578,10.13,29.25,10.00,22.83,17.96,17.76,25.07,6.33,55.25
1777242580,10.13,29.25,10.00,22.66,17.93,17.80,25.07,6.08,55.22
1777242581,10.13,29.00,9.50,22.80,17.96,17.91,25.07,6.19,55.24
1777242583,10.13,29.00,10.25,22.82,17.97,17.94,25.07,6.37,55.27
1777242585,10.19,29.00,9.75,22.76,17.96,17.84,25.08,6.20,55.26
1777242586,10.06,28.50,9.50,22.87,17.97,17.80,25.09,6.26,55.28
1777242588,10.13,29.00,9.75,22.86,17.98,17.87,25.11,6.17,55.26
1777242589,10.13,29.25,10.00,22.79,17.96,17.84,25.10,6.01,55.23
1777242591,10.19,29.25,9.75,22.87,17.98,17.66,25.08,5.86,55.20
1777242593,10.13,29.50,10.00,22.83,17.96,17.80,25.10,6.41,55.27
1777242594,10.13,29.00,10.25,22.82,17.98,17.90,25.10,6.46,55.27
1777242596,10.13,29.50,10.25,22.87,17.99,17.84,25.08,6.56,55.28
1777242597,10.13,29.25,10.00,22.85,17.99,17.98,25.08,6.15,55.21
1777242599,10.19,28.75,10.25,22.92,17.99,17.74,25.05,6.41,55.23
1777242601,10.13,29.00,10.00,22.80,17.98,17.80,25.05,6.41,55.20
1777242602,10.25,29.00,10.00,22.77,17.98,17.97,25.09,6.02,55.13
1777242604,10.13,28.75,9.75,22.91,18.01,17.72,25.03,6.23,55.13
1777242605,10.13,28.25,10.00,22.87,17.98,17.65,25.02,6.05,55.06
1777242607,10.13,28.25,9.75,22.83,17.99,17.77,25.04,6.33,55.09
1777242609,10.19,28.50,9.50,22.91,17.98,17.90,25.04,6.19,55.06
1777242610,10.13,28.75,9.75,22.91,17.98,17.99,25.06,6.01,55.01
1777242612,10.13,28.50,10.00,22.77,17.98,17.90,25.04,6.21,55.01
1777242613,10.19,28.50,9.75,22.83,17.98,17.89,25.03,6.18,55.01
1777242615,10.13,28.25,9.75,22.83,17.99,17.69,25.00,6.02,54.98
1777242617,10.13,28.25,9.50,22.91,17.98,17.76,25.01,6.13,54.98
1777242618,10.13,28.25,10.00,22.82,17.98,17.94,25.02,6.32,55.02
1777242620,10.13,28.00,9.75,22.90,18.00,17.64,24.98,5.83,54.94
1777242622,10.13,28.25,9.50,22.72,17.97,18.01,25.02,6.39,55.05
1777242623,10.13,27.75,9.50,22.92,18.00,17.71,24.97,5.98,54.99
1777242625,10.13,28.50,10.00,22.68,17.97,17.91,25.00,6.22,55.03
1777242626,10.06,28.25,9.75,22.91,17.99,17.73,24.97,6.06,55.05
1777242628,10.13,28.00,9.75,22.81,17.97,17.94,25.01,6.37,55.11
1777242630,10.13,28.50,9.50,22.89,17.99,17.71,24.96,6.26,55.11
1777242631,10.13,29.00,9.75,22.72,17.96,18.04,25.00,5.89,55.05
1777242633,10.06,29.00,9.50,22.70,17.95,17.65,24.96,6.16,55.15
1777242634,10.13,29.00,9.75,22.82,17.98,17.94,24.98,6.17,55.15
1777242636,10.13,28.75,9.75,22.85,17.96,17.94,24.99,6.47,55.20
1777242638,10.13,29.25,10.00,22.80,17.97,18.04,25.00,5.99,55.15
1777242639,10.13,29.00,10.25,22.83,17.98,17.86,24.97,5.97,55.16
1777242641,10.13,29.25,10.25,22.80,17.98,17.87,24.99,6.05,55.17
1777242642,10.13,29.25,10.25,22.69,17.96,17.76,24.96,6.50,55.26
1777242644,10.13,29.25,10.00,22.66,17.96,17.78,24.97,6.02,55.18
1777242646,10.13,29.50,9.50,23.01,17.99,17.78,24.96,6.09,55.18
1777242647,10.19,29.25,10.00,22.80,17.97,18.07,25.01,6.20,55.19
1777242649,10.13,29.25,10.25,22.77,17.96,17.80,24.96,6.19,55.18
1777242650,10.19,29.25,9.50,22.68,17.96,17.97,24.99,6.46,55.21
1777242652,10.19,29.25,10.25,22.80,17.96,18.01,24.98,6.36,55.14
1777242654,10.19,29.00,10.00,22.91,17.97,17.85,24.97,6.62,55.17
1777242655,10.25,29.00,10.25,22.91,17.98,17.95,24.97,6.57,55.13
1777242657,10.19,29.00,10.25,22.92,17.98,17.79,24.95,6.62,55.12
1777242658,10.25,28.75,10.25,22.81,17.98,17.84,24.96,6.24,54.99
1777242660,10.25,28.75,9.75,22.76,17.96,18.01,24.98,6.16,54.96
1777242662,10.19,28.75,9.75,22.78,17.98,17.86,24.97,6.33,54.95
1777242663,10.19,29.00,9.75,22.59,17.96,17.97,25.00,6.59,54.98
1777242665,10.13,29.00,10.00,22.94,17.99,17.90,24.99,6.59,54.95
1777242666,10.19,29.00,10.00,22.93,18.01,17.78,24.99,6.41,54.92
1777242668,10.13,29.00,9.50,22.90,18.01,17.90,24.98,6.03,54.83
1777242670,10.19,29.00,10.00,22.80,17.99,18.01,24.99,6.63,54.92
1777242671,10.19,29.00,9.50,22.80,17.98,18.07,24.99,6.08,54.82
1777242673,10.19,28.75,10.00,22.74,17.98,17.82,24.95,6.44,54.90
1777242674,10.13,28.50,9.75,22.68,17.99,18.05,24.97,6.51,54.91
1777242676,10.19,29.00,10.00,22.86,18.00,17.84,24.96,6.47,54.93
1777242678,10.13,29.00,9.50,23.14,18.03,18.12,25.00,5.99,54.85
1777242679,10.19,28.75,9.75,22.88,18.00,17.90,24.97,6.22,54.89
1777242681,10.19,28.00,10.00,22.74,17.99,17.89,24.98,6.03,54.87
1777242683,10.13,28.25,9.75,22.87,18.01,18.12,24.99,6.22,54.90
1777242684,10.13,28.25,9.75,22.98,18.03,17.83,24.95,6.31,54.92
1777242686,10.13,28.50,9.00,22.82,18.01,17.87,24.95,6.01,54.90
1777242687,10.13,28.25,9.75,22.89,18.01,18.01,24.96,6.22,54.92
1777242689,10.13,28.25,10.00,22.74,18.00,17.87,24.93,6.33,54.97
1777242691,10.13,28.25,9.50,22.79,18.02,17.86,24.93,6.44,54.99
1777242692,10.13,27.75,10.00,22.78,18.02,17.91,24.91,6.33,54.99
1777242694,10.13,28.00,10.00,22.74,18.02,18.00,24.93,6.10,54.97
1777242695,10.13,28.00,9.75,23.07,18.07,18.09,24.92,6.14,54.99
1777242697,10.06,28.00,9.75,22.87,18.01,18.14,24.95,5.99,55.00
1777242699,10.06,28.00,9.75,22.88,18.04,17.80,24.88,6.20,55.07
1777242700,10.06,28.00,9.75,22.67,18.02,18.07,24.91,6.16,55.09
1777242702,10.06,27.75,9.75,22.76,18.02,18.09,24.93,6.05,55.10
1777242703,10.13,28.25,9.50,22.81,18.03,17.98,24.90,6.20,55.16
1777242705,10.06,27.75,9.75,22.87,18.03,17.93,24.90,5.96,55.14
1777242707,10.06,28.25,9.75,22.91,18.05,17.85,24.91,6.40,55.25
1777242708,10.00,28.00,9.50,22.70,18.02,18.09,24.93,6.23,55.28
1777242710,10.06,27.00,9.25,22.72,18.03,17.88,24.91,6.63,55.36
1777242711,10.06,28.00,9.75,22.80,18.03,18.01,24.93,6.28,55.31
1777242713,10.06,28.00,10.00,22.76,18.03,17.91,24.91,6.28,55.35
1777242715,10.06,27.75,9.50,22.76,18.04,17.84,24.92,6.40,55.39
1777242716,10.06,27.75,9.75,22.79,18.04,18.14,24.96,5.92,55.32
1777242718,10.06,27.75,9.75,22.83,18.05,17.89,24.91,6.16,55.39
1777242719,10.06,27.50,9.75,22.87,18.04,18.05,24.94,5.78,55.34
1777242721,10.13,27.75,10.00,22.86,18.04,17.89,24.92,6.41,55.46
1777242723,10.13,28.00,10.25,22.88,18.03,17.87,24.92,6.03,55.43
1777242724,10.06,27.75,9.75,22.70,18.05,18.01,24.91,5.96,55.43
1777242726,10.06,27.75,10.00,22.87,18.04,17.94,24.91,6.09,55.46
1777242727,10.06,27.75,9.50,22.83,18.03,17.87,24.90,5.79,55.43
1777242729,10.13,27.50,9.75,22.76,18.02,18.04,24.94,5.98,55.48
1777242731,10.13,27.75,9.75,22.76,18.03,17.94,24.93,6.27,55.56
1777242732,10.06,27.75,9.50,22.73,18.01,17.87,24.93,5.81,55.50
1777242734,10.13,27.50,9.50,22.81,18.02,18.08,24.95,5.78,55.49
1777242736,10.06,27.25,10.00,22.89,18.04,18.03,24.94,6.32,55.59
1777242737,10.06,28.00,9.50,22.74,18.01,18.13,24.97,6.48,55.64
1777242739,10.06,27.75,9.50,22.66,18.01,17.77,24.93,6.22,55.60
1777242740,10.06,27.75,9.75,22.78,18.03,17.99,24.95,6.43,55.63
1777242742,10.06,27.75,9.75,22.80,18.02,17.84,24.94,5.97,55.56
1777242744,10.06,27.25,9.75,22.82,18.00,17.94,24.95,5.87,55.55
1777242745,10.06,27.75,9.75,22.91,18.01,17.90,24.97,5.79,55.54
1777242747,10.00,28.00,9.75,22.72,17.99,17.96,24.96,5.80,55.54
1777242748,10.06,28.00,9.75,22.86,18.02,17.87,24.95,5.90,55.59
1777242750,10.06,28.00,9.75,22.94,18.03,17.96,24.96,5.92,55.57
1777242752,10.06,28.00,9.75,22.78,18.01,17.88,24.98,5.76,55.57
1777242753,10.06,28.25,9.75,22.80,18.02,18.07,25.01,5.80,55.57
1777242755,10.06,28.25,8.75,23.00,18.03,17.84,24.99,6.02,55.62
1777242756,10.06,28.25,9.75,22.85,18.03,17.79,24.99,5.78,55.59
1777242758,10.06,28.25,9.50,22.83,18.00,18.00,25.01,6.22,55.67
1777242760,10.06,28.00,10.25,22.76,18.01,17.72,24.98,6.06,55.64
1777242761,10.06,28.00,9.75,22.80,18.02,18.05,25.00,5.91,55.60
1777242763,10.06,28.00,9.25,22.78,18.01,17.79,25.00,6.26,55.66
1777242764,10.00,27.75,9.25,22.92,18.02,17.78,25.00,6.20,55.66
1777242766,10.06,28.25,9.75,22.85,18.03,17.76,24.99,6.06,55.61
1777242768,10.06,28.00,9.25,22.93,18.05,17.92,25.01,6.25,55.64
1777242769,10.06,27.75,9.75,22.80,18.03,17.75,24.99,6.26,55.63
1777242771,10.00,28.25,9.75,22.72,18.02,17.98,25.03,5.79,55.55
1777242772,10.06,28.00,9.50,22.88,18.03,17.76,25.01,6.33,55.64
1777242774,10.06,28.00,9.25,23.00,18.06,17.94,25.06,6.12,55.61
1777242776,10.06,28.00,9.50,22.57,18.00,17.84,25.03,5.76,55.53
1777242777,10.06,28.00,8.75,22.66,18.02,17.67,25.02,6.20,55.62
1777242779,10.06,27.50,9.50,22.73,18.04,17.67,25.03,5.91,55.58
1777242780,10.00,28.25,9.25,22.76,18.01,17.73,25.05,5.81,55.56
1777242782,10.06,28.25,9.50,22.85,18.04,17.80,25.06,5.77,55.56
1777242784,10.00,28.25,9.75,22.83,18.03,17.94,25.09,5.86,55.56
1777242785,10.00,28.00,10.00,22.62,18.02,17.84,25.08,5.98,55.60
1777242787,10.00,28.00,9.75,22.79,18.05,17.67,25.07,5.89,55.60
1777242789,10.00,27.25,9.00,22.69,18.02,17.67,25.05,6.33,55.68
1777242790,10.00,28.25,9.75,22.70,18.03,17.82,25.08,5.77,55.59
1777242792,10.00,28.25,9.75,22.78,18.04,17.87,25.10,5.93,55.63
1777242793,10.00,28.00,9.75,22.75,18.02,17.87,25.10,5.98,55.67
1777242795,10.00,28.25,9.75,22.85,18.06,17.84,25.10,6.17,55.70
1777242797,10.00,28.00,9.75,22.59,18.02,17.84,25.11,5.74,55.64
1777242798,10.06,27.75,9.75,22.79,18.03,17.78,25.09,6.27,55.76
1777242800,10.00,28.00,9.75,22.72,18.05,17.78,25.08,6.22,55.75
1777242801,10.06,28.25,9.50,22.80,18.06,17.73,25.09,5.90,55.70
1777242803,10.06,28.00,10.25,22.71,18.04,17.70,25.09,5.94,55.72
1777242805,10.06,27.75,9.50,23.05,18.08,17.64,25.07,5.88,55.69
1777242806,10.06,28.25,9.75,22.61,18.01,17.80,25.10,6.37,55.81
1777242808,10.06,28.25,10.00,22.71,18.03,17.94,25.12,5.84,55.70
1777242809,10.06,27.75,9.75,22.75,18.03,17.95,25.15,5.77,55.70
1777242811,10.06,28.00,9.75,22.74,18.04,17.77,25.12,5.78,55.69
1777242813,10.06,28.00,9.50,22.75,18.04,17.76,25.11,5.94,55.74
1777242814,10.06,27.50,9.50,22.83,18.05,17.64,25.11,5.81,55.70
1777242816,10.06,28.00,9.75,22.51,18.03,17.87,25.14,5.75,55.68
1777242817,10.00,28.00,10.25,22.69,18.04,17.97,25.15,5.77,55.69
1777242819,10.00,27.75,9.50,22.72,18.05,17.74,25.11,6.41,55.81
1777242821,10.00,27.75,10.00,22.72,18.04,17.80,25.14,5.78,55.69
1777242822,10.06,27.25,10.00,22.70,18.03,17.65,25.11,6.03,55.74
1777242824,10.00,28.00,9.50,22.74,18.05,17.76,25.14,5.96,55.75
1777242825,10.06,28.00,9.75,23.06,18.09,17.60,25.12,5.79,55.72
1777242827,10.06,28.00,9.75,22.83,18.05,17.86,25.16,6.23,55.81
1777242829,10.06,28.00,9.75,22.65,18.02,17.66,25.13,5.78,55.73
1777242830,10.06,27.75,9.50,22.80,18.04,17.90,25.17,6.28,55.82
1777242832,10.06,27.75,9.75,22.72,18.03,17.76,25.16,5.75,55.73
1777242833,10.06,28.00,9.50,22.77,18.03,17.80,25.17,5.82,55.74
1777242835,10.06,27.75,9.50,22.77,18.04,17.69,25.18,5.89,55.79
1777242837,10.06,28.00,10.00,22.77,18.06,17.90,25.22,5.78,55.76
1777242838,10.06,27.75,10.00,22.75,18.05,17.62,25.18,5.99,55.83
1777242840,10.06,27.50,9.50,22.68,18.03,17.74,25.21,6.41,55.88
1777242842,10.00,27.75,9.75,22.79,18.05,17.84,25.24,6.41,55.89
1777242843,10.13,27.25,9.75,22.77,18.04,17.85,25.24,6.13,55.86
1777242845,10.06,27.25,9.25,22.75,18.04,17.64,25.21,5.99,55.84
1777242846,10.06,27.25,9.25,22.75,18.04,17.59,25.22,6.24,55.88
1777242848,10.06,27.25,9.50,22.87,18.06,17.87,25.24,5.78,55.79
1777242850,10.06,27.50,9.75,22.59,18.02,17.70,25.23,6.22,55.88
1777242851,10.06,28.00,9.75,22.83,18.05,17.73,25.22,5.78,55.78
1777242853,10.06,27.25,10.00,22.73,18.04,17.94,25.26,6.20,55.87
1777242854,10.06,28.00,9.75,22.77,18.05,17.76,25.24,5.84,55.80
1777242856,10.06,28.00,9.75,22.75,18.04,17.64,25.21,6.09,55.85
1777242858,10.00,27.75,9.50,23.03,18.07,17.62,25.20,5.83,55.78
1777242859,10.06,28.00,9.75,22.66,18.02,17.59,25.21,6.31,55.87
1777242861,10.06,28.00,9.75,22.80,18.05,17.59,25.22,6.31,55.88
1777242862,10.06,28.00,9.75,22.68,18.03,17.70,25.22,6.33,55.89
1777242864,10.06,27.50,9.50,22.72,18.04,17.72,25.23,5.75,55.78
1777242866,10.06,28.00,9.75,22.70,18.04,17.58,25.23,5.88,55.81
1777242867,10.06,27.75,10.00,23.07,18.07,17.90,25.29,5.95,55.81
1777242869,10.06,28.00,9.75,22.78,18.05,17.69,25.25,5.77,55.77
1777242870,10.00,28.00,9.25,22.76,18.05,17.63,25.27,6.21,55.86
1777242872,10.00,28.00,9.25,22.74,18.04,17.80,25.27,6.33,55.85
1777242874,10.06,28.00,9.50,22.75,18.05,17.57,25.26,6.09,55.83
1777242875,10.06,28.25,10.25,23.00,18.06,17.85,25.30,5.81,55.77
1777242877,10.06,27.75,10.00,22.70,18.04,17.66,25.27,6.25,55.85
1777242878,10.00,28.25,9.50,22.58,18.01,17.70,25.28,5.64,55.72
1777242880,10.06,27.75,9.50,22.69,18.04,17.82,25.29,6.09,55.82
1777242882,10.00,28.00,9.50,22.72,18.04,17.65,25.28,6.12,55.80
1777242883,10.06,28.25,9.75,22.72,18.05,17.72,25.28,6.09,55.81
1777242885,10.00,28.25,9.75,22.82,18.06,17.73,25.29,5.77,55.75
1777242886,10.00,28.50,9.50,22.83,18.05,17.87,25.32,6.20,55.81
1777242888,10.00,28.25,9.75,22.70,18.04,17.65,25.29,5.79,55.74
1777242890,10.06,28.00,9.75,22.76,18.06,17.52,25.29,6.19,55.81
1777242891,10.00,27.50,10.00,22.84,18.06,17.72,25.32,5.84,55.73
1777242893,10.06,27.50,10.00,22.76,18.02,17.61,25.32,6.20,55.79
1777242894,10.06,28.00,9.50,22.72,18.06,17.81,25.34,5.98,55.74
1777242896,10.00,28.00,9.25,22.80,18.05,17.54,25.29,6.12,55.76
1777242898,10.06,28.00,9.50,22.72,18.05,17.52,25.29,5.79,55.68
1777242899,10.06,27.50,10.00,23.01,18.08,17.52,25.31,5.70,55.68
1777242901,10.06,27.75,9.75,22.78,18.05,17.58,25.31,5.91,55.69
1777242903,10.06,28.00,9.50,22.75,18.06,17.69,25.32,6.20,55.75
1777242904,10.06,27.25,9.50,22.65,18.05,17.58,25.31,5.74,55.67
1777242906,10.06,27.75,9.75,22.79,18.06,17.57,25.31,5.97,55.72
1777242907,10.06,27.75,10.00,22.71,18.05,17.62,25.31,5.77,55.68
1777242909,10.06,27.75,9.25,22.78,18.05,17.68,25.32,6.12,55.77
1777242911,10.06,27.50,9.50,22.62,18.04,17.75,25.33,5.73,55.71
1777242912,10.06,27.75,9.75,22.89,18.07,17.72,25.33,6.10,55.77
1777242914,10.06,27.75,10.25,22.76,18.07,17.85,25.35,6.33,55.82
1777242915,10.00,27.50,10.00,22.76,18.05,17.72,25.35,6.07,55.79
1777242917,9.94,27.75,10.00,22.90,18.08,17.75,25.34,5.77,55.75
1777242919,10.06,27.50,9.75,22.76,18.06,17.85,25.37,5.73,55.75
1777242920,10.06,27.75,10.00,22.72,18.06,17.52,25.31,6.26,55.87
1777242922,10.06,27.50,10.25,22.76,18.06,17.55,25.32,6.24,55.88
1777242923,10.06,27.50,10.00,22.73,18.07,17.66,25.36,5.92,55.82
1777242925,10.06,27.50,9.75,22.76,18.07,17.61,25.35,5.75,55.80
1777242927,10.00,27.50,9.50,22.80,18.07,17.51,25.31,6.12,55.87
1777242928,10.00,27.25,9.75,22.74,18.07,17.68,25.36,6.00,55.86
1777242930,10.06,27.75,9.75,22.61,18.05,17.76,25.36,5.98,55.85
1777242931,10.00,27.00,9.50,22.78,18.07,17.64,25.36,5.88,55.85
1777242933,10.06,27.25,9.50,22.95,18.10,17.58,25.35,6.00,55.89
1777242935,10.00,27.25,9.50,22.72,18.07,17.55,25.35,6.26,55.93
1777242936,10.06,27.00,9.75,22.73,18.07,17.64,25.36,5.77,55.83
1777242938,10.00,27.00,9.25,22.69,18.05,17.52,25.36,6.00,55.88
1777242939,10.00,27.00,9.25,22.58,18.06,17.75,25.37,5.90,55.89
1777242941,10.00,27.00,9.25,22.64,18.06,17.52,25.35,5.88,55.88
1777242943,10.06,27.50,9.25,22.72,18.07,17.46,25.33,5.75,55.85
1777242944,10.00,27.25,9.75,22.70,18.08,17.58,25.34,5.80,55.87
1777242946,10.06,27.25,9.75,22.66,18.06,17.52,25.34,6.07,55.91
1777242947,10.00,27.00,9.75,22.79,18.07,17.56,25.33,5.99,55.92
1777242949,10.00,27.25,9.75,22.76,18.05,17.69,25.36,6.06,55.93
1777242951,10.06,27.50,10.00,22.75,18.06,17.58,25.35,6.15,55.95
1777242952,10.06,27.50,9.00,22.72,18.06,17.54,25.33,5.87,55.91
1777242954,10.00,27.50,10.00,22.81,18.06,17.69,25.36,6.13,55.96
1777242956,10.00,27.50,10.00,22.68,18.06,17.56,25.35,5.94,55.93
1777242957,10.06,27.25,10.50,22.57,18.03,17.59,25.35,6.07,55.95
1777242959,10.06,27.50,9.75,22.72,18.06,17.46,25.32,6.05,55.94
1777242960,10.06,27.75,9.50,22.72,18.05,17.50,25.35,5.73,55.89
1777242962,10.00,27.50,10.00,22.68,18.06,17.54,25.34,5.75,55.90
1777242964,10.06,27.75,9.75,22.59,18.03,17.53,25.33,6.40,56.02
1777242965,10.06,27.50,9.75,22.67,18.05,17.55,25.34,5.77,55.89
1777242967,10.00,27.50,9.75,22.72,18.06,17.78,25.38,5.98,55.91
1777242968,10.00,27.25,9.75,22.66,18.05,17.73,25.35,5.78,55.88
1777242970,10.00,27.00,9.50,22.87,18.07,17.51,25.32,5.87,55.87
1777242972,10.06,27.75,10.25,22.63,18.05,17.78,25.36,5.98,55.89
1777242973,10.06,27.50,10.00,22.59,18.04,17.52,25.32,5.83,55.87
1777242975,10.06,27.50,10.00,22.71,18.05,17.87,25.36,5.78,55.83
1777242976,10.06,27.25,10.00,22.69,18.05,17.73,25.33,6.21,55.90
1777242978,10.06,27.50,9.75,22.61,18.04,17.62,25.32,6.09,55.85
1777242980,10.06,27.50,10.25,22.70,18.06,17.58,25.33,5.72,55.76
1777242981,10.06,27.25,10.00,22.77,18.06,17.53,25.33,6.39,55.87
1777242983,10.06,27.50,10.00,22.73,18.06,17.88,25.36,6.01,55.77
1777242984,10.06,27.50,9.75,22.97,18.08,17.68,25.33,6.22,55.81
1777242986,10.06,27.25,10.25,22.76,18.06,17.53,25.29,6.03,55.75
1777242988,10.06,27.50,10.25,22.64,18.05,17.73,25.33,6.12,55.73
1777242989,10.06,27.25,9.75,22.66,18.05,17.65,25.32,6.10,55.72
1777242991,10.06,27.50,10.00,22.72,18.06,17.83,25.33,6.16,55.71
1777242992,10.13,27.25,9.75,22.87,18.08,17.63,25.29,6.20,55.70
1777242994,10.06,27.25,10.00,22.70,18.06,17.48,25.27,5.77,55.63
1777242996,10.06,27.00,10.00,22.74,18.05,17.58,25.29,5.96,55.62
1777242997,10.13,27.50,10.00,22.72,18.05,17.75,25.30,6.03,55.64
1777242999,10.06,27.00,10.00,22.72,18.05,17.64,25.29,6.19,55.66
1777243001,10.13,27.25,10.00,22.62,18.03,17.66,25.28,5.77,55.57
1777243002,10.13,27.25,10.00,22.87,18.08,17.79,25.29,6.35,55.68
1777243004,10.13,27.00,9.75,22.72,18.06,17.60,25.27,6.27,55.66
1777243005,10.06,27.25,10.00,22.61,18.05,17.61,25.28,5.93,55.59
1777243007,10.06,27.25,10.00,22.78,18.07,17.55,25.26,6.12,55.63
1777243009,10.06,27.00,9.75,22.63,18.05,17.80,25.29,6.25,55.66
1777243010,10.06,26.75,9.75,22.72,18.06,17.77,25.29,5.95,55.60
1777243012,10.06,27.25,9.25,22.72,18.06,17.65,25.26,6.18,55.65
1777243013,10.06,27.25,9.75,22.66,18.05,17.76,25.26,5.90,55.61
1777243015,10.06,27.00,9.75,22.81,18.07,17.97,25.28,5.94,55.60
1777243017,10.06,27.00,9.75,22.72,18.06,17.82,25.27,5.93,55.63
1777243018,10.06,26.75,9.75,22.58,18.04,17.90,25.26,5.92,55.63
1777243020,10.06,27.00,10.00,22.69,18.06,17.76,25.24,5.84,55.64
1777243021,10.06,27.00,10.00,22.63,18.05,17.65,25.22,5.99,55.67
1777243023,10.06,27.25,9.75,22.70,18.06,17.66,25.22,5.88,55.66
1777243025,10.06,27.50,9.50,22.66,18.04,17.80,25.23,5.96,55.69
1777243026,10.06,26.75,9.75,22.76,18.07,17.73,25.21,6.07,55.74
1777243028,10.06,27.50,9.25,22.81,18.07,17.94,25.24,5.75,55.68
1777243029,10.06,27.50,9.75,22.66,18.06,18.08,25.25,6.09,55.76
1777243031,10.06,27.50,9.75,22.66,18.07,17.87,25.22,5.88,55.76
1777243033,10.06,27.00,9.25,22.72,18.07,17.81,25.21,6.09,55.80
1777243034,10.06,26.25,10.00,22.73,18.10,17.72,25.18,5.98,55.81
1777243036,10.06,27.25,9.50,22.59,18.07,17.94,25.20,6.22,55.87
1777243037,10.06,27.25,9.25,22.72,18.07,17.81,25.19,5.78,55.82
1777243039,10.00,27.25,9.75,22.69,18.08,17.94,25.19,6.09,55.88
1777243041,10.00,27.00,9.75,22.70,18.07,17.73,25.16,5.94,55.86
1777243042,10.06,27.25,9.25,22.74,18.08,17.84,25.15,5.82,55.85
1777243044,10.06,27.00,10.00,22.61,18.07,17.76,25.13,5.90,55.87
1777243045,10.06,27.25,9.75,22.63,18.05,17.84,25.14,5.93,55.88
1777243047,10.06,27.00,9.75,22.81,18.08,17.59,25.09,5.93,55.90
1777243049,10.06,27.25,9.75,22.65,18.07,17.87,25.12,5.90,55.91
1777243050,10.06,26.75,10.00,22.70,18.07,17.76,25.11,5.76,55.89
1777243052,10.06,26.75,9.75,22.65,18.06,17.87,25.11,6.08,55.96
1777243054,10.00,27.00,10.00,22.77,18.08,17.66,25.08,5.58,55.86
1777243055,10.06,27.00,10.00,22.95,18.12,17.83,25.08,5.88,55.93
1777243057,10.06,27.00,9.50,22.68,18.07,17.84,25.07,5.77,55.89
1777243058,10.06,27.25,10.00,22.65,18.08,17.75,25.08,6.16,55.97
1777243060,10.00,26.75,9.50,22.66,18.09,17.73,25.04,6.20,55.97
1777243062,10.06,27.00,9.50,22.68,18.08,17.82,25.08,6.24,55.97
1777243063,10.06,27.00,9.50,22.55,18.07,17.87,25.04,5.94,55.92
1777243065,10.06,27.00,9.75,22.54,18.05,17.68,25.03,5.94,55.90
1777243066,10.00,27.25,10.00,22.81,18.09,17.90,25.06,6.26,55.97
1777243068,10.06,27.25,10.00,22.76,18.10,18.01,25.06,6.27,55.97
1777243070,10.00,27.00,9.50,22.59,18.08,17.82,25.02,5.73,55.87
1777243071,10.00,27.50,10.00,22.68,18.08,17.87,25.03,6.41,55.99
1777243073,10.06,27.25,10.00,22.65,18.09,17.95,25.02,6.01,55.90
1777243074,10.06,27.00,9.50,22.67,18.10,17.76,24.99,5.76,55.86
1777243076,10.06,27.00,10.00,22.95,18.12,18.18,25.03,6.09,55.93
1777243078,10.06,27.25,9.50,22.76,18.09,17.99,25.00,5.94,55.90
1777243079,10.06,27.00,10.00,22.79,18.09,17.96,25.02,6.01,55.90
1777243081,10.06,26.50,9.75,22.70,18.09,17.79,24.97,6.26,55.96
1777243082,10.06,27.25,9.75,22.63,18.08,17.93,24.99,6.37,55.96
1777243084,10.06,27.25,9.75,22.69,18.08,17.77,24.97,6.26,55.93
1777243086,10.06,27.00,9.75,22.66,18.07,18.07,25.00,5.88,55.89
1777243087,10.06,27.00,9.75,22.72,18.09,17.97,24.96,5.84,55.86
1777243089,10.06,27.00,9.75,22.65,18.07,18.00,24.97,6.12,55.92
1777243090,10.06,27.00,9.50,22.67,18.07,17.97,24.96,6.19,55.93
1777243092,10.06,26.50,10.00,22.69,18.08,18.03,24.95,6.24,55.94
1777243094,10.06,27.25,9.50,22.55,18.07,18.05,24.94,6.38,55.97
1777243095,10.06,26.75,10.00,22.64,18.07,18.09,24.96,5.94,55.89
1777243097,10.06,27.00,10.00,22.69,18.08,17.90,24.93,5.71,55.85
1777243098,10.06,27.25,9.50,22.66,18.07,17.97,24.92,5.76,55.87
1777243100,10.06,27.00,10.25,22.66,18.09,17.87,24.91,5.91,55.91
1777243102,10.06,27.00,9.75,22.65,18.08,17.98,24.92,5.88,55.92
1777243103,10.06,27.25,9.75,22.81,18.09,17.98,24.92,5.90,55.94
1777243105,10.00,27.00,10.00,22.55,18.05,17.83,24.89,6.25,55.98
1777243107,10.06,27.50,10.00,22.56,18.07,17.90,24.90,5.73,55.91
1777243108,10.06,27.50,10.50,22.71,18.08,17.94,24.88,5.90,55.94
1777243110,10.06,27.50,10.00,22.51,18.07,18.14,24.92,5.83,55.95
1777243111,10.13,27.25,10.25,22.52,18.07,18.10,24.91,6.12,55.98
1777243113,10.06,28.00,10.00,22.70,18.09,17.86,24.88,6.13,55.98
1777243115,10.06,27.50,10.25,22.74,18.10,17.95,24.90,6.27,55.99
1777243116,10.06,27.75,10.25,22.51,18.08,18.08,24.90,6.39,56.01
1777243118,10.13,27.25,10.00,22.55,18.08,17.90,24.88,5.80,55.89
1777243119,10.13,27.50,10.50,22.59,18.08,17.96,24.88,5.85,55.90
1777243121,10.13,27.25,10.25,22.64,18.09,17.84,24.86,6.08,55.92
1777243123,10.13,27.25,10.00,22.64,18.09,17.96,24.86,5.78,55.86
1777243124,10.13,27.50,10.00,22.55,18.08,17.94,24.86,5.79,55.83
1777243126,10.19,27.00,9.75,22.72,18.09,17.93,24.84,6.13,55.89
1777243127,10.19,27.25,10.00,22.58,18.09,17.84,24.83,6.04,55.84
1777243129,10.19,27.00,10.25,22.59,18.10,18.04,24.87,6.05,55.83
1777243131,10.19,27.50,10.00,22.61,18.10,18.09,24.87,6.28,55.86
1777243132,10.19,27.50,10.00,22.68,18.10,17.92,24.84,6.18,55.81
1777243134,10.19,27.50,10.00,22.53,18.10,17.88,24.84,5.82,55.72
1777243135,10.19,27.25,9.75,22.71,18.11,18.08,24.87,5.77,55.70
1777243137,10.19,27.00,10.00,22.80,18.13,17.95,24.84,6.13,55.77
1777243139,10.19,27.75,10.00,22.44,18.09,18.12,24.88,6.26,55.77
1777243140,10.19,27.50,10.00,22.57,18.11,18.10,24.87,5.92,55.69
1777243142,10.25,27.00,10.00,22.55,18.09,17.94,24.84,5.94,55.70
1777243143,10.25,27.50,9.75,22.73,18.12,18.16,24.87,5.81,55.65
1777243145,10.19,27.50,9.75,22.51,18.10,17.92,24.83,6.03,55.70
1777243147,10.19,27.25,9.75,22.46,18.08,17.99,24.85,5.82,55.65
1777243148,10.25,27.75,9.50,22.66,18.12,18.08,24.86,5.99,55.67
1777243150,10.25,27.75,9.50,22.63,18.12,18.15,24.90,5.76,55.63
1777243151,10.19,27.75,9.25,22.74,18.13,18.08,24.89,6.22,55.72
1777243153,10.19,27.75,10.00,22.48,18.12,17.97,24.85,5.91,55.66
1777243155,10.19,27.25,10.25,22.53,18.12,18.01,24.86,6.20,55.71
1777243156,10.19,28.00,9.50,22.55,18.11,18.03,24.88,5.98,55.70
1777243158,10.19,27.25,9.50,22.52,18.12,17.95,24.87,5.87,55.68
1777243160,10.19,27.50,9.75,22.54,18.12,17.97,24.89,5.77,55.68
1777243161,10.19,27.75,9.50,22.65,18.14,17.77,24.87,6.22,55.78
1777243163,10.19,28.00,10.50,22.77,18.16,17.86,24.89,6.44,55.81
1777243164,10.19,28.00,10.00,22.53,18.12,17.86,24.88,5.90,55.73
1777243166,10.13,27.50,9.75,22.41,18.09,18.03,24.94,5.91,55.73
1777243168,10.19,27.50,9.75,22.57,18.13,17.94,24.91,6.10,55.76
1777243169,10.19,27.25,9.75,22.78,18.15,17.89,24.91,5.90,55.73
1777243171,10.19,27.00,9.75,22.67,18.14,18.04,24.93,5.78,55.70
1777243172,10.19,27.25,9.75,22.51,18.12,17.97,24.94,5.96,55.73
1777243174,10.13,27.00,9.25,22.54,18.12,17.94,24.91,6.24,55.78
1777243176,10.13,26.75,9.25,22.66,18.13,17.96,24.94,5.69,55.68
1777243177,10.19,27.00,9.50,22.61,18.14,17.99,24.92,5.91,55.72
1777243179,10.19,26.75,9.75,22.62,18.13,18.03,24.95,5.89,55.74
1777243180,10.19,27.00,9.75,22.73,18.14,17.87,24.91,5.98,55.75
1777243182,10.13,26.75,9.25,22.70,18.13,18.11,24.97,5.90,55.75
1777243184,10.13,27.00,9.75,22.65,18.15,17.86,24.93,6.09,55.80
1777243185,10.13,26.75,9.50,22.67,18.14,17.78,24.94,5.90,55.79
1777243187,10.13,27.00,9.25,22.47,18.11,17.86,24.94,6.37,55.88
1777243188,10.13,26.75,9.50,22.54,18.12,17.85,24.96,6.00,55.83
1777243190,10.13,26.75,9.50,22.57,18.14,18.09,24.98,5.86,55.83
1777243192,10.13,27.00,9.75,22.86,18.17,17.86,24.96,5.74,55.83
1777243193,10.06,27.25,10.00,22.60,18.14,17.84,24.97,5.68,55.83
1777243195,10.13,26.75,9.25,22.58,18.14,17.83,24.97,5.70,55.85
1777243196,10.06,26.75,9.50,22.54,18.12,17.72,24.95,6.19,55.96
1777243198,10.13,27.25,9.50,22.51,18.14,17.78,24.98,5.85,55.92
1777243200,10.06,27.00,9.75,22.64,18.14,17.90,25.01,5.84,55.93
1777243201,10.06,27.00,9.25,22.53,18.14,17.73,24.98,5.78,55.94
1777243203,10.13,27.25,9.50,22.64,18.14,17.87,25.00,5.90,55.97
1777243204,10.06,27.00,10.00,22.60,18.14,17.80,25.00,6.11,56.03
1777243206,10.06,27.25,9.50,22.64,18.14,18.01,25.04,5.73,55.97
1777243208,10.06,27.25,9.75,22.55,18.13,17.84,25.03,5.98,56.00
1777243209,10.06,27.50,9.75,22.74,18.16,17.59,25.03,5.95,56.02
1777243211,10.06,27.75,9.75,22.70,18.16,17.73,25.03,5.98,56.03
1777243213,10.06,27.50,9.50,22.55,18.14,17.64,25.02,5.94,56.02
1777243214,10.06,27.25,9.50,22.51,18.13,17.88,25.06,5.83,56.00
1777243216,10.00,27.25,9.75,22.56,18.13,17.58,25.04,6.07,56.05
1777243217,10.06,27.25,9.50,22.65,18.16,17.83,25.08,6.20,56.07
1777243219,10.06,27.25,10.00,22.67,18.17,17.75,25.06,6.15,56.05
1777243221,10.06,27.50,10.00,22.58,18.15,17.80,25.07,6.17,56.03
1777243222,10.06,27.25,9.75,22.55,18.16,17.88,25.09,6.37,56.08
1777243224,10.06,27.25,9.75,22.48,18.14,17.64,25.07,6.26,56.06
1777243225,10.06,27.25,9.75,22.68,18.17,17.85,25.10,6.07,56.02
1777243227,10.06,27.50,9.50,22.61,18.16,17.63,25.08,5.72,55.97
1777243229,10.00,27.50,9.00,22.66,18.16,17.83,25.11,5.74,55.97
1777243230,10.06,27.50,9.50,22.55,18.15,17.65,25.09,5.88,56.02
1777243232,10.00,27.25,9.75,22.80,18.20,17.76,25.10,5.73,55.98
1777243233,10.00,27.50,9.75,22.49,18.16,17.80,25.10,5.98,56.03
1777243235,10.06,27.75,9.25,22.57,18.16,17.84,25.11,6.06,56.07
1777243237,10.00,27.50,9.75,22.66,18.17,17.81,25.12,5.93,56.06
1777243238,10.06,27.50,9.75,22.50,18.17,17.80,25.13,5.77,56.03
1777243240,10.00,27.75,9.75,22.71,18.18,17.76,25.13,5.94,56.06
1777243241,10.06,27.75,9.75,22.69,18.17,17.77,25.13,6.01,56.09
1777243243,10.00,28.00,9.50,22.66,18.18,17.84,25.13,5.78,56.03
1777243245,10.00,27.50,9.50,22.61,18.18,17.80,25.13,6.15,56.09
1777243246,10.00,27.75,10.00,22.56,18.16,17.73,25.12,5.86,56.05
1777243248,10.00,27.50,9.75,22.57,18.17,17.81,25.13,5.89,56.03
1777243249,10.00,27.75,9.75,22.55,18.17,17.80,25.12,5.75,56.01
1777243251,10.00,27.75,9.75,22.59,18.17,17.87,25.14,5.54,55.97
1777243253,10.00,27.75,9.75,22.48,18.15,17.94,25.15,5.98,56.03
1777243254,9.94,28.00,9.25,22.74,18.19,17.75,25.12,5.84,55.98
1777243256,10.00,28.00,9.75,22.71,18.19,17.68,25.10,5.73,55.95
1777243257,10.00,28.25,9.75,22.70,18.19,17.84,25.11,6.16,56.02
1777243259,10.00,28.25,9.75,22.52,18.15,17.80,25.12,5.90,55.97
1777243261,10.00,27.50,10.00,22.51,18.15,17.88,25.12,5.69,55.93
1777243262,10.00,28.50,9.75,22.62,18.16,17.84,25.10,5.79,55.93
1777243264,10.00,28.00,10.00,22.46,18.16,17.69,25.10,5.81,55.91
1777243265,10.00,28.25,9.75,22.63,18.17,17.74,25.10,6.35,56.01
1777243267,10.00,27.50,9.75,22.58,18.17,17.76,25.10,6.16,55.98
1777243269,10.00,28.25,9.75,22.62,18.18,17.70,25.10,6.10,55.97
1777243270,10.00,28.00,10.00,22.51,18.16,17.85,25.15,5.83,55.89
1777243272,10.06,28.50,10.25,22.64,18.18,17.81,25.13,5.80,55.86
1777243274,10.00,28.25,10.00,22.66,18.18,17.79,25.13,6.41,55.95
1777243275,10.00,28.25,9.75,22.51,18.16,17.90,25.15,5.97,55.84
1777243277,10.00,27.75,9.75,22.62,18.18,17.97,25.17,6.11,55.84
1777243278,10.00,28.00,9.00,22.70,18.18,17.75,25.13,6.26,55.86
1777243280,10.00,27.75,9.75,22.53,18.17,17.73,25.12,6.26,55.81
1777243282,10.00,27.75,9.75,22.69,18.17,17.79,25.13,6.10,55.77
1777243283,10.06,27.75,9.50,22.65,18.18,17.86,25.12,6.37,55.81
1777243285,10.06,28.00,9.50,22.52,18.15,17.61,25.09,6.12,55.73
1777243286,10.00,27.75,9.75,22.48,18.16,17.73,25.12,6.49,55.77
1777243288,10.00,28.00,9.50,22.49,18.16,17.91,25.14,6.47,55.75
1777243290,10.06,27.50,9.50,22.50,18.14,17.90,25.11,6.22,55.70
1777243291,10.06,28.00,9.75,22.69,18.17,17.87,25.12,6.12,55.66
1777243293,10.06,27.75,9.50,22.62,18.17,17.75,25.11,6.28,55.67
1777243294,10.06,27.75,9.50,22.70,18.16,17.78,25.11,5.95,55.62
1777243296,10.00,27.50,9.50,22.49,18.15,17.78,25.11,6.32,55.67
1777243298,10.00,27.75,9.25,22.54,18.14,17.77,25.12,5.76,55.59
1777243299,10.00,27.50,9.00,22.51,18.16,17.77,25.13,6.40,55.69
1777243301,10.00,27.25,9.75,22.55,18.16,17.79,25.10,5.83,55.59
1777243302,10.00,27.25,9.50,22.52,18.14,17.67,25.12,5.89,55.62
1777243304,10.06,27.75,9.25,22.53,18.14,17.80,25.13,6.17,55.68
1777243306,10.00,27.50,9.50,22.47,18.14,17.69,25.11,5.98,55.65
1777243307,10.00,27.50,9.75,22.65,18.17,17.78,25.13,5.76,55.64
1777243309,10.06,27.75,9.50,22.45,18.14,17.84,25.15,5.75,55.65
1777243310,10.00,27.50,9.75,22.62,18.16,17.80,25.14,5.94,55.70
1777243312,10.00,26.75,9.50,22.63,18.17,17.82,25.15,5.84,55.69
1777243314,10.00,27.25,9.75,22.51,18.15,17.98,25.17,5.88,55.72
1777243315,10.06,27.25,9.75,22.62,18.17,17.81,25.15,5.86,55.73
1777243317,10.00,27.00,9.50,22.73,18.18,17.74,25.15,6.19,55.79
1777243318,10.00,27.50,9.75,22.40,18.14,17.80,25.13,5.87,55.76
1777243320,10.00,27.25,9.75,22.60,18.16,17.67,25.14,5.85,55.78
1777243322,10.00,27.00,9.75,22.67,18.19,17.66,25.12,6.22,55.85
1777243323,10.06,27.00,10.00,22.47,18.13,17.76,25.14,5.78,55.79
1777243325,10.00,27.00,9.50,22.62,18.17,17.80,25.14,5.83,55.81
1777243327,10.00,27.00,9.75,22.70,18.18,17.80,25.16,6.12,55.88
1777243328,10.06,27.50,10.00,22.56,18.16,17.85,25.15,6.05,55.89
1777243330,10.06,27.50,9.75,22.59,18.17,17.90,25.17,6.05,55.89
1777243331,10.06,27.00,9.75,22.72,18.18,17.81,25.18,6.12,55.93
1777243333,10.00,27.00,9.75,22.59,18.17,17.94,25.18,6.26,55.95
1777243335,10.00,27.75,9.25,22.50,18.17,17.91,25.20,5.91,55.92
1777243336,10.06,27.50,9.50,22.58,18.18,17.71,25.18,5.74,55.88
1777243338,10.00,27.50,9.75,22.49,18.18,17.81,25.17,5.88,55.93
1777243339,10.00,27.00,8.75,22.65,18.17,17.87,25.19,5.87,55.93
1777243341,10.06,27.50,9.50,22.47,18.16,17.70,25.15,6.26,56.01
1777243343,10.06,27.25,9.25,22.63,18.18,17.73,25.15,5.74,55.94
1777243344,10.06,28.00,9.75,22.51,18.17,17.73,25.16,6.14,56.02
1777243346,10.06,27.75,9.50,22.55,18.18,17.68,25.14,5.90,55.99
1777243347,10.06,28.00,9.75,22.63,18.20,17.76,25.16,5.94,55.99
1777243349,10.06,27.75,10.00,22.48,18.16,17.85,25.17,5.92,55.99
1777243351,10.06,28.00,9.25,22.72,18.21,17.65,25.14,5.76,55.97
1777243352,10.00,28.25,10.00,22.63,18.20,17.85,25.18,5.95,55.99
1777243354,10.06,27.50,10.00,22.48,18.17,17.69,25.17,6.40,56.07
1777243355,10.06,28.50,10.00,22.66,18.21,17.71,25.17,6.19,56.04
1777243357,10.06,28.25,9.50,22.51,18.20,17.80,25.19,5.76,55.95
1777243359,10.13,27.75,9.50,22.58,18.21,17.80,25.18,5.90,55.96
1777243360,10.06,27.75,10.25,22.48,18.19,17.78,25.18,5.92,55.96
1777243362,10.06,28.75,9.75,22.53,18.20,17.68,25.19,5.79,55.93
1777243363,10.00,28.50,9.75,22.63,18.21,17.61,25.19,5.86,55.92
1777243365,10.00,28.00,10.00,22.64,18.22,17.87,25.24,5.78,55.90
1777243367,10.13,28.00,10.25,22.50,18.19,17.78,25.21,6.28,55.97
1777243368,10.06,28.50,10.00,22.50,18.19,17.89,25.24,6.19,55.95
1777243370,10.13,28.75,10.00,22.50,18.20,17.80,25.21,6.24,55.92
1777243371,10.13,28.50,10.25,22.55,18.19,17.84,25.19,6.48,55.96
1777243373,10.06,28.25,10.00,22.58,18.21,17.81,25.21,6.14,55.87
1777243375,10.13,28.50,9.75,22.63,18.21,17.77,25.19,6.35,55.86
1777243376,10.13,28.25,10.00,22.72,18.23,17.80,25.19,5.76,55.72
1777243378,10.13,28.25,10.00,22.51,18.22,17.89,25.19,6.44,55.83
1777243380,10.19,27.50,9.50,22.72,18.20,17.80,25.18,6.44,55.78
1777243381,10.13,27.50,9.50,22.57,18.20,17.66,25.17,6.31,55.72
1777243383,10.13,27.25,9.50,22.64,18.21,17.71,25.14,6.48,55.71
1777243384,10.13,27.75,9.50,22.70,18.23,17.90,25.15,6.00,55.61
1777243386,10.13,27.75,9.75,22.56,18.20,17.73,25.13,6.37,55.64
1777243388,10.13,27.50,10.00,22.54,18.19,17.63,25.13,5.83,55.52
1777243389,10.13,28.00,9.25,22.63,18.20,17.77,25.14,6.07,55.56
1777243391,10.13,28.00,10.00,22.70,18.22,17.83,25.15,6.36,55.58
1777243392,10.13,27.75,9.50,22.88,18.23,17.77,25.14,6.09,55.53
1777243394,10.13,28.25,9.75,22.62,18.20,17.72,25.12,6.23,55.56
1777243396,10.13,27.75,9.75,22.60,18.20,17.87,25.13,6.01,55.53
1777243397,10.13,27.75,9.75,22.69,18.21,17.90,25.14,5.88,55.50
1777243399,10.13,28.00,9.75,22.78,18.22,17.56,25.10,5.96,55.53
1777243400,10.06,27.75,9.25,22.46,18.18,17.90,25.14,5.93,55.51
1777243402,10.13,28.00,9.75,22.79,18.21,17.77,25.13,6.04,55.54
1777243404,10.13,28.00,9.50,22.64,18.20,17.66,25.14,6.21,55.60
1777243405,10.06,28.00,9.50,22.55,18.20,17.70,25.13,6.09,55.58
1777243407,10.06,28.25,10.00,22.73,18.21,17.89,25.16,6.27,55.61
1777243408,10.06,28.00,9.50,22.44,18.19,17.90,25.15,6.24,55.62
1777243410,10.13,27.75,9.75,22.62,18.20,17.63,25.13,5.98,55.57
1777243412,10.13,28.00,9.75,22.62,18.21,17.90,25.17,6.26,55.61
1777243413,10.13,27.75,9.75,22.68,18.21,17.82,25.17,5.88,55.54
1777243415,10.06,27.75,9.75,22.48,18.18,17.73,25.15,6.10,55.59
1777243416,10.06,28.00,9.75,22.67,18.19,17.67,25.15,5.95,55.56
1777243418,10.13,28.25,9.75,22.69,18.20,17.79,25.15,6.34,55.63
1777243420,10.06,27.50,9.50,22.54,18.20,17.68,25.17,6.25,55.63
1777243421,10.06,27.75,9.75,22.68,18.21,17.77,25.16,5.92,55.58
1777243423,10.06,27.75,9.25,22.60,18.21,17.78,25.18,6.21,55.64
1777243424,10.00,28.25,9.25,22.50,18.19,17.73,25.18,5.98,55.60
1777243426,10.06,27.75,10.00,22.53,18.20,17.73,25.17,5.80,55.58
1777243428,10.06,28.25,10.00,22.67,18.20,17.73,25.17,6.16,55.65
1777243429,10.13,28.00,9.75,22.59,18.19,17.66,25.16,5.87,55.58
1777243431,10.06,28.00,9.75,22.47,18.16,17.76,25.18,5.75,55.59
1777243433,10.06,28.00,10.00,22.51,18.17,17.55,25.15,5.81,55.60
1777243434,10.06,28.00,9.50,22.58,18.19,17.63,25.15,5.69,55.59
1777243436,10.13,28.00,9.75,22.63,18.19,17.80,25.17,6.27,55.68
1777243437,10.06,27.25,9.50,22.38,18.16,17.94,25.19,6.38,55.70
1777243439,10.06,28.00,9.75,22.59,18.19,17.97,25.21,6.19,55.65
1777243441,10.06,28.00,9.50,22.70,18.21,17.61,25.15,6.17,55.67
1777243442,10.06,28.00,9.25,22.49,18.17,17.74,25.17,6.12,55.64
1777243444,10.06,27.50,9.25,22.59,18.18,17.82,25.17,6.12,55.65
1777243445,10.00,28.00,9.75,22.58,18.18,17.86,25.17,5.82,55.61
1777243447,10.06,28.00,10.00,22.61,18.19,17.80,25.17,5.80,55.62
1777243449,10.06,27.00,9.75,22.53,18.17,17.55,25.14,5.96,55.64
1777243450,10.06,28.00,9.75,22.38,18.15,17.68,25.15,5.99,55.65
1777243452,10.06,28.00,9.75,22.56,18.18,17.86,25.17,6.24,55.70
1777243453,10.00,27.25,10.00,22.50,18.17,17.77,25.15,6.15,55.69
1777243455,10.00,28.00,9.75,22.49,18.17,17.60,25.13,6.20,55.70
1777243457,10.06,28.00,10.00,22.51,18.17,17.66,25.15,5.94,55.67
1777243458,10.06,27.75,9.25,22.54,18.18,17.71,25.15,6.09,55.69
1777243460,10.06,28.00,9.50,22.51,18.16,17.65,25.14,5.93,55.67
1777243461,10.00,27.75,10.00,22.48,18.15,17.91,25.21,5.98,55.69
1777243463,10.00,28.00,9.75,22.62,18.19,17.64,25.18,5.76,55.63
1777243465,10.00,28.00,10.00,22.66,18.18,17.66,25.19,5.87,55.65
1777243466,10.00,27.75,9.75,22.69,18.20,17.72,25.19,6.15,55.68
1777243468,10.00,27.75,10.00,22.67,18.18,17.76,25.19,5.91,55.63
1777243469,10.06,27.00,9.75,22.76,18.20,17.73,25.20,6.01,55.65
1777243471,10.06,27.75,9.50,22.65,18.19,17.80,25.21,5.94,55.63
1777243473,10.00,27.50,10.00,22.66,18.19,17.87,25.21,6.01,55.62
1777243474,10.00,27.25,9.50,22.72,18.19,17.60,25.19,5.94,55.61
1777243476,10.06,27.75,9.75,22.51,18.18,17.70,25.20,6.10,55.61
1777243477,10.06,28.00,9.50,22.47,18.16,17.62,25.20,6.47,55.67
1777243479,10.06,27.25,9.50,22.62,18.17,17.83,25.22,5.87,55.54
1777243481,10.06,27.75,10.00,22.65,18.17,17.59,25.20,6.22,55.60
1777243482,10.06,27.50,9.75,22.41,18.15,17.58,25.21,6.05,55.55
1777243484,10.06,27.50,9.00,22.68,18.17,17.71,25.21,6.05,55.56
1777243486,10.06,27.25,9.50,22.51,18.18,17.61,25.19,6.03,55.54
1777243487,10.06,27.50,9.50,22.62,18.18,17.71,25.22,6.24,55.58
1777243489,10.06,27.50,10.25,22.39,18.18,17.78,25.22,6.22,55.59
1777243490,10.06,27.75,9.50,22.59,18.19,17.76,25.24,6.12,55.57
1777243492,10.06,27.75,9.75,22.82,18.22,17.53,25.19,5.69,55.50
1777243494,10.06,27.50,10.00,22.76,18.21,17.52,25.22,5.85,55.54
1777243495,10.06,27.25,10.00,22.57,18.19,17.93,25.28,6.25,55.62
1777243497,10.06,27.75,9.50,22.44,18.18,17.69,25.25,5.88,55.57
1777243498,10.06,27.75,10.00,22.69,18.23,17.71,25.27,6.04,55.61
1777243500,10.06,27.00,9.75,22.59,18.22,17.59,25.24,5.79,55.59
1777243502,10.06,27.75,10.25,22.51,18.21,17.71,25.26,5.86,55.60
1777243503,10.06,27.75,10.00,22.47,18.21,17.65,25.25,6.12,55.64
1777243505,10.13,27.00,9.50,22.59,18.22,17.93,25.28,6.33,55.70
1777243506,10.06,27.50,10.00,22.66,18.23,17.71,25.27,6.26,55.68
1777243508,10.06,27.75,9.75,22.58,18.21,17.74,25.27,5.77,55.60
1777243510,10.06,27.75,9.75,22.60,18.24,17.71,25.26,6.36,55.73
1777243511,10.06,28.00,9.50,22.36,18.20,17.90,25.29,6.09,55.68
1777243513,10.06,28.00,10.00,22.65,18.24,17.70,25.27,5.92,55.65
1777243514,10.13,27.75,10.00,22.56,18.23,17.72,25.28,6.03,55.68
1777243516,10.06,27.75,9.25,22.51,18.23,17.59,25.28,5.94,55.67
1777243518,10.06,27.75,10.00,22.69,18.25,17.76,25.30,6.35,55.76
1777243519,10.06,28.00,10.00,22.55,18.24,17.84,25.31,5.88,55.66
1777243521,10.06,28.00,9.75,22.41,18.22,17.51,25.27,5.76,55.65
1777243522,10.06,27.50,10.00,22.51,18.24,17.56,25.28,5.74,55.65
1777243524,10.06,28.00,10.00,22.65,18.26,17.66,25.30,6.18,55.74
1777243526,10.06,28.25,10.00,22.61,18.24,17.64,25.30,5.93,55.70
1777243527,10.06,28.25,9.00,22.58,18.26,17.62,25.31,5.80,55.68
1777243529,10.06,28.25,9.50,22.40,18.22,17.73,25.34,6.03,55.72
1777243530,10.13,28.25,9.75,22.41,18.23,17.73,25.32,6.02,55.71
1777243532,10.13,28.50,9.50,22.61,18.26,17.65,25.32,6.11,55.73
1777243534,10.13,28.50,10.00,22.48,18.24,17.68,25.33,6.39,55.78
1777243535,10.06,28.00,10.50,22.56,18.24,17.94,25.36,6.46,55.79
1777243537,10.13,28.75,10.25,22.74,18.27,17.69,25.35,6.26,55.74
1777243539,10.13,28.50,10.00,22.66,18.27,17.61,25.32,6.44,55.76
1777243540,10.13,28.75,10.50,22.60,18.27,17.91,25.36,6.32,55.74
1777243542,10.13,28.50,10.00,22.62,18.27,17.65,25.33,6.31,55.72
1777243543,10.19,28.75,10.25,22.59,18.26,17.59,25.29,6.33,55.69
1777243545,10.13,28.75,10.25,22.40,18.24,17.59,25.31,6.13,55.65
1777243547,10.19,28.75,10.25,22.42,18.25,17.64,25.32,6.26,55.65
1777243548,10.13,28.75,10.25,22.52,18.26,17.88,25.36,5.94,55.56
1777243550,10.19,28.50,9.75,22.74,18.28,17.75,25.33,6.20,55.59
1777243551,10.19,28.50,10.00,22.47,18.25,18.01,25.37,6.32,55.57
1777243553,10.19,28.50,10.00,22.49,18.26,17.73,25.32,6.28,55.53
1777243555,10.19,28.00,9.50,22.47,18.26,17.89,25.34,6.51,55.57
1777243556,10.19,28.50,10.00,22.66,18.27,17.70,25.31,5.97,55.42
1777243558,10.19,28.25,9.50,22.59,18.26,17.58,25.28,5.79,55.36
1777243559,10.19,28.50,10.00,22.47,18.27,17.95,25.32,6.37,55.45
1777243561,10.19,28.50,10.00,22.65,18.28,17.50,25.24,6.25,55.42
1777243563,10.19,28.50,10.00,22.35,18.23,17.48,25.25,6.37,55.40
1777243564,10.19,28.75,10.00,22.45,18.25,17.63,25.26,6.15,55.36
1777243566,10.19,28.75,9.75,22.56,18.28,17.62,25.25,6.23,55.39
1777243567,10.19,28.50,9.25,22.66,18.28,17.80,25.27,6.04,55.36
1777243569,10.25,28.75,9.75,22.47,18.25,17.94,25.28,6.33,55.38
1777243571,10.19,28.50,9.25,22.71,18.29,17.59,25.25,6.21,55.37
1777243572,10.19,29.00,9.50,22.47,18.24,17.73,25.27,6.44,55.42
1777243574,10.13,29.00,9.75,22.44,18.24,17.87,25.28,6.26,55.39
1777243575,10.19,29.25,10.00,22.59,18.26,17.62,25.24,5.98,55.35
1777243577,10.13,29.25,10.00,22.72,18.26,17.62,25.26,6.00,55.35
1777243579,10.13,29.25,10.00,22.56,18.26,17.93,25.29,6.09,55.36
1777243580,10.19,29.50,10.25,22.61,18.27,17.58,25.24,6.14,55.38
1777243582,10.19,29.00,10.00,22.44,18.24,17.80,25.28,6.43,55.43
1777243584,10.19,29.25,10.00,22.50,18.24,17.67,25.27,6.01,55.35
1777243585,10.19,29.75,10.25,22.70,18.27,17.87,25.28,6.43,55.39
1777243587,10.19,29.50,10.25,22.44,18.23,17.66,25.27,5.99,55.30
1777243588,10.19,29.25,10.00,22.59,18.27,17.57,25.26,6.38,55.35
1777243590,10.19,29.50,10.25,22.51,18.25,17.47,25.23,6.47,55.36
1777243592,10.19,29.75,10.25,22.48,18.25,17.89,25.28,6.59,55.34
1777243593,10.25,29.00,10.25,22.35,18.21,17.56,25.25,6.96,55.36
1777243595,10.25,29.75,10.00,22.58,18.24,17.63,25.24,6.01,55.18
1777243596,10.25,29.25,10.25,22.29,18.24,17.58,25.24,6.44,55.21
1777243598,10.25,29.75,10.00,22.58,18.25,17.59,25.24,6.35,55.16
1777243600,10.25,29.75,10.25,22.71,18.27,17.95,25.29,6.02,55.09
1777243601,10.19,29.00,10.00,22.66,18.24,17.54,25.23,6.66,55.15
1777243603,10.25,29.75,10.00,22.62,18.25,17.65,25.25,6.51,55.10
1777243604,10.19,29.75,9.75,22.41,18.21,17.77,25.27,6.47,55.07
1777243606,10.31,29.50,10.00,22.62,18.24,17.71,25.25,6.44,55.02
1777243608,10.25,29.75,9.75,22.60,18.24,17.58,25.24,6.46,55.00
1777243609,10.25,29.25,10.00,22.43,18.23,17.72,25.24,6.22,54.93
1777243611,10.25,29.50,10.00,22.50,18.24,17.79,25.27,6.44,54.94
1777243612,10.25,29.25,10.25,22.66,18.25,17.72,25.24,6.60,54.97
1777243614,10.25,29.50,9.25,22.65,18.26,17.52,25.21,6.72,54.97
1777243616,10.31,28.50,10.00,22.57,18.25,17.66,25.24,6.38,54.90
1777243617,10.25,29.25,9.50,22.44,18.23,17.87,25.27,6.71,54.95
1777243619,10.25,29.25,9.50,22.70,18.27,17.61,25.22,6.25,54.86
1777243620,10.25,29.00,9.75,22.49,18.24,17.67,25.24,6.09,54.82
1777243622,10.25,29.25,9.50,22.50,18.23,17.58,25.22,6.36,54.86
1777243624,10.19,29.25,9.25,22.38,18.23,17.57,25.23,6.48,54.87
1777243625,10.19,29.25,9.75,22.55,18.25,17.74,25.24,6.02,54.80
1777243627,10.19,29.00,10.00,22.58,18.23,17.68,25.22,6.26,54.86
1777243628,10.19,29.25,10.00,22.50,18.24,17.64,25.22,6.13,54.82
1777243630,10.19,29.00,9.25,22.75,18.24,17.68,25.23,6.33,54.89
1777243632,10.19,29.00,9.50,22.56,18.25,17.67,25.22,6.38,54.90
1777243633,10.25,29.00,9.75,22.62,18.25,17.94,25.24,6.18,54.88
1777243635,10.19,29.00,9.50,22.49,18.23,17.59,25.21,5.99,54.87
1777243637,10.19,29.00,10.00,22.59,18.24,17.80,25.21,6.26,54.94
1777243638,10.19,29.00,9.75,22.58,18.25,17.73,25.23,5.98,54.91
1777243640,10.19,28.75,9.25,22.44,18.21,17.55,25.19,6.26,54.98
1777243641,10.19,28.25,10.00,22.57,18.25,17.82,25.23,5.99,54.94
1777243643,10.19,28.50,9.50,22.68,18.26,18.01,25.24,6.48,55.04
1777243645,10.19,28.75,9.50,22.52,18.24,17.77,25.22,6.20,55.00
1777243646,10.13,28.50,9.50,22.55,18.25,17.79,25.21,6.25,55.03
1777243648,10.19,28.75,9.75,22.62,18.25,17.90,25.23,5.97,55.00
1777243649,10.13,28.50,10.00,22.67,18.25,17.73,25.20,6.01,55.02
1777243651,10.13,28.75,9.50,22.50,18.23,17.62,25.18,6.34,55.08
1777243653,10.19,28.00,9.75,22.65,18.24,17.73,25.18,6.48,55.12
1777243654,10.13,28.50,9.50,22.77,18.26,17.73,25.18,6.12,55.07
1777243656,10.13,28.50,9.50,22.62,18.24,17.77,25.20,6.35,55.14
1777243657,10.13,28.00,9.50,22.64,18.23,17.75,25.19,6.26,55.14
1777243659,10.13,28.25,9.25,22.69,18.23,17.65,25.17,6.33,55.17
1777243661,10.13,28.25,9.75,22.46,18.21,17.80,25.17,6.00,55.13
1777243662,10.13,27.75,9.75,22.52,18.21,17.73,25.15,6.20,55.18
1777243664,10.13,28.00,9.75,22.59,18.22,17.66,25.14,6.40,55.26
1777243665,10.13,28.00,9.25,22.57,18.22,17.73,25.15,6.31,55.24
1777243667,10.13,28.00,9.75,22.48,18.22,17.80,25.16,6.23,55.25
1777243669,10.13,27.75,9.25,22.51,18.21,17.76,25.14,5.95,55.23
1777243670,10.13,27.50,9.75,22.69,18.22,17.62,25.12,5.83,55.23
1777243672,10.13,27.75,9.50,22.49,18.21,17.73,25.12,6.06,55.27
1777243673,10.06,27.50,9.75,22.64,18.22,17.94,25.15,5.94,55.28
1777243675,10.06,27.50,9.75,22.87,18.22,17.81,25.13,6.22,55.35
1777243677,10.06,27.50,9.25,22.70,18.22,17.76,25.11,6.16,55.37
1777243678,10.06,27.50,9.75,22.46,18.20,17.85,25.13,5.76,55.32
1777243680,10.13,27.25,9.50,22.62,18.21,17.76,25.12,6.09,55.41
1777243681,10.06,27.50,9.75,22.62,18.19,17.81,25.11,5.92,55.38
1777243683,10.06,27.00,9.50,22.71,18.22,17.69,25.08,5.74,55.38
1777243685,10.06,27.25,9.50,22.50,18.22,17.90,25.12,6.29,55.49
1777243686,10.06,26.75,9.25,22.69,18.21,17.91,25.12,5.98,55.49
1777243688,10.00,26.75,9.75,22.46,18.20,17.84,25.11,6.02,55.53
1777243689,10.00,27.00,9.50,22.51,18.20,17.67,25.08,5.87,55.51
1777243691,10.00,27.00,9.50,22.46,18.21,17.76,25.10,5.75,55.52
1777243693,10.00,26.50,9.50,22.71,18.24,17.67,25.08,5.75,55.57
1777243694,10.00,26.75,8.75,22.47,18.22,17.76,25.09,5.74,55.60
1777243696,10.00,26.75,9.75,22.46,18.20,17.93,25.13,5.73,55.62
1777243698,9.94,26.75,9.75,22.77,18.23,17.80,25.11,5.94,55.70
1777243699,10.00,26.75,9.75,22.61,18.22,17.72,25.10,5.79,55.71
1777243701,9.94,26.75,9.50,22.65,18.22,17.63,25.09,5.82,55.73
1777243702,9.94,26.75,9.00,22.69,18.23,17.75,25.10,5.78,55.75
1777243704,9.94,27.00,9.50,22.62,18.22,17.66,25.10,5.92,55.78
1777243706,9.94,26.50,9.75,22.61,18.21,17.69,25.11,5.98,55.80
1777243707,9.94,26.75,9.25,22.44,18.20,17.62,25.09,6.34,55.90
1777243709,10.00,26.25,9.25,22.42,18.19,17.82,25.12,6.11,55.87
1777243710,10.00,26.50,9.75,22.44,18.20,17.87,25.16,5.94,55.86
1777243712,9.94,26.75,9.75,22.56,18.21,17.66,25.11,5.92,55.86
1777243714,9.94,26.50,9.25,22.48,18.20,17.69,25.10,5.85,55.87
1777243715,10.00,26.75,9.50,22.44,18.19,17.62,25.11,5.66,55.86
1777243717,10.00,26.75,9.75,22.54,18.20,17.85,25.16,6.07,55.91
1777243718,9.94,26.50,9.75,22.58,18.21,17.77,25.15,5.69,55.86
1777243720,10.00,26.75,9.75,22.30,18.19,17.54,25.11,5.80,55.88
1777243722,9.94,26.75,9.25,22.66,18.22,17.62,25.11,5.74,55.87
1777243723,9.94,26.50,9.50,22.53,18.22,17.71,25.14,5.86,55.89
1777243725,10.00,26.50,9.50,22.56,18.22,17.82,25.15,5.92,55.91
1777243726,10.00,26.75,9.25,22.44,18.18,17.57,25.10,6.11,55.93
1777243728,10.00,26.25,9.25,22.59,18.20,17.87,25.15,5.86,55.89
1777243730,9.94,26.75,9.50,22.70,18.22,17.97,25.15,5.73,55.86
1777243731,9.94,26.50,9.50,22.57,18.19,17.64,25.10,6.02,55.93
1777243733,10.00,26.50,9.75,22.44,18.19,17.76,25.12,5.50,55.84
1777243734,9.94,26.50,9.75,22.51,18.20,17.76,25.13,5.94,55.92
1777243736,9.94,26.75,9.75,22.43,18.20,17.58,25.10,5.98,55.94
1777243738,9.94,26.75,9.50,22.50,18.20,17.67,25.11,6.21,56.00
1777243739,9.94,26.75,9.75,22.36,18.19,17.61,25.12,5.88,55.96
1777243741,9.94,26.50,9.50,22.66,18.22,17.75,25.14,6.11,56.03
1777243742,10.00,26.75,9.50,22.48,18.22,17.90,25.17,5.88,56.00
1777243744,9.94,26.50,9.75,22.71,18.25,17.63,25.14,5.81,56.01
1777243746,9.94,26.50,9.50,22.43,18.20,17.63,25.15,5.69,56.01
1777243747,9.94,26.75,9.00,22.69,18.23,17.81,25.19,5.90,56.05
1777243749,9.94,26.75,9.75,22.46,18.22,17.86,25.20,6.21,56.11
1777243750,9.94,26.50,9.75,22.56,18.23,17.62,25.19,5.67,56.05
1777243752,9.94,26.50,9.50,22.65,18.25,17.55,25.19,5.86,56.11
1777243754,9.94,26.50,9.75,22.55,18.22,17.90,25.24,6.16,56.16
1777243755,9.94,26.50,9.75,22.44,18.21,17.60,25.19,5.73,56.08
1777243757,9.94,26.50,9.25,22.55,18.22,17.62,25.20,5.68,56.06
1777243759,9.94,26.25,9.75,22.50,18.22,17.55,25.20,5.68,56.10
1777243760,9.94,26.75,9.50,22.47,18.24,17.76,25.20,6.21,56.19
1777243762,9.94,27.00,9.75,22.68,18.26,17.62,25.19,5.84,56.12
1777243763,9.88,27.00,9.50,22.65,18.25,17.61,25.21,5.90,56.14
1777243765,9.88,26.75,9.75,22.53,18.24,17.73,25.20,6.34,56.23
1777243767,9.94,27.00,9.25,22.55,18.25,17.67,25.22,5.83,56.15
1777243768,10.00,26.75,9.25,22.54,18.25,17.64,25.20,5.69,56.13
1777243770,9.94,26.75,9.75,22.51,18.23,17.53,25.19,5.77,56.15
1777243771,9.94,26.50,9.50,22.45,18.23,17.87,25.24,6.25,56.26
1777243773,9.94,27.25,9.75,22.59,18.24,17.75,25.23,5.71,56.15
1777243775,9.94,26.75,9.25,22.55,18.23,17.62,25.21,5.84,56.19
1777243776,9.94,26.50,9.75,22.42,18.23,17.58,25.22,6.18,56.24
1777243778,9.94,26.50,9.25,22.42,18.23,17.68,25.24,6.17,56.25
1777243779,9.94,26.00,9.50,22.40,18.23,17.58,25.23,6.19,56.25
1777243781,10.00,26.50,9.50,22.64,18.26,17.78,25.25,5.58,56.15
1777243783,9.94,26.50,9.50,22.53,18.23,17.52,25.23,5.88,56.20
1777243784,9.94,26.25,9.50,22.45,18.23,17.61,25.25,5.81,56.16
1777243786,9.94,26.00,9.00,22.65,18.25,17.71,25.26,5.80,56.16
1777243787,9.94,26.00,9.50,22.42,18.22,17.73,25.27,5.74,56.14
1777243789,9.94,26.00,9.75,22.53,18.24,17.63,25.25,5.99,56.18
1777243791,9.94,26.50,9.25,22.63,18.26,17.57,25.26,5.74,56.13
1777243792,9.94,26.25,9.50,22.58,18.24,17.68,25.27,5.85,56.15
1777243794,9.94,26.25,9.25,22.49,18.24,17.70,25.27,6.26,56.22
1777243795,9.94,26.25,9.75,22.37,18.24,17.58,25.26,5.80,56.14
1777243797,9.94,26.75,9.00,22.27,18.21,17.58,25.24,6.36,56.25
1777243799,9.94,26.25,9.50,22.35,18.24,17.62,25.27,6.16,56.22
1777243800,9.88,26.25,9.75,22.44,18.24,17.60,25.27,5.76,56.17
1777243802,9.94,26.50,9.50,22.54,18.27,17.50,25.26,6.04,56.22
1777243803,9.94,25.75,9.25,22.66,18.28,17.54,25.28,6.06,56.26
1777243805,9.88,26.25,9.00,22.53,18.28,17.78,25.29,5.80,56.24
1777243807,9.88,26.25,9.25,22.42,18.24,17.61,25.29,5.84,56.28
1777243808,9.88,26.50,9.50,22.44,18.26,17.62,25.30,5.69,56.26
1777243810,9.88,26.50,9.00,22.42,18.26,17.53,25.28,5.81,56.31
1777243811,9.88,26.50,9.50,22.44,18.29,17.69,25.30,5.77,56.34
1777243813,9.88,26.50,9.50,22.44,18.28,17.62,25.29,5.58,56.33
1777243815,9.88,26.25,9.50,22.44,18.27,17.66,25.30,6.06,56.46
1777243816,9.88,26.25,9.75,22.39,18.28,17.47,25.27,5.94,56.44
1777243818,9.88,26.25,9.50,22.38,18.27,17.58,25.31,5.63,56.41
1777243819,9.88,26.25,8.75,22.55,18.31,17.42,25.28,5.94,56.49
1777243821,9.88,25.75,9.75,22.59,18.31,17.41,25.28,5.77,56.48
1777243823,9.88,26.25,9.50,22.38,18.27,17.59,25.31,5.62,56.49
1777243824,9.88,26.00,9.25,22.50,18.30,17.97,25.37,5.94,56.55
1777243826,9.88,26.00,9.50,22.56,18.30,17.51,25.31,6.11,56.60
1777243828,9.88,25.75,9.50,22.54,18.30,17.45,25.30,5.98,56.57
1777243829,9.88,26.00,9.50,22.37,18.29,17.55,25.30,5.82,56.57
1777243831,9.88,25.75,9.75,22.43,18.30,17.57,25.31,5.73,56.56
1777243832,9.88,26.25,9.25,22.33,18.29,17.62,25.34,6.01,56.62
1777243834,9.88,25.75,9.75,22.61,18.32,17.87,25.35,5.79,56.60
1777243836,9.81,26.25,9.75,22.53,18.31,17.65,25.32,5.94,56.62
1777243837,9.81,26.00,9.50,22.59,18.33,17.59,25.32,5.84,56.62
1777243839,9.88,26.25,10.00,22.61,18.32,17.58,25.31,5.77,56.64
1777243840,9.88,26.25,9.50,22.38,18.30,17.48,25.30,5.95,56.67
1777243842,9.88,26.00,9.25,22.58,18.32,17.65,25.32,5.58,56.61
1777243844,9.81,26.50,9.50,22.69,18.34,17.55,25.30,5.99,56.71
1777243845,9.88,26.25,9.50,22.62,18.33,17.80,25.33,6.07,56.73
1777243847,9.81,26.00,9.75,22.45,18.30,18.01,25.39,6.26,56.77
1777243848,9.88,26.25,8.75,22.66,18.36,17.60,25.32,5.69,56.70
1777243850,9.88,26.50,9.50,22.55,18.33,17.42,25.30,5.83,56.72
1777243852,9.81,26.00,9.25,22.33,18.30,17.37,25.32,5.81,56.75
1777243853,9.88,26.25,9.75,22.60,18.34,17.49,25.33,5.64,56.72
1777243855,9.81,26.25,9.00,22.38,18.32,17.63,25.36,5.66,56.73
1777243856,9.81,26.50,9.25,22.54,18.33,17.58,25.36,5.86,56.77
1777243858,9.88,26.50,9.25,22.57,18.34,18.05,25.44,6.08,56.85
1777243860,9.88,26.50,9.00,22.63,18.36,17.89,25.42,5.80,56.82
1777243861,9.88,26.25,9.00,22.45,18.34,17.56,25.39,6.35,56.92
1777243863,9.88,26.50,9.25,22.39,18.32,17.40,25.38,5.45,56.78
1777243864,9.81,26.50,9.25,22.40,18.32,17.48,25.38,5.87,56.87
1777243866,9.81,25.75,9.50,22.72,18.38,17.59,25.42,5.57,56.82
1777243868,9.81,26.00,9.50,22.53,18.35,17.35,25.38,5.94,56.91
1777243869,9.81,26.25,9.75,22.50,18.36,17.62,25.43,5.60,56.85
1777243871,9.81,26.25,9.50,22.56,18.35,17.85,25.46,6.10,56.95
1777243872,9.81,26.00,9.50,22.51,18.36,17.56,25.42,5.62,56.89
1777243874,9.81,26.25,9.00,22.31,18.35,17.40,25.40,5.58,56.88
1777243876,9.88,26.25,9.50,22.41,18.37,17.45,25.42,5.90,56.93
1777243877,9.81,26.25,9.25,22.46,18.37,17.56,25.43,5.92,56.97
1777243879,9.81,26.50,9.50,22.42,18.36,17.41,25.43,6.17,57.02
1777243880,9.81,26.00,9.25,22.59,18.40,17.80,25.47,6.43,57.04
1777243882,9.81,26.25,9.25,22.49,18.38,17.87,25.49,5.73,56.96
1777243884,9.75,26.25,9.25,22.45,18.38,17.63,25.47,5.74,56.96
1777243885,9.81,26.00,9.25,22.45,18.38,17.62,25.47,5.64,56.94
1777243887,9.75,26.25,9.75,22.45,18.39,17.35,25.44,5.87,57.00
1777243888,9.81,26.50,9.75,22.44,18.37,17.34,25.44,5.81,56.99
1777243890,9.81,26.50,9.75,22.40,18.37,17.40,25.44,5.62,56.95
1777243892,9.81,26.50,9.75,22.46,18.40,17.40,25.44,5.78,56.98
1777243893,9.75,26.75,9.75,22.51,18.41,17.42,25.48,5.66,56.96
1777243895,9.81,26.50,9.75,22.44,18.38,17.43,25.48,6.09,57.04
1777243897,9.81,26.75,9.50,22.38,18.38,17.44,25.47,5.79,56.99
1777243898,9.75,27.00,9.00,22.46,18.40,17.62,25.52,5.88,57.00
1777243900,9.81,27.00,9.75,22.37,18.38,17.62,25.52,5.92,57.02
1777243901,9.81,26.75,9.25,22.43,18.40,17.49,25.50,5.77,56.98
1777243903,9.75,27.25,9.25,22.40,18.38,17.30,25.48,5.94,57.01
1777243905,9.81,27.25,8.75,22.51,18.40,17.59,25.54,5.73,56.98
1777243906,9.75,27.25,10.00,22.29,18.36,17.31,25.52,5.83,56.99
1777243908,9.81,27.50,9.75,22.44,18.39,17.35,25.51,5.63,56.96
1777243909,9.75,27.25,9.25,22.38,18.38,17.29,25.52,5.82,56.99
1777243911,9.81,27.50,9.50,22.59,18.41,17.30,25.53,6.39,57.08
1777243913,9.75,27.75,10.00,22.56,18.41,17.43,25.55,5.67,56.94
1777243914,9.75,27.75,9.50,22.62,18.41,17.37,25.54,6.09,57.01
1777243916,9.81,27.50,9.75,22.38,18.38,17.62,25.58,5.46,56.86
1777243917,9.75,27.50,10.00,22.66,18.42,17.36,25.56,5.82,56.89
1777243919,9.81,28.00,9.50,22.50,18.39,17.77,25.63,6.31,56.96
1777243921,9.81,28.00,9.25,22.32,18.36,17.58,25.61,5.97,56.88
1777243922,9.81,27.75,9.25,22.40,18.36,17.52,25.60,5.90,56.85
1777243924,9.88,28.00,9.25,22.30,18.36,17.52,25.60,5.98,56.82
1777243925,9.88,28.00,9.75,22.42,18.37,17.31,25.57,5.55,56.70
1777243927,9.88,27.75,10.00,22.38,18.37,17.55,25.59,5.84,56.70
1777243929,9.88,28.25,9.75,22.48,18.40,17.29,25.56,6.13,56.72
1777243930,9.88,28.25,10.00,22.44,18.38,17.40,25.59,6.14,56.68
1777243932,9.88,27.50,10.00,22.39,18.37,17.66,25.64,5.78,56.58
1777243933,9.88,28.50,9.75,22.63,18.42,17.42,25.61,6.21,56.60
1777243935,9.88,27.75,10.25,22.45,18.38,17.81,25.68,5.99,56.52
1777243937,9.88,28.00,9.75,22.42,18.38,17.48,25.63,5.84,56.44
1777243938,9.94,28.25,9.75,22.41,18.36,17.57,25.64,6.05,56.42
1777243940,9.94,28.00,10.00,22.29,18.36,17.34,25.60,5.75,56.33
1777243941,9.94,28.00,10.00,22.34,18.38,17.56,25.62,5.96,56.33
1777243943,9.94,27.75,9.75,22.33,18.36,17.43,25.58,6.17,56.32
1777243945,10.00,28.00,9.50,22.41,18.37,17.46,25.59,5.83,56.19
1777243946,9.94,27.75,10.00,22.61,18.40,17.58,25.60,5.98,56.19
1777243948,9.94,28.25,9.50,22.64,18.41,17.48,25.58,6.15,56.20
1777243949,9.94,28.00,10.00,22.46,18.39,17.56,25.58,5.89,56.12
1777243951,10.00,28.00,10.25,22.48,18.39,17.62,25.60,6.20,56.14
1777243953,9.94,28.25,9.50,22.55,18.40,17.36,25.53,5.86,56.04
1777243954,10.00,28.25,10.00,22.40,18.37,17.35,25.53,5.80,56.00
1777243956,10.00,28.00,9.75,22.42,18.37,17.44,25.53,5.77,55.98
1777243958,10.00,28.00,10.00,22.58,18.40,17.47,25.53,5.92,55.98
1777243959,10.00,27.75,10.00,22.44,18.38,17.40,25.53,5.73,55.92
1777243961,10.00,28.00,9.75,22.39,18.37,17.71,25.57,5.67,55.90
1777243962,10.00,28.25,9.50,22.44,18.38,17.50,25.51,6.48,56.03
1777243964,10.00,28.00,9.00,22.42,18.36,17.52,25.51,5.85,55.91
1777243966,10.00,28.00,10.00,22.48,18.40,17.62,25.54,5.73,55.88
1777243967,10.00,27.75,9.50,22.43,18.38,17.38,25.51,6.00,55.93
1777243969,10.06,27.75,9.25,22.38,18.36,17.34,25.49,5.92,55.91
1777243970,10.06,27.50,9.75,22.30,18.36,17.58,25.51,5.77,55.90
1777243972,10.00,27.25,10.00,22.62,18.39,17.52,25.50,5.78,55.91
1777243974,10.00,27.75,9.25,22.56,18.39,17.42,25.48,6.39,56.00
1777243975,10.06,27.75,9.25,22.46,18.40,17.69,25.52,6.20,55.97
1777243977,10.06,27.00,9.00,22.28,18.36,17.37,25.48,5.99,55.94
1777243978,10.00,27.75,9.25,22.48,18.40,17.61,25.49,6.25,55.99
1777243980,10.00,27.25,9.00,22.37,18.37,17.42,25.46,5.91,55.94
1777243982,10.00,26.75,9.25,22.33,18.37,17.35,25.45,5.73,55.93
1777243983,10.06,27.00,8.75,22.58,18.41,17.72,25.49,5.71,55.93
1777243985,10.00,27.50,9.75,22.37,18.37,17.69,25.47,6.14,56.02
1777243986,10.00,27.00,9.75,22.39,18.38,17.56,25.46,5.82,55.98
1777243988,10.06,27.00,9.75,22.24,18.37,17.65,25.47,5.69,55.98
1777243990,10.00,27.25,9.50,22.38,18.37,17.56,25.44,6.14,56.06
1777243991,10.00,27.25,9.50,22.56,18.39,17.58,25.45,5.87,56.04
1777243993,9.94,27.25,9.25,22.62,18.41,17.52,25.42,6.15,56.10
1777243994,10.00,27.50,9.50,22.66,18.41,17.66,25.44,5.84,56.06
1777243996,10.00,27.25,9.25,22.41,18.39,17.66,25.43,6.37,56.15
1777243998,9.94,27.50,9.00,22.46,18.37,17.55,25.42,5.69,56.06
1777243999,10.00,27.25,9.50,22.48,18.39,17.53,25.41,5.77,56.08
1777244001,10.00,27.25,9.25,22.35,18.36,17.62,25.43,6.13,56.17
1777244002,10.00,27.25,9.25,22.51,18.39,17.93,25.45,5.84,56.15
1777244004,9.94,26.50,9.50,22.55,18.40,17.67,25.41,5.88,56.15
1777244006,10.00,27.00,9.75,22.60,18.41,17.70,25.41,6.39,56.25
1777244007,9.94,26.75,9.50,22.39,18.37,17.63,25.41,5.72,56.15
1777244009,10.00,27.00,9.75,22.32,18.37,17.67,25.40,5.69,56.16
1777244010,9.94,26.75,10.00,22.28,18.36,17.55,25.37,6.20,56.27
1777244012,10.00,26.75,9.75,22.28,18.37,17.69,25.38,5.71,56.22
1777244014,9.94,26.75,9.75,22.36,18.38,17.50,25.37,5.83,56.27
1777244015,9.94,26.50,9.25,22.51,18.39,17.55,25.36,6.44,56.36
1777244017,9.94,26.75,9.75,22.29,18.39,17.76,25.37,5.71,56.27
1777244019,9.94,27.00,9.75,22.41,18.39,17.67,25.37,5.52,56.25
1777244020,9.94,26.75,9.25,22.32,18.39,17.74,25.36,5.86,56.32
1777244022,10.00,27.00,9.75,22.35,18.39,17.57,25.35,6.09,56.38
1777244023,10.00,27.25,9.50,22.23,18.39,17.74,25.34,5.55,56.30
1777244025,9.94,27.00,9.00,22.59,18.43,17.52,25.31,6.31,56.45
1777244027,9.88,27.00,9.50,22.38,18.42,17.45,25.30,5.70,56.35
1777244028,9.94,27.25,9.50,22.12,18.37,17.73,25.32,5.69,56.35
1777244030,9.94,27.25,9.50,22.61,18.44,17.58,25.33,5.69,56.39
1777244031,9.94,27.25,9.50,22.30,18.38,17.78,25.33,6.21,56.49
1777244033,9.94,27.25,9.75,22.27,18.39,17.73,25.33,5.71,56.41
1777244035,9.94,27.75,9.25,22.26,18.40,17.71,25.31,6.16,56.51
1777244036,9.94,27.50,9.75,22.27,18.40,17.58,25.30,6.10,56.50
1777244038,9.94,27.25,9.75,22.46,18.42,17.94,25.33,5.69,56.43
1777244039,9.94,27.25,9.75,22.62,18.44,17.69,25.30,5.72,56.44
1777244041,9.94,27.00,9.50,22.50,18.42,17.74,25.30,5.80,56.46
1777244043,9.94,27.50,9.50,22.38,18.41,17.72,25.30,5.84,56.46
1777244044,9.94,27.25,9.75,22.34,18.41,17.70,25.28,6.20,56.51
1777244046,9.94,27.00,9.50,22.38,18.42,17.64,25.27,5.69,56.40
1777244047,10.00,27.50,9.00,22.38,18.40,17.83,25.29,6.21,56.48
1777244049,9.94,27.50,9.75,22.33,18.42,17.62,25.26,5.87,56.40
1777244051,9.94,27.25,9.50,22.45,18.42,17.62,25.27,6.08,56.46
1777244052,9.94,27.50,10.00,22.31,18.41,17.87,25.30,5.89,56.38
1777244054,9.94,27.50,10.00,22.62,18.45,17.69,25.27,6.12,56.41
1777244055,9.94,27.75,10.00,22.44,18.43,17.73,25.26,5.77,56.32
1777244057,9.94,27.75,10.00,22.44,18.43,17.84,25.30,5.85,56.35
1777244059,10.00,27.50,9.75,22.39,18.44,17.70,25.27,5.99,56.35
1777244060,9.94,27.25,9.50,22.41,18.44,17.55,25.23,5.75,56.31
1777244062,9.94,26.75,9.75,22.60,18.45,17.65,25.25,5.76,56.28
1777244063,10.00,27.00,9.50,22.44,18.43,17.94,25.28,5.77,56.26
1777244065,10.00,26.75,9.50,22.50,18.44,17.87,25.28,5.61,56.22
1777244067,9.94,26.50,10.00,22.40,18.44,17.75,25.26,5.96,56.26
1777244068,9.94,27.00,9.75,22.35,18.43,17.73,25.23,6.12,56.28
1777244070,9.94,26.75,9.75,22.30,18.43,17.89,25.26,5.75,56.23
1777244071,9.94,27.25,9.75,22.37,18.43,17.75,25.25,5.89,56.25
1777244073,9.94,26.75,9.50,22.31,18.44,17.98,25.28,5.84,56.23
1777244075,9.94,27.00,9.00,22.44,18.44,17.76,25.26,5.94,56.28
1777244076,9.94,27.25,9.25,22.22,18.40,17.71,25.25,5.73,56.25
1777244078,9.94,27.25,9.75,22.40,18.43,17.73,25.25,5.90,56.30
1777244080,9.94,27.00,9.75,22.51,18.45,17.76,25.28,6.13,56.36
1777244081,9.94,26.75,9.50,22.38,18.42,17.63,25.23,6.34,56.40
1777244083,9.94,27.00,9.25,22.31,18.42,17.76,25.25,5.89,56.35
1777244084,9.94,27.25,9.50,22.38,18.44,17.48,25.22,5.73,56.34
1777244086,9.94,27.50,9.50,22.25,18.42,17.80,25.28,5.63,56.35
1777244088,9.94,27.00,9.50,22.41,18.43,17.76,25.29,6.25,56.47
1777244089,9.94,26.75,9.75,22.22,18.41,17.80,25.29,6.18,56.49
1777244091,9.94,27.00,9.75,22.34,18.44,17.75,25.29,5.84,56.44
1777244092,9.94,27.00,9.75,22.53,18.45,17.91,25.31,5.64,56.42
1777244094,9.88,27.25,9.75,22.46,18.45,17.68,25.29,5.80,56.44
1777244096,9.94,26.75,9.75,22.61,18.47,17.70,25.29,5.69,56.46
1777244097,9.88,27.00,10.00,22.52,18.45,17.64,25.27,6.33,56.55
1777244099,9.94,26.75,9.25,22.45,18.43,17.81,25.30,6.65,56.63
1777244100,9.81,27.00,9.00,22.47,18.44,17.69,25.28,5.72,56.44
1777244102,9.88,27.00,9.25,22.36,18.42,17.78,25.30,6.31,56.55
1777244104,9.88,26.00,9.75,22.24,18.42,17.64,25.28,5.73,56.46
1777244105,9.88,26.75,9.50,22.39,18.44,17.53,25.26,5.72,56.47
1777244107,9.88,26.50,9.50,22.52,18.45,17.55,25.26,5.75,56.48
1777244108,9.81,27.00,9.25,22.35,18.43,17.45,25.27,5.86,56.51
1777244110,9.88,26.75,9.75,22.59,18.46,17.52,25.27,5.89,56.52
1777244112,9.88,26.75,9.50,22.54,18.46,17.80,25.33,6.09,56.55
1777244113,9.94,26.75,9.75,22.24,18.40,17.62,25.31,5.72,56.50
1777244115,9.88,26.75,9.50,22.29,18.43,17.60,25.34,5.68,56.50
1777244116,9.81,26.25,9.25,22.39,18.43,17.61,25.35,5.94,56.55
1777244118,9.88,26.50,10.00,22.19,18.40,17.61,25.34,6.16,56.58
1777244120,9.88,27.00,9.25,22.20,18.39,17.50,25.35,5.57,56.47
1777244121,9.88,27.00,10.00,22.29,18.41,17.52,25.33,5.68,56.52
1777244123,9.88,26.75,10.00,22.28,18.42,17.86,25.37,6.20,56.63
1777244124,9.81,26.75,9.25,22.26,18.41,17.72,25.38,5.70,56.53
1777244126,9.88,27.25,9.50,22.17,18.40,17.67,25.36,6.18,56.62
1777244128,9.88,27.00,9.25,22.27,18.42,17.66,25.37,5.82,56.56
1777244129,9.88,26.75,9.25,22.19,18.40,17.73,25.37,5.86,56.57
1777244131,9.88,26.75,10.00,22.45,18.45,17.65,25.35,6.14,56.64
1777244132,9.88,26.75,9.50,22.65,18.48,17.45,25.33,5.67,56.56
1777244134,9.88,26.75,10.00,22.53,18.45,17.59,25.35,6.28,56.67
1777244136,9.88,27.00,10.00,22.37,18.42,17.63,25.36,5.88,56.59
1777244137,9.88,26.75,10.00,22.22,18.42,17.89,25.40,6.03,56.65
1777244139,9.88,27.25,10.00,22.23,18.42,17.63,25.37,5.68,56.58
1777244141,9.94,27.25,9.75,22.18,18.42,17.55,25.36,5.67,56.57
1777244142,9.88,27.00,9.50,22.17,18.42,17.58,25.37,5.75,56.60
1777244144,9.88,27.25,9.50,22.26,18.42,17.61,25.37,5.51,56.55
1777244145,9.94,27.25,10.00,22.19,18.41,17.75,25.40,5.75,56.59
1777244147,9.88,27.00,9.75,22.16,18.40,17.57,25.39,5.61,56.55
1777244149,9.94,27.25,9.75,22.48,18.45,17.67,25.39,6.25,56.66
1777244150,9.88,27.00,9.25,22.51,18.45,17.57,25.38,5.71,56.54
1777244152,9.94,27.25,9.50,22.14,18.40,17.52,25.39,6.22,56.61
1777244153,9.88,27.25,9.25,22.27,18.41,17.52,25.38,5.69,56.53
1777244155,9.88,27.25,9.25,22.28,18.42,17.53,25.39,5.70,56.52
1777244157,9.88,27.50,9.50,22.16,18.41,17.54,25.41,5.80,56.54
1777244158,9.94,27.50,9.25,22.40,18.43,17.57,25.41,5.87,56.55
1777244160,9.88,27.00,9.50,22.25,18.43,17.68,25.41,5.71,56.50
1777244161,9.88,27.75,9.50,22.18,18.40,17.59,25.41,5.86,56.53
1777244163,9.88,27.50,9.50,22.53,18.45,17.82,25.45,5.90,56.53
1777244165,9.88,27.50,9.25,22.40,18.44,17.58,25.43,5.84,56.52
1777244166,9.94,27.75,10.00,22.42,18.44,17.51,25.42,5.49,56.44
1777244168,9.88,27.25,9.75,22.08,18.41,17.63,25.41,5.68,56.46
1777244169,9.88,27.25,9.50,22.28,18.43,17.53,25.41,6.03,56.53
1777244171,9.88,27.75,9.50,22.27,18.43,17.48,25.39,5.80,56.47
1777244173,9.88,27.75,9.75,22.25,18.45,17.51,25.39,5.73,56.45
1777244174,9.94,27.25,9.50,22.43,18.46,17.55,25.41,5.59,56.43
1777244176,9.88,27.75,10.00,22.37,18.43,17.62,25.43,5.90,56.45
1777244177,9.94,27.50,9.50,22.53,18.46,17.87,25.46,5.88,56.42
1777244179,9.94,27.50,9.75,22.23,18.42,17.67,25.41,5.88,56.43
1777244181,9.94,27.75,9.75,22.36,18.45,17.60,25.40,5.88,56.41
1777244182,9.94,27.75,10.00,22.43,18.46,17.46,25.38,5.69,56.36
1777244184,9.94,28.00,9.75,22.25,18.43,17.78,25.42,5.73,56.37
1777244185,9.94,27.75,9.50,22.51,18.47,17.73,25.42,5.77,56.35
1777244187,9.94,27.75,9.50,22.35,18.47,17.86,25.45,5.89,56.37
1777244189,9.94,27.75,9.25,22.50,18.47,17.63,25.40,5.98,56.37
1777244190,9.88,27.50,10.00,22.59,18.49,17.72,25.41,5.73,56.32
1777244192,9.88,27.75,9.75,22.57,18.49,17.84,25.45,6.02,56.35
1777244193,9.94,27.75,10.25,22.34,18.47,17.55,25.42,5.88,56.32
1777244195,9.88,27.75,10.00,22.11,18.44,17.56,25.42,5.71,56.29
1777244197,9.88,27.50,10.00,22.19,18.45,17.75,25.44,5.90,56.31
1777244198,10.00,27.75,9.75,22.50,18.48,17.86,25.45,5.91,56.30
1777244200,10.00,27.75,9.25,22.38,18.48,17.66,25.44,5.85,56.27
1777244201,10.00,28.25,9.75,22.44,18.49,17.80,25.46,6.13,56.29
1777244203,9.94,27.50,9.75,22.37,18.48,17.65,25.44,5.98,56.25
1777244205,10.00,27.25,10.00,22.26,18.45,17.62,25.42,6.09,56.27
1777244206,9.94,27.50,9.50,22.23,18.46,17.52,25.42,5.79,56.21
1777244208,10.00,27.50,9.00,22.12,18.45,17.53,25.42,6.16,56.26
1777244210,9.94,27.75,9.75,22.36,18.46,18.00,25.48,6.07,56.22
1777244211,9.94,27.50,9.25,22.42,18.48,17.82,25.45,6.13,56.24
1777244213,9.94,28.00,9.50,22.39,18.47,17.67,25.45,5.85,56.18
1777244214,9.94,28.00,9.75,22.25,18.47,17.49,25.41,6.02,56.20
1777244216,9.94,27.75,10.00,22.59,18.52,17.53,25.41,5.84,56.17
1777244218,9.94,28.00,9.75,22.24,18.47,17.60,25.43,5.95,56.19
1777244219,10.00,28.00,9.75,22.31,18.48,17.70,25.45,5.61,56.12
1777244221,9.94,28.00,9.75,22.32,18.47,17.56,25.45,5.71,56.15
1777244222,9.94,28.00,9.25,22.08,18.44,17.42,25.43,6.23,56.24
1777244224,9.94,27.50,9.75,22.34,18.47,17.41,25.42,5.94,56.17
1777244226,9.94,27.50,10.00,22.58,18.49,17.68,25.46,5.71,56.14
1777244227,9.94,27.25,9.50,22.23,18.46,17.69,25.48,5.65,56.11
1777244229,9.94,28.00,9.75,22.24,18.48,17.61,25.47,6.09,56.20
1777244230,9.94,27.75,10.00,22.27,18.47,17.67,25.49,5.90,56.18
1777244232,9.94,27.50,9.50,22.52,18.49,17.65,25.48,5.87,56.16
1777244234,10.00,28.00,10.00,22.48,18.48,17.73,25.48,6.37,56.26
1777244235,10.00,27.25,9.75,22.31,18.47,17.91,25.53,5.80,56.15
1777244237,10.00,27.50,9.50,22.36,18.49,17.50,25.47,5.87,56.17
1777244238,9.94,27.50,10.00,22.38,18.48,17.39,25.46,6.29,56.24
1777244240,10.00,27.50,9.75,22.26,18.47,17.36,25.46,5.89,56.18
1777244242,10.00,27.25,9.75,22.15,18.47,17.51,25.48,5.86,56.15
1777244243,9.94,27.25,9.75,22.59,18.52,17.29,25.45,5.84,56.16
1777244245,10.00,27.00,9.75,22.33,18.48,17.73,25.51,5.84,56.17
1777244246,9.94,27.25,8.75,22.28,18.47,17.45,25.48,6.12,56.21
1777244248,9.94,26.75,9.00,22.29,18.47,17.48,25.48,5.94,56.20
1777244250,9.94,27.00,9.50,22.28,18.48,17.35,25.47,6.02,56.20
1777244251,10.00,26.75,9.50,22.26,18.47,17.33,25.46,5.73,56.16
1777244253,9.94,26.75,8.50,22.13,18.45,17.76,25.51,5.98,56.20
1777244254,9.94,26.75,9.25,22.19,18.47,17.86,25.53,5.62,56.13
1777244256,9.94,26.75,9.00,22.27,18.47,17.72,25.52,6.22,56.26
1777244258,9.94,26.75,9.00,22.24,18.48,17.60,25.49,5.69,56.16
1777244259,9.94,26.25,9.25,22.36,18.48,17.34,25.46,5.79,56.22
1777244261,9.88,26.25,9.25,22.29,18.48,17.40,25.47,6.03,56.29
1777244262,9.88,26.25,8.75,22.55,18.50,17.45,25.47,6.32,56.34
1777244264,9.88,26.00,8.75,22.37,18.49,17.63,25.50,5.77,56.28
1777244266,9.88,26.00,9.00,22.65,18.53,17.83,25.52,5.81,56.33
1777244267,9.88,26.50,9.00,22.42,18.51,17.47,25.47,5.89,56.36
1777244269,9.81,26.50,9.25,22.23,18.47,17.34,25.46,5.63,56.34
1777244271,9.81,26.50,9.00,22.23,18.48,17.40,25.51,5.64,56.37
1777244272,9.81,26.50,9.25,22.25,18.49,17.53,25.51,5.69,56.42
1777244274,9.81,26.50,9.25,22.33,18.52,17.52,25.50,5.80,56.45
1777244275,9.81,26.75,9.00,22.28,18.50,17.29,25.49,6.05,56.54
1777244277,9.81,26.75,9.50,22.44,18.52,17.68,25.55,5.53,56.48
1777244279,9.81,27.00,9.50,22.31,18.50,17.73,25.57,5.69,56.50
1777244280,9.81,26.50,9.25,22.40,18.52,17.68,25.55,5.85,56.55
1777244282,9.81,27.00,9.50,22.55,18.56,17.30,25.52,6.12,56.64
1777244283,9.88,27.00,9.25,22.21,18.49,17.45,25.54,5.60,56.56
1777244285,9.88,27.00,9.75,22.54,18.53,17.40,25.53,5.69,56.61
1777244287,9.81,27.00,9.75,22.26,18.50,17.57,25.57,5.94,56.65
1777244288,9.88,27.25,9.50,22.12,18.49,17.43,25.54,5.58,56.61
1777244290,9.81,27.25,9.75,22.38,18.52,17.27,25.53,5.77,56.64
1777244291,9.81,27.25,9.75,22.27,18.50,17.41,25.55,5.88,56.66
1777244293,9.88,27.50,9.75,22.30,18.52,17.42,25.52,5.81,56.67
1777244295,9.88,27.75,9.50,22.24,18.52,17.73,25.58,5.70,56.67
1777244296,9.88,27.50,9.75,22.44,18.54,17.36,25.55,5.73,56.65
1777244298,9.88,27.75,9.75,22.32,18.52,17.37,25.53,6.44,56.76
1777244299,9.88,27.50,10.00,22.29,18.51,17.54,25.57,5.98,56.68
1777244301,9.88,27.50,10.25,22.17,18.50,17.50,25.58,5.72,56.63
1777244303,9.88,27.25,9.50,22.32,18.52,17.60,25.60,6.17,56.69
1777244304,9.88,27.75,9.75,22.31,18.52,17.76,25.61,5.84,56.63
1777244306,9.88,27.75,9.75,22.31,18.52,17.48,25.57,5.79,56.61
1777244307,9.94,27.75,9.75,22.35,18.52,17.67,25.59,5.98,56.63
1777244309,9.94,27.75,9.50,22.35,18.50,17.39,25.54,5.86,56.59
1777244311,9.88,28.00,9.75,22.32,18.51,17.36,25.54,5.85,56.57
1777244312,9.94,27.50,10.00,22.29,18.51,17.47,25.55,5.62,56.49
1777244314,9.94,27.50,10.00,22.67,18.55,17.63,25.57,5.87,56.51
1777244315,9.94,27.50,10.00,22.48,18.53,17.65,25.56,6.07,56.51
1777244317,9.94,27.00,9.50,22.40,18.52,17.63,25.56,5.85,56.46
1777244319,9.94,27.50,9.75,22.44,18.51,17.52,25.53,6.07,56.46
1777244320,9.94,27.00,10.00,22.30,18.51,17.38,25.53,5.85,56.42
1777244322,9.94,27.25,9.50,22.23,18.50,17.54,25.52,5.78,56.39
1777244323,9.88,27.25,10.00,22.26,18.49,17.47,25.53,6.65,56.53
1777244325,9.94,27.00,9.75,22.27,18.49,17.76,25.56,5.90,56.40
1777244327,9.94,27.00,9.75,22.40,18.53,17.50,25.53,5.79,56.37
1777244328,9.94,27.25,10.00,22.44,18.53,17.59,25.53,5.70,56.35
1777244330,9.94,27.25,9.50,22.34,18.52,17.76,25.56,6.33,56.45
1777244332,9.94,27.50,10.00,22.22,18.51,17.72,25.55,6.20,56.44
1777244333,9.94,27.25,9.75,22.27,18.52,17.56,25.54,5.71,56.36
1777244335,9.94,27.50,9.75,22.27,18.50,17.47,25.53,6.03,56.42
1777244336,9.94,27.50,9.50,22.29,18.52,17.56,25.54,6.19,56.46
1777244338,9.94,27.00,10.00,22.65,18.56,17.73,25.56,6.35,56.50
1777244340,9.94,26.75,9.75,22.52,18.55,17.76,25.57,5.72,56.43
1777244341,9.94,27.25,9.75,22.41,18.53,17.66,25.58,5.68,56.43
1777244343,9.94,27.25,9.50,22.34,18.53,17.47,25.55,6.46,56.57
1777244344,9.94,26.75,9.50,22.23,18.51,17.41,25.56,6.01,56.51
1777244346,10.00,26.75,9.50,22.64,18.55,17.44,25.55,5.69,56.48
1777244348,10.00,26.75,9.50,22.47,18.54,17.48,25.56,6.27,56.56
1777244349,10.00,27.00,9.50,22.32,18.54,17.82,25.59,6.33,56.59
1777244351,10.00,27.00,9.50,22.34,18.52,17.96,25.60,5.67,56.48
1777244352,9.94,27.00,9.75,22.34,18.53,17.36,25.54,5.67,56.49
1777244354,10.00,27.00,9.50,22.62,18.57,17.34,25.54,6.02,56.57
1777244356,10.00,27.00,9.00,22.27,18.52,17.35,25.55,5.80,56.53
1777244357,10.00,26.50,9.50,22.56,18.55,17.34,25.56,6.17,56.60
1777244359,9.94,27.00,10.00,22.23,18.53,17.79,25.60,6.28,56.63
1777244360,9.94,27.00,9.75,22.22,18.51,17.70,25.60,6.16,56.62
1777244362,9.94,27.00,9.50,22.15,18.52,17.34,25.55,5.69,56.55
1777244364,9.94,27.00,9.50,22.56,18.57,17.59,25.58,6.09,56.64
1777244365,10.00,26.50,9.25,22.16,18.51,17.45,25.56,5.79,56.59
1777244367,10.00,27.00,9.50,22.32,18.54,17.52,25.56,5.83,56.61
1777244368,9.94,26.75,9.25,22.06,18.51,17.55,25.56,5.76,56.61
1777244370,9.94,27.25,9.25,22.31,18.56,17.51,25.57,6.06,56.69
1777244372,9.94,27.00,9.50,22.33,18.53,17.63,25.59,5.66,56.62
1777244373,9.88,27.00,9.00,22.19,18.54,17.37,25.58,5.65,56.64
1777244375,9.94,27.25,9.75,22.55,18.57,17.41,25.55,5.92,56.68
1777244376,9.94,26.75,9.50,22.57,18.58,17.45,25.57,5.81,56.70
1777244378,9.88,27.25,9.50,22.41,18.57,17.55,25.60,5.52,56.63
1777244380,9.94,26.50,9.25,22.21,18.53,17.73,25.61,5.84,56.70
1777244381,9.94,26.75,9.75,22.16,18.52,17.61,25.62,5.77,56.70
1777244383,10.00,27.00,9.50,22.42,18.57,17.40,25.60,5.67,56.68
1777244384,10.00,27.00,9.25,22.66,18.57,17.48,25.60,5.88,56.72
1777244386,9.94,27.00,9.50,22.36,18.57,17.41,25.58,6.22,56.79
1777244388,9.94,27.25,9.50,22.43,18.56,17.26,25.57,5.52,56.68
1777244389,10.00,27.25,9.50,22.56,18.60,17.60,25.62,5.73,56.71
1777244391,10.00,27.25,9.50,22.32,18.56,17.48,25.63,5.71,56.71
1777244392,9.94,26.75,9.75,22.29,18.58,17.35,25.60,5.78,56.71
1777244394,9.94,27.00,10.00,22.32,18.57,17.30,25.59,5.71,56.71
1777244396,9.94,26.75,9.75,22.55,18.59,17.29,25.62,5.76,56.70
1777244397,9.94,26.75,9.50,22.42,18.58,17.48,25.62,6.18,56.79
1777244399,9.94,27.00,9.25,22.28,18.55,17.66,25.66,5.86,56.72
1777244401,9.94,26.75,9.75,22.31,18.56,17.48,25.65,5.67,56.68
1777244402,10.00,26.75,9.25,22.25,18.54,17.30,25.61,6.05,56.76
1777244404,9.94,26.75,9.75,22.56,18.59,17.31,25.62,5.66,56.70
1777244405,9.94,26.75,9.75,22.29,18.56,17.29,25.61,5.69,56.69
1777244407,10.00,27.25,10.00,22.32,18.57,17.55,25.66,5.84,56.71
1777244409,9.94,27.00,9.25,22.34,18.58,17.50,25.67,5.72,56.68
1777244410,9.94,27.25,9.75,22.59,18.60,17.45,25.65,5.65,56.67
1777244412,9.94,27.25,10.00,22.62,18.61,17.35,25.65,6.00,56.72
1777244413,9.94,27.25,9.50,22.37,18.57,17.36,25.64,5.90,56.70
1777244415,9.94,27.50,9.25,22.50,18.58,17.45,25.66,6.07,56.70
1777244417,9.94,27.50,9.25,22.29,18.56,17.56,25.67,5.68,56.64
1777244418,9.94,27.00,9.50,22.29,18.56,17.48,25.67,5.90,56.68
1777244420,9.94,27.00,9.75,22.57,18.59,17.52,25.67,6.39,56.76
1777244421,9.94,27.50,9.50,22.27,18.55,17.30,25.63,6.19,56.73
1777244423,9.94,27.25,9.25,22.45,18.57,17.26,25.64,6.18,56.73
1777244425,9.94,27.50,9.25,22.33,18.55,17.36,25.64,5.72,56.64
1777244426,9.94,27.50,9.25,22.47,18.57,17.35,25.65,5.99,56.69
1777244428,9.94,27.25,9.75,22.28,18.55,17.56,25.69,6.83,56.82
1777244429,9.94,27.00,9.75,22.35,18.56,17.45,25.68,6.28,56.71
1777244431,9.94,27.50,9.50,22.40,18.57,17.27,25.63,6.03,56.67
1777244433,9.94,26.75,9.50,22.59,18.56,17.25,25.64,5.70,56.62
1777244434,9.88,27.00,9.25,22.42,18.56,17.33,25.64,5.70,56.61
1777244436,9.88,27.00,9.50,22.55,18.58,17.32,25.65,6.32,56.70
1777244437,9.88,27.25,9.50,22.58,18.60,17.45,25.66,5.94,56.62
1777244439,9.88,26.75,9.25,22.28,18.56,17.53,25.69,5.72,56.58
1777244441,9.81,26.75,9.75,22.59,18.58,17.50,25.67,6.41,56.70
1777244442,9.88,27.00,9.50,22.27,18.55,17.29,25.64,5.90,56.60
1777244444,9.88,26.75,9.25,22.45,18.58,17.29,25.67,5.87,56.61
1777244445,9.81,27.00,9.25,22.64,18.61,17.34,25.65,5.53,56.57
1777244447,9.88,26.75,9.25,22.33,18.57,17.38,25.66,5.62,56.60
1777244449,9.88,27.00,9.50,22.33,18.57,17.38,25.67,5.81,56.63
1777244450,9.88,27.00,9.50,22.41,18.58,17.83,25.72,5.86,56.65
1777244452,9.88,26.75,9.00,22.40,18.57,17.60,25.71,6.31,56.72
1777244453,9.88,26.75,9.50,22.26,18.57,17.48,25.68,5.64,56.63
1777244455,9.75,26.75,9.25,22.29,18.58,17.50,25.68,6.09,56.71
1777244457,9.81,26.25,9.00,22.56,18.60,17.50,25.68,5.88,56.71
1777244458,9.81,26.50,9.50,22.45,18.60,17.34,25.64,5.77,56.68
1777244460,9.81,26.75,9.25,22.31,18.59,17.25,25.62,6.11,56.76
1777244461,9.81,26.25,9.25,22.33,18.59,17.33,25.65,5.63,56.68
1777244463,9.88,26.75,9.75,22.27,18.57,17.71,25.69,6.33,56.82
1777244465,9.81,27.00,9.50,22.64,18.63,17.74,25.72,5.66,56.70
1777244466,9.81,26.75,9.50,22.46,18.61,17.54,25.68,5.90,56.76
1777244468,9.81,26.50,9.50,22.24,18.57,17.36,25.65,5.84,56.73
1777244470,9.81,26.50,9.75,22.32,18.58,17.28,25.65,5.66,56.74
1777244471,9.88,26.50,9.50,22.62,18.63,17.26,25.64,5.73,56.76
1777244473,9.81,26.75,9.50,22.57,18.63,17.26,25.66,5.74,56.76
1777244474,9.81,26.50,9.50,22.38,18.61,17.44,25.67,5.62,56.77
1777244476,9.81,26.75,9.50,22.47,18.62,17.27,25.66,6.36,56.90
1777244478,9.81,26.75,9.75,22.38,18.61,17.45,25.69,5.73,56.81
1777244479,9.81,27.00,9.25,22.33,18.60,17.44,25.70,6.31,56.91
1777244481,9.81,27.00,9.50,22.34,18.61,17.36,25.67,5.75,56.84
1777244482,9.81,26.75,9.50,22.70,18.65,17.39,25.70,5.77,56.86
1777244484,9.81,26.50,9.75,22.08,18.58,17.38,25.70,5.92,56.87
1777244486,9.88,26.50,9.50,22.32,18.62,17.26,25.68,5.95,56.89
1777244487,9.81,26.50,9.75,22.56,18.63,17.33,25.70,6.14,56.92
1777244489,9.88,27.00,9.75,22.52,18.63,17.37,25.71,6.33,56.96
1777244490,9.81,26.75,9.75,22.53,18.62,17.52,25.71,5.87,56.87
1777244492,9.81,26.75,9.50,22.34,18.60,17.55,25.74,5.64,56.83
1777244494,9.81,26.75,8.75,22.32,18.61,17.33,25.70,5.48,56.79
1777244495,9.88,26.75,9.25,22.25,18.62,17.39,25.71,5.62,56.81
1777244497,9.81,26.50,9.50,22.26,18.60,17.34,25.70,5.79,56.85
1777244498,9.81,26.75,9.25,22.59,18.65,17.36,25.69,5.70,56.84
1777244500,9.81,27.25,9.50,22.53,18.64,17.48,25.71,6.02,56.90
1777244502,9.81,27.00,9.75,22.53,18.63,17.43,25.71,5.83,56.86
1777244503,9.88,27.00,9.25,22.34,18.61,17.56,25.75,6.06,56.89
1777244505,9.81,27.00,9.00,22.20,18.60,17.29,25.69,5.66,56.84
1777244506,9.88,27.00,9.50,22.26,18.61,17.32,25.68,6.12,56.92
1777244508,9.88,27.00,9.75,22.29,18.61,17.30,25.70,5.84,56.86
1777244510,9.88,27.00,9.50,22.60,18.64,17.25,25.69,6.00,56.88
1777244511,9.88,26.75,9.50,22.55,18.65,17.52,25.72,5.92,56.88
1777244513,9.88,27.25,9.50,22.32,18.60,17.40,25.71,5.78,56.85
1777244514,9.88,27.00,9.75,22.36,18.61,17.52,25.73,6.08,56.91
1777244516,9.88,27.00,9.50,22.29,18.62,17.50,25.71,5.65,56.84
1777244518,9.88,27.00,9.50,22.31,18.60,17.42,25.71,6.14,56.89
1777244519,9.88,27.00,9.50,22.30,18.59,17.48,25.72,6.02,56.88
1777244521,9.88,26.75,9.50,22.42,18.62,17.49,25.74,5.85,56.82
1777244522,9.88,26.75,9.75,22.32,18.61,17.40,25.73,5.81,56.82
1777244524,9.81,27.00,9.75,22.32,18.61,17.32,25.71,5.68,56.76
1777244526,9.88,26.75,9.50,22.57,18.62,17.39,25.74,5.66,56.73
1777244527,9.94,26.75,9.25,22.46,18.61,17.32,25.73,5.91,56.77
1777244529,9.88,27.00,9.75,22.31,18.59,17.27,25.73,5.69,56.74
1777244531,9.88,26.50,9.50,22.62,18.64,17.26,25.72,5.90,56.77
1777244532,9.94,26.75,9.50,22.36,18.61,17.50,25.75,5.61,56.68
1777244534,9.94,27.00,10.00,22.27,18.59,17.33,25.72,5.69,56.72
1777244535,9.88,27.00,9.75,22.35,18.61,17.55,25.77,5.77,56.73
1777244537,9.88,27.00,9.75,22.43,18.61,17.30,25.73,5.88,56.75
1777244539,9.88,27.00,9.75,22.39,18.61,17.32,25.73,5.66,56.70
1777244540,9.94,26.50,9.25,22.53,18.62,17.30,25.71,5.82,56.74
1777244542,9.88,26.75,9.25,22.28,18.59,17.46,25.74,5.63,56.68
1777244543,9.94,26.25,9.50,22.29,18.60,17.26,25.71,6.15,56.79
1777244545,9.88,26.50,9.75,22.30,18.61,17.37,25.72,5.80,56.75
1777244547,9.88,26.75,9.75,22.58,18.64,17.53,25.74,5.98,56.78
1777244548,9.88,26.25,9.50,22.21,18.59,17.52,25.74,5.62,56.72
1777244550,9.88,26.25,9.25,22.01,18.58,17.39,25.71,5.81,56.72
1777244551,9.88,26.25,9.50,22.45,18.63,17.45,25.71,5.64,56.72
1777244553,9.88,25.50,9.50,22.59,18.65,17.35,25.70,6.26,56.81
1777244555,9.88,25.75,9.50,22.28,18.60,17.37,25.71,5.83,56.75
1777244556,9.88,25.50,9.25,22.33,18.61,17.55,25.72,5.99,56.76
1777244558,9.88,25.75,9.50,22.27,18.60,17.48,25.70,6.25,56.82
1777244559,9.88,25.25,9.25,22.40,18.63,17.43,25.69,5.81,56.75
1777244561,9.88,25.75,9.00,22.27,18.60,17.45,25.67,5.75,56.77
1777244563,9.88,25.75,8.75,22.31,18.61,17.56,25.68,5.97,56.82
1777244564,9.81,25.25,9.00,22.62,18.63,17.41,25.67,5.64,56.74
1777244566,9.81,25.50,9.25,22.49,18.63,17.62,25.67,5.76,56.80
1777244567,9.81,25.50,9.50,22.00,18.57,17.52,25.67,5.75,56.84
1777244569,9.88,26.00,9.25,22.29,18.61,17.35,25.64,5.58,56.82
1777244571,9.81,25.75,9.25,22.29,18.61,17.30,25.62,5.86,56.88
1777244572,9.81,25.75,9.00,22.52,18.64,17.40,25.64,5.83,56.89
1777244574,9.75,25.75,9.25,22.43,18.62,17.62,25.67,5.88,56.92
1777244575,9.81,25.75,9.00,22.51,18.65,17.53,25.64,5.75,56.95
1777244577,9.75,25.75,9.00,22.59,18.64,17.48,25.63,5.62,56.95
1777244579,9.75,25.75,9.25,22.37,18.62,17.58,25.65,5.56,56.96
1777244580,9.75,26.00,9.50,22.30,18.61,17.50,25.65,5.74,57.03
1777244582,9.81,26.00,9.25,22.14,18.59,17.30,25.61,5.60,57.03
1777244583,9.81,26.00,9.25,22.35,18.63,17.44,25.63,5.55,57.05
1777244585,9.75,26.00,9.00,22.38,18.64,17.39,25.60,5.60,57.09
1777244587,9.75,26.25,9.50,22.26,18.63,17.38,25.62,5.98,57.19
1777244588,9.81,26.25,9.25,22.29,18.63,17.42,25.62,5.57,57.14
1777244590,9.81,26.25,9.00,22.51,18.65,17.41,25.62,5.54,57.13
1777244591,9.75,26.25,9.00,22.08,18.60,17.51,25.63,5.43,57.14
1777244593,9.81,26.50,9.25,22.38,18.65,17.53,25.64,5.77,57.21
1777244595,9.75,26.50,9.25,22.29,18.62,17.45,25.63,5.74,57.20
1777244596,9.75,26.50,9.50,22.52,18.66,17.48,25.62,5.64,57.20
1777244598,9.75,26.50,9.25,22.56,18.67,17.50,25.64,6.41,57.34
1777244599,9.81,26.00,9.25,22.55,18.66,17.58,25.66,5.75,57.21
1777244601,9.75,26.50,9.50,22.53,18.66,17.63,25.65,6.01,57.27
1777244603,9.81,26.75,9.50,22.44,18.65,17.63,25.64,5.92,57.24
1777244604,9.75,26.00,9.25,22.03,18.60,17.39,25.61,6.01,57.26
1777244606,9.81,26.50,9.50,22.28,18.63,17.57,25.65,5.93,57.21
1777244608,9.81,26.50,9.25,22.43,18.65,17.34,25.62,5.94,57.20
1777244609,9.81,26.25,9.75,22.23,18.63,17.55,25.66,5.96,57.20
1777244611,9.81,26.25,9.25,22.33,18.65,17.36,25.64,5.94,57.17
1777244612,9.81,26.25,9.75,22.24,18.63,17.37,25.62,6.09,57.18
1777244614,9.81,26.00,9.25,22.54,18.67,17.43,25.63,5.82,57.11
1777244616,9.88,25.75,9.25,22.46,18.66,17.52,25.65,6.32,57.17
1777244617,9.81,26.25,9.50,22.34,18.64,17.47,25.64,5.60,57.03
1777244619,9.81,26.25,9.50,22.40,18.66,17.59,25.67,5.59,57.02
1777244620,9.81,26.50,9.25,22.44,18.65,17.40,25.64,5.59,57.00
1777244622,9.81,25.75,9.75,22.48,18.66,17.37,25.64,5.84,57.05
1777244624,9.81,26.50,9.25,22.38,18.65,17.35,25.65,5.85,57.07
1777244625,9.81,26.25,9.50,22.57,18.69,17.37,25.64,5.59,57.02
1777244627,9.81,26.25,9.00,22.38,18.65,17.44,25.66,5.57,57.01
1777244628,9.81,26.50,9.50,22.25,18.63,17.56,25.67,5.90,57.07
1777244630,9.81,26.50,9.25,22.38,18.65,17.27,25.63,5.98,57.09
1777244632,9.81,26.50,9.50,22.11,18.62,17.26,25.63,5.58,57.06
1777244633,9.81,26.50,9.50,22.28,18.64,17.39,25.65,5.81,57.07
1777244635,9.81,26.25,9.50,22.45,18.66,17.34,25.65,6.14,57.16
1777244636,9.81,26.25,9.25,22.07,18.62,17.34,25.65,5.59,57.07
1777244638,9.75,26.50,8.50,22.38,18.63,17.55,25.69,5.73,57.12
1777244640,9.75,26.50,9.75,22.27,18.64,17.49,25.67,5.91,57.14
1777244641,9.75,26.00,9.00,22.25,18.63,17.52,25.66,5.58,57.11
1777244643,9.81,26.50,9.50,22.14,18.63,17.30,25.64,5.51,57.11
1777244644,9.75,26.50,9.75,22.17,18.62,17.40,25.66,5.86,57.15
1777244646,9.81,26.50,9.75,22.22,18.63,17.36,25.64,5.68,57.15
1777244648,9.75,27.00,9.50,22.19,18.63,17.44,25.66,6.39,57.27
1777244649,9.81,27.00,9.50,22.29,18.64,17.73,25.68,5.96,57.20
1777244651,9.81,26.25,9.25,22.27,18.64,17.67,25.67,5.56,57.15
1777244652,9.81,26.50,9.50,22.40,18.65,17.48,25.64,5.95,57.20
1777244654,9.75,26.50,9.50,22.16,18.62,17.34,25.64,5.76,57.19
1777244656,9.81,26.75,9.50,22.16,18.62,17.48,25.65,5.92,57.20
1777244657,9.88,26.25,9.50,22.20,18.63,17.57,25.65,5.47,57.10
1777244659,9.81,26.00,9.25,22.39,18.66,17.63,25.65,5.81,57.15
1777244660,9.81,26.25,9.25,22.42,18.66,17.76,25.65,5.64,57.13
1777244662,9.81,26.25,9.25,22.43,18.64,17.51,25.63,5.90,57.14
1777244664,9.81,27.00,9.50,22.16,18.63,17.30,25.58,5.99,57.13
1777244665,9.81,27.00,9.50,22.04,18.61,17.36,25.57,6.06,57.11
1777244667,9.69,26.75,9.50,22.03,18.61,17.40,25.59,5.97,57.08
1777244668,9.81,26.50,9.50,22.13,18.62,17.64,25.61,5.77,57.03
1777244670,9.81,26.50,9.75,21.96,18.60,17.74,25.61,6.17,57.08
1777244672,9.88,26.75,9.25,22.43,18.67,17.51,25.58,5.95,57.03
1777244673,9.81,27.00,9.75,22.29,18.65,17.50,25.58,6.25,57.08
1777244675,9.81,26.75,9.75,22.08,18.61,17.41,25.56,5.70,56.96
1777244677,9.81,26.75,9.50,21.99,18.61,17.39,25.55,5.62,56.94
1777244678,9.88,26.75,9.50,22.48,18.68,17.39,25.54,5.34,56.88
1777244680,9.81,26.50,9.50,22.12,18.62,17.65,25.56,6.27,57.05
1777244681,9.81,26.50,9.50,22.12,18.63,17.66,25.55,5.66,56.93
1777244683,9.88,26.75,9.75,22.28,18.66,17.66,25.54,5.62,56.93
1777244685,9.81,26.25,9.25,22.21,18.65,17.70,25.55,5.98,56.98
1777244686,9.88,26.50,9.75,22.06,18.63,17.37,25.49,6.03,56.97
1777244688,9.81,27.00,9.50,22.03,18.61,17.40,25.50,5.71,56.95
1777244689,9.81,26.25,9.25,22.10,18.62,17.67,25.53,5.64,56.93
1777244691,9.81,26.75,9.50,22.08,18.62,17.68,25.52,5.56,56.90
1777244693,9.81,26.00,9.25,21.96,18.62,17.53,25.50,5.88,56.99
1777244694,9.81,26.25,9.25,22.23,18.64,17.74,25.52,6.07,57.00
1777244696,9.81,26.50,9.50,22.27,18.65,17.80,25.52,5.97,57.01
1777244697,9.88,26.75,9.25,22.12,18.63,17.70,25.50,5.90,57.00
1777244699,9.81,26.25,9.00,22.13,18.65,17.36,25.48,5.98,57.03
1777244701,9.81,26.50,9.75,22.07,18.63,17.52,25.51,5.91,57.02
1777244702,9.81,26.50,9.50,22.28,18.66,17.56,25.50,6.12,57.07
1777244704,9.81,26.25,9.50,22.19,18.67,17.34,25.47,5.67,56.99
1777244705,9.81,26.00,9.00,22.13,18.66,17.66,25.51,5.79,57.01
1777244707,9.81,26.25,9.25,22.11,18.65,17.67,25.50,6.44,57.13
1777244709,9.75,26.50,9.50,22.19,18.64,17.73,25.53,5.74,57.04
1777244710,9.81,26.50,9.50,22.04,18.62,17.48,25.48,5.59,56.99
1777244712,9.81,26.25,9.25,22.18,18.65,17.35,25.49,5.67,57.04
1777244713,9.75,26.50,9.50,22.12,18.64,17.33,25.48,5.97,57.10
1777244715,9.75,26.50,9.25,22.27,18.67,17.41,25.50,6.09,57.11
1777244717,9.75,26.25,9.25,22.12,18.64,17.42,25.50,5.51,57.03
1777244718,9.81,26.50,9.50,22.08,18.63,17.49,25.52,5.56,57.05
1777244720,9.75,26.50,9.25,22.10,18.63,17.37,25.52,5.46,57.03
1777244721,9.81,26.50,9.25,22.17,18.63,17.42,25.53,5.57,57.07
1777244723,9.75,26.50,9.50,22.24,18.66,17.55,25.56,5.74,57.11
1777244725,9.81,26.75,9.25,21.96,18.62,17.49,25.55,5.52,57.09
1777244726,9.75,26.50,9.50,22.13,18.66,17.57,25.57,5.52,57.10
1777244728,9.75,26.50,9.00,22.11,18.64,17.30,25.55,5.65,57.13
1777244729,9.75,26.50,9.25,21.97,18.63,17.46,25.58,5.73,57.16
1777244731,9.75,26.75,9.25,21.99,18.62,17.26,25.55,5.79,57.17
1777244733,9.75,26.50,9.00,22.38,18.68,17.43,25.59,5.78,57.19
1777244734,9.75,26.75,9.00,21.97,18.61,17.37,25.58,5.57,57.15
1777244736,9.75,27.00,9.75,22.19,18.64,17.73,25.62,5.73,57.18
1777244738,9.75,27.00,9.25,22.40,18.67,17.55,25.61,5.66,57.17
1777244739,9.75,26.75,9.50,22.10,18.63,17.44,25.61,6.22,57.27
1777244741,9.75,27.00,8.75,22.19,18.66,17.44,25.60,5.52,57.15
1777244742,9.75,27.00,10.00,21.90,18.61,17.65,25.65,6.16,57.27
1777244744,9.69,26.75,9.75,22.05,18.64,17.56,25.65,5.43,57.14
1777244746,9.81,26.75,9.50,22.01,18.63,17.30,25.61,5.77,57.16
1777244747,9.75,27.25,9.50,22.19,18.64,17.27,25.60,5.95,57.19
1777244749,9.75,27.00,9.00,22.22,18.66,17.27,25.61,5.71,57.14
1777244750,9.75,27.00,9.75,22.02,18.64,17.43,25.64,5.71,57.10
1777244752,9.75,27.00,9.25,22.11,18.63,17.44,25.62,6.18,57.16
1777244754,9.75,27.00,9.50,22.10,18.64,17.30,25.62,6.10,57.12
1777244755,9.75,26.50,9.50,22.06,18.64,17.43,25.63,6.09,57.12
1777244757,9.81,26.50,9.75,22.08,18.63,17.34,25.62,5.49,56.98
1777244758,9.75,26.75,9.25,22.10,18.63,17.43,25.63,6.28,57.08
1777244760,9.75,26.75,9.25,22.14,18.64,17.36,25.63,5.91,57.01
1777244762,9.81,27.00,9.75,22.06,18.64,17.29,25.61,5.90,56.99
1777244763,9.75,26.75,9.50,22.13,18.65,17.34,25.62,5.99,57.00
1777244765,9.81,26.50,9.75,21.97,18.62,17.25,25.62,5.94,56.95
1777244766,9.81,26.50,9.50,22.06,18.65,17.29,25.63,5.61,56.89
1777244768,9.75,26.50,9.00,22.05,18.65,17.43,25.64,5.58,56.88
1777244770,9.75,26.75,9.25,22.07,18.65,17.32,25.65,6.33,56.99
1777244771,9.75,26.75,9.25,22.48,18.70,17.38,25.66,5.65,56.87
1777244773,9.75,27.00,9.50,22.15,18.66,17.24,25.64,5.88,56.91
1777244774,9.75,26.75,9.50,22.15,18.67,17.48,25.65,5.62,56.87
1777244776,9.75,27.00,9.50,22.23,18.67,17.44,25.66,5.71,56.90
1777244778,9.75,26.75,9.00,22.05,18.66,17.30,25.64,5.80,56.91
1777244779,9.75,26.50,9.00,21.99,18.64,17.27,25.64,5.76,56.91
1777244781,9.75,25.75,9.00,21.93,18.64,17.33,25.65,5.58,56.89
1777244782,9.75,26.50,9.25,22.03,18.64,17.45,25.68,5.42,56.86
1777244784,9.75,26.50,9.25,22.01,18.63,17.45,25.65,5.58,56.89
1777244786,9.75,26.00,9.25,22.05,18.64,17.42,25.64,5.61,56.89
1777244787,9.75,26.25,9.50,22.08,18.64,17.51,25.65,5.70,56.95
1777244789,9.69,26.00,9.50,21.99,18.63,17.45,25.64,5.72,56.93
1777244790,9.75,26.00,8.75,22.16,18.65,17.54,25.64,5.64,56.94
1777244792,9.69,26.25,8.75,22.13,18.65,17.47,25.63,6.15,57.06
1777244794,9.75,25.75,8.75,21.96,18.63,17.33,25.60,5.69,56.98
1777244795,9.69,26.25,9.50,22.27,18.68,17.44,25.59,5.69,56.99
1777244797,9.75,25.25,9.25,22.14,18.65,17.43,25.61,5.31,56.96
1777244798,9.75,26.25,9.25,22.04,18.65,17.30,25.60,5.86,57.04
1777244800,9.69,25.75,9.75,21.99,18.64,17.40,25.60,5.50,57.03
1777244802,9.69,25.75,9.25,22.07,18.66,17.25,25.56,5.54,57.04
1777244803,9.69,25.75,9.50,22.14,18.66,17.52,25.62,5.57,57.08
1777244805,9.69,26.00,9.25,21.97,18.65,17.37,25.58,5.58,57.11
1777244807,9.69,25.50,9.25,21.94,18.65,17.21,25.56,5.47,57.12
1777244808,9.75,25.75,9.25,22.38,18.72,17.51,25.61,5.51,57.14
1777244810,9.81,25.50,9.50,22.04,18.66,17.26,25.61,5.34,57.13
1777244811,9.69,25.75,9.25,22.18,18.71,17.25,25.61,5.43,57.16
1777244813,9.75,25.75,9.50,22.05,18.70,17.56,25.68,5.35,57.18
1777244815,9.69,25.75,9.25,22.14,18.67,17.76,25.69,5.43,57.23
1777244816,9.75,25.75,9.25,22.01,18.68,17.20,25.64,5.41,57.24
1777244818,9.75,25.50,9.00,22.27,18.72,17.48,25.68,5.38,57.27
1777244819,9.75,25.25,9.50,22.23,18.71,17.47,25.68,5.55,57.31
1777244821,9.69,25.25,9.25,22.07,18.69,17.37,25.66,5.77,57.38
1777244823,9.75,25.75,9.00,22.12,18.69,17.48,25.69,5.48,57.34
1777244824,9.69,25.25,9.50,22.11,18.70,17.45,25.69,5.67,57.40
1777244826,9.69,25.75,9.50,22.12,18.70,17.41,25.69,5.88,57.46
1777244827,9.69,25.75,9.25,22.38,18.74,17.45,25.70,5.59,57.43
1777244829,9.69,25.25,9.25,22.03,18.68,17.32,25.69,5.40,57.41
1777244831,9.69,25.25,9.25,21.99,18.69,17.25,25.67,5.55,57.45
1777244832,9.69,25.25,9.00,21.95,18.68,17.44,25.71,5.48,57.46
1777244834,9.69,25.50,8.75,22.08,18.72,17.45,25.70,5.69,57.50
1777244835,9.69,25.50,9.25,22.10,18.70,17.40,25.70,5.63,57.52
1777244837,9.69,25.75,8.75,22.16,18.72,17.36,25.69,5.62,57.52
1777244839,9.75,25.75,9.25,22.02,18.70,17.37,25.69,5.38,57.51
1777244840,9.69,25.75,9.00,22.23,18.72,17.37,25.69,6.04,57.64
1777244842,9.63,25.75,9.50,22.16,18.72,17.30,25.68,5.70,57.58
1777244843,9.69,26.00,9.50,22.31,18.75,17.30,25.67,5.78,57.62
1777244845,9.69,25.50,9.00,22.20,18.73,17.62,25.71,5.45,57.56
1777244847,9.69,26.25,9.25,22.16,18.72,17.36,25.69,5.57,57.60
1777244848,9.69,25.50,9.25,22.19,18.74,17.38,25.70,5.56,57.61
1777244850,9.63,25.75,9.50,22.01,18.72,17.55,25.71,5.75,57.66
1777244851,9.69,26.25,9.25,22.07,18.73,17.23,25.69,5.34,57.59
1777244853,9.63,26.00,9.25,22.34,18.77,17.62,25.73,5.84,57.68
1777244855,9.69,26.25,9.25,22.10,18.73,17.27,25.69,5.27,57.61
1777244856,9.63,25.75,9.50,22.16,18.73,17.34,25.71,5.48,57.64
1777244858,9.69,26.00,9.25,21.99,18.72,17.29,25.71,5.62,57.65
1777244859,9.63,26.00,9.50,22.14,18.74,17.61,25.76,5.88,57.70
1777244861,9.63,26.25,8.75,21.82,18.69,17.30,25.69,5.64,57.65
1777244863,9.69,26.25,9.00,22.01,18.73,17.30,25.70,5.50,57.62
1777244864,9.63,26.00,9.25,22.38,18.77,17.25,25.68,5.45,57.58
1777244866,9.69,26.50,9.50,22.19,18.76,17.45,25.73,5.72,57.62
1777244867,9.69,26.00,9.25,22.01,18.72,17.57,25.72,5.85,57.63
1777244869,9.63,25.75,9.25,22.30,18.75,17.48,25.73,5.43,57.54
1777244871,9.69,26.00,9.25,22.03,18.73,17.44,25.72,5.57,57.56
1777244872,9.63,26.00,9.25,22.12,18.74,17.29,25.72,5.54,57.52
1777244874,9.63,25.75,8.50,22.16,18.74,17.33,25.72,5.70,57.55
1777244876,9.63,25.75,9.25,22.15,18.75,17.58,25.77,5.55,57.50
1777244877,9.63,25.75,9.25,22.38,18.76,17.30,25.73,5.62,57.51
1777244879,9.63,25.75,9.50,21.95,18.73,17.53,25.77,5.59,57.49
1777244880,9.63,25.50,9.25,21.99,18.72,17.48,25.76,5.56,57.46
1777244882,9.63,25.75,9.00,22.25,18.75,17.58,25.79,5.51,57.46
1777244884,9.63,25.75,9.25,22.29,18.75,17.35,25.76,5.55,57.45
1777244885,9.69,25.75,9.00,22.10,18.74,17.43,25.77,5.69,57.49
1777244887,9.69,25.75,9.25,22.14,18.74,17.33,25.75,5.86,57.50
1777244888,9.63,25.75,9.25,22.03,18.74,17.44,25.79,5.68,57.47
1777244890,9.63,25.25,8.75,21.97,18.72,17.47,25.78,5.55,57.45
1777244892,9.63,25.50,9.00,22.06,18.74,17.32,25.77,5.63,57.47
1777244893,9.63,25.50,9.00,21.91,18.72,17.26,25.76,5.85,57.50
1777244895,9.63,25.50,9.00,21.94,18.74,17.24,25.75,5.72,57.52
1777244896,9.63,25.50,9.25,22.40,18.78,17.30,25.78,5.35,57.45
1777244898,9.63,25.25,9.25,21.94,18.74,17.53,25.80,5.46,57.47
1777244900,9.63,25.25,9.50,22.47,18.77,17.55,25.79,5.71,57.53
1777244901,9.63,25.50,9.00,22.11,18.75,17.40,25.77,5.51,57.51
1777244903,9.63,25.00,8.50,22.12,18.77,17.30,25.75,5.84,57.58
1777244904,9.63,25.25,9.00,22.11,18.77,17.78,25.81,5.66,57.58
1777244906,9.56,25.50,9.00,22.33,18.76,17.50,25.76,5.80,57.61
1777244908,9.56,25.50,9.25,22.01,18.74,17.26,25.74,5.66,57.57
1777244909,9.63,25.00,8.75,22.13,18.77,17.52,25.77,5.67,57.60
1777244911,9.63,25.25,9.00,22.13,18.75,17.28,25.73,5.79,57.63
1777244912,9.56,24.75,9.25,22.20,18.78,17.54,25.76,5.45,57.57
1777244914,9.56,25.50,9.00,22.04,18.72,17.36,25.74,5.44,57.60
1777244916,9.56,25.50,9.00,22.43,18.81,17.60,25.77,5.47,57.63
1777244917,9.63,25.25,9.00,22.18,18.77,17.50,25.74,5.44,57.66
1777244919,9.63,25.50,9.00,22.14,18.75,17.42,25.76,5.51,57.68
1777244920,9.56,25.50,9.00,21.93,18.75,17.56,25.76,5.68,57.73
1777244922,9.56,25.25,9.00,22.11,18.78,17.58,25.77,5.49,57.72
1777244924,9.63,25.50,9.00,22.10,18.78,17.54,25.77,6.12,57.84
1777244925,9.56,25.25,9.00,21.90,18.76,17.55,25.74,5.86,57.79
1777244927,9.56,25.00,9.00,21.98,18.76,17.68,25.76,5.63,57.77
1777244928,9.56,25.25,9.00,21.97,18.77,17.57,25.76,5.31,57.73
1777244930,9.56,24.75,9.00,22.34,18.82,17.51,25.75,5.34,57.77
1777244932,9.56,24.75,8.75,22.38,18.82,17.56,25.74,5.51,57.80
1777244933,9.63,25.00,8.75,21.97,18.76,17.30,25.68,5.61,57.85
1777244935,9.50,24.75,9.50,21.95,18.77,17.38,25.70,5.48,57.85
1777244936,9.56,25.00,9.25,22.32,18.81,17.40,25.68,5.45,57.83
1777244938,9.50,24.75,8.50,22.00,18.78,17.44,25.67,5.34,57.83
1777244940,9.50,25.00,9.25,22.07,18.81,17.35,25.64,5.90,57.94
1777244941,9.50,24.25,9.00,22.03,18.78,17.33,25.65,5.41,57.88
1777244943,9.56,24.75,9.25,21.95,18.78,17.39,25.65,5.79,57.93
1777244945,9.50,25.00,9.25,22.15,18.82,17.26,25.61,5.40,57.89
1777244946,9.56,25.00,8.75,22.45,18.83,17.48,25.65,5.37,57.90
1777244948,9.50,24.75,8.75,22.19,18.81,17.23,25.59,6.13,58.04
1777244949,9.50,25.25,9.25,22.23,18.81,17.32,25.60,5.90,58.02
1777244951,9.50,25.25,9.00,21.93,18.77,17.30,25.63,5.47,57.94
1777244953,9.50,25.25,8.75,21.91,18.78,17.35,25.62,5.80,58.00
1777244954,9.50,25.25,9.25,22.19,18.82,17.28,25.59,5.58,57.98
1777244956,9.56,25.25,9.00,22.12,18.81,17.51,25.64,5.47,57.98
1777244957,9.50,25.50,9.00,21.97,18.79,17.41,25.64,5.31,57.97
1777244959,9.56,25.25,9.00,21.98,18.80,17.29,25.64,5.46,58.00
1777244961,9.56,25.25,9.00,21.97,18.81,17.52,25.66,5.48,58.02
1777244962,9.50,25.00,9.25,22.05,18.82,17.41,25.62,5.47,58.03
1777244964,9.50,25.25,9.25,22.12,18.83,17.43,25.65,5.37,58.01
1777244965,9.56,25.25,9.00,22.09,18.84,17.45,25.65,5.85,58.12
1777244967,9.56,25.50,9.25,22.01,18.83,17.46,25.64,5.34,58.05
1777244969,9.50,25.00,9.25,21.98,18.82,17.43,25.63,5.63,58.11
1777244970,9.50,25.25,9.00,22.39,18.87,17.29,25.63,5.65,58.12
1777244972,9.50,25.25,9.00,22.04,18.84,17.26,25.61,5.30,58.05
1777244973,9.50,25.00,9.00,21.98,18.82,17.31,25.60,5.30,58.07
1777244975,9.50,25.25,9.00,21.91,18.81,17.45,25.59,5.64,58.13
1777244977,9.56,25.00,9.50,21.96,18.83,17.60,25.64,5.31,58.08
1777244978,9.50,25.00,9.25,22.06,18.84,17.36,25.59,5.32,58.08
1777244980,9.50,25.25,8.75,22.10,18.85,17.27,25.58,5.40,58.10
1777244981,9.50,25.50,9.25,22.07,18.84,17.35,25.58,5.82,58.18
1777244983,9.50,25.50,9.25,22.05,18.84,17.26,25.58,5.33,58.09
1777244985,9.44,25.75,9.25,22.01,18.85,17.42,25.59,5.48,58.13
1777244986,9.50,25.50,8.75,22.00,18.85,17.46,25.60,5.33,58.11
1777244988,9.50,25.75,9.25,22.12,18.86,17.37,25.60,5.36,58.12
1777244989,9.50,26.25,9.25,22.12,18.86,17.41,25.61,5.30,58.11
1777244991,9.50,26.00,9.50,22.03,18.86,17.55,25.63,5.62,58.18
1777244993,9.56,25.75,9.50,21.97,18.84,17.41,25.62,5.48,58.16
1777244994,9.56,26.00,9.25,22.04,18.86,17.43,25.64,5.27,58.12
1777244996,9.50,25.50,9.25,21.93,18.83,17.37,25.63,5.33,58.13
1777244997,9.50,25.50,9.00,22.08,18.86,17.35,25.64,5.47,58.14
1777244999,9.50,25.50,9.50,22.01,18.85,17.23,25.62,5.57,58.14
1777245001,9.56,26.00,9.50,21.90,18.86,17.49,25.66,5.69,58.15
1777245002,9.56,26.00,9.25,21.87,18.83,17.24,25.65,5.49,58.09
1777245004,9.56,25.50,9.25,21.95,18.86,17.27,25.65,5.66,58.12
1777245005,9.56,26.00,9.25,22.04,18.91,17.60,25.70,5.50,58.05
1777245007,9.50,25.75,9.25,22.02,18.94,17.29,25.69,5.50,58.07
1777245009,9.50,26.00,9.50,21.88,18.95,17.47,25.76,5.36,58.08
1777245010,9.56,26.00,9.50,22.00,18.96,17.61,25.85,5.47,58.12
1777245012,9.56,25.25,9.00,21.98,18.95,17.34,25.85,5.43,58.14
1777245014,9.50,25.50,9.50,21.89,18.93,17.46,25.88,5.37,58.14
1777245015,9.56,25.75,9.00,22.03,18.97,17.44,25.89,5.39,58.12
1777245017,9.56,25.50,9.50,21.89,18.93,17.33,25.87,5.29,58.08
1777245018,9.50,25.75,9.75,22.03,18.95,17.35,25.88,5.78,58.20
1777245020,9.56,25.50,9.25,21.84,18.92,17.33,25.90,5.30,58.13
1777245022,9.50,25.75,9.25,21.96,18.94,17.38,25.90,5.49,58.18
1777245023,9.50,25.50,9.25,21.87,18.91,17.32,25.88,5.69,58.18
1777245025,9.56,25.75,9.25,22.17,18.95,17.55,25.90,5.70,58.17
1777245026,9.56,25.50,9.50,21.92,18.91,17.43,25.86,5.82,58.19
1777245028,9.56,25.75,8.75,21.97,18.92,17.43,25.84,5.48,58.12
1777245030,9.56,25.25,9.50,22.02,18.92,17.43,25.80,5.30,58.06
1777245031,9.56,25.50,9.00,22.07,18.92,17.34,25.76,5.37,58.09
1777245033,9.56,25.50,9.75,21.95,18.92,17.55,25.77,5.50,58.08
1777245034,9.56,25.00,9.25,22.06,18.93,17.50,25.75,5.42,58.07
1777245036,9.63,25.25,9.50,21.96,18.93,17.29,25.72,5.30,58.03
1777245038,9.56,24.75,9.50,21.83,18.90,17.32,25.71,5.64,58.08
1777245039,9.56,25.50,9.50,21.98,18.93,17.40,25.71,5.70,58.06
1777245041,9.63,25.75,9.75,21.76,18.90,17.57,25.72,5.51,58.00
1777245042,9.56,25.25,9.25,21.67,18.90,17.50,25.68,5.33,57.97
1777245044,9.63,25.25,9.50,21.97,18.93,17.55,25.68,5.64,58.00
1777245046,9.63,25.25,10.00,21.99,18.94,17.38,25.64,5.38,57.95
1777245047,9.63,24.75,9.00,21.95,18.93,17.38,25.63,5.58,57.96
1777245049,9.63,24.75,10.00,21.79,18.91,17.36,25.62,5.33,57.91
1777245050,9.63,25.25,9.25,21.99,18.94,17.37,25.63,5.69,57.98
1777245052,9.63,25.00,9.50,22.19,18.96,17.24,25.61,5.54,57.94
1777245054,9.69,25.25,9.25,22.11,18.95,17.37,25.65,5.31,57.88
1777245055,9.63,25.00,9.50,21.92,18.93,17.34,25.64,6.07,58.02
1777245057,9.63,25.25,9.75,21.90,18.94,17.36,25.62,5.36,57.91
1777245058,9.63,25.00,9.25,21.77,18.92,17.58,25.65,5.94,57.99
1777245060,9.63,25.25,9.75,21.62,18.90,17.49,25.62,5.48,57.90
1777245062,9.63,24.50,9.25,22.37,19.01,17.56,25.64,5.51,57.94
1777245063,9.69,25.00,9.25,22.08,18.96,17.41,25.62,5.51,57.93
1777245065,9.63,24.75,9.50,21.96,18.96,17.51,25.62,6.03,58.02
1777245066,9.69,25.00,9.50,21.86,18.94,17.52,25.62,5.81,57.98
1777245068,9.69,25.25,9.25,21.91,18.96,17.47,25.60,5.81,58.00
1777245070,9.69,24.75,9.25,21.93,18.95,17.46,25.61,5.32,57.92
1777245071,9.69,24.75,9.00,21.91,18.96,17.44,25.58,5.42,57.97
1777245073,9.69,24.75,9.00,21.93,18.95,17.34,25.56,5.63,57.99
1777245074,9.69,25.25,9.50,21.87,18.98,17.65,25.61,5.60,58.03
1777245076,9.69,25.25,9.00,21.97,18.98,17.41,25.62,5.61,58.05
1777245078,9.69,25.00,9.50,21.97,19.00,17.64,25.68,5.32,58.05
1777245079,9.69,25.50,9.25,21.95,18.99,17.58,25.71,5.47,58.10
1777245081,9.69,25.25,9.00,21.88,18.97,17.56,25.71,5.34,58.09
1777245083,9.63,25.00,9.00,21.91,19.00,17.30,25.67,5.48,58.16
1777245084,9.69,25.25,9.25,21.82,18.98,17.47,25.70,5.62,58.18
1777245086,9.69,25.50,9.50,21.86,18.98,17.43,25.71,5.43,58.17
1777245087,9.69,25.25,10.00,21.89,19.00,17.31,25.67,5.46,58.18
1777245089,9.69,25.00,10.00,21.86,19.01,17.53,25.69,5.52,58.19
1777245091,9.69,25.00,10.25,21.79,19.00,17.37,25.66,6.15,58.31
1777245092,9.69,24.75,10.00,21.88,19.01,17.27,25.64,6.38,58.36
1777245094,9.75,25.00,10.00,21.84,19.00,17.43,25.68,5.20,58.14
1777245095,9.75,25.00,9.50,21.84,19.00,17.37,25.68,5.86,58.27
1777245097,9.81,24.75,9.50,21.80,19.01,17.47,25.69,6.05,58.27
1777245099,9.75,24.75,9.25,21.66,18.98,17.30,25.68,5.50,58.17
1777245100,9.75,24.75,9.75,22.01,19.07,17.45,25.70,5.65,58.19
1777245102,9.81,24.75,9.50,21.84,19.02,17.34,25.69,5.66,58.19
1777245103,9.81,24.50,9.50,21.91,19.04,17.26,25.68,5.47,58.16
1777245105,9.75,25.00,8.75,21.73,19.02,17.40,25.68,5.45,58.15
1777245107,9.81,24.75,9.50,21.92,19.05,17.39,25.68,5.47,58.15
1777245108,9.81,25.00,9.25,22.01,19.06,17.45,25.68,5.17,58.09
1777245110,9.75,25.00,9.00,21.92,19.05,17.60,25.72,5.66,58.19
1777245111,9.75,24.25,9.25,21.95,19.07,17.40,25.67,5.23,58.11
1777245113,9.75,24.25,9.25,21.80,19.03,17.60,25.71,5.48,58.18
1777245115,9.75,24.75,9.50,21.75,19.04,17.52,25.67,5.63,58.20
1777245116,9.75,25.00,9.50,21.88,19.07,17.26,25.64,5.50,58.19
1777245118,9.75,25.00,9.50,21.88,19.06,17.47,25.65,5.59,58.20
1777245119,9.75,25.00,9.50,21.87,19.07,17.48,25.65,5.33,58.18
1777245121,9.81,24.75,9.50,21.87,19.07,17.30,25.64,5.16,58.15
1777245123,9.75,24.50,9.25,21.86,19.06,17.46,25.65,5.49,58.20
1777245124,9.81,25.25,9.25,21.88,19.07,17.33,25.64,5.30,58.18
1777245126,9.75,25.25,9.25,21.88,19.07,17.29,25.65,5.77,58.28
1777245127,9.75,25.25,9.25,21.78,19.05,17.39,25.66,5.34,58.19
1777245129,9.75,25.00,9.50,21.90,19.07,17.36,25.66,5.50,58.24
1777245131,9.75,25.25,9.00,21.71,19.05,17.26,25.66,5.35,58.22
1777245132,9.75,25.25,9.50,21.87,19.08,17.33,25.68,5.67,58.28
1777245134,9.75,25.75,9.50,21.78,19.06,17.46,25.83,5.64,58.35
1777245135,9.75,25.75,9.50,21.79,19.09,17.41,25.95,5.47,58.35
1777245137,9.75,25.50,9.75,21.74,19.09,17.24,26.03,5.26,58.37
1777245139,9.75,25.75,9.25,21.75,19.10,17.54,26.08,5.14,58.36
1777245140,9.75,25.50,9.00,21.77,19.11,17.49,26.08,6.06,58.53
1777245142,9.75,25.50,9.25,21.69,19.09,17.39,26.03,5.88,58.50
1777245144,9.75,25.50,9.00,21.85,19.12,17.30,26.01,5.66,58.44
1777245145,9.75,25.50,9.00,21.85,19.12,17.33,26.00,5.62,58.42
1777245147,9.81,25.25,9.25,21.77,19.11,17.30,25.96,5.46,58.38
1777245148,9.75,25.00,8.75,21.83,19.13,17.38,25.96,5.83,58.45
1777245150,9.75,25.50,9.00,21.78,19.11,17.58,26.05,5.48,58.42
1777245152,9.75,25.25,9.00,21.86,19.15,17.25,26.07,5.51,58.40
1777245153,9.75,25.00,9.25,21.87,19.13,17.38,26.12,5.60,58.43
1777245155,9.81,25.25,8.75,21.94,19.15,17.33,26.07,5.82,58.44
1777245156,9.75,25.50,9.00,21.76,19.13,17.42,26.03,5.48,58.35
1777245158,9.75,25.25,8.75,21.95,19.15,17.62,26.02,5.57,58.34
1777245160,9.75,25.00,8.75,21.78,19.13,17.30,25.91,5.36,58.28
1777245161,9.75,24.75,9.25,21.87,19.13,17.39,25.93,5.39,58.28
1777245163,9.81,25.25,9.75,21.74,19.14,17.45,25.93,5.35,58.28
1777245164,9.75,25.25,9.00,21.77,19.12,17.36,25.90,5.15,58.26
1777245166,9.75,25.25,9.00,21.85,19.15,17.58,25.94,5.47,58.31
1777245168,9.69,25.00,9.00,21.78,19.13,17.38,25.94,6.07,58.43
1777245169,9.75,25.50,9.00,21.76,19.17,17.24,25.91,5.49,58.34
1777245171,9.69,25.25,9.25,21.78,19.15,17.39,25.91,5.60,58.34
1777245172,9.69,25.00,8.50,21.89,19.18,17.31,25.85,5.62,58.33
1777245174,9.69,25.50,9.00,21.82,19.17,17.41,25.84,5.55,58.30
1777245176,9.69,24.75,8.75,21.76,19.15,17.45,25.83,5.26,58.24
1777245177,9.69,25.00,8.50,21.76,19.16,17.32,25.79,5.28,58.24
1777245179,9.75,25.25,9.25,21.66,19.15,17.35,25.77,5.56,58.26
1777245180,9.63,25.00,9.25,21.90,19.18,17.23,25.73,5.64,58.27
1777245182,9.69,24.50,9.25,21.86,19.18,17.37,25.74,5.34,58.25
1777245184,9.69,25.00,9.25,21.67,19.15,17.54,25.75,5.39,58.24
1777245185,9.69,25.00,9.25,21.74,19.16,17.50,25.75,5.42,58.23
1777245187,9.69,25.25,9.00,21.69,19.16,17.39,25.71,5.35,58.25
1777245188,9.63,25.25,8.50,21.81,19.18,17.47,25.72,5.42,58.26
1777245190,9.69,24.75,8.50,21.71,19.16,17.43,25.72,5.30,58.23
1777245192,9.69,24.75,8.75,21.84,19.17,17.48,25.74,5.40,58.26
1777245193,9.63,25.00,8.50,21.81,19.18,17.45,25.75,5.44,58.27
1777245195,9.63,25.25,8.50,21.91,19.18,17.45,25.73,5.62,58.32
1777245196,9.63,25.25,8.75,21.97,19.18,17.30,25.73,5.32,58.27
1777245198,9.69,24.50,9.00,21.88,19.18,17.45,25.73,5.30,58.26
1777245200,9.63,24.75,8.50,21.82,19.18,17.32,25.72,5.58,58.33
1777245201,9.63,24.75,8.75,22.01,19.20,17.51,25.72,5.43,58.29
1777245203,9.63,25.25,8.25,21.71,19.16,17.44,25.70,5.46,58.31
1777245204,9.63,24.75,8.75,21.71,19.18,17.30,25.70,5.75,58.36
1777245206,9.69,25.50,8.50,21.71,19.16,17.32,25.72,5.53,58.32
1777245208,9.63,25.50,8.75,21.81,19.20,17.57,25.74,5.52,58.33
1777245209,9.63,25.50,8.75,21.74,19.19,17.30,25.73,5.39,58.30
1777245211,9.56,25.25,9.00,21.76,19.19,17.26,25.74,5.05,58.26
1777245213,9.56,25.25,8.75,21.74,19.21,17.26,25.75,5.16,58.30
1777245214,9.63,24.75,9.00,21.80,19.23,17.68,25.87,5.39,58.39
1777245216,9.63,24.50,9.00,21.81,19.22,17.65,25.93,5.47,58.44
1777245217,9.63,24.75,8.75,21.82,19.25,17.47,25.98,5.23,58.42
1777245219,9.63,24.50,8.50,21.84,19.25,17.47,25.99,5.32,58.46
1777245221,9.63,25.50,8.50,21.69,19.24,17.64,26.02,5.34,58.45
1777245222,9.63,25.00,9.00,21.74,19.24,17.61,26.00,5.23,58.46
1777245224,9.56,25.00,8.75,21.76,19.24,17.45,25.97,5.25,58.46
1777245225,9.63,25.00,8.25,21.72,19.22,17.23,25.92,5.63,58.51
1777245227,9.56,25.00,8.50,21.66,19.22,17.32,25.93,5.35,58.46
1777245229,9.56,24.75,8.25,21.62,19.22,17.39,25.93,5.37,58.46
1777245230,9.56,25.25,8.75,21.84,19.25,17.35,25.92,5.52,58.50
1777245232,9.63,25.00,9.00,21.79,19.25,17.23,25.96,5.53,58.51
1777245233,9.56,25.00,8.50,21.78,19.23,17.52,26.01,5.56,58.52
1777245235,9.56,24.75,8.00,21.82,19.26,17.21,25.96,5.38,58.51
1777245237,9.56,24.75,8.50,21.65,19.23,17.25,25.98,5.19,58.49
1777245238,9.56,24.75,8.50,21.64,19.23,17.23,25.98,5.42,58.54
1777245240,9.50,24.50,8.75,21.68,19.23,17.48,26.01,5.35,58.55
1777245241,9.50,24.75,8.25,21.65,19.24,17.58,25.99,5.60,58.60
1777245243,9.50,25.00,8.50,21.65,19.22,17.62,26.00,5.10,58.53
1777245245,9.50,24.25,8.25,21.75,19.25,17.57,25.96,5.26,58.58
1777245246,9.50,24.50,9.00,21.75,19.25,17.55,25.96,5.33,58.59
1777245248,9.50,24.50,8.50,21.72,19.24,17.29,25.90,5.33,58.61
1777245249,9.50,24.25,8.75,21.76,19.25,17.56,25.92,5.08,58.57
