timestamp,temp1_black_evap_coil_side,temp2_tcouple_evap_coil_center,temp3_tcouple_by_fan,stemp1_ambient_room,shumid1_ambient_room,stemp2_outlet,shumid2_outlet,stemp3_inlet,shumid3_inlet
1778007578,12.06,11.50,13.00,21.36,47.75,19.48,61.94,23.60,89.32
1778007580,11.56,11.25,12.75,21.15,47.46,19.43,61.10,23.52,89.56
1778007582,11.13,10.75,12.25,21.27,47.19,19.26,60.25,23.71,89.92
1778007583,10.69,11.25,12.00,21.07,46.87,19.31,59.58,23.30,90.21
1778007585,10.31,11.75,12.00,21.13,46.61,19.22,58.90,23.52,90.69
1778007586,10.00,11.50,11.50,21.17,46.37,19.16,58.21,23.53,91.23
1778007588,9.75,12.00,11.75,21.40,46.21,19.23,57.60,23.11,91.84
1778007590,9.50,12.00,11.75,21.54,46.02,19.14,56.98,23.52,92.57
1778007591,9.38,12.25,11.25,21.34,45.81,19.13,56.35,22.41,93.26
1778007593,9.19,12.25,10.50,21.16,45.61,18.94,55.72,22.60,94.36
1778007594,9.06,12.25,10.50,21.17,45.46,18.88,55.19,21.91,95.19
1778007596,8.94,12.50,11.00,21.16,45.35,18.90,54.74,22.72,95.91
1778007598,8.94,12.50,11.00,21.14,45.22,18.66,54.28,22.46,95.31
1778007599,8.81,12.50,10.75,21.52,45.17,18.76,53.89,22.26,94.07
1778007601,8.75,12.25,10.75,21.34,45.04,18.56,53.47,22.02,92.25
1778007603,8.75,12.50,10.25,21.09,44.95,18.42,53.09,21.86,90.38
1778007604,8.75,12.25,10.50,21.62,44.93,18.35,52.78,21.97,88.71
1778007606,8.69,12.50,10.25,21.13,44.78,18.28,52.53,21.67,87.18
1778007607,8.63,12.50,10.50,21.30,44.76,18.40,52.34,21.52,85.64
1778007609,8.63,12.50,10.25,21.23,44.67,18.35,52.26,21.91,84.55
1778007611,8.56,12.25,10.25,21.60,44.65,18.29,52.15,21.98,83.54
1778007612,8.56,12.75,9.75,21.30,44.55,18.24,52.08,21.66,82.32
1778007614,8.56,12.25,10.00,21.21,44.48,18.24,52.06,21.10,81.09
1778007615,8.56,12.25,9.75,21.48,44.51,18.16,52.05,21.55,79.85
1778007617,8.56,11.75,10.00,21.51,44.48,18.08,52.08,21.16,78.06
1778007619,8.50,11.75,10.00,21.44,44.43,18.01,52.10,21.08,76.46
1778007620,8.50,12.25,10.00,21.33,44.37,18.01,52.16,21.29,75.03
1778007622,8.50,12.00,10.25,21.30,44.33,17.84,52.18,20.96,73.54
1778007623,8.44,12.00,10.25,21.52,44.35,17.76,52.27,20.70,72.09
1778007625,8.44,12.25,10.00,21.44,44.33,17.73,52.40,21.12,71.25
1778007627,8.38,12.00,10.25,21.29,44.29,17.72,52.50,20.97,70.25
1778007628,8.44,11.50,9.25,21.19,44.26,17.79,52.65,20.36,69.42
1778007630,8.44,12.25,10.00,21.12,44.23,17.68,52.78,20.72,68.68
1778007631,8.44,12.00,10.25,21.20,44.23,17.53,52.87,20.91,67.75
1778007633,8.44,12.25,10.25,21.15,44.20,17.58,53.01,20.75,66.69
1778007635,8.44,12.00,9.50,21.76,44.27,17.54,53.12,20.27,65.54
1778007636,8.44,12.00,10.00,21.25,44.17,17.52,53.21,20.67,64.75
1778007638,8.44,12.00,9.75,21.21,44.14,17.42,53.28,20.59,64.12
1778007639,8.44,11.75,10.00,21.54,44.17,17.39,53.37,20.24,63.52
1778007641,8.38,12.00,9.50,21.30,44.12,17.49,53.46,20.50,63.05
1778007643,8.38,12.00,9.50,21.40,44.12,17.43,53.58,20.16,62.59
1778007644,8.44,12.50,10.00,21.54,44.13,17.36,53.65,20.36,62.21
1778007646,8.38,12.25,9.75,21.25,44.07,17.23,53.70,20.13,61.83
1778007647,8.31,12.25,9.25,21.50,44.10,17.26,53.80,19.98,62.03
1778007649,8.38,11.50,9.50,21.35,44.04,17.23,53.86,20.33,62.15
1778007651,8.38,12.00,9.50,21.45,44.02,17.15,53.94,20.09,62.16
1778007652,8.38,12.25,10.00,21.41,44.00,17.13,54.04,19.96,62.07
1778007654,8.38,11.75,9.75,21.26,43.96,17.19,54.13,20.66,61.93
1778007655,8.38,12.00,9.50,21.73,44.01,17.09,54.17,20.00,61.74
1778007657,8.31,12.25,9.75,21.69,43.96,17.08,54.23,20.44,61.77
1778007659,8.31,11.75,9.50,21.22,43.87,17.37,54.37,20.27,61.56
1778007660,8.31,11.50,9.75,21.54,43.91,17.07,54.38,20.03,60.90
1778007662,8.31,11.50,9.75,21.41,43.88,16.93,54.42,20.12,60.15
1778007664,8.38,12.00,9.75,21.45,43.89,17.02,54.51,20.31,59.53
1778007665,8.38,11.50,9.75,21.41,43.89,16.93,54.58,20.19,58.85
1778007667,8.38,12.25,9.50,21.30,43.88,16.76,54.61,20.42,58.29
1778007668,8.38,12.00,9.50,21.36,43.87,16.87,54.73,19.83,57.95
1778007670,8.31,12.00,9.50,21.54,43.88,16.86,54.82,20.14,58.25
1778007672,8.38,12.00,9.50,21.73,43.89,16.81,54.88,20.16,58.21
1778007673,8.38,11.75,9.00,21.27,43.82,16.84,54.98,19.84,57.77
1778007675,8.44,12.25,9.50,21.18,43.81,16.79,55.08,19.73,57.18
1778007676,8.38,11.75,9.75,21.68,43.89,16.82,55.16,20.30,56.78
1778007678,8.38,12.50,9.75,21.64,43.88,16.84,55.23,20.38,56.34
1778007680,8.38,12.00,9.50,21.25,43.82,16.67,55.26,20.07,55.92
1778007681,8.31,11.75,9.50,21.74,43.91,16.79,55.32,20.24,55.61
1778007683,8.31,11.75,9.75,21.44,43.85,16.66,55.39,20.26,55.33
1778007684,8.31,12.00,9.75,21.45,43.85,16.72,55.47,20.13,55.22
1778007686,8.38,12.00,9.50,21.60,43.87,16.72,55.52,20.08,55.42
1778007688,8.38,12.25,9.50,21.20,43.81,16.78,55.57,20.08,55.62
1778007689,8.38,12.00,9.25,21.45,43.85,16.72,55.60,20.22,55.69
1778007691,8.38,12.00,10.00,21.51,43.86,16.66,55.65,20.16,55.54
1778007692,8.38,12.25,9.50,21.41,43.85,16.76,55.72,20.29,55.46
1778007694,8.38,12.00,9.50,21.23,43.83,16.59,55.76,19.77,55.10
1778007696,8.38,12.00,9.50,21.50,43.88,16.64,55.85,20.27,54.82
1778007697,8.31,12.50,9.75,21.18,43.82,16.58,55.91,20.56,54.46
1778007699,8.38,12.25,10.00,21.31,43.83,16.57,55.95,20.48,54.22
1778007700,8.44,12.25,9.75,21.50,43.87,16.60,56.03,20.31,54.12
1778007702,8.38,12.25,9.75,21.68,43.89,16.47,56.09,20.98,54.13
1778007704,8.38,12.00,9.50,21.31,43.83,16.48,56.16,20.24,53.83
1778007705,8.38,12.25,9.75,21.17,43.80,16.62,56.24,20.17,53.57
1778007707,8.31,11.50,9.75,21.41,43.83,16.51,56.25,20.09,53.47
1778007708,8.38,12.00,9.50,21.26,43.80,16.47,56.31,20.33,53.32
1778007710,8.38,12.00,9.50,21.22,43.79,16.47,56.35,20.58,53.22
1778007712,8.38,12.00,9.75,21.59,43.87,16.42,56.39,20.46,53.06
1778007713,8.31,11.75,10.25,21.45,43.88,16.49,56.43,20.30,53.46
1778007715,8.31,11.75,9.50,21.17,43.84,16.47,56.48,20.17,54.42
1778007717,8.31,12.00,9.50,21.45,43.92,16.44,56.52,20.52,55.55
1778007718,8.38,12.25,10.00,21.36,43.91,16.48,56.55,20.35,56.18
1778007720,8.38,11.75,9.75,21.40,43.94,16.50,56.57,20.26,56.47
1778007721,8.31,12.00,10.00,21.22,43.89,16.37,56.57,20.18,56.78
1778007723,8.38,11.75,9.50,21.40,43.89,16.40,56.59,20.19,56.93
1778007725,8.38,11.50,10.00,21.30,43.88,16.46,56.64,20.37,56.53
1778007726,8.31,11.75,9.75,21.36,43.87,16.47,56.68,20.16,55.84
1778007728,8.31,11.75,9.50,21.72,43.92,16.37,56.70,20.61,55.25
1778007729,8.38,12.25,9.75,21.30,43.86,16.37,56.73,19.91,54.46
1778007731,8.31,11.75,9.50,21.45,43.87,16.42,56.76,20.20,54.00
1778007733,8.31,12.00,10.25,21.29,43.85,16.44,56.79,20.12,53.48
1778007734,8.38,12.25,10.00,21.50,43.89,16.32,56.78,19.97,52.99
1778007736,8.31,11.75,10.00,21.35,43.90,16.53,56.84,20.52,52.70
1778007737,8.38,11.75,10.00,21.16,43.91,16.26,56.82,20.25,52.33
1778007739,8.44,12.00,10.00,21.54,43.98,16.33,56.87,20.31,52.05
1778007741,8.38,12.25,9.75,21.40,43.95,16.33,56.90,20.35,51.77
1778007742,8.44,12.25,9.75,21.30,43.94,16.14,56.89,20.11,51.50
1778007744,8.44,12.00,10.00,21.25,43.95,16.20,56.92,20.36,51.35
1778007745,8.50,11.75,10.25,21.30,43.97,16.31,56.96,20.37,51.19
1778007747,8.50,11.75,9.75,21.41,44.01,16.27,57.00,20.28,51.03
1778007749,8.50,12.00,10.00,21.49,44.03,16.34,57.03,20.15,51.04
1778007750,8.44,12.00,9.25,21.34,44.01,16.37,57.04,20.08,51.03
1778007752,8.44,12.25,10.25,21.26,43.97,16.29,57.02,20.59,51.26
1778007754,8.44,11.75,9.75,21.16,43.93,16.33,57.05,20.36,51.62
1778007755,8.38,11.75,10.00,21.34,43.90,16.27,57.05,19.92,51.84
1778007757,8.44,12.00,9.50,21.26,43.87,16.24,57.07,20.44,52.33
1778007758,8.44,12.50,10.25,21.62,43.91,16.27,57.12,20.16,52.76
1778007760,8.44,11.50,10.00,21.69,43.92,16.23,57.13,20.01,53.00
1778007762,8.38,12.50,10.00,21.62,43.88,16.17,57.16,20.68,52.85
1778007763,8.38,12.00,10.00,21.76,43.92,16.23,57.21,20.12,52.38
1778007765,8.44,12.00,10.25,21.15,43.82,16.33,57.28,20.16,52.00
1778007766,8.44,12.25,10.25,21.30,43.86,16.11,57.28,20.17,51.69
1778007768,8.38,12.00,10.00,21.48,43.89,16.19,57.33,20.05,51.39
1778007770,8.38,12.00,10.25,21.33,43.87,16.23,57.39,20.16,51.18
1778007771,8.38,11.50,10.25,21.10,43.84,16.19,57.42,20.00,50.98
1778007773,8.44,11.75,10.00,21.16,43.87,16.12,57.47,20.45,50.91
1778007774,8.44,11.25,10.25,21.39,43.93,15.99,57.48,20.51,50.81
1778007776,8.44,12.25,10.00,21.15,43.87,16.00,57.51,20.61,50.70
1778007778,8.38,12.25,9.75,21.19,43.90,16.00,57.53,20.66,50.60
1778007779,8.44,12.00,10.25,21.39,43.98,16.12,57.57,20.15,50.43
1778007781,8.38,12.00,9.75,21.33,43.98,15.96,57.59,20.54,50.41
1778007782,8.38,11.75,10.25,21.37,43.99,16.01,57.62,20.66,50.37
1778007784,8.38,12.25,10.25,21.15,43.96,16.04,57.65,20.41,50.34
1778007786,8.44,12.50,9.75,21.52,44.02,16.08,57.72,20.28,50.43
1778007787,8.38,12.00,10.25,21.19,43.97,16.01,57.73,20.59,50.45
1778007789,8.44,11.75,10.00,21.15,43.95,16.11,57.79,19.74,50.24
1778007790,8.44,12.00,10.25,21.31,43.96,16.03,57.83,20.08,50.28
1778007792,8.44,12.00,10.25,21.42,43.97,15.97,57.84,20.07,50.25
1778007794,8.44,12.25,10.25,21.23,43.93,16.12,57.90,20.52,50.28
1778007795,8.44,12.50,10.00,21.60,44.00,16.09,57.97,20.19,50.24
1778007797,8.44,12.25,10.00,21.26,43.94,15.91,58.00,20.07,50.35
1778007798,8.44,12.25,10.25,21.60,44.01,16.12,58.05,20.04,50.63
1778007800,8.44,12.00,10.25,21.51,44.00,16.07,58.09,19.89,50.72
1778007802,8.50,12.50,10.25,21.31,43.97,15.95,58.08,19.91,50.64
1778007803,8.44,12.00,10.25,21.41,44.02,16.12,58.12,20.06,50.56
1778007805,8.44,11.75,10.25,21.24,44.02,16.05,58.13,20.30,50.51
1778007807,8.50,12.00,10.25,21.52,44.08,16.08,58.13,20.28,50.42
1778007808,8.44,12.00,10.25,21.34,44.04,16.09,58.12,19.97,50.31
1778007810,8.44,12.00,10.00,21.18,44.03,16.05,58.08,19.84,50.24
1778007811,8.50,12.25,10.00,21.36,44.06,16.06,58.07,20.04,50.23
1778007813,8.50,12.00,10.50,21.14,44.01,15.94,58.05,19.87,50.17
1778007815,8.50,12.25,10.25,21.17,44.01,16.01,58.05,19.90,50.12
1778007816,8.38,12.25,10.00,21.58,44.07,15.95,58.03,19.99,50.10
1778007818,8.38,12.25,10.25,21.03,43.99,15.90,58.02,20.20,50.12
1778007819,8.38,12.25,10.50,21.26,44.00,15.98,58.02,19.80,50.02
1778007821,8.38,12.25,10.50,21.24,44.00,15.93,58.02,20.14,50.03
1778007823,8.44,12.00,10.50,21.45,44.00,15.97,58.04,20.13,49.98
1778007824,8.38,12.25,10.75,21.15,43.97,15.96,58.08,20.04,49.96
1778007826,8.38,12.00,10.75,21.50,44.01,15.87,58.09,20.14,49.92
1778007827,8.38,12.00,10.75,21.44,44.02,15.86,58.14,20.23,49.97
1778007829,8.38,12.50,11.00,21.58,44.04,15.77,58.18,20.27,49.97
1778007831,8.38,12.00,11.00,21.48,44.05,15.89,58.27,20.57,50.00
1778007832,8.38,12.75,10.75,21.16,44.00,15.77,58.32,20.29,49.96
1778007834,8.31,12.25,10.50,21.62,44.07,15.90,58.39,20.27,49.97
1778007835,8.38,11.75,10.75,21.49,44.05,15.86,58.45,19.95,49.93
1778007837,8.38,12.50,10.50,21.68,44.10,15.89,58.52,20.08,50.00
1778007839,8.38,12.25,10.75,20.93,44.00,15.85,58.56,20.40,50.10
1778007840,8.38,12.25,10.50,21.58,44.11,15.85,58.67,19.90,49.99
1778007842,8.38,12.25,10.25,21.13,44.04,15.89,58.75,20.06,49.99
1778007843,8.38,11.75,10.75,21.50,44.11,15.80,58.77,20.24,50.06
1778007845,8.38,12.25,10.50,21.16,44.07,15.75,58.78,20.41,50.14
1778007847,8.44,12.50,10.75,21.46,44.12,15.76,58.85,20.12,50.10
1778007848,8.38,12.25,10.50,21.39,44.11,15.77,58.91,20.19,50.11
1778007850,8.44,12.75,10.50,21.58,44.16,15.77,58.95,20.01,50.12
1778007851,8.38,12.25,10.75,20.98,44.08,15.77,58.97,20.11,50.15
1778007853,8.38,11.75,10.25,21.44,44.15,15.74,59.02,20.39,50.19
1778007855,8.44,12.50,10.75,21.58,44.17,15.72,59.04,20.01,50.08
1778007856,8.50,11.50,10.75,21.06,44.08,15.66,59.04,20.42,50.13
1778007858,8.44,12.00,10.75,21.61,44.17,15.83,59.05,20.16,50.04
1778007860,8.38,12.50,10.50,21.41,44.14,15.81,59.04,20.10,50.00
1778007861,8.38,12.50,10.75,21.34,44.11,15.64,59.02,20.37,50.03
1778007863,8.38,12.25,10.50,21.15,44.06,15.68,59.03,20.23,50.07
1778007864,8.44,12.00,10.75,21.41,44.11,15.69,59.03,20.08,50.06
1778007866,8.50,11.75,10.75,21.28,44.10,15.77,59.06,19.98,50.03
1778007868,8.44,12.25,10.50,21.30,44.10,15.70,59.05,20.16,50.02
1778007869,8.38,12.25,10.50,21.49,44.14,15.87,59.08,19.95,49.94
1778007871,8.38,12.00,10.25,21.15,44.08,15.77,59.06,20.12,49.93
1778007872,8.44,12.25,10.50,21.65,44.18,15.71,59.03,19.97,49.90
1778007874,8.38,12.25,10.25,21.54,44.17,15.86,59.05,20.44,49.98
1778007876,8.44,12.25,10.25,20.93,44.07,15.68,59.00,19.75,49.87
1778007877,8.50,12.00,10.75,21.62,44.18,15.69,58.99,19.90,49.87
1778007879,8.44,12.00,10.50,20.87,44.05,15.77,58.97,20.11,49.88
1778007880,8.44,12.25,10.75,21.61,44.16,15.58,58.95,20.04,49.85
1778007882,8.38,11.75,10.50,21.03,44.07,15.64,58.93,20.01,49.86
1778007884,8.38,11.75,10.50,21.32,44.12,15.84,58.94,20.24,49.88
1778007885,8.38,12.25,10.50,21.16,44.09,15.70,58.88,19.81,49.78
1778007887,8.38,12.00,10.50,21.28,44.10,15.77,58.92,20.29,49.81
1778007888,8.38,12.25,10.25,21.55,44.13,15.81,58.92,19.98,49.70
1778007890,8.38,12.50,10.50,21.14,44.04,15.74,58.91,20.26,49.71
1778007892,8.38,12.50,10.75,21.02,44.05,15.85,58.90,20.22,49.66
1778007893,8.38,12.00,10.25,21.50,44.12,15.69,58.86,19.87,49.56
1778007895,8.38,12.25,10.25,21.48,44.12,15.58,58.80,20.08,49.59
1778007896,8.31,12.50,10.75,21.64,44.14,15.62,58.80,20.28,49.64
1778007898,8.44,11.75,11.00,21.17,44.06,15.62,58.83,20.16,49.63
1778007900,8.44,12.50,10.50,21.44,44.11,15.65,58.86,20.27,49.65
1778007901,8.44,12.50,10.50,21.17,44.08,15.69,58.92,20.50,49.68
1778007903,8.44,12.25,10.50,21.65,44.16,15.75,58.98,20.51,49.68
1778007905,8.50,12.50,10.75,21.49,44.14,15.65,58.98,19.97,49.56
1778007906,8.56,12.25,10.25,21.12,44.08,15.67,59.02,20.27,49.65
1778007908,8.50,12.25,10.50,21.19,44.08,15.69,59.03,19.96,49.62
1778007909,8.50,12.50,10.50,20.90,44.06,15.62,59.06,20.12,49.69
1778007911,8.56,12.50,10.50,20.95,44.07,15.63,59.09,19.91,49.70
1778007913,8.56,12.25,10.50,21.41,44.13,15.66,59.11,20.07,49.73
1778007914,8.50,12.50,10.50,21.40,44.14,15.57,59.12,19.80,49.73
1778007916,8.56,12.00,10.25,21.41,44.12,15.64,59.19,20.24,49.83
1778007917,8.50,12.25,10.25,21.14,44.11,15.61,59.21,20.21,49.86
1778007919,8.56,12.75,11.00,21.23,44.15,15.58,59.26,19.87,49.83
1778007921,8.56,12.75,10.25,20.97,44.14,15.57,59.33,20.16,49.90
1778007922,8.56,12.50,10.75,21.09,44.19,15.43,59.38,19.95,49.86
1778007924,8.56,12.75,10.75,21.55,44.30,15.39,59.45,20.21,49.91
1778007925,8.56,12.25,10.25,20.93,44.23,15.56,59.57,20.19,49.85
1778007927,8.56,12.50,11.00,21.62,44.35,15.55,59.68,20.07,49.80
1778007929,8.56,12.25,11.00,21.32,44.31,15.50,59.75,20.44,49.82
1778007930,8.56,12.75,11.00,21.30,44.31,15.37,59.81,20.01,49.76
1778007932,8.56,12.75,10.75,21.34,44.33,15.49,59.92,20.09,49.82
1778007933,8.56,12.50,11.00,21.13,44.30,15.45,59.98,20.22,49.87
1778007935,8.56,12.50,11.00,21.25,44.32,15.49,60.09,20.66,49.98
1778007937,8.56,12.25,10.75,20.97,44.29,15.56,60.16,20.38,49.92
1778007938,8.56,12.75,11.00,21.32,44.36,15.45,60.19,19.90,49.76
1778007940,8.50,12.50,11.00,21.32,44.39,15.45,60.22,20.01,49.73
1778007941,8.56,12.25,10.75,21.06,44.36,15.37,60.24,20.08,49.66
1778007943,8.56,12.75,11.00,20.90,44.33,15.37,60.24,19.92,49.58
1778007945,8.56,12.50,11.00,21.43,44.41,15.39,60.26,20.03,49.55
1778007946,8.56,12.25,11.00,21.40,44.41,15.44,60.27,20.00,49.52
1778007948,8.56,12.50,10.75,21.25,44.40,15.46,60.29,20.17,49.55
1778007950,8.56,13.00,10.75,21.30,44.38,15.47,60.27,20.32,49.56
1778007951,8.50,12.50,10.00,21.56,44.41,15.56,60.29,20.19,49.58
1778007953,8.50,12.75,11.00,21.21,44.33,15.56,60.27,20.34,49.58
1778007954,8.44,12.75,10.50,21.02,44.30,15.58,60.27,20.04,49.48
1778007956,8.50,12.50,10.75,20.88,44.26,15.43,60.22,20.02,49.46
1778007958,8.50,12.50,10.75,21.31,44.33,15.44,60.20,19.98,49.42
1778007959,8.44,12.75,10.75,21.21,44.29,15.53,60.22,20.23,49.44
1778007961,8.50,12.50,10.75,21.33,44.30,15.57,60.22,20.23,49.44
1778007962,8.50,12.25,10.00,21.23,44.27,15.41,60.14,20.19,49.40
1778007964,8.50,11.75,11.00,21.12,44.23,15.39,60.08,20.41,49.45
1778007966,8.44,12.50,10.50,21.15,44.21,15.56,60.08,20.42,49.43
1778007967,8.50,12.25,11.00,21.33,44.24,15.45,60.02,20.15,49.36
1778007969,8.44,12.75,10.75,20.92,44.16,15.41,59.95,19.92,49.29
1778007970,8.50,12.50,10.50,20.99,44.17,15.60,59.93,20.12,49.35
1778007972,8.50,12.50,10.75,21.45,44.24,15.50,59.86,19.80,49.31
1778007974,8.56,12.75,10.75,20.88,44.14,15.56,59.82,20.12,49.39
1778007975,8.50,12.50,10.50,21.34,44.21,15.60,59.77,20.00,49.40
1778007977,8.44,12.75,10.75,21.26,44.17,15.51,59.68,20.30,49.44
1778007978,8.50,12.75,10.75,21.36,44.19,15.62,59.68,19.85,49.35
1778007980,8.50,12.25,10.50,21.23,44.17,15.57,59.61,20.16,49.39
1778007982,8.44,12.50,10.25,21.02,44.12,15.62,59.56,20.10,49.36
1778007983,8.44,12.50,10.75,21.19,44.15,15.61,59.52,20.12,49.34
1778007985,8.44,12.50,10.50,21.25,44.17,15.62,59.48,20.00,49.28
1778007986,8.44,12.75,10.50,21.62,44.21,15.63,59.44,20.12,49.29
1778007988,8.44,12.50,9.75,20.91,44.12,15.77,59.39,20.05,49.25
1778007990,8.44,12.50,10.25,21.02,44.14,15.58,59.29,19.73,49.21
1778007991,8.44,13.00,10.25,21.02,44.14,15.61,59.25,19.97,49.31
1778007993,8.44,12.25,10.75,21.19,44.21,15.66,59.18,20.34,49.42
1778007995,8.38,12.25,10.50,21.12,44.21,15.70,59.14,20.01,49.42
1778007996,8.38,13.00,10.75,21.03,44.20,15.58,59.10,19.89,49.44
1778007998,8.38,12.50,10.50,20.87,44.17,15.73,59.12,19.87,49.49
1778007999,8.44,12.50,10.75,20.94,44.18,15.54,59.06,19.84,49.50
1778008001,8.38,12.50,10.75,20.88,44.19,15.76,59.14,20.21,49.59
1778008003,8.44,12.75,10.75,21.69,44.32,15.58,59.14,20.33,49.66
1778008004,8.38,13.00,10.75,20.90,44.21,15.61,59.20,20.08,49.63
1778008006,8.44,13.00,11.25,20.84,44.21,15.67,59.29,19.91,49.60
1778008007,8.38,13.00,11.25,21.41,44.33,15.56,59.34,19.98,49.56
1778008009,8.38,13.00,11.25,21.08,44.32,15.51,59.43,20.03,49.50
1778008011,8.38,12.75,11.00,21.13,44.34,15.58,59.51,20.01,49.47
1778008012,8.44,12.75,11.00,21.06,44.36,15.54,59.54,20.16,49.48
1778008014,8.44,12.50,11.25,21.26,44.41,15.48,59.59,19.71,49.49
1778008015,8.50,12.75,11.00,21.04,44.38,15.43,59.64,19.87,49.63
1778008017,8.50,13.00,10.75,21.05,44.41,15.44,59.70,19.95,49.73
1778008019,8.44,13.00,10.50,20.80,44.40,15.52,59.78,20.13,49.77
1778008020,8.56,13.00,10.50,21.44,44.55,15.45,59.80,20.12,49.73
1778008022,8.44,12.75,11.00,20.99,44.49,15.51,59.83,19.94,49.65
1778008023,8.50,12.50,11.00,21.36,44.58,15.52,59.86,20.12,49.70
1778008025,8.50,12.75,11.00,21.14,44.53,15.58,59.88,20.12,49.78
1778008027,8.50,13.25,11.25,21.13,44.54,15.53,59.86,20.58,49.96
1778008028,8.50,13.00,11.00,21.12,44.53,15.51,59.89,20.07,49.94
1778008030,8.56,13.25,11.25,21.02,44.52,15.44,59.91,20.53,50.11
1778008031,8.56,13.25,11.25,20.94,44.53,15.49,59.93,20.38,50.15
1778008033,8.50,13.75,11.00,21.34,44.60,15.56,59.94,20.08,50.15
1778008035,8.63,13.50,11.25,21.30,44.66,15.51,59.96,20.21,50.17
1778008036,8.63,13.50,11.50,20.91,44.59,15.40,59.95,20.13,50.15
1778008038,8.69,13.00,11.25,21.52,44.66,15.44,60.00,20.46,50.17
1778008040,8.69,13.25,10.75,20.94,44.59,15.58,60.05,20.57,50.22
1778008041,8.69,12.50,11.25,20.87,44.59,15.44,60.02,20.36,50.15
1778008043,8.63,13.25,10.75,21.62,44.69,15.45,60.04,20.83,50.08
1778008044,8.69,13.00,10.75,21.54,44.67,15.43,60.03,20.72,49.88
1778008046,8.69,13.00,11.25,21.32,44.64,15.50,60.04,20.23,49.63
1778008048,8.63,12.25,11.00,21.42,44.59,15.58,60.03,20.14,49.46
1778008049,8.63,12.75,10.50,20.93,44.45,15.46,60.01,20.36,49.37
1778008051,8.63,13.00,11.00,21.44,44.49,15.47,60.01,20.20,49.21
1778008052,8.56,13.00,10.75,21.30,44.44,15.47,60.00,20.19,49.13
1778008054,8.56,12.75,11.00,21.40,44.41,15.54,60.00,20.13,49.10
1778008056,8.56,12.50,10.75,21.44,44.37,15.49,59.95,20.33,49.15
1778008057,8.56,13.00,11.25,21.23,44.34,15.62,59.96,20.34,49.14
1778008059,8.50,13.00,11.00,21.08,44.26,15.56,59.94,20.40,49.13
1778008060,8.56,12.50,11.00,21.27,44.26,15.43,59.90,20.58,49.13
1778008062,8.56,12.75,10.75,21.66,44.33,15.49,59.90,20.33,49.05
1778008064,8.56,13.00,11.00,21.49,44.27,15.55,59.89,20.48,49.09
1778008065,8.56,12.75,11.00,21.58,44.27,15.41,59.86,20.36,49.08
1778008067,8.56,13.00,11.00,21.30,44.22,15.51,59.89,20.62,49.05
1778008068,8.56,13.00,10.50,21.30,44.21,15.45,59.89,20.24,48.93
1778008070,8.50,13.00,10.50,21.28,44.19,15.42,59.89,20.25,48.87
1778008072,8.50,13.00,10.75,21.30,44.21,15.53,59.92,20.61,48.86
1778008073,8.50,12.75,10.75,21.44,44.21,15.52,59.94,20.44,48.75
1778008075,8.56,12.50,10.50,21.05,44.13,15.47,59.94,20.59,48.72
1778008076,8.44,13.00,10.50,21.15,44.14,15.48,59.97,20.37,48.62
1778008078,8.50,12.75,11.00,21.14,44.16,15.48,59.97,20.15,48.57
1778008080,8.50,13.00,10.75,21.02,44.14,15.53,59.99,20.51,48.60
1778008081,8.56,12.75,10.75,21.59,44.21,15.58,59.99,20.39,48.59
1778008083,8.50,13.00,10.25,21.03,44.12,15.55,59.99,20.55,48.58
1778008085,8.50,12.50,10.25,21.02,44.11,15.46,59.98,20.36,48.55
1778008086,8.50,12.25,10.25,21.01,44.10,15.56,59.98,20.23,48.51
1778008088,8.50,13.00,10.75,21.18,44.11,15.51,59.99,20.88,48.62
1778008089,8.50,12.75,10.50,21.39,44.14,15.47,59.96,20.36,48.50
1778008091,8.50,12.75,10.25,21.18,44.11,15.54,59.95,20.59,48.53
1778008093,8.56,12.75,10.50,21.44,44.14,15.53,59.93,20.66,48.56
1778008094,8.56,13.00,10.75,21.41,44.15,15.44,59.92,20.31,48.57
1778008096,8.56,13.00,10.75,21.16,44.11,15.40,59.92,20.58,48.66
1778008097,8.56,12.50,10.50,21.58,44.17,15.47,59.95,20.58,48.66
1778008099,8.56,12.75,10.75,21.24,44.09,15.38,59.95,20.20,48.57
1778008101,8.56,13.00,10.75,21.58,44.17,15.51,60.00,20.23,48.59
1778008102,8.56,12.75,10.75,21.02,44.10,15.42,60.00,20.51,48.57
1778008104,8.56,12.75,10.50,21.11,44.12,15.50,60.02,20.63,48.51
1778008105,8.63,12.75,10.50,21.18,44.13,15.51,60.02,20.47,48.50
1778008107,8.56,13.00,10.50,21.58,44.19,15.45,60.01,20.51,48.52
1778008109,8.56,12.50,10.50,20.99,44.12,15.39,59.95,20.42,48.51
1778008110,8.56,12.75,10.25,21.12,44.13,15.58,59.96,20.48,48.51
1778008112,8.56,13.00,10.50,21.41,44.21,15.45,59.92,21.13,48.61
1778008113,8.56,12.50,10.75,21.30,44.22,15.58,59.92,20.89,48.63
1778008115,8.63,12.75,10.50,21.37,44.27,15.64,59.93,20.78,48.67
1778008117,8.75,13.00,10.75,21.41,44.29,15.45,59.91,20.81,48.70
1778008118,8.75,13.00,11.00,21.09,44.25,15.47,59.96,20.87,48.66
1778008120,8.75,12.75,10.75,21.41,44.30,15.46,59.97,20.79,48.62
1778008121,8.75,12.50,10.75,21.44,44.31,15.54,59.99,20.71,48.56
1778008123,8.69,12.50,10.50,21.25,44.25,15.45,59.94,20.70,48.46
1778008125,8.69,12.50,10.50,21.15,44.20,15.47,59.92,20.32,48.30
1778008126,8.69,13.00,10.25,21.44,44.21,15.45,59.89,20.56,48.25
1778008128,8.63,12.75,10.25,21.06,44.11,15.45,59.87,20.55,48.19
1778008130,8.63,12.50,10.50,21.18,44.11,15.46,59.84,20.81,48.16
1778008131,8.63,12.75,10.50,21.20,44.08,15.51,59.83,20.51,48.10
1778008133,8.56,12.75,10.75,20.94,44.03,15.45,59.79,20.58,48.12
1778008134,8.63,12.50,10.50,21.34,44.08,15.48,59.77,20.45,48.05
1778008136,8.63,12.75,10.50,21.65,44.09,15.45,59.76,20.59,47.99
1778008138,8.63,13.00,10.50,21.37,44.02,15.47,59.77,21.16,48.03
1778008139,8.63,12.50,10.00,21.41,44.01,15.37,59.80,20.74,47.95
1778008141,8.56,12.75,10.75,21.36,44.00,15.54,59.84,20.51,47.97
1778008142,8.56,12.75,10.25,21.24,43.96,15.52,59.86,20.73,48.00
1778008144,8.63,13.00,10.25,21.51,43.99,15.47,59.89,20.82,47.97
1778008146,8.56,13.00,10.75,21.37,43.98,15.45,59.93,20.47,47.91
1778008147,8.56,12.75,10.25,21.19,43.96,15.45,59.97,20.67,47.90
1778008149,8.56,12.75,10.50,21.72,44.05,15.42,60.00,20.82,47.85
1778008150,8.56,13.00,10.25,21.29,43.97,15.53,60.04,20.45,47.74
1778008152,8.56,13.00,10.50,21.35,43.98,15.45,60.05,20.48,47.68
1778008154,8.56,12.75,10.75,21.08,43.93,15.49,60.06,20.50,47.66
1778008155,8.56,12.75,10.50,21.00,43.91,15.47,60.08,20.33,47.61
1778008157,8.56,12.75,10.25,21.65,43.99,15.35,60.10,20.80,47.78
1778008158,8.56,12.75,10.50,21.21,43.93,15.46,60.13,20.37,47.79
1778008160,8.56,13.00,10.50,21.60,43.98,15.56,60.16,20.81,47.94
1778008162,8.50,12.75,10.00,21.12,43.88,15.43,60.13,20.37,47.91
1778008163,8.50,12.75,10.50,21.44,43.94,15.42,60.13,20.72,47.98
1778008165,8.56,12.75,10.50,21.15,43.88,15.48,60.14,20.76,48.00
1778008166,8.50,13.00,10.25,21.18,43.87,15.51,60.12,21.03,47.97
1778008168,8.50,12.50,10.50,21.47,43.92,15.56,60.13,20.72,47.84
1778008170,8.56,12.50,10.50,21.26,43.90,15.43,60.11,20.27,47.76
1778008171,8.56,12.25,10.25,21.12,43.87,15.33,60.07,20.59,47.81
1778008173,8.56,12.50,10.00,21.72,43.97,15.41,60.06,20.88,47.83
1778008175,8.56,12.00,10.50,21.21,43.88,15.45,60.06,20.63,47.79
1778008176,8.56,13.00,10.25,21.49,43.96,15.37,60.02,20.55,47.81
1778008178,8.50,12.75,10.25,21.68,44.02,15.49,60.03,20.62,47.83
1778008179,8.50,13.00,10.50,21.12,43.91,15.48,60.04,20.47,47.79
1778008181,8.50,12.50,10.25,21.12,43.89,15.55,60.04,20.56,47.79
1778008183,8.50,12.50,10.50,21.63,43.96,15.41,59.98,20.39,47.70
1778008184,8.44,12.75,10.25,21.08,43.86,15.37,59.96,20.69,47.70
1778008186,8.44,12.75,10.00,21.63,43.94,15.50,59.98,20.55,47.67
1778008187,8.50,12.25,10.50,21.43,43.90,15.36,59.94,20.91,47.71
1778008189,8.50,13.00,10.25,21.21,43.89,15.51,59.96,20.72,47.69
1778008191,8.50,12.50,10.25,21.41,43.92,15.49,59.98,21.02,47.74
1778008192,8.44,12.75,10.00,21.30,43.90,15.56,60.00,20.59,47.66
1778008194,8.50,12.25,10.00,21.14,43.86,15.43,60.01,20.45,47.58
1778008195,8.44,12.50,10.00,21.68,43.94,15.41,60.05,20.69,47.56
1778008197,8.44,13.00,10.00,21.27,43.86,15.42,60.10,20.96,47.59
1778008199,8.50,12.25,10.25,21.09,43.83,15.34,60.12,20.76,47.55
1778008200,8.44,13.00,10.75,21.30,43.84,15.31,60.18,20.55,47.53
1778008202,8.44,12.75,10.50,21.15,43.82,15.44,60.23,20.94,47.58
1778008203,8.50,12.50,10.25,21.54,43.88,15.42,60.25,20.51,47.57
1778008205,8.50,13.00,10.50,20.98,43.78,15.45,60.29,21.47,47.80
1778008207,8.56,13.25,10.50,21.16,43.81,15.53,60.32,20.91,47.76
1778008208,8.50,13.00,10.50,21.21,43.83,15.33,60.32,20.60,47.66
1778008210,8.56,12.75,10.50,21.20,43.84,15.49,60.38,20.73,47.62
1778008211,8.56,13.00,10.00,21.30,43.85,15.37,60.39,20.55,47.58
1778008213,8.56,12.50,10.00,21.57,43.89,15.42,60.41,20.85,47.58
1778008215,8.56,12.50,10.25,21.59,43.88,15.41,60.40,20.84,47.57
1778008216,8.56,12.25,10.00,21.03,43.78,15.42,60.40,20.76,47.53
1778008218,8.56,12.75,9.75,21.62,43.87,15.47,60.44,20.98,47.56
1778008219,8.56,12.50,9.75,21.29,43.81,15.33,60.39,20.40,47.46
1778008221,8.56,12.75,10.50,21.41,43.85,15.30,60.33,20.85,47.51
1778008223,8.50,12.50,10.25,21.20,43.82,15.47,60.32,21.08,47.55
1778008224,8.56,12.50,10.50,21.35,43.82,15.46,60.27,20.87,47.52
1778008226,8.50,12.75,10.50,21.19,43.82,15.46,60.22,21.08,47.55
1778008228,8.50,12.75,10.50,21.49,43.85,15.44,60.18,20.79,47.53
1778008229,8.50,12.50,10.50,21.47,43.87,15.40,60.16,21.09,47.60
1778008231,8.50,12.25,10.00,21.26,43.85,15.45,60.16,21.20,47.59
1778008232,8.56,12.75,10.00,21.08,43.79,15.32,60.12,20.55,47.45
1778008234,8.50,13.00,10.50,21.66,43.89,15.33,60.13,20.60,47.45
1778008236,8.56,12.75,10.50,21.15,43.80,15.31,60.14,20.96,47.48
1778008237,8.50,13.00,10.25,21.18,43.81,15.30,60.15,20.77,47.43
1778008239,8.50,12.75,10.50,21.30,43.83,15.37,60.21,20.69,47.43
1778008240,8.56,13.00,10.50,21.21,43.84,15.36,60.27,21.26,47.56
1778008242,8.56,12.75,10.50,21.37,43.88,15.23,60.29,20.89,47.51
1778008244,8.56,13.25,10.25,21.34,43.88,15.42,60.38,20.95,47.50
1778008245,8.50,12.75,10.00,21.40,43.89,15.26,60.38,20.59,47.39
1778008247,8.56,13.00,10.25,21.34,43.88,15.29,60.45,20.94,47.42
1778008248,8.56,13.00,10.75,21.21,43.86,15.53,60.56,20.73,47.35
1778008250,8.56,13.25,10.50,21.20,43.86,15.49,60.61,20.76,47.34
1778008252,8.63,13.00,10.25,21.37,43.89,15.39,60.58,21.15,47.36
1778008253,8.63,13.00,10.50,21.37,43.91,15.30,60.60,20.80,47.30
1778008255,8.63,12.75,10.50,21.35,43.93,15.28,60.61,21.26,47.40
1778008256,8.56,12.50,10.50,21.52,43.97,15.36,60.65,20.81,47.38
1778008258,8.63,13.00,9.75,21.16,43.90,15.55,60.69,20.87,47.40
1778008260,8.63,12.75,10.50,21.44,43.95,15.43,60.68,20.57,47.34
1778008261,8.63,12.75,10.25,21.37,43.95,15.39,60.68,21.13,47.42
1778008263,8.63,13.00,10.75,21.30,43.98,15.34,60.63,20.42,47.34
1778008264,8.63,13.25,10.50,21.42,43.99,15.41,60.63,20.46,47.38
1778008266,8.56,12.75,10.50,21.37,43.97,15.45,60.59,20.61,47.47
1778008268,8.56,12.75,10.50,21.33,43.96,15.31,60.52,20.72,47.54
1778008269,8.63,13.00,10.25,21.72,43.99,15.32,60.46,20.61,47.55
1778008271,8.50,13.00,10.25,21.22,43.90,15.29,60.40,20.84,47.60
1778008273,8.56,12.25,10.50,21.49,43.92,15.49,60.38,20.65,47.61
1778008274,8.56,12.25,10.25,21.43,43.91,15.62,60.37,20.52,47.61
1778008276,8.56,12.25,10.25,21.15,43.85,15.45,60.29,21.05,47.69
1778008277,8.50,12.00,10.00,21.03,43.81,15.47,60.24,20.96,47.64
1778008279,8.50,12.50,10.25,21.02,43.80,15.55,60.19,20.83,47.55
1778008281,8.50,12.25,9.75,21.08,43.80,15.37,60.11,21.06,47.51
1778008282,8.50,12.75,10.50,21.05,43.80,15.38,60.05,20.68,47.42
1778008284,8.44,12.50,10.00,21.47,43.84,15.46,60.00,20.80,47.47
1778008285,8.38,12.25,10.25,21.49,43.85,15.45,59.95,20.72,47.48
1778008287,8.44,12.25,10.25,21.17,43.79,15.42,59.88,20.82,47.50
1778008289,8.50,12.75,9.75,21.15,43.80,15.37,59.82,20.82,47.52
1778008290,8.50,12.00,10.00,21.41,43.85,15.45,59.81,20.79,47.53
1778008292,8.50,12.25,10.50,21.14,43.84,15.54,59.81,20.94,47.58
1778008293,8.50,12.50,10.25,21.13,43.86,15.33,59.76,20.65,47.53
1778008295,8.50,12.50,10.50,21.09,43.87,15.30,59.76,20.72,47.54
1778008297,8.44,12.75,10.50,20.97,43.86,15.53,59.79,20.34,47.49
1778008298,8.50,12.50,10.50,21.13,43.88,15.49,59.77,20.62,47.61
1778008300,8.44,12.50,9.75,21.59,43.95,15.32,59.73,20.92,47.68
1778008301,8.44,12.75,10.50,21.02,43.87,15.29,59.70,20.75,47.62
1778008303,8.44,12.25,10.00,21.20,43.90,15.34,59.69,20.71,47.64
1778008305,8.38,12.50,10.00,21.64,43.98,15.41,59.71,20.98,47.64
1778008306,8.38,12.50,10.00,20.93,43.85,15.22,59.70,20.98,47.54
1778008308,8.44,12.75,10.50,21.61,43.94,15.36,59.75,20.82,47.47
1778008309,8.38,12.50,10.50,20.98,43.85,15.14,59.73,20.89,47.43
1778008311,8.38,12.50,10.00,21.43,43.89,15.35,59.80,21.14,47.40
1778008313,8.38,12.75,10.50,21.37,43.86,15.39,59.81,20.71,47.26
1778008314,8.38,12.50,10.50,21.33,43.85,15.35,59.83,20.42,47.19
1778008316,8.38,12.75,10.00,21.48,43.88,15.34,59.87,20.91,47.25
1778008318,8.38,12.75,10.50,21.43,43.86,15.44,59.94,20.60,47.17
1778008319,8.38,12.75,10.50,21.60,43.87,15.38,59.99,20.59,47.16
1778008321,8.38,12.50,10.50,21.69,43.89,15.31,60.02,20.69,47.17
1778008322,8.38,12.50,10.50,20.93,43.78,15.33,60.05,20.72,47.17
1778008324,8.44,12.50,10.50,21.17,43.81,15.38,60.10,20.62,47.15
1778008326,8.44,12.75,10.50,21.58,43.88,15.33,60.13,20.97,47.19
1778008327,8.44,13.00,10.25,20.94,43.78,15.34,60.13,20.77,47.15
1778008329,8.44,13.00,10.25,21.44,43.85,15.40,60.18,21.13,47.23
1778008330,8.50,13.00,11.00,21.48,43.86,15.23,60.18,20.65,47.19
1778008332,8.56,13.25,11.00,21.29,43.85,15.42,60.27,21.13,47.31
1778008334,8.50,13.00,10.75,21.13,43.85,15.39,60.33,21.02,47.31
1778008335,8.56,13.00,10.75,21.40,43.91,15.38,60.37,21.23,47.33
1778008337,8.56,13.00,10.50,21.32,43.92,15.49,60.44,20.97,47.26
1778008338,8.56,13.00,10.50,21.11,43.85,15.39,60.45,21.18,47.28
1778008340,8.63,12.75,10.75,21.07,43.85,15.51,60.47,21.15,47.30
1778008342,8.63,13.25,10.50,20.99,43.82,15.45,60.42,21.13,47.35
1778008343,8.69,13.00,10.75,21.00,43.81,15.53,60.39,20.72,47.29
1778008345,8.69,12.25,10.50,20.95,43.78,15.64,60.37,20.98,47.38
1778008346,8.63,12.50,10.50,21.59,43.87,15.45,60.26,21.20,47.38
1778008348,8.69,12.75,10.50,21.02,43.77,15.46,60.16,20.70,47.19
1778008350,8.63,12.75,10.00,21.62,43.87,15.46,60.11,21.06,47.24
1778008351,8.75,13.00,10.00,21.62,43.90,15.57,60.05,20.86,47.21
1778008353,8.75,13.00,10.75,20.83,43.76,15.41,59.96,20.73,47.18
1778008354,8.75,13.00,10.75,21.02,43.81,15.52,59.97,20.94,47.23
1778008356,8.75,12.75,10.50,21.63,43.90,15.53,59.94,20.91,47.26
1778008358,8.75,13.00,10.50,20.98,43.81,15.56,59.91,21.03,47.25
1778008359,8.69,12.75,10.25,21.28,43.89,15.50,59.88,20.91,47.23
1778008361,8.69,13.00,10.75,21.01,43.86,15.58,59.89,21.06,47.25
1778008363,8.69,12.75,10.50,21.13,43.87,15.51,59.85,21.02,47.22
1778008364,8.63,12.50,10.00,21.54,43.91,15.51,59.81,20.87,47.17
1778008366,8.63,12.50,10.25,20.90,43.81,15.48,59.76,21.02,47.17
1778008367,8.69,12.75,10.75,20.98,43.81,15.41,59.73,21.11,47.21
1778008369,8.63,13.00,10.75,20.84,43.81,15.39,59.69,21.07,47.26
1778008371,8.63,13.00,10.50,21.36,43.88,15.47,59.73,20.67,47.21
1778008372,8.63,12.50,10.50,21.26,43.87,15.60,59.77,21.03,47.27
1778008374,8.69,13.00,10.50,21.36,43.89,15.44,59.75,20.77,47.24
1778008375,8.69,12.50,10.25,21.48,43.87,15.45,59.76,20.64,47.23
1778008377,8.56,12.75,10.25,21.49,43.88,15.50,59.77,20.83,47.24
1778008379,8.63,12.50,10.75,21.25,43.83,15.50,59.76,21.47,47.28
1778008380,8.63,12.75,10.75,21.37,43.84,15.58,59.80,21.09,47.17
1778008382,8.56,12.25,10.25,21.09,43.78,15.56,59.83,21.09,47.19
1778008383,8.63,12.50,10.00,21.37,43.80,15.48,59.82,21.09,47.17
1778008385,8.56,13.00,10.00,21.58,43.83,15.54,59.83,21.15,47.16
1778008387,8.63,12.75,10.75,21.62,43.85,15.51,59.82,21.19,47.22
1778008388,8.56,12.75,10.75,21.05,43.80,15.50,59.82,20.86,47.17
1778008390,8.56,12.50,10.25,21.27,43.86,15.45,59.82,20.53,47.07
1778008391,8.56,12.75,10.25,21.65,43.94,15.56,59.85,20.74,47.09
1778008393,8.63,12.75,10.00,21.26,43.85,15.58,59.87,21.03,47.12
1778008395,8.63,13.00,10.25,21.58,43.91,15.55,59.87,20.75,47.05
1778008396,8.56,13.00,10.00,21.62,43.88,15.51,59.88,21.05,47.09
1778008398,8.56,13.00,10.50,21.02,43.80,15.44,59.87,21.11,47.12
1778008399,8.56,12.25,10.00,21.61,43.87,15.48,59.89,20.55,47.03
1778008401,8.56,12.75,10.50,21.45,43.86,15.53,59.91,20.59,47.02
1778008403,8.50,12.25,10.50,21.40,43.85,15.40,59.89,20.59,46.98
1778008404,8.50,12.75,10.50,21.34,43.83,15.37,59.89,20.70,47.01
1778008406,8.50,13.00,10.00,21.29,43.81,15.41,59.89,20.60,46.98
1778008408,8.56,12.50,10.50,21.32,43.81,15.46,59.89,20.95,47.04
1778008409,8.56,12.75,10.75,21.41,43.79,15.45,59.89,20.72,47.02
1778008411,8.50,12.25,10.50,21.49,43.79,15.47,59.92,21.53,47.18
1778008412,8.50,12.75,10.50,21.31,43.75,15.37,59.90,20.64,47.08
1778008414,8.50,13.00,10.00,21.18,43.74,15.53,59.96,21.06,47.11
1778008416,8.50,12.75,10.00,21.23,43.72,15.39,59.95,20.73,47.04
1778008417,8.44,12.50,10.25,21.47,43.73,15.49,59.98,20.19,46.98
1778008419,8.44,12.50,10.25,21.13,43.66,15.52,59.96,20.59,47.04
1778008420,8.50,12.50,10.25,21.17,43.65,15.43,59.91,20.70,47.12
1778008422,8.44,12.75,10.25,21.54,43.68,15.37,59.89,21.01,47.20
1778008424,8.44,11.50,10.25,21.05,43.61,15.48,59.89,20.83,47.22
1778008425,8.38,12.75,10.25,21.63,43.69,15.47,59.85,21.07,47.24
1778008427,8.38,12.75,10.25,21.04,43.58,15.31,59.78,21.04,47.16
1778008428,8.31,12.50,10.25,21.47,43.63,15.43,59.76,21.02,47.10
1778008430,8.31,12.25,9.50,20.94,43.53,15.40,59.70,21.13,47.07
1778008432,8.31,12.50,9.50,21.18,43.57,15.54,59.70,21.57,47.14
1778008433,8.31,12.50,10.25,21.31,43.61,15.55,59.66,20.89,47.00
1778008435,8.31,12.50,10.25,21.09,43.56,15.45,59.60,21.50,47.12
1778008436,8.31,12.25,9.75,21.06,43.55,15.37,59.56,21.09,47.11
1778008438,8.25,12.25,10.25,21.52,43.61,15.41,59.56,21.09,47.10
1778008440,8.25,12.25,9.75,21.05,43.55,15.33,59.55,20.59,47.00
1778008441,8.25,13.00,10.00,21.52,43.64,15.32,59.56,21.00,47.10
1778008443,8.25,12.50,10.25,21.21,43.58,15.30,59.58,21.12,47.15
1778008444,8.25,12.50,10.25,21.11,43.58,15.42,59.62,20.91,47.11
1778008446,8.25,12.75,10.50,21.37,43.64,15.33,59.64,21.16,47.12
1778008448,8.25,13.00,10.50,21.48,43.65,15.37,59.66,21.15,47.10
1778008449,8.25,12.75,10.25,21.34,43.63,15.39,59.68,20.78,46.99
1778008451,8.25,12.75,10.50,21.42,43.66,15.39,59.75,20.62,46.93
1778008453,8.31,12.75,10.50,21.21,43.64,15.22,59.75,21.13,46.96
1778008454,8.25,12.75,10.00,21.23,43.66,15.49,59.81,20.78,46.85
1778008456,8.31,13.00,10.50,21.43,43.75,15.30,59.81,20.79,46.87
1778008457,8.31,12.75,9.75,21.41,43.75,15.46,59.86,20.83,46.87
1778008459,8.31,12.75,10.25,21.54,43.77,15.23,59.84,20.90,46.87
1778008461,8.31,12.00,10.00,20.99,43.66,15.27,59.86,20.58,46.85
1778008462,8.31,12.50,9.75,21.46,43.74,15.39,59.88,20.88,46.91
1778008464,8.31,12.25,9.75,21.28,43.72,15.38,59.85,20.98,46.90
1778008465,8.25,13.00,10.50,21.23,43.69,15.41,59.83,20.87,46.91
1778008467,8.31,12.50,9.75,21.37,43.70,15.22,59.78,20.70,46.89
1778008469,8.31,12.00,10.25,21.03,43.64,15.24,59.78,21.03,46.98
1778008470,8.31,12.75,10.25,21.09,43.64,15.25,59.78,20.55,46.94
1778008472,8.31,12.75,9.50,21.45,43.69,15.23,59.79,20.81,47.01
1778008473,8.25,12.00,10.50,21.09,43.63,15.18,59.82,20.76,46.98
1778008475,8.31,12.50,10.50,21.41,43.68,15.35,59.84,20.66,47.06
1778008477,8.25,13.00,10.50,21.43,43.69,15.22,59.86,20.66,47.08
1778008478,8.25,12.50,10.50,21.30,43.67,15.24,59.89,20.62,47.06
1778008480,8.25,12.50,10.00,21.19,43.65,15.41,59.95,21.09,47.10
1778008481,8.31,13.00,10.00,20.98,43.63,15.23,59.93,21.05,47.03
1778008483,8.25,12.50,10.25,21.37,43.65,15.19,59.93,20.49,46.85
1778008485,8.25,12.25,9.75,21.34,43.64,15.27,59.94,20.86,46.81
1778008486,8.31,12.25,9.75,21.46,43.66,15.30,59.97,21.07,46.77
1778008488,8.31,12.25,10.25,21.06,43.60,15.19,60.00,20.88,46.65
1778008489,8.25,12.50,9.75,21.32,43.64,15.18,60.00,21.08,46.61
1778008491,8.25,12.25,10.00,21.41,43.66,15.27,60.01,21.11,46.55
1778008493,8.31,12.75,10.00,21.45,43.65,15.37,60.02,21.01,46.49
1778008494,8.25,12.75,10.00,21.39,43.63,15.18,59.98,21.05,46.57
1778008496,8.25,12.50,10.25,21.13,43.60,15.23,59.98,21.19,46.67
1778008497,8.25,12.75,10.00,21.42,43.64,15.18,59.98,20.75,46.70
1778008499,8.25,12.25,10.00,21.12,43.58,15.19,59.97,20.68,46.72
1778008501,8.31,12.75,10.00,20.98,43.56,15.26,59.96,20.89,46.74
1778008502,8.44,12.75,10.25,20.87,43.55,15.32,59.98,21.08,46.78
1778008504,8.38,12.75,10.50,21.50,43.62,15.47,60.03,20.66,46.69
1778008506,8.38,13.00,10.00,21.41,43.59,15.25,60.00,21.23,46.78
1778008507,8.38,12.75,10.50,21.22,43.56,15.24,60.01,21.25,46.77
1778008509,8.44,13.25,10.00,21.46,43.59,15.39,60.05,21.08,46.79
1778008510,8.44,12.75,10.50,20.95,43.52,15.26,60.04,20.80,46.79
1778008512,8.44,12.75,10.00,21.48,43.60,15.35,60.07,20.87,46.82
1778008514,8.44,13.25,10.25,21.55,43.64,15.30,60.10,20.83,46.79
1778008515,8.44,13.25,10.25,21.15,43.57,15.32,60.10,20.83,46.81
1778008517,8.38,13.25,10.25,21.39,43.64,15.19,60.09,20.62,46.74
1778008518,8.44,13.00,10.25,21.34,43.64,15.32,60.11,20.52,46.74
1778008520,8.44,13.25,10.00,21.49,43.65,15.31,60.12,21.12,46.86
1778008522,8.38,13.00,9.75,21.44,43.64,15.41,60.15,20.70,46.77
1778008523,8.44,12.75,10.75,21.15,43.58,15.28,60.14,20.96,46.77
1778008525,8.44,12.75,10.25,21.26,43.61,15.39,60.18,21.00,46.75
1778008526,8.44,12.75,10.00,21.44,43.63,15.41,60.19,20.59,46.68
1778008528,8.44,13.00,10.50,21.07,43.55,15.42,60.19,20.94,46.78
1778008530,8.50,12.75,10.25,21.37,43.60,15.33,60.18,20.78,46.74
1778008531,8.56,12.75,10.50,21.24,43.60,15.31,60.17,20.83,46.65
1778008533,8.63,12.50,10.50,21.17,43.59,15.39,60.21,20.62,46.45
1778008534,8.63,12.50,10.50,21.47,43.63,15.30,60.19,20.92,46.39
1778008536,8.56,12.50,10.00,21.08,43.56,15.50,60.21,20.74,46.36
1778008538,8.56,12.50,10.50,21.60,43.63,15.43,60.18,20.44,46.31
1778008539,8.56,12.50,10.50,21.51,43.65,15.30,60.13,20.98,46.42
1778008541,8.50,13.00,10.50,21.06,43.60,15.39,60.11,20.79,46.47
1778008542,8.56,12.50,10.50,20.96,43.58,15.17,60.04,20.88,46.62
1778008544,8.56,12.50,10.00,21.44,43.69,15.36,60.03,20.90,46.70
1778008546,8.50,12.50,10.50,21.07,43.62,15.39,60.00,20.62,46.66
1778008547,8.56,12.75,10.50,21.35,43.65,15.35,59.95,20.97,46.71
1778008549,8.56,12.75,10.25,21.34,43.64,15.42,59.92,21.10,46.70
1778008551,8.63,12.25,10.25,21.26,43.64,15.41,59.89,21.15,46.59
1778008552,8.63,13.25,10.75,21.21,43.58,15.32,59.88,21.24,46.52
1778008554,8.63,12.75,10.25,21.20,43.57,15.33,59.88,21.74,46.54
1778008555,8.63,12.75,10.00,21.30,43.58,15.47,59.89,20.91,46.40
1778008557,8.69,13.00,10.25,21.19,43.55,15.39,59.89,21.62,46.49
1778008559,8.69,13.00,10.50,21.21,43.54,15.35,59.89,21.13,46.40
1778008560,8.63,12.50,10.50,21.21,43.54,15.38,59.88,21.26,46.43
1778008562,8.50,12.25,10.50,21.32,43.56,15.36,59.89,20.98,46.38
1778008563,8.56,12.75,10.50,21.12,43.53,15.42,59.93,21.07,46.38
1778008565,8.56,12.50,10.50,21.55,43.57,15.50,59.94,21.19,46.39
1778008567,8.56,12.75,10.50,21.07,43.51,15.39,59.91,21.55,46.44
1778008568,8.56,12.75,10.25,20.99,43.49,15.43,59.90,21.20,46.38
1778008570,8.56,12.75,10.25,21.48,43.58,15.43,59.91,20.83,46.38
1778008571,8.56,12.75,10.50,21.16,43.53,15.52,59.93,21.36,46.47
1778008573,8.50,12.75,10.50,21.12,43.50,15.31,59.90,21.00,46.41
1778008575,8.56,12.75,10.50,21.32,43.56,15.45,59.93,21.53,46.49
1778008576,8.56,13.00,10.00,21.14,43.52,15.34,59.89,21.19,46.43
1778008578,8.50,13.00,10.25,21.48,43.61,15.38,59.92,21.47,46.42
1778008579,8.56,13.25,10.25,21.45,43.63,15.27,59.87,20.94,46.29
1778008581,8.50,13.00,10.25,21.29,43.62,15.35,59.85,20.91,46.23
1778008583,8.50,12.25,10.25,21.29,43.60,15.27,59.84,20.95,46.23
1778008584,8.50,12.75,10.25,21.50,43.61,15.30,59.81,21.29,46.33
1778008586,8.50,12.75,10.25,21.13,43.56,15.36,59.81,21.04,46.34
1778008587,8.44,13.00,10.00,21.15,43.55,15.31,59.76,20.94,46.32
1778008589,8.44,13.00,10.00,21.48,43.57,15.37,59.75,21.11,46.31
1778008591,8.44,12.50,10.25,21.51,43.54,15.27,59.69,21.68,46.35
1778008592,8.50,12.50,10.25,21.03,43.43,15.29,59.67,21.09,46.24
1778008594,8.38,12.25,10.00,21.15,43.45,15.37,59.68,21.44,46.27
1778008596,8.44,12.50,10.00,21.10,43.42,15.19,59.65,21.15,46.31
1778008597,8.44,12.75,10.00,21.44,43.46,15.21,59.63,21.07,46.32
1778008599,8.31,12.50,10.50,21.19,43.40,15.23,59.61,20.98,46.32
1778008600,8.38,12.50,10.25,21.40,43.41,15.33,59.61,20.92,46.35
1778008602,8.38,13.00,10.00,21.46,43.42,15.29,59.59,21.05,46.35
1778008604,8.31,12.75,10.50,21.51,43.43,15.36,59.58,21.32,46.34
1778008605,8.31,12.75,10.00,21.44,43.43,15.30,59.59,21.73,46.33
1778008607,8.31,12.75,10.25,21.39,43.41,15.32,59.62,20.75,46.14
1778008608,8.31,12.75,9.75,21.51,43.42,15.37,59.66,21.06,46.23
1778008610,8.31,12.75,10.25,20.99,43.32,15.26,59.66,21.30,46.30
1778008612,8.31,13.00,10.25,21.01,43.32,15.19,59.69,21.01,46.29
1778008613,8.38,13.00,10.50,21.44,43.37,15.38,59.76,20.91,46.28
1778008615,8.38,13.00,10.50,21.08,43.32,15.24,59.75,21.12,46.31
1778008616,8.31,12.75,10.50,21.47,43.35,15.20,59.78,21.44,46.32
1778008618,8.31,12.50,10.00,21.15,43.32,15.37,59.84,21.40,46.29
1778008620,8.31,13.00,10.25,21.40,43.35,15.18,59.86,20.98,46.18
1778008621,8.31,12.50,10.25,21.11,43.30,15.37,59.92,21.53,46.24
1778008623,8.31,12.75,10.00,21.44,43.37,15.29,59.91,21.02,46.14
1778008624,8.31,12.75,10.50,21.45,43.37,15.36,59.94,20.96,46.15
1778008626,8.31,12.75,10.50,21.39,43.35,15.23,59.93,21.24,46.19
1778008628,8.31,12.75,10.00,21.13,43.33,15.46,59.98,20.90,46.17
1778008629,8.38,12.25,9.75,21.22,43.32,15.29,59.97,20.90,46.19
1778008631,8.31,13.00,10.50,21.20,43.34,15.34,59.98,21.28,46.26
1778008632,8.38,12.50,10.50,21.39,43.37,15.41,60.01,21.21,46.18
1778008634,8.31,12.50,10.50,21.30,43.33,15.44,60.03,20.99,46.12
1778008636,8.38,13.00,10.00,21.26,43.32,15.36,60.01,20.95,46.04
1778008637,8.31,13.00,10.50,21.07,43.32,15.45,60.04,20.88,46.01
1778008639,8.31,12.50,10.00,21.52,43.42,15.41,60.03,21.33,46.06
1778008641,8.31,12.75,10.00,20.94,43.37,15.14,60.01,21.05,46.03
1778008642,8.31,13.00,10.75,21.02,43.38,15.32,60.09,21.39,46.09
1778008644,8.31,13.00,10.50,21.05,43.40,15.21,60.10,21.08,46.05
1778008645,8.38,12.50,10.50,21.21,43.39,15.21,60.11,21.26,46.07
1778008647,8.38,12.75,10.25,21.36,43.41,15.31,60.18,21.09,46.06
1778008649,8.38,12.25,10.75,21.17,43.40,15.21,60.17,21.38,46.11
1778008650,8.44,13.00,10.75,21.53,43.45,15.31,60.21,21.05,46.07
1778008652,8.38,12.25,10.75,21.26,43.42,15.29,60.22,21.05,46.06
1778008653,8.38,12.75,10.75,21.45,43.42,15.30,60.23,21.23,46.08
1778008655,8.38,13.00,10.75,20.98,43.34,15.25,60.23,21.02,46.02
1778008657,8.38,12.75,10.25,21.19,43.38,15.29,60.26,21.53,46.12
1778008658,8.38,12.50,10.25,21.41,43.39,15.29,60.27,20.95,46.08
1778008660,8.38,13.00,10.25,21.16,43.37,15.36,60.26,20.89,46.10
1778008661,8.38,13.00,10.75,21.43,43.38,15.26,60.21,21.63,46.25
1778008663,8.44,13.25,10.00,21.48,43.39,15.33,60.16,21.19,46.23
1778008665,8.38,13.25,10.50,21.00,43.30,15.30,60.14,21.05,46.23
1778008666,8.38,13.00,10.50,21.08,43.31,15.49,60.17,20.67,46.22
1778008668,8.44,12.75,10.75,21.13,43.30,15.29,60.11,20.94,46.29
1778008669,8.44,12.50,10.00,21.10,43.27,15.32,60.10,21.47,46.41
1778008671,8.38,12.75,10.00,21.52,43.33,15.36,60.08,21.33,46.40
1778008673,8.38,12.50,10.25,21.19,43.26,15.39,60.04,21.46,46.42
1778008674,8.38,12.50,10.50,21.35,43.27,15.38,60.00,21.22,46.37
1778008676,8.38,12.75,10.50,21.21,43.26,15.36,59.97,20.87,46.33
1778008677,8.44,12.25,10.25,21.44,43.31,15.42,59.94,21.70,46.46
1778008679,8.44,12.75,10.25,21.23,43.27,15.30,59.91,20.94,46.36
1778008681,8.38,13.00,10.25,21.30,43.28,15.30,59.91,20.96,46.33
1778008682,8.31,12.50,10.50,21.48,43.30,15.40,59.92,21.23,46.33
1778008684,8.38,12.50,10.50,21.57,43.32,15.42,59.94,21.14,46.28
1778008686,8.44,12.75,10.50,21.48,43.32,15.37,59.93,20.85,46.22
1778008687,8.38,12.75,10.25,21.12,43.26,15.45,59.93,21.05,46.25
1778008689,8.38,13.00,10.75,21.12,43.26,15.45,59.93,21.19,46.18
1778008690,8.38,13.00,10.50,21.47,43.31,15.41,59.93,21.17,46.14
1778008692,8.44,12.25,9.75,21.14,43.30,15.38,59.92,20.87,46.05
1778008694,8.44,13.00,10.50,21.35,43.34,15.39,59.93,20.92,46.06
1778008695,8.44,12.75,10.50,21.48,43.38,15.36,59.94,20.98,46.05
1778008697,8.44,12.50,10.00,21.36,43.36,15.41,59.93,21.13,46.05
1778008698,8.44,12.75,10.50,21.21,43.33,15.41,59.89,21.26,46.08
1778008700,8.44,12.75,10.50,21.17,43.34,15.33,59.83,21.17,46.08
1778008702,8.44,12.75,10.50,21.55,43.37,15.47,59.83,20.92,46.07
1778008703,8.44,12.75,10.25,21.13,43.33,15.37,59.80,21.26,46.13
1778008705,8.38,13.25,10.50,21.54,43.40,15.37,59.78,21.16,46.16
1778008706,8.44,13.00,10.50,21.41,43.38,15.41,59.79,21.55,46.23
1778008708,8.38,12.25,10.50,21.13,43.33,15.40,59.79,20.98,46.14
1778008710,8.44,13.00,10.00,21.39,43.36,15.36,59.78,20.96,46.14
1778008711,8.38,12.75,10.50,21.41,43.38,15.41,59.80,21.24,46.14
1778008713,8.31,12.75,10.25,21.04,43.33,15.41,59.81,21.54,46.13
1778008714,8.38,12.75,10.25,21.28,43.36,15.39,59.83,20.94,46.04
1778008716,8.38,12.50,10.75,21.70,43.42,15.45,59.83,20.86,46.03
1778008718,8.38,12.75,10.50,21.06,43.34,15.37,59.81,20.91,46.09
1778008719,8.38,12.75,10.25,21.18,43.37,15.37,59.82,20.82,46.11
1778008721,8.31,12.50,10.25,21.50,43.42,15.36,59.82,20.88,46.19
1778008722,8.44,12.75,10.00,21.39,43.41,15.42,59.83,20.56,46.16
1778008724,8.38,13.00,10.00,21.35,43.42,15.23,59.78,21.20,46.26
1778008726,8.44,13.00,10.25,21.23,43.40,15.31,59.79,20.95,46.23
1778008727,8.38,12.25,10.25,21.47,43.43,15.32,59.77,21.19,46.34
1778008729,8.38,13.00,10.25,21.44,43.41,15.41,59.82,21.14,46.38
1778008731,8.38,12.50,10.00,21.25,43.37,15.44,59.81,21.12,46.40
1778008732,8.31,12.50,10.25,21.26,43.35,15.36,59.79,21.02,46.37
1778008734,8.31,13.00,10.50,21.30,43.36,15.30,59.75,21.19,46.38
1778008735,8.31,13.00,10.50,21.13,43.34,15.30,59.77,21.11,46.32
1778008737,8.31,12.25,10.00,21.45,43.37,15.19,59.76,20.82,46.29
1778008739,8.31,12.50,10.50,21.04,43.32,15.41,59.82,20.82,46.33
1778008740,8.31,12.50,10.25,21.03,43.32,15.19,59.80,21.15,46.41
1778008742,8.31,12.75,10.25,21.29,43.36,15.36,59.84,21.12,46.45
1778008743,8.38,12.50,10.25,21.33,43.36,15.15,59.81,20.50,46.39
1778008745,8.31,12.50,10.00,21.41,43.37,15.24,59.82,21.63,46.64
1778008747,8.31,12.75,10.25,21.30,43.36,15.36,59.85,20.86,46.51
1778008748,8.31,13.00,10.75,21.08,43.35,15.23,59.83,20.94,46.46
1778008750,8.31,13.00,10.25,21.03,43.35,15.48,59.88,21.20,46.41
1778008751,8.31,13.00,10.50,21.13,43.36,15.19,59.83,20.77,46.25
1778008753,8.31,12.75,10.50,21.39,43.41,15.19,59.84,20.91,46.21
1778008755,8.31,13.00,10.50,21.41,43.42,15.34,59.87,21.19,46.20
1778008756,8.31,13.00,10.50,21.43,43.41,15.20,59.87,20.84,46.15
1778008758,8.38,13.50,10.75,21.63,43.47,15.39,59.93,21.02,46.18
1778008759,8.31,13.00,10.25,21.40,43.43,15.26,59.90,21.31,46.24
1778008761,8.31,12.75,10.25,21.29,43.41,15.22,59.90,21.57,46.31
1778008763,8.31,12.75,10.25,21.11,43.38,15.24,59.90,20.73,46.19
1778008764,8.31,12.75,10.50,21.16,43.42,15.29,59.92,20.90,46.18
1778008766,8.31,12.50,10.50,21.04,43.45,15.34,59.96,20.44,46.11
1778008767,8.25,13.00,10.25,21.45,43.53,15.22,59.97,20.89,46.21
1778008769,8.31,12.75,10.50,21.37,43.59,15.15,59.97,20.88,46.23
1778008771,8.31,12.50,10.25,21.02,43.55,15.31,60.02,21.18,46.31
1778008772,8.31,13.00,10.25,21.01,43.51,15.20,60.02,21.05,46.34
1778008774,8.31,13.25,10.00,21.56,43.57,15.23,60.00,20.88,46.40
1778008776,8.31,13.00,10.25,21.25,43.49,15.26,60.03,20.98,46.45
1778008777,8.31,13.50,10.75,21.08,43.45,15.23,60.05,20.96,46.43
1778008779,8.38,13.00,10.25,20.98,43.40,15.33,60.09,20.86,46.37
1778008780,8.38,12.50,10.00,21.34,43.42,15.31,60.09,21.05,46.37
1778008782,8.38,12.75,10.25,21.44,43.40,15.37,60.13,20.82,46.34
1778008784,8.38,12.75,9.75,21.40,43.38,15.33,60.11,20.72,46.31
1778008785,8.31,12.75,10.50,21.15,43.34,15.21,60.07,20.86,46.31
1778008787,8.31,13.00,10.25,21.44,43.39,15.37,60.09,20.89,46.31
1778008788,8.31,12.75,10.50,21.02,43.32,15.41,60.09,20.90,46.27
1778008790,8.31,12.50,10.25,21.55,43.40,15.27,60.05,21.20,46.31
1778008792,8.31,13.00,10.00,21.12,43.35,15.31,60.04,20.75,46.23
1778008793,8.31,13.25,10.50,21.47,43.39,15.14,60.02,20.83,46.20
1778008795,8.31,13.25,10.50,21.00,43.32,15.28,60.05,20.97,46.17
1778008796,8.38,13.25,9.75,21.07,43.34,15.41,60.08,20.67,46.08
1778008798,8.38,13.00,10.75,21.48,43.39,15.21,60.06,20.98,46.09
1778008800,8.38,13.25,10.50,21.37,43.40,15.26,60.07,21.07,46.13
1778008801,8.38,13.25,10.25,21.40,43.39,15.24,60.10,20.96,46.11
1778008803,8.44,12.50,10.50,21.30,43.40,15.36,60.12,20.97,46.08
1778008804,8.38,12.75,10.25,21.15,43.37,15.23,60.12,21.05,46.11
1778008806,8.38,13.00,10.25,21.37,43.41,15.27,60.11,21.04,46.10
1778008808,8.38,13.00,10.25,21.23,43.38,15.41,60.13,20.94,46.08
1778008809,8.44,12.50,10.25,20.93,43.33,15.28,60.12,21.53,46.21
1778008811,8.44,13.00,10.50,21.50,43.40,15.35,60.11,21.10,46.15
1778008812,8.44,12.50,10.50,21.24,43.34,15.31,60.11,21.09,46.13
1778008814,8.44,13.00,10.50,21.35,43.35,15.45,60.09,21.19,46.11
1778008816,8.38,13.00,10.50,21.15,43.33,15.48,60.10,21.05,46.05
1778008817,8.38,12.75,10.50,21.50,43.36,15.30,60.04,21.44,46.07
1778008819,8.44,13.00,10.25,21.41,43.34,15.41,60.05,20.91,45.98
1778008821,8.38,13.00,10.00,21.54,43.36,15.30,60.02,21.24,45.99
1778008822,8.38,13.00,10.00,21.54,43.33,15.43,60.04,20.97,45.89
1778008824,8.44,12.50,9.75,21.52,43.34,15.23,59.98,20.94,45.86
1778008825,8.44,12.50,10.00,21.05,43.24,15.42,59.99,21.35,45.90
1778008827,8.44,12.75,10.25,21.58,43.30,15.30,59.95,20.98,45.81
1778008829,8.50,12.75,9.75,21.08,43.22,15.32,59.91,21.33,45.86
1778008830,8.44,13.25,10.00,21.11,43.22,15.45,59.89,21.02,45.82
1778008832,8.38,13.00,10.00,21.31,43.23,15.33,59.85,20.98,45.82
1778008833,8.44,12.75,10.00,21.14,43.18,15.32,59.82,21.37,45.93
1778008835,8.44,12.75,10.25,21.23,43.19,15.48,59.83,21.19,45.97
1778008837,8.38,13.50,10.00,21.39,43.20,15.35,59.79,21.13,46.00
1778008838,8.38,13.25,9.75,21.52,43.21,15.41,59.77,21.18,46.03
1778008840,8.44,12.75,10.25,21.09,43.14,15.40,59.75,20.98,46.02
1778008841,8.44,12.75,10.00,21.52,43.19,15.30,59.73,21.19,46.09
1778008843,8.44,13.00,10.00,21.03,43.11,15.40,59.75,20.98,46.08
1778008845,8.44,13.00,9.75,20.99,43.10,15.37,59.75,21.07,46.08
1778008846,8.44,12.50,10.25,21.16,43.13,15.41,59.74,20.98,46.05
1778008848,8.44,12.75,9.75,21.13,43.13,15.20,59.71,21.06,46.01
1778008849,8.50,12.75,10.25,21.16,43.11,15.35,59.76,20.96,45.94
1778008851,8.44,13.00,10.50,21.09,43.09,15.26,59.73,21.03,45.95
1778008853,8.44,12.75,10.00,21.37,43.13,15.27,59.71,20.96,45.96
1778008854,8.38,12.50,10.00,21.16,43.08,15.28,59.67,20.97,46.02
1778008856,8.38,12.75,10.50,21.49,43.13,15.41,59.70,21.00,46.07
1778008857,8.44,12.50,10.25,21.42,43.07,15.41,59.68,21.26,46.08
1778008859,8.44,13.50,10.00,21.41,43.09,15.39,59.66,20.70,45.97
1778008861,8.44,12.75,10.50,21.44,43.12,15.39,59.67,20.80,45.94
1778008862,8.50,13.00,10.25,21.18,43.09,15.39,59.67,21.17,45.94
1778008864,8.44,12.50,10.75,21.34,43.13,15.53,59.71,21.22,45.91
1778008866,8.44,12.75,10.25,20.99,43.07,15.37,59.68,21.07,45.87
1778008867,8.50,12.50,10.50,21.48,43.14,15.41,59.70,20.95,45.92
1778008869,8.50,13.00,10.25,21.54,43.16,15.52,59.71,20.92,45.98
1778008870,8.50,12.75,10.00,21.52,43.16,15.40,59.66,21.30,46.05
1778008872,8.56,12.75,10.50,21.04,43.08,15.34,59.66,20.98,46.00
1778008874,8.56,12.75,10.50,21.34,43.11,15.50,59.69,21.68,46.13
1778008875,8.63,12.75,10.50,21.21,43.10,15.37,59.67,21.17,46.07
1778008877,8.50,12.50,9.75,21.44,43.10,15.53,59.68,20.99,46.06
1778008878,8.56,13.00,10.00,21.40,43.08,15.51,59.66,20.90,46.05
1778008880,8.50,13.00,10.25,21.19,43.07,15.58,59.65,21.25,46.12
1778008882,8.56,12.75,10.00,21.62,43.12,15.43,59.59,20.98,46.06
1778008883,8.50,12.50,10.00,21.09,43.05,15.48,59.59,21.13,46.05
1778008885,8.50,13.00,10.00,21.40,43.09,15.47,59.55,21.09,46.01
1778008886,8.50,12.75,10.00,21.11,43.06,15.56,59.53,21.24,46.03
1778008888,8.44,12.50,10.00,21.15,43.02,15.40,59.45,21.20,46.03
1778008890,8.44,12.75,10.00,21.07,43.05,15.53,59.43,20.82,45.96
1778008891,8.44,13.00,10.25,21.44,43.08,15.47,59.38,20.90,45.96
1778008893,8.44,12.25,10.00,21.00,43.02,15.49,59.34,21.35,46.06
1778008894,8.44,13.00,9.75,21.11,43.02,15.54,59.29,21.09,46.04
1778008896,8.44,13.00,9.75,21.07,43.01,15.46,59.24,21.20,46.10
1778008898,8.44,13.00,10.25,21.37,43.05,15.44,59.20,21.17,46.11
1778008899,8.44,12.75,10.25,21.18,43.05,15.51,59.18,21.19,46.07
1778008901,8.44,12.75,10.25,21.35,43.08,15.45,59.15,21.01,45.98
1778008902,8.44,13.00,10.50,21.21,43.08,15.46,59.15,21.26,45.98
1778008904,8.38,12.50,10.50,21.44,43.14,15.56,59.22,20.89,45.91
1778008906,8.38,13.50,10.00,21.30,43.17,15.49,59.24,21.26,46.02
1778008907,8.38,13.50,10.25,21.19,43.19,15.50,59.27,21.18,46.00
1778008909,8.38,13.25,9.75,21.09,43.19,15.62,59.31,20.97,45.95
1778008910,8.44,13.25,10.00,21.13,43.20,15.64,59.35,21.13,45.99
1778008912,8.38,13.00,10.25,21.54,43.25,15.51,59.35,21.12,45.95
1778008914,8.44,13.00,9.75,21.55,43.24,15.51,59.38,21.19,45.96
1778008915,8.44,13.00,10.25,21.13,43.18,15.51,59.41,21.13,45.97
1778008917,8.44,13.50,10.25,21.31,43.23,15.48,59.43,20.83,45.93
1778008919,8.38,13.50,10.25,21.42,43.24,15.43,59.44,20.91,45.94
1778008920,8.38,13.75,10.25,21.40,43.26,15.51,59.48,21.21,45.98
1778008922,8.44,13.75,10.25,21.49,43.25,15.49,59.49,21.13,45.97
1778008923,8.38,13.25,9.75,21.13,43.21,15.56,59.52,20.94,45.91
1778008925,8.44,13.50,10.25,21.44,43.23,15.45,59.53,21.15,45.97
1778008927,8.38,13.00,10.25,21.15,43.17,15.58,59.57,20.91,45.97
1778008928,8.38,13.50,10.00,21.05,43.15,15.57,59.56,20.96,45.99
1778008930,8.38,13.50,10.25,21.34,43.17,15.53,59.54,20.83,45.98
1778008931,8.44,13.75,10.25,21.62,43.22,15.47,59.51,20.95,46.01
1778008933,8.44,13.25,10.25,21.26,43.17,15.49,59.48,20.81,46.03
1778008935,8.38,13.50,10.25,21.04,43.14,15.47,59.46,20.97,46.05
1778008936,8.38,13.25,10.00,21.16,43.17,15.41,59.42,20.94,46.06
1778008938,8.38,13.25,10.00,21.12,43.17,15.41,59.38,21.19,46.10
1778008939,8.31,13.50,10.25,21.45,43.20,15.49,59.39,21.14,46.03
1778008941,8.38,13.75,10.50,21.37,43.19,15.40,59.38,21.16,46.05
1778008943,8.31,13.25,10.25,21.37,43.21,15.34,59.37,21.07,46.10
1778008944,8.31,13.00,10.25,21.48,43.26,15.36,59.34,21.23,46.19
1778008946,8.25,13.50,10.25,21.09,43.28,15.48,59.39,21.06,46.20
1778008947,8.38,13.25,9.75,21.16,43.36,15.23,59.35,20.70,46.17
1778008949,8.31,13.25,10.25,21.26,43.41,15.30,59.39,21.23,46.28
1778008951,8.38,13.50,10.50,21.12,43.43,15.21,59.40,20.82,46.17
1778008952,8.31,13.25,10.75,21.48,43.50,15.41,59.51,20.74,46.13
1778008954,8.25,13.50,10.75,21.44,43.57,15.23,59.56,21.02,46.13
1778008955,8.31,13.25,10.75,21.36,43.59,15.19,59.64,20.70,46.06
1778008957,8.25,13.00,10.00,21.13,43.59,15.25,59.72,21.23,46.16
1778008959,8.31,13.50,10.50,21.51,43.66,15.25,59.79,21.13,46.18
1778008960,8.31,13.25,10.00,21.44,43.61,15.39,59.88,20.72,46.10
1778008962,8.31,13.75,10.00,21.46,43.54,15.26,59.92,21.06,46.11
1778008964,8.31,14.00,10.25,21.13,43.45,15.23,59.98,20.81,46.06
1778008965,8.38,13.75,10.25,21.13,43.36,15.27,60.03,20.57,46.04
1778008967,8.38,13.50,10.50,20.87,43.26,15.13,60.02,20.91,46.09
1778008968,8.44,13.50,10.50,21.09,43.24,15.10,60.08,20.72,46.03
1778008970,8.44,13.00,10.50,21.12,43.23,15.33,60.16,21.05,46.07
1778008972,8.50,13.50,10.00,21.40,43.24,15.34,60.16,21.15,46.08
1778008973,8.50,13.50,10.50,21.35,43.19,15.41,60.18,21.30,46.07
1778008975,8.44,13.75,10.75,21.30,43.16,15.28,60.13,20.89,46.01
1778008976,8.50,13.00,10.50,21.18,43.13,15.27,60.10,20.83,45.99
1778008978,8.63,14.00,10.75,21.52,43.16,15.28,60.06,20.92,45.99
1778008980,8.63,14.00,11.00,21.02,43.09,15.37,60.05,21.00,45.97
1778008981,8.63,13.75,10.75,21.36,43.16,15.39,60.02,21.04,45.89
1778008983,8.63,13.50,10.25,21.26,43.13,15.39,59.99,20.87,45.81
1778008984,8.63,13.25,10.50,21.06,43.09,15.40,59.94,21.06,45.80
1778008986,8.69,13.50,10.50,21.50,43.15,15.30,59.90,20.92,45.78
1778008988,8.63,13.75,10.75,21.59,43.14,15.44,59.90,20.88,45.79
1778008989,8.63,13.50,10.75,21.59,43.12,15.43,59.84,20.83,45.80
1778008991,8.56,14.00,10.75,20.96,43.01,15.49,59.82,21.16,45.86
1778008992,8.56,13.75,10.50,21.45,43.08,15.47,59.78,21.21,45.86
1778008994,8.50,13.25,10.50,21.11,43.03,15.42,59.75,21.26,45.85
1778008996,8.50,13.25,10.50,21.25,43.05,15.45,59.73,21.27,45.82
1778008997,8.50,13.25,10.75,21.29,43.08,15.47,59.71,21.08,45.83
1778008999,8.44,13.50,10.75,21.24,43.06,15.32,59.64,20.96,45.85
1778009000,8.44,13.25,10.00,21.20,43.08,15.47,59.63,21.34,45.92
1778009002,8.44,13.00,10.75,21.45,43.10,15.32,59.57,20.82,45.85
1778009004,8.38,13.00,10.75,21.37,43.09,15.41,59.53,21.29,45.89
1778009005,8.38,12.75,10.00,21.07,43.07,15.33,59.48,21.26,45.83
1778009007,8.38,13.50,10.50,21.28,43.12,15.30,59.43,21.26,45.80
1778009009,8.38,13.00,10.50,21.40,43.13,15.47,59.42,20.94,45.76
1778009010,8.31,13.75,10.50,21.01,43.07,15.32,59.35,21.00,45.77
1778009012,8.31,13.50,10.50,21.08,43.08,15.28,59.30,20.98,45.84
1778009013,8.31,13.50,10.50,21.51,43.14,15.37,59.30,21.45,45.95
1778009015,8.31,13.00,10.50,21.54,43.16,15.34,59.29,21.42,45.94
1778009017,8.31,13.75,10.50,21.08,43.11,15.45,59.31,21.69,45.94
1778009018,8.31,13.75,10.75,21.41,43.19,15.26,59.30,21.05,45.81
1778009020,8.25,13.50,10.75,21.36,43.21,15.35,59.32,21.30,45.87
1778009021,8.31,13.50,10.75,21.22,43.23,15.26,59.32,20.86,45.84
1778009023,8.31,13.50,9.75,21.08,43.25,15.38,59.38,20.64,45.85
1778009025,8.25,13.25,10.50,21.11,43.31,15.25,59.39,21.06,45.95
1778009026,8.25,13.75,10.50,21.37,43.40,15.24,59.42,21.41,45.99
1778009028,8.25,13.50,10.50,21.53,43.43,15.26,59.48,21.15,45.94
1778009029,8.25,13.50,9.75,21.37,43.43,15.25,59.55,21.27,45.96
1778009031,8.25,14.25,10.75,21.41,43.41,15.20,59.60,21.73,46.05
1778009033,8.25,13.50,10.75,21.21,43.32,15.37,59.63,21.55,46.05
1778009034,8.25,13.75,10.50,21.30,43.29,15.26,59.66,21.49,46.03
1778009036,8.31,13.75,10.50,21.13,43.23,15.15,59.69,20.79,45.86
1778009037,8.25,13.75,10.75,21.13,43.22,15.21,59.71,21.30,45.89
1778009039,8.25,13.25,10.75,21.41,43.23,15.26,59.78,20.98,45.79
1778009041,8.25,13.75,10.25,21.37,43.23,15.21,59.78,20.90,45.76
1778009042,8.31,13.50,10.50,21.34,43.24,15.19,59.82,21.78,45.89
1778009044,8.25,13.50,11.00,21.28,43.21,15.16,59.84,21.18,45.74
1778009045,8.25,13.25,10.50,21.48,43.22,15.21,59.88,20.97,45.67
1778009047,8.25,13.25,10.75,21.69,43.23,15.14,59.90,21.27,45.71
1778009049,8.25,13.75,11.00,21.26,43.12,15.33,59.95,21.00,45.64
1778009050,8.25,13.25,10.00,21.39,43.13,15.22,59.93,21.54,45.69
1778009052,8.31,13.50,11.00,21.19,43.12,15.29,59.95,20.94,45.61
1778009054,8.31,13.75,10.75,21.39,43.16,15.13,59.95,21.15,45.62
1778009055,8.31,13.75,10.75,21.52,43.21,15.28,60.02,20.98,45.58
1778009057,8.31,13.50,10.50,21.52,43.19,15.17,60.05,21.42,45.63
1778009058,8.31,13.50,10.50,21.13,43.10,15.22,60.07,21.64,45.64
1778009060,8.31,14.00,10.25,21.57,43.10,15.14,60.09,21.41,45.61
1778009062,8.38,13.00,10.50,21.19,42.99,15.29,60.14,20.98,45.54
1778009063,8.31,13.50,10.75,21.35,42.96,15.20,60.14,21.00,45.57
1778009065,8.25,13.25,10.75,21.18,42.91,15.28,60.14,21.55,45.66
1778009066,8.31,13.75,10.50,21.39,42.94,15.27,60.15,20.95,45.56
1778009068,8.31,13.50,10.50,21.17,42.90,15.29,60.13,20.80,45.54
1778009070,8.25,13.50,10.50,21.35,42.93,15.24,60.11,21.68,45.67
1778009071,8.38,13.25,10.00,21.41,42.89,15.41,60.12,20.96,45.58
1778009073,8.31,13.25,10.25,21.53,42.91,15.17,60.04,21.13,45.62
1778009074,8.25,13.50,10.25,21.20,42.84,15.37,60.04,21.33,45.71
1778009076,8.25,13.25,10.50,21.69,42.91,15.17,60.02,21.30,45.77
1778009078,8.25,13.75,10.25,21.15,42.80,15.24,60.02,21.06,45.72
1778009079,8.25,13.25,10.50,21.24,42.81,15.22,60.01,20.98,45.73
1778009081,8.38,13.75,10.50,21.35,42.83,15.36,60.02,21.15,45.79
1778009082,8.31,13.00,10.50,21.24,42.78,15.32,59.99,21.68,45.89
1778009084,8.25,13.50,10.25,21.45,42.80,15.38,59.99,21.14,45.81
1778009086,8.31,13.25,10.50,21.35,42.79,15.37,59.98,21.19,45.80
1778009087,8.31,12.50,9.75,21.12,42.76,15.29,59.96,20.76,45.72
1778009089,8.31,12.50,10.50,21.15,42.77,15.31,59.96,21.18,45.77
1778009090,8.31,13.75,10.75,21.50,42.81,15.38,59.97,21.35,45.78
1778009092,8.31,13.50,10.50,21.19,42.76,15.34,59.95,21.22,45.76
1778009094,8.31,13.75,9.75,21.34,42.77,15.38,59.96,21.64,45.82
1778009095,8.25,13.00,10.25,21.53,42.80,15.23,59.91,21.40,45.73
1778009097,8.31,13.25,10.25,21.19,42.77,15.28,59.90,20.99,45.64
1778009099,8.25,13.25,10.50,21.36,42.82,15.30,59.89,21.00,45.62
1778009100,8.25,13.75,10.50,21.41,42.84,15.25,59.87,20.73,45.60
1778009102,8.25,13.50,10.25,21.12,42.78,15.29,59.87,20.94,45.62
1778009103,8.25,13.25,10.50,21.14,42.76,15.34,59.88,21.37,45.67
1778009105,8.25,13.50,10.50,21.29,42.77,15.29,59.87,20.92,45.58
1778009107,8.25,13.25,10.50,21.11,42.74,15.18,59.88,21.00,45.60
1778009108,8.25,13.50,10.25,21.35,42.78,15.28,59.90,20.92,45.60
1778009110,8.25,12.50,10.50,21.35,42.78,15.37,59.91,20.64,45.57
1778009111,8.19,13.50,10.75,21.34,42.80,15.23,59.89,21.33,45.73
1778009113,8.25,13.75,10.25,21.65,42.84,15.23,59.91,20.97,45.73
1778009115,8.25,13.00,10.50,21.18,42.76,15.23,59.94,20.76,45.80
1778009116,8.25,13.00,10.50,21.55,42.84,15.19,59.96,20.62,45.82
1778009118,8.19,13.50,10.00,21.27,42.80,15.25,59.99,21.00,45.89
1778009119,8.19,12.75,10.50,21.25,42.80,15.19,60.01,21.13,45.94
1778009121,8.19,13.25,10.50,21.46,42.85,15.43,60.07,21.19,45.98
1778009123,8.19,13.25,10.50,21.45,42.85,15.19,60.08,20.94,45.95
1778009124,8.19,13.50,10.50,21.54,42.89,15.19,60.11,21.31,46.00
1778009126,8.19,13.75,10.50,21.54,42.92,15.16,60.12,21.16,46.03
1778009127,8.19,12.75,10.50,21.34,42.92,15.15,60.13,20.91,46.01
1778009129,8.25,13.25,10.25,21.28,42.91,15.21,60.16,21.15,46.05
1778009131,8.19,13.50,10.00,21.19,42.88,15.21,60.18,21.36,46.07
1778009132,8.25,13.00,10.25,21.19,42.89,15.18,60.18,21.12,45.99
1778009134,8.19,13.50,10.50,21.15,42.88,15.13,60.16,20.88,45.93
1778009135,8.19,13.50,10.50,21.41,42.93,15.30,60.18,20.51,45.89
1778009137,8.19,13.50,10.50,21.30,42.91,15.13,60.13,21.23,46.06
1778009139,8.13,13.00,10.00,21.45,42.92,15.19,60.11,20.89,46.05
1778009140,8.13,12.75,9.75,21.30,42.92,15.26,60.10,20.87,46.05
1778009142,8.19,14.00,10.25,21.34,42.92,15.29,60.07,20.88,46.04
1778009144,8.19,13.50,10.50,21.30,42.94,15.13,60.02,21.26,46.05
1778009145,8.13,13.25,10.25,21.10,42.93,15.18,60.04,20.91,45.98
1778009147,8.13,12.75,10.25,21.65,43.05,15.17,60.05,21.23,46.02
1778009148,8.13,13.50,10.50,21.66,43.07,15.22,60.07,20.77,45.97
1778009150,8.13,13.00,10.50,21.30,43.02,15.06,60.07,20.72,45.98
1778009152,8.13,13.25,10.25,21.40,43.02,15.22,60.10,20.71,45.99
1778009153,8.13,13.00,9.75,21.28,42.98,15.28,60.13,20.87,46.01
1778009155,8.13,13.25,10.50,21.41,43.00,15.09,60.10,21.17,46.08
1778009156,8.19,13.50,10.25,21.34,42.97,15.11,60.11,20.81,45.98
1778009158,8.13,13.75,10.25,21.70,43.02,15.09,60.14,20.87,46.04
1778009160,8.13,13.75,10.25,21.70,43.00,15.13,60.14,21.09,46.13
1778009161,8.13,13.75,10.25,21.15,42.90,15.04,60.17,20.70,46.10
1778009163,8.19,13.50,10.25,21.41,42.95,15.15,60.22,20.91,46.14
1778009164,8.19,13.50,10.00,21.15,42.90,15.14,60.26,20.94,46.13
1778009166,8.19,13.50,10.75,21.15,42.91,15.21,60.29,20.91,46.10
1778009168,8.19,13.75,10.50,21.07,42.91,15.20,60.31,20.98,46.06
1778009169,8.19,13.25,10.50,21.45,42.99,15.11,60.34,20.72,45.98
1778009171,8.13,13.25,10.25,21.44,42.98,15.05,60.34,20.90,45.98
1778009172,8.19,13.25,10.00,21.25,42.94,15.04,60.35,20.86,45.95
1778009174,8.25,14.00,10.75,21.44,42.95,15.13,60.37,20.80,45.92
1778009176,8.25,14.00,10.75,21.53,42.96,15.15,60.37,21.20,46.00
1778009177,8.25,13.50,10.75,21.10,42.89,15.23,60.40,20.88,45.96
1778009179,8.25,13.50,10.75,21.41,42.91,15.27,60.45,20.97,45.97
1778009180,8.31,13.50,10.75,21.15,42.91,15.13,60.43,21.25,45.99
1778009182,8.38,14.00,10.50,21.15,42.90,15.16,60.45,21.13,45.96
1778009184,8.31,13.00,10.75,21.69,42.99,15.22,60.50,20.83,45.91
1778009185,8.38,13.75,10.75,21.58,42.97,15.25,60.52,20.91,45.92
1778009187,8.38,13.25,10.75,21.11,42.85,15.05,60.48,20.63,45.89
1778009189,8.38,14.00,10.25,21.18,42.84,15.09,60.49,20.66,45.95
1778009190,8.38,13.50,11.00,21.57,42.89,15.19,60.49,20.71,45.96
1778009192,8.31,14.00,11.00,21.19,42.85,15.17,60.45,21.72,46.10
1778009193,8.31,13.25,10.50,21.44,42.90,15.22,60.42,20.98,46.00
1778009195,8.38,13.75,11.00,21.18,42.87,15.30,60.42,20.91,45.99
1778009197,8.38,13.50,10.25,21.18,42.89,15.26,60.40,20.97,46.00
1778009198,8.38,13.50,10.75,21.11,42.87,15.22,60.36,21.21,46.00
1778009200,8.44,13.75,10.25,21.18,42.87,15.23,60.35,20.80,45.90
1778009201,8.44,14.00,10.50,21.15,42.85,15.23,60.33,21.24,45.92
1778009203,8.31,14.00,10.25,21.41,42.88,15.26,60.29,20.94,45.82
1778009205,8.38,13.75,10.50,21.11,42.82,15.19,60.23,21.03,45.85
1778009206,8.38,13.50,10.25,21.24,42.84,15.27,60.22,21.35,45.89
1778009208,8.38,13.50,10.25,21.41,42.84,15.15,60.16,21.38,45.92
1778009209,8.38,13.00,10.50,21.30,42.80,15.27,60.13,20.97,45.90
1778009211,8.31,13.75,10.25,21.34,42.80,15.23,60.06,20.96,45.93
1778009213,8.31,13.50,10.25,21.23,42.78,15.22,59.97,20.99,45.97
1778009214,8.31,13.50,10.50,21.11,42.76,15.23,59.89,21.14,45.96
1778009216,8.31,13.50,10.00,21.19,42.75,15.21,59.85,20.89,45.90
1778009217,8.25,13.25,10.75,21.13,42.74,15.34,59.83,21.13,45.96
1778009219,8.25,13.25,10.00,21.58,42.80,15.19,59.77,20.98,45.90
1778009221,8.25,13.25,10.25,21.29,42.77,15.22,59.74,21.26,45.91
1778009222,8.25,13.50,10.75,21.41,42.80,15.26,59.72,21.12,45.86
1778009224,8.25,13.50,10.25,21.62,42.81,15.19,59.69,21.68,45.95
1778009225,8.25,13.25,10.50,21.19,42.74,15.41,59.73,20.76,45.79
1778009227,8.25,13.00,10.50,21.12,42.73,15.23,59.73,20.91,45.76
1778009229,8.19,13.75,10.25,21.45,42.78,15.19,59.76,20.80,45.72
1778009230,8.25,13.75,10.00,21.58,42.83,15.25,59.78,20.96,45.76
1778009232,8.31,13.00,10.75,21.58,42.82,15.23,59.79,21.02,45.74
1778009234,8.25,13.25,10.25,21.26,42.79,15.37,59.82,21.63,45.78
1778009235,8.19,13.75,10.75,21.29,42.79,15.15,59.82,21.17,45.69
1778009237,8.19,13.50,10.50,21.45,42.85,15.26,59.86,21.31,45.72
1778009238,8.25,14.00,11.00,21.24,42.88,15.37,59.94,20.94,45.73
1778009240,8.25,13.50,10.75,21.48,42.91,15.23,59.98,21.28,45.87
1778009242,8.44,14.00,10.75,21.19,42.85,15.17,60.03,20.94,45.93
1778009243,8.50,13.75,10.50,21.69,42.93,15.20,60.12,21.13,46.05
1778009245,8.56,14.25,10.50,21.62,42.91,15.35,60.24,21.52,46.18
1778009246,8.63,13.75,10.75,21.41,42.90,15.31,60.34,21.05,46.11
1778009248,8.63,14.00,11.00,21.20,42.89,15.38,60.44,21.15,46.10
1778009250,8.69,13.75,10.75,21.24,42.92,15.38,60.50,21.00,46.07
1778009251,8.69,13.50,11.00,21.35,42.95,15.26,60.54,21.07,46.01
1778009253,8.69,14.50,10.50,21.41,42.96,15.43,60.59,21.04,45.96
1778009254,8.75,14.00,10.00,21.30,42.94,15.47,60.61,20.51,45.83
1778009256,8.69,13.25,11.00,21.20,42.93,15.29,60.58,21.08,45.89
1778009258,8.69,13.75,10.50,21.41,42.93,15.23,60.54,21.07,45.85
1778009259,8.75,14.00,10.75,21.55,42.95,15.25,60.55,21.05,45.78
1778009261,8.69,14.00,10.00,21.16,42.87,15.33,60.51,20.98,45.70
1778009262,8.69,13.50,10.50,21.20,42.89,15.43,60.45,20.96,45.59
1778009264,8.63,14.00,10.75,21.46,42.93,15.32,60.33,21.41,45.62
1778009266,8.63,14.00,10.50,21.15,42.88,15.40,60.26,21.06,45.54
1778009267,8.56,13.25,10.50,21.67,42.97,15.33,60.16,21.41,45.58
1778009269,8.56,13.00,10.50,21.35,42.91,15.47,60.06,20.96,45.49
1778009270,8.50,13.75,10.50,21.36,42.90,15.35,59.96,20.92,45.44
1778009272,8.56,13.75,9.75,21.36,42.86,15.32,59.88,21.07,45.43
1778009274,8.50,13.50,10.25,21.45,42.84,15.34,59.81,21.22,45.44
1778009275,8.50,13.75,10.50,21.36,42.80,15.31,59.71,20.89,45.35
1778009277,8.44,13.75,10.25,21.47,42.80,15.38,59.67,21.19,45.39
1778009279,8.44,13.00,10.25,21.36,42.77,15.25,59.60,20.84,45.36
1778009280,8.44,12.75,10.25,21.41,42.77,15.36,59.57,20.94,45.39
1778009282,8.38,13.00,10.25,21.52,42.76,15.30,59.54,21.34,45.45
1778009283,8.38,13.75,10.50,21.60,42.77,15.31,59.52,21.05,45.40
1778009285,8.38,13.75,10.25,21.59,42.76,15.18,59.49,20.86,45.36
1778009287,8.31,13.75,10.25,21.46,42.75,15.23,59.49,21.09,45.33
1778009288,8.31,13.00,10.00,21.26,42.73,15.17,59.48,21.72,45.35
1778009290,8.25,13.00,10.25,21.37,42.75,15.18,59.48,21.78,45.33
1778009291,8.31,13.00,10.00,21.37,42.77,15.20,59.51,20.80,45.16
1778009293,8.25,13.00,10.50,21.22,42.74,15.24,59.54,21.05,45.14
1778009295,8.25,14.00,10.50,21.30,42.74,15.18,59.56,21.05,45.10
1778009296,8.31,13.25,10.50,21.17,42.69,15.21,59.62,21.34,45.13
1778009298,8.31,14.00,10.50,21.09,42.67,15.21,59.63,20.91,45.04
1778009299,8.31,13.50,9.75,21.36,42.70,15.26,59.65,21.09,45.07
1778009301,8.31,13.75,10.50,21.37,42.69,15.23,59.66,21.05,45.06
1778009303,8.31,13.50,10.00,21.81,42.75,15.22,59.66,21.27,45.11
1778009304,8.31,13.50,10.25,21.26,42.68,15.17,59.67,21.02,45.10
1778009306,8.25,13.25,10.25,21.55,42.72,15.22,59.70,21.58,45.24
1778009307,8.25,13.75,10.25,21.47,42.69,15.36,59.74,21.40,45.26
1778009309,8.25,13.50,10.25,21.66,42.73,15.27,59.75,20.94,45.22
1778009311,8.25,13.00,10.00,21.58,42.73,15.17,59.76,21.15,45.32
1778009312,8.25,13.50,10.00,21.36,42.69,15.33,59.79,21.11,45.33
1778009314,8.25,13.25,9.75,21.63,42.74,15.25,59.79,21.14,45.31
1778009315,8.19,13.75,10.25,21.64,42.74,15.27,59.82,21.01,45.22
1778009317,8.25,13.50,10.25,21.30,42.68,15.23,59.82,21.05,45.18
1778009319,8.19,13.50,10.25,21.68,42.73,15.19,59.79,21.13,45.13
1778009320,8.25,12.75,10.25,21.55,42.73,15.16,59.81,21.22,45.18
1778009322,8.19,13.25,9.75,21.54,42.70,15.13,59.82,21.15,45.20
1778009323,8.19,13.50,10.00,21.41,42.70,15.27,59.85,20.87,45.19
1778009325,8.19,13.00,10.00,21.50,42.74,15.23,59.87,21.36,45.29
1778009327,8.19,13.00,9.75,21.31,42.74,15.07,59.86,21.43,45.29
1778009328,8.13,13.00,10.25,21.73,42.82,15.27,59.92,21.34,45.24
1778009330,8.19,13.00,10.25,21.22,42.77,15.20,59.94,21.42,45.24
1778009332,8.19,13.25,10.25,21.61,42.83,15.34,59.96,21.61,45.27
1778009333,8.19,13.25,9.75,21.42,42.77,15.19,59.99,20.98,45.16
1778009335,8.13,13.00,10.00,21.56,42.76,15.12,59.98,20.98,45.18
1778009336,8.19,13.00,10.00,21.26,42.71,15.18,60.01,21.23,45.18
1778009338,8.13,13.50,10.00,21.48,42.74,15.25,60.04,21.26,45.19
1778009340,8.19,13.25,9.50,21.59,42.73,15.20,60.05,21.19,45.22
1778009341,8.13,13.25,10.00,21.52,42.70,15.19,60.04,21.30,45.29
1778009343,8.13,12.75,9.50,21.71,42.70,15.26,60.03,20.94,45.32
1778009344,8.25,13.50,9.75,21.63,42.69,15.20,60.01,21.02,45.41
1778009346,8.19,14.00,10.25,21.60,42.69,15.29,59.99,20.94,45.42
1778009348,8.13,13.25,9.75,21.56,42.67,15.18,59.93,21.10,45.41
1778009349,8.06,13.75,10.00,21.51,42.67,15.15,59.89,21.16,45.39
1778009351,8.13,13.75,10.25,21.60,42.70,15.22,59.87,21.20,45.36
1778009352,8.13,13.50,10.25,21.67,42.71,15.25,59.85,21.07,45.35
1778009354,8.13,13.50,9.75,21.26,42.62,15.22,59.85,21.05,45.39
1778009356,8.06,13.00,9.75,21.61,42.68,15.16,59.81,21.30,45.49
1778009357,8.06,13.50,9.50,21.73,42.69,15.27,59.82,21.34,45.52
1778009359,8.06,13.50,10.25,21.52,42.64,15.28,59.81,21.41,45.53
1778009360,8.06,13.50,10.00,21.60,42.66,15.23,59.82,21.41,45.47
1778009362,8.06,12.75,10.25,21.31,42.62,15.14,59.81,20.97,45.38
1778009364,8.06,13.25,10.00,21.73,42.67,15.21,59.82,21.11,45.40
1778009365,8.06,13.25,10.00,21.26,42.59,15.22,59.83,21.05,45.35
1778009367,8.06,13.50,10.00,21.69,42.66,15.22,59.85,21.30,45.39
1778009368,8.13,13.50,9.75,21.26,42.60,15.30,59.88,21.34,45.44
1778009370,8.00,13.00,10.00,21.65,42.67,15.14,59.86,21.40,45.46
1778009372,8.06,13.50,9.75,21.59,42.68,15.19,59.89,21.14,45.38
1778009373,8.06,13.75,10.00,21.22,42.62,15.15,59.91,21.03,45.35
1778009375,8.06,13.50,10.00,21.47,42.65,15.27,59.95,21.09,45.38
1778009377,8.06,13.75,10.00,21.57,42.67,15.16,59.93,21.01,45.36
1778009378,8.06,13.75,10.00,21.51,42.67,15.20,59.96,20.93,45.37
1778009380,8.06,13.50,9.75,21.26,42.64,15.17,59.98,20.98,45.43
1778009381,8.06,13.75,10.00,21.45,42.67,15.30,60.04,20.58,45.43
1778009383,8.13,13.25,10.00,21.47,42.68,15.21,60.06,20.89,45.51
1778009385,8.13,13.25,9.75,21.55,42.66,15.19,60.10,21.06,45.56
1778009386,8.13,13.50,10.00,21.40,42.68,15.25,60.15,21.20,45.59
1778009388,8.06,13.50,10.00,21.55,42.72,15.22,60.20,21.47,45.62
1778009389,8.13,13.50,10.25,21.09,42.64,15.30,60.23,20.90,45.52
1778009391,8.13,13.25,10.00,21.46,42.71,15.21,60.23,21.16,45.52
1778009393,8.13,13.50,10.25,21.21,42.70,15.09,60.26,20.91,45.52
1778009394,8.13,13.75,9.75,21.47,42.75,15.18,60.33,21.20,45.56
1778009396,8.13,13.00,10.25,21.64,42.75,15.22,60.38,21.27,45.55
1778009397,8.13,13.25,10.00,21.21,42.71,15.17,60.41,21.06,45.49
1778009399,8.13,13.75,10.00,21.42,42.76,15.15,60.45,20.96,45.50
1778009401,8.13,13.50,10.00,21.55,42.74,15.18,60.46,21.15,45.51
1778009402,8.19,13.25,10.25,21.55,42.77,15.07,60.46,21.34,45.51
1778009404,8.19,13.50,10.25,21.53,42.77,15.30,60.52,20.91,45.41
1778009405,8.19,13.25,10.00,21.36,42.73,15.19,60.53,21.05,45.44
1778009407,8.19,13.75,10.00,21.46,42.75,15.13,60.52,21.15,45.48
1778009409,8.25,13.25,10.00,21.45,42.76,15.15,60.54,21.39,45.51
1778009410,8.25,13.50,9.75,21.46,42.76,15.21,60.57,21.11,45.42
1778009412,8.19,13.50,10.25,21.68,42.81,15.22,60.56,21.18,45.44
1778009413,8.19,13.25,10.50,21.41,42.77,15.04,60.53,20.95,45.38
1778009415,8.19,13.50,9.75,21.46,42.77,15.15,60.54,20.88,45.37
1778009417,8.13,13.00,10.25,21.41,42.76,15.30,60.55,21.09,45.39
1778009418,8.19,13.25,10.00,21.26,42.73,15.23,60.54,21.03,45.38
1778009420,8.19,13.25,9.75,21.23,42.73,15.20,60.51,20.91,45.38
1778009422,8.19,13.25,10.00,21.21,42.70,15.19,60.49,21.25,45.41
1778009423,8.25,13.25,10.25,21.55,42.76,15.12,60.51,21.15,45.42
1778009425,8.25,13.50,10.50,21.55,42.75,15.20,60.50,21.30,45.49
1778009426,8.25,13.25,10.50,21.50,42.79,15.19,60.50,20.99,45.59
1778009428,8.25,13.75,10.25,21.50,42.84,15.15,60.51,20.97,45.72
1778009430,8.25,13.25,10.25,21.41,42.87,15.31,60.56,21.16,45.86
1778009431,8.25,13.75,10.00,21.35,42.89,15.22,60.56,21.17,45.85
1778009433,8.25,13.75,10.25,21.17,42.85,15.15,60.54,21.14,45.80
1778009434,8.25,14.25,10.25,21.13,42.85,15.19,60.55,20.97,45.71
1778009436,8.31,14.00,10.50,21.23,42.85,15.30,60.56,21.23,45.71
1778009438,8.38,13.75,10.25,21.29,42.85,15.33,60.53,21.01,45.63
1778009439,8.31,13.75,9.75,21.54,42.88,15.33,60.52,21.30,45.67
1778009441,8.31,13.75,9.75,21.41,42.84,15.27,60.49,21.01,45.60
1778009442,8.31,14.00,10.00,21.50,42.84,15.17,60.46,21.41,45.62
1778009444,8.38,13.75,10.50,21.15,42.80,15.30,60.46,21.30,45.58
1778009446,8.38,14.00,10.25,21.29,42.81,15.30,60.44,21.32,45.64
1778009447,8.44,14.00,10.25,21.25,42.81,15.23,60.40,21.01,45.66
1778009449,8.38,13.50,10.00,21.28,42.79,15.11,60.36,20.98,45.66
1778009450,8.44,13.75,10.00,21.50,42.82,15.27,60.37,21.33,45.68
1778009452,8.50,13.75,9.75,21.30,42.81,15.26,60.36,21.37,45.64
1778009454,8.44,13.75,9.75,21.34,42.83,15.23,60.35,21.42,45.67
1778009455,8.44,13.50,10.00,21.30,42.83,15.14,60.31,20.81,45.61
1778009457,8.50,13.50,9.75,21.67,42.88,15.19,60.29,21.31,45.71
1778009458,8.44,13.50,9.75,21.46,42.84,15.15,60.28,21.02,45.66
1778009460,8.44,13.50,10.00,21.16,42.78,15.21,60.25,21.13,45.65
1778009462,8.56,13.00,10.25,21.19,42.80,15.20,60.25,21.21,45.70
1778009463,8.50,13.75,10.25,21.30,42.82,15.40,60.28,21.27,45.74
1778009465,8.50,13.50,9.50,21.41,42.84,15.23,60.23,21.09,45.74
1778009466,8.50,13.25,10.00,21.21,42.80,15.22,60.23,21.47,45.79
1778009468,8.50,13.75,9.75,21.31,42.84,15.22,60.18,20.88,45.69
1778009470,8.50,13.75,9.25,21.41,42.83,15.18,60.14,21.08,45.68
1778009471,8.56,13.50,10.25,21.54,42.82,15.16,60.12,21.52,45.67
1778009473,8.50,13.75,9.25,21.34,42.78,15.13,60.07,21.02,45.55
1778009475,8.50,13.50,10.00,21.41,42.77,15.19,60.07,21.41,45.58
1778009476,8.44,13.50,10.00,21.25,42.75,15.22,60.05,21.30,45.53
1778009478,8.38,13.75,10.00,21.51,42.78,15.15,60.02,21.41,45.53
1778009479,8.44,14.00,9.75,21.50,42.77,15.16,59.98,21.68,45.57
1778009481,8.38,13.75,10.00,21.25,42.74,15.25,60.00,21.79,45.56
1778009483,8.44,13.25,10.00,21.36,42.72,15.17,59.98,20.88,45.38
1778009484,8.38,13.25,10.00,21.35,42.72,15.33,59.99,21.13,45.42
1778009486,8.38,13.00,9.75,21.41,42.76,15.31,59.97,21.02,45.46
1778009487,8.38,13.50,10.00,21.26,42.74,15.15,59.95,21.11,45.53
1778009489,8.38,12.75,10.00,21.52,42.75,15.21,59.94,20.76,45.53
1778009491,8.38,13.25,10.00,21.21,42.72,15.22,59.91,21.13,45.59
1778009492,8.38,13.50,9.75,21.41,42.74,15.14,59.89,21.31,45.60
1778009494,8.38,13.75,10.00,21.59,42.77,15.21,59.95,21.01,45.58
1778009495,8.31,13.25,10.00,21.67,42.76,15.16,59.93,20.89,45.54
1778009497,8.38,13.75,10.25,21.42,42.72,15.12,59.92,21.04,45.59
1778009499,8.38,13.25,9.50,21.30,42.72,15.26,59.94,21.76,45.73
1778009500,8.38,13.25,9.75,21.24,42.70,15.31,59.96,20.95,45.60
1778009502,8.31,13.50,10.00,21.68,42.75,15.20,59.98,20.87,45.62
1778009503,8.31,13.50,10.00,21.35,42.70,15.28,60.01,21.23,45.67
1778009505,8.31,12.75,9.75,21.46,42.71,15.21,60.02,21.05,45.61
1778009507,8.31,13.25,9.50,21.21,42.67,15.17,60.03,21.10,45.59
1778009508,8.31,13.00,9.50,21.44,42.70,15.24,60.03,20.92,45.56
1778009510,8.31,13.00,10.00,21.47,42.68,15.24,60.04,21.23,45.58
1778009511,8.31,12.75,9.75,21.46,42.69,15.19,60.03,21.72,45.69
1778009513,8.31,13.00,9.50,21.42,42.69,15.13,60.04,20.97,45.56
1778009515,8.31,13.75,9.75,21.25,42.67,15.27,60.08,21.75,45.65
1778009516,8.31,13.75,10.00,21.52,42.71,15.26,60.11,21.33,45.56
1778009518,8.31,13.25,9.75,21.41,42.69,15.22,60.13,21.03,45.50
1778009520,8.25,13.00,9.75,21.30,42.68,15.17,60.14,21.02,45.50
1778009521,8.31,13.25,10.25,21.41,42.69,15.17,60.15,21.43,45.56
1778009523,8.31,13.50,9.50,21.66,42.77,15.24,60.16,21.05,45.51
1778009524,8.31,14.00,9.75,21.45,42.69,15.20,60.17,21.15,45.50
1778009526,8.31,13.75,10.00,21.36,42.68,15.25,60.16,21.34,45.51
1778009528,8.31,13.75,9.50,21.13,42.63,15.13,60.16,20.87,45.43
1778009529,8.25,13.75,9.75,21.80,42.70,15.31,60.20,21.33,45.48
1778009531,8.31,13.50,9.25,21.50,42.66,15.22,60.17,21.05,45.41
1778009532,8.31,13.50,9.75,21.70,42.68,15.23,60.20,21.29,45.45
1778009534,8.38,13.25,9.50,21.64,42.71,15.31,60.22,21.19,45.47
1778009536,8.31,13.75,9.50,21.55,42.71,15.22,60.23,21.05,45.48
1778009537,8.31,13.75,9.25,21.30,42.67,15.23,60.25,20.99,45.53
1778009539,8.38,13.50,10.00,21.35,42.69,15.25,60.23,20.91,45.53
1778009540,8.38,13.75,9.75,21.55,42.71,15.19,60.22,21.16,45.57
1778009542,8.38,13.75,9.50,21.64,42.72,15.27,60.21,21.05,45.51
1778009544,8.31,13.50,9.75,21.13,42.63,15.26,60.18,20.88,45.46
1778009545,8.38,13.50,9.50,21.41,42.67,15.23,60.15,21.79,45.57
1778009547,8.38,13.50,10.00,21.55,42.66,15.31,60.12,20.80,45.40
1778009548,8.38,13.50,9.75,21.22,42.61,15.24,60.08,20.94,45.42
1778009550,8.38,13.75,9.75,21.56,42.66,15.43,60.09,20.98,45.44
1778009552,8.31,13.50,9.50,21.21,42.62,15.15,60.01,21.27,45.47
1778009553,8.38,13.75,10.00,21.55,42.66,15.32,60.01,21.30,45.48
1778009555,8.38,13.50,9.75,21.41,42.64,15.17,59.98,21.26,45.45
1778009556,8.31,13.50,9.75,21.26,42.60,15.22,59.99,21.33,45.44
1778009558,8.31,13.25,9.75,21.51,42.69,15.14,59.97,21.11,45.39
1778009560,8.31,13.50,10.00,21.68,42.72,15.22,59.98,21.37,45.43
1778009561,8.31,13.50,10.00,21.45,42.68,15.22,59.96,21.70,45.49
1778009563,8.31,13.25,9.50,21.16,42.64,15.09,59.93,21.13,45.41
1778009564,8.31,13.25,9.50,21.41,42.67,15.22,59.93,21.19,45.45
1778009566,8.25,13.50,9.75,21.21,42.65,15.23,59.94,21.20,45.47
1778009568,8.25,13.00,9.50,21.68,42.71,15.28,59.94,20.97,45.43
1778009569,8.25,14.00,9.75,21.67,42.71,15.19,59.91,21.09,45.42
1778009571,8.25,13.50,10.00,21.25,42.62,15.15,59.92,21.07,45.38
1778009573,8.25,13.50,9.75,21.60,42.67,15.20,59.94,20.99,45.35
1778009574,8.25,13.50,9.75,21.24,42.60,15.09,59.95,20.92,45.34
1778009576,8.25,13.50,9.25,21.55,42.67,15.17,59.98,21.21,45.36
1778009577,8.25,13.50,9.75,21.46,42.64,15.29,60.02,20.86,45.31
1778009579,8.25,14.00,9.50,21.26,42.60,15.15,60.00,21.44,45.44
1778009581,8.25,13.75,9.50,21.51,42.65,15.27,60.04,20.79,45.40
1778009582,8.25,13.75,9.50,21.65,42.66,15.11,60.02,20.78,45.43
1778009584,8.25,13.75,10.00,21.60,42.63,15.27,60.09,20.72,45.49
1778009585,8.25,13.25,9.75,21.20,42.58,15.17,60.10,21.06,45.56
1778009587,8.25,13.75,10.00,21.30,42.59,15.14,60.12,21.33,45.65
1778009589,8.25,13.75,9.50,21.65,42.64,15.23,60.14,21.52,45.71
1778009590,8.25,13.00,10.00,21.63,42.62,15.24,60.15,21.72,45.75
1778009592,8.31,13.50,9.25,21.30,42.58,15.19,60.14,21.70,45.72
1778009593,8.25,13.75,9.25,21.72,42.64,15.16,60.13,21.54,45.69
1778009595,8.19,13.75,10.00,21.45,42.63,15.33,60.14,20.97,45.59
1778009597,8.19,13.50,9.75,21.46,42.61,15.13,60.10,21.23,45.67
1778009598,8.19,13.50,9.75,21.34,42.59,15.23,60.13,20.88,45.64
1778009600,8.13,13.50,9.50,21.26,42.57,15.17,60.10,21.02,45.68
1778009601,8.19,13.25,9.25,21.41,42.59,15.34,60.16,21.06,45.69
1778009603,8.19,13.75,9.75,21.25,42.58,15.43,60.18,21.52,45.77
1778009605,8.13,13.50,9.75,21.46,42.65,15.06,60.12,21.18,45.72
1778009606,8.19,13.25,10.00,21.15,42.61,15.07,60.15,21.18,45.73
1778009608,8.19,13.25,10.00,21.36,42.66,15.18,60.18,21.07,45.66
1778009609,8.19,13.50,10.00,21.41,42.66,15.23,60.21,21.27,45.71
1778009611,8.19,13.75,9.25,21.20,42.64,15.12,60.22,21.16,45.74
1778009613,8.19,14.00,9.75,21.31,42.64,15.21,60.25,20.94,45.73
1778009614,8.19,13.25,9.50,21.36,42.66,15.23,60.31,20.98,45.75
1778009616,8.25,13.25,10.00,21.36,42.64,15.20,60.34,20.90,45.76
1778009618,8.25,13.50,9.75,21.55,42.69,15.16,60.35,21.08,45.81
1778009619,8.25,13.50,10.00,21.58,42.71,15.19,60.37,20.74,45.74
1778009621,8.25,13.25,9.75,21.34,42.62,15.13,60.37,20.80,45.72
1778009622,8.25,14.00,10.00,21.21,42.64,15.10,60.37,20.89,45.76
1778009624,8.19,13.75,9.75,21.21,42.65,15.14,60.36,21.03,45.85
1778009626,8.19,13.75,9.50,21.21,42.65,15.07,60.36,20.91,45.87
1778009627,8.25,13.25,10.00,21.55,42.71,15.11,60.37,20.97,45.88
1778009629,8.31,13.00,10.00,21.55,42.72,15.02,60.38,21.03,45.82
1778009630,8.25,13.75,10.00,21.30,42.67,15.13,60.41,20.87,45.80
1778009632,8.19,13.75,10.00,21.34,42.67,15.08,60.41,21.13,45.85
1778009634,8.25,13.75,9.50,21.24,42.64,15.15,60.42,21.09,45.80
1778009635,8.19,13.50,9.75,21.30,42.64,15.19,60.43,20.96,45.74
1778009637,8.31,13.50,9.50,21.20,42.59,15.20,60.43,21.19,45.76
1778009638,8.25,13.50,10.00,21.50,42.63,15.20,60.41,21.02,45.71
1778009640,8.31,13.50,10.00,21.24,42.57,15.15,60.39,20.81,45.65
1778009642,8.25,14.00,9.50,21.62,42.63,15.19,60.38,20.91,45.65
1778009643,8.31,13.75,10.00,21.41,42.60,15.30,60.36,20.76,45.61
1778009645,8.25,13.75,9.50,21.29,42.60,15.14,60.35,20.61,45.58
1778009646,8.25,13.50,9.50,21.59,42.62,15.15,60.31,20.98,45.68
1778009648,8.31,13.50,10.00,21.24,42.59,15.20,60.30,20.87,45.71
1778009650,8.31,13.50,9.75,21.49,42.63,15.19,60.30,20.87,45.70
1778009651,8.25,13.50,9.50,21.16,42.61,15.15,60.27,21.27,45.77
1778009653,8.31,13.50,9.50,21.29,42.62,15.33,60.29,20.92,45.74
1778009654,8.25,13.50,10.00,21.28,42.65,15.23,60.23,20.79,45.72
1778009656,8.19,13.75,9.75,21.26,42.65,15.06,60.21,20.69,45.75
1778009658,8.25,13.25,10.00,21.13,42.63,15.18,60.25,21.15,45.82
1778009659,8.31,13.25,9.75,21.14,42.66,15.07,60.28,21.20,45.82
1778009661,8.31,13.50,10.25,21.24,42.73,15.19,60.34,20.87,45.79
1778009662,8.25,13.50,10.25,21.27,42.78,15.18,60.42,20.85,45.91
1778009664,8.38,13.75,10.00,21.25,42.84,15.24,60.51,20.79,46.07
1778009666,8.38,13.50,10.25,21.15,42.89,15.12,60.56,21.00,46.19
1778009667,8.38,14.25,10.50,21.11,42.94,15.13,60.65,21.06,46.18
1778009669,8.38,13.75,10.25,21.15,42.98,15.16,60.71,20.98,46.16
1778009671,8.44,13.75,10.00,21.12,42.98,15.07,60.73,20.57,46.07
1778009672,8.44,14.25,10.00,21.15,42.97,15.17,60.76,20.87,46.08
1778009674,8.50,13.75,10.50,21.29,42.95,15.15,60.78,21.13,46.10
1778009675,8.44,14.00,10.00,21.19,42.93,15.16,60.79,20.82,46.11
1778009677,8.38,13.75,10.50,21.32,42.94,15.19,60.83,21.23,46.22
1778009679,8.44,13.75,10.00,21.11,42.94,15.15,60.82,21.14,46.22
1778009680,8.44,14.00,10.25,21.34,42.99,15.22,60.82,20.92,46.22
1778009682,8.44,13.75,10.00,21.10,42.99,15.22,60.80,20.76,46.23
1778009683,8.50,13.75,10.00,21.11,43.00,15.19,60.72,21.05,46.25
1778009685,8.44,13.50,9.50,21.13,42.95,15.19,60.65,20.83,46.21
1778009687,8.44,13.75,10.00,21.62,42.99,15.14,60.57,20.89,46.19
1778009688,8.38,13.75,10.00,21.18,42.91,15.26,60.52,20.51,46.08
1778009690,8.44,13.50,10.00,21.49,42.95,15.28,60.45,20.83,46.10
1778009691,8.38,13.50,9.50,21.27,42.91,15.26,60.38,20.91,46.11
1778009693,8.38,13.75,10.00,21.34,42.89,15.23,60.31,20.44,46.03
1778009695,8.31,13.50,10.00,21.34,42.86,15.22,60.20,20.95,46.11
1778009696,8.31,13.50,9.75,21.18,42.81,15.16,60.08,21.08,46.14
1778009698,8.31,13.50,10.00,21.25,42.80,15.16,60.01,21.15,46.20
1778009699,8.31,13.75,10.00,21.45,42.82,15.21,59.92,21.00,46.15
1778009701,8.25,13.00,9.50,21.34,42.82,15.29,59.88,21.23,46.11
1778009703,8.19,13.50,10.00,21.65,42.87,15.24,59.84,21.28,46.09
1778009704,8.25,13.50,9.75,21.15,42.74,15.23,59.81,20.82,46.01
1778009706,8.25,13.75,9.50,21.69,42.81,15.23,59.80,20.98,46.04
1778009707,8.19,13.75,9.75,21.41,42.75,15.23,59.78,20.60,45.96
1778009709,8.19,13.00,9.75,21.66,42.77,15.12,59.76,20.74,45.93
1778009711,8.13,13.25,10.00,21.23,42.68,15.20,59.77,21.16,46.01
1778009712,8.19,13.75,9.75,21.34,42.70,15.19,59.79,20.70,45.91
1778009714,8.19,13.50,9.50,21.29,42.70,15.23,59.79,20.58,45.88
1778009716,8.19,14.00,10.00,21.46,42.75,15.21,59.78,21.69,46.06
1778009717,8.19,13.75,9.75,21.12,42.69,15.28,59.79,21.19,45.95
1778009719,8.19,13.75,9.75,21.46,42.75,15.15,59.77,20.98,45.88
1778009720,8.19,13.50,9.75,21.45,42.76,15.26,59.81,20.87,45.85
1778009722,8.19,13.50,10.00,21.41,42.76,15.21,59.82,21.02,45.84
1778009724,8.19,13.75,10.25,21.16,42.73,15.13,59.82,21.20,45.85
1778009725,8.19,13.50,9.75,21.67,42.82,15.23,59.86,20.93,45.80
1778009727,8.13,13.25,10.00,21.55,42.81,15.17,59.87,20.87,45.84
1778009728,8.19,14.00,9.50,21.35,42.80,15.33,59.92,20.41,45.85
1778009730,8.19,14.25,10.00,21.35,42.78,15.23,59.92,20.94,46.01
1778009732,8.19,13.75,10.00,21.50,42.84,15.15,59.91,21.09,46.10
1778009733,8.19,13.75,9.25,21.34,42.84,15.13,59.96,21.19,46.12
1778009735,8.19,13.50,10.00,21.35,42.84,15.12,60.00,21.27,46.13
1778009736,8.19,14.00,10.25,21.45,42.87,15.15,60.06,20.90,46.07
1778009738,8.19,13.50,10.25,21.67,42.96,15.15,60.09,20.52,46.01
1778009740,8.19,13.50,10.25,21.41,42.95,15.19,60.15,21.02,46.01
1778009741,8.25,13.50,10.25,21.41,42.98,15.11,60.18,20.69,45.92
1778009743,8.19,13.00,10.00,21.35,42.98,15.19,60.24,21.24,46.02
1778009744,8.19,13.00,9.75,21.30,42.96,15.07,60.25,20.85,45.94
1778009746,8.19,13.25,9.50,21.41,42.97,15.19,60.27,21.22,45.96
1778009748,8.19,13.75,9.50,21.41,42.95,15.19,60.26,21.13,45.96
1778009749,8.19,13.50,9.25,21.54,42.95,15.20,60.26,20.83,45.91
1778009751,8.19,13.75,9.50,21.59,42.94,15.11,60.27,21.08,45.98
1778009752,8.19,13.50,10.00,21.29,42.86,15.17,60.27,20.65,45.92
1778009754,8.19,13.75,10.00,21.12,42.77,15.11,60.25,20.76,45.96
1778009756,8.19,13.50,10.00,21.25,42.77,15.14,60.23,20.78,45.93
1778009757,8.19,13.50,10.00,21.35,42.77,15.15,60.20,21.17,45.97
1778009759,8.19,13.75,9.25,21.20,42.70,15.18,60.20,20.76,45.89
1778009760,8.13,13.00,10.00,21.12,42.69,15.14,60.18,21.12,45.92
1778009762,8.19,13.50,10.00,21.60,42.74,15.11,60.16,21.17,45.93
1778009764,8.13,13.50,9.50,21.58,42.76,15.09,60.16,20.74,45.85
1778009765,8.19,13.50,9.50,21.63,42.78,14.98,60.16,20.94,45.93
1778009767,8.13,13.50,10.00,21.25,42.69,15.04,60.18,20.67,45.91
1778009769,8.13,13.75,9.75,21.41,42.75,15.11,60.21,20.51,45.89
1778009770,8.19,13.50,10.25,21.29,42.74,15.15,60.21,21.72,46.11
1778009772,8.13,13.50,10.00,21.35,42.72,15.10,60.18,20.55,45.93
1778009773,8.13,13.00,10.00,21.54,42.78,15.11,60.20,21.22,46.00
1778009775,8.13,13.50,10.00,21.25,42.71,15.06,60.21,21.04,45.91
1778009777,8.13,13.25,9.75,21.70,42.81,15.14,60.23,20.66,45.80
1778009778,8.06,13.25,10.00,21.71,42.80,15.23,60.26,20.91,45.80
1778009780,8.13,13.50,9.75,21.42,42.74,15.20,60.28,20.77,45.75
1778009781,8.13,13.50,9.75,21.41,42.72,15.17,60.29,21.02,45.76
1778009783,8.13,13.75,9.75,21.30,42.71,15.16,60.30,20.67,45.67
1778009785,8.13,13.25,9.75,21.30,42.70,15.08,60.34,21.16,45.73
1778009786,8.13,13.75,10.00,21.59,42.73,15.15,60.38,21.16,45.75
1778009788,8.13,13.75,9.50,21.15,42.71,15.02,60.40,21.16,45.76
1778009789,8.19,13.75,10.00,21.45,42.75,15.10,60.45,21.11,45.75
1778009791,8.13,13.50,10.25,21.15,42.72,15.13,60.50,20.38,45.64
1778009793,8.19,14.00,10.00,21.30,42.71,15.03,60.52,20.90,45.74
1778009794,8.19,13.75,9.75,21.45,42.77,14.99,60.52,20.72,45.73
1778009796,8.25,14.00,9.75,21.34,42.73,15.06,60.57,21.15,45.85
1778009797,8.19,14.00,10.25,21.36,42.74,15.04,60.62,21.23,45.88
1778009799,8.25,13.75,9.50,21.46,42.78,15.15,60.69,21.17,45.86
1778009801,8.19,13.50,10.25,21.19,42.75,15.15,60.72,20.84,45.82
1778009802,8.19,13.50,10.00,21.30,42.78,15.05,60.74,21.03,45.89
1778009804,8.25,13.50,9.75,21.58,42.83,15.13,60.81,20.65,45.87
1778009805,8.19,13.25,9.50,21.58,42.82,15.19,60.85,20.70,45.92
1778009807,8.25,13.75,10.25,21.26,42.78,15.11,60.87,20.75,45.94
1778009809,8.25,13.50,9.75,21.27,42.76,15.23,60.92,20.64,45.97
1778009810,8.25,14.25,10.25,21.55,42.82,15.09,60.92,20.59,46.01
1778009812,8.25,13.50,10.25,21.41,42.81,15.13,60.94,20.40,45.95
1778009814,8.25,13.50,10.25,21.46,42.85,15.19,60.95,20.74,46.01
1778009815,8.19,14.00,10.25,21.36,42.84,15.08,60.94,20.67,46.03
1778009817,8.25,13.50,10.25,21.46,42.86,15.16,60.95,21.32,46.13
1778009818,8.25,13.75,10.25,21.19,42.84,15.11,60.94,21.05,46.08
1778009820,8.25,13.25,9.75,21.25,42.83,15.16,60.95,20.83,46.07
1778009822,8.25,13.50,9.50,21.55,42.87,15.08,60.91,20.78,46.07
1778009823,8.25,13.00,10.00,21.58,42.89,15.23,60.94,20.27,45.96
1778009825,8.25,13.00,9.75,21.45,42.87,15.15,60.93,20.45,45.93
1778009826,8.19,12.50,10.00,21.35,42.85,15.13,60.90,21.09,45.99
1778009828,8.19,12.50,10.00,21.41,42.85,15.10,60.88,21.09,46.01
1778009830,8.25,12.75,10.00,21.41,42.84,15.15,60.87,21.05,46.03
1778009831,8.19,12.75,9.75,21.41,42.84,15.02,60.83,21.70,46.14
1778009833,8.19,13.00,10.00,21.41,42.84,15.05,60.79,20.98,46.05
1778009834,8.25,13.00,10.00,21.51,42.85,15.18,60.78,20.64,45.99
1778009836,8.25,13.00,9.75,21.63,42.87,15.26,60.74,20.54,45.97
1778009838,8.25,13.50,10.00,21.23,42.82,15.17,60.69,20.83,46.00
1778009839,8.25,13.25,9.75,21.08,42.78,15.06,60.66,20.57,45.93
1778009841,8.25,13.25,10.00,21.30,42.82,15.06,60.64,20.59,45.89
1778009842,8.25,13.25,10.00,21.16,42.79,15.05,60.64,20.99,45.93
1778009844,8.19,13.25,9.75,21.25,42.82,15.06,60.64,20.97,45.91
1778009846,8.19,13.00,10.00,21.20,42.82,15.15,60.63,20.64,45.82
1778009847,8.19,13.25,10.00,21.49,42.85,15.09,60.61,20.52,45.81
1778009849,8.25,13.00,10.00,21.11,42.80,15.13,60.59,20.73,45.84
1778009850,8.25,12.50,10.00,21.19,42.81,15.05,60.59,20.54,45.81
1778009852,8.31,13.25,10.00,21.62,42.89,15.15,60.59,20.56,45.81
1778009854,8.19,13.00,9.50,21.15,42.84,15.15,60.60,20.60,45.84
1778009855,8.19,13.25,10.00,21.21,42.85,15.19,60.61,20.33,45.86
1778009857,8.19,13.00,10.00,21.30,42.87,15.24,60.59,20.27,45.91
1778009859,8.19,13.00,9.75,21.54,42.88,15.09,60.55,21.06,46.10
1778009860,8.13,13.50,9.75,21.36,42.85,15.09,60.53,20.91,46.12
1778009862,8.19,13.25,10.00,21.18,42.82,15.13,60.49,21.15,46.17
1778009863,8.19,13.00,9.75,21.41,42.83,15.09,60.49,20.94,46.09
1778009865,8.19,13.00,10.00,21.45,42.84,15.16,60.49,21.03,46.10
1778009867,8.19,13.50,9.75,21.20,42.79,15.17,60.46,20.55,45.98
1778009868,8.19,13.75,9.50,21.15,42.77,15.13,60.41,21.32,46.11
1778009870,8.25,14.00,10.00,21.30,42.81,15.36,60.42,20.78,46.11
1778009871,8.25,13.50,9.75,21.35,42.89,15.27,60.37,20.82,46.27
1778009873,8.25,13.50,10.25,21.23,42.91,15.18,60.36,21.29,46.46
1778009875,8.25,13.50,10.25,21.23,42.94,15.32,60.40,21.05,46.45
1778009876,8.31,14.00,10.50,21.19,42.96,15.14,60.37,20.67,46.39
1778009878,8.38,14.25,10.25,21.41,43.04,15.12,60.35,21.13,46.46
1778009879,8.38,14.00,10.25,21.19,43.03,15.37,60.42,20.73,46.40
1778009881,8.44,13.75,10.00,21.15,43.04,15.28,60.41,20.72,46.45
1778009883,8.38,13.50,10.25,21.41,43.09,15.15,60.40,20.21,46.40
1778009884,8.44,13.50,10.25,21.44,43.11,15.24,60.41,20.75,46.49
1778009886,8.38,13.75,9.75,21.40,43.12,15.15,60.39,20.95,46.45
1778009887,8.38,13.25,10.00,21.76,43.20,15.13,60.39,20.87,46.38
1778009889,8.31,14.00,10.25,21.62,43.20,15.31,60.39,21.09,46.36
1778009891,8.38,14.00,10.00,21.58,43.15,15.15,60.32,20.63,46.20
1778009892,8.31,13.75,10.25,21.30,43.10,15.21,60.29,20.53,46.13
1778009894,8.38,13.75,9.75,21.62,43.13,15.30,60.26,20.76,46.11
1778009895,8.31,13.25,9.75,21.20,43.05,15.15,60.20,21.00,46.09
1778009897,8.31,13.25,9.75,21.30,43.06,15.15,60.16,21.12,46.06
1778009899,8.25,13.25,9.50,21.46,43.06,15.15,60.12,21.23,46.08
1778009900,8.25,13.25,9.75,21.30,43.03,15.18,60.09,20.76,46.05
1778009902,8.25,13.25,10.00,21.30,43.00,15.19,60.08,21.10,46.14
1778009903,8.25,13.50,10.00,21.41,43.02,15.22,60.07,21.00,46.13
1778009905,8.13,13.75,9.50,21.44,43.02,15.14,60.03,20.42,46.01
1778009907,8.19,13.50,10.00,21.19,42.99,15.08,60.01,20.82,46.05
1778009908,8.19,13.75,10.00,21.15,42.97,15.16,60.03,20.58,45.99
1778009910,8.19,14.00,9.75,21.16,42.97,15.09,60.02,20.51,45.98
1778009912,8.19,13.00,10.25,21.35,42.96,15.26,60.07,20.59,46.02
1778009913,8.25,13.75,10.25,21.30,42.94,15.19,60.11,20.75,46.05
1778009915,8.19,13.75,10.00,21.20,42.91,15.12,60.13,21.05,46.12
1778009916,8.13,13.75,10.25,21.36,42.92,15.06,60.17,20.97,46.15
1778009918,8.19,13.50,10.25,21.62,42.95,15.12,60.23,20.95,46.21
1778009920,8.19,13.75,10.25,21.36,42.92,15.06,60.26,20.87,46.22
1778009921,8.19,13.50,10.25,21.67,42.95,15.17,60.32,20.67,46.21
1778009923,8.19,13.75,10.25,21.58,42.91,15.15,60.34,20.55,46.19
1778009924,8.19,13.75,10.25,21.30,42.87,15.06,60.40,20.95,46.29
1778009926,8.19,13.50,10.25,21.45,42.92,15.11,60.45,20.67,46.20
1778009928,8.19,13.75,9.75,21.54,42.94,15.05,60.46,21.16,46.27
1778009929,8.19,13.50,10.25,21.41,42.92,15.19,60.52,20.58,46.21
1778009931,8.13,13.75,10.25,21.26,42.89,15.13,60.49,20.96,46.28
1778009932,8.19,13.50,10.00,21.15,42.87,15.13,60.47,21.30,46.34
1778009934,8.13,13.50,10.25,21.72,42.96,15.19,60.48,21.02,46.28
1778009936,8.13,13.25,9.50,21.55,42.93,15.09,60.43,20.78,46.23
1778009937,8.13,14.00,10.25,21.09,42.85,15.19,60.43,20.53,46.21
1778009939,8.19,13.25,10.00,21.41,42.90,15.15,60.42,20.64,46.27
1778009940,8.13,13.75,9.50,21.21,42.86,15.10,60.38,20.96,46.28
1778009942,8.19,13.25,10.00,21.55,42.90,15.10,60.36,20.87,46.21
1778009944,8.13,13.50,10.25,21.46,42.87,15.07,60.38,20.67,46.12
1778009945,8.19,13.25,10.25,21.30,42.82,15.12,60.39,20.78,46.11
1778009947,8.19,13.25,10.00,21.30,42.82,15.19,60.41,20.96,46.09
1778009948,8.13,13.50,10.25,21.68,42.87,15.10,60.42,20.41,45.98
1778009950,8.13,13.50,10.00,21.12,42.78,15.13,60.46,20.70,45.99
1778009952,8.19,13.50,10.25,21.42,42.82,15.24,60.46,20.59,45.94
1778009953,8.25,13.25,10.25,21.41,42.81,15.17,60.45,20.61,45.97
1778009955,8.19,13.75,10.25,21.45,42.84,15.19,60.45,20.45,46.01
1778009957,8.19,13.25,10.25,21.31,42.85,15.08,60.44,20.57,46.09
1778009958,8.13,13.50,10.25,21.54,42.89,15.17,60.43,20.96,46.15
1778009960,8.19,13.00,10.25,21.41,42.86,15.11,60.44,20.90,46.12
1778009961,8.19,13.75,10.00,21.55,42.89,15.15,60.44,20.50,46.03
1778009963,8.19,13.25,10.50,21.46,42.85,15.21,60.43,20.58,46.05
1778009965,8.19,13.00,9.75,21.21,42.84,15.05,60.36,20.48,46.00
1778009966,8.19,13.50,10.25,21.73,42.89,15.03,60.34,20.76,46.00
1778009968,8.19,13.50,10.25,21.22,42.83,15.20,60.32,21.47,46.09
1778009969,8.19,13.50,10.00,21.72,42.88,15.17,60.29,20.74,45.99
1778009971,8.13,13.75,10.75,21.46,42.83,15.14,60.27,20.97,46.04
1778009973,8.19,13.50,10.75,21.53,42.88,15.05,60.24,20.99,46.18
1778009974,8.19,13.75,10.50,21.41,42.90,15.12,60.27,20.81,46.37
1778009976,8.19,13.75,10.25,21.55,42.96,15.16,60.30,20.72,46.49
1778009977,8.19,13.75,10.25,21.41,42.92,15.09,60.31,20.48,46.42
1778009979,8.19,13.75,10.50,21.17,42.89,15.14,60.32,20.74,46.42
1778009981,8.25,13.50,10.75,21.58,42.94,15.05,60.34,21.01,46.40
1778009982,8.25,14.00,10.50,21.52,42.92,15.09,60.39,20.54,46.31
1778009984,8.19,14.00,10.50,21.76,42.94,15.15,60.43,20.92,46.36
1778009985,8.25,13.50,10.50,21.30,42.85,15.11,60.47,21.13,46.40
1778009987,8.25,13.50,10.75,21.54,42.89,15.13,60.51,20.99,46.39
1778009989,8.25,13.75,10.25,21.26,42.84,15.13,60.55,21.30,46.41
1778009990,8.25,13.50,10.50,21.23,42.84,15.05,60.58,21.19,46.36
1778009992,8.31,13.50,10.75,21.37,42.84,15.19,60.63,21.00,46.28
1778009993,8.31,13.75,10.75,21.47,42.87,15.16,60.62,20.75,46.29
1778009995,8.38,14.00,10.50,21.46,42.93,15.23,60.64,20.25,46.38
1778009997,8.38,13.50,11.00,21.53,42.96,15.17,60.65,21.32,46.77
1778009998,8.44,13.75,11.00,21.45,42.95,15.25,60.72,21.23,46.99
1778010000,8.44,13.75,10.75,21.37,43.00,15.12,60.73,20.54,47.03
1778010002,8.44,14.00,10.50,21.60,43.10,15.13,60.75,20.74,47.01
1778010003,8.50,13.25,10.75,21.18,43.04,15.12,60.73,20.95,46.91
1778010005,8.50,14.00,10.50,21.13,43.03,15.18,60.71,20.77,46.74
1778010006,8.44,13.75,10.25,21.55,43.05,15.23,60.69,21.17,46.67
1778010008,8.38,13.50,10.50,21.59,43.02,15.17,60.64,20.55,46.46
1778010010,8.38,13.50,10.75,21.22,42.94,15.20,60.61,20.59,46.37
1778010011,8.38,13.75,10.75,21.63,43.01,15.27,60.60,20.90,46.41
1778010013,8.38,13.75,10.75,21.69,43.03,15.20,60.56,21.12,46.52
1778010014,8.44,13.75,10.75,21.64,43.01,15.32,60.55,20.61,46.55
1778010016,8.38,13.25,10.25,21.69,43.02,15.23,60.49,20.69,46.54
1778010018,8.38,13.75,10.75,21.55,42.96,15.23,60.45,21.26,46.56
1778010019,8.31,14.00,10.50,21.69,42.95,15.11,60.41,20.86,46.46
1778010021,8.38,13.75,10.25,21.48,42.91,15.19,60.41,20.83,46.42
1778010022,8.38,13.50,10.75,21.23,42.85,15.19,60.35,20.91,46.39
1778010024,8.38,13.50,10.25,21.61,42.89,15.30,60.34,20.72,46.33
1778010026,8.38,13.75,10.75,21.60,42.87,15.23,60.31,20.72,46.25
1778010027,8.31,13.50,10.25,21.37,42.82,15.27,60.29,20.76,46.23
1778010029,8.31,13.50,9.75,21.30,42.80,15.16,60.25,21.11,46.22
1778010030,8.38,13.25,10.50,21.60,42.83,15.29,60.28,20.89,46.14
1778010032,8.31,13.75,10.50,21.55,42.82,15.30,60.27,21.26,46.12
1778010034,8.31,13.50,10.50,21.51,42.81,15.22,60.26,20.91,46.00
1778010035,8.38,14.00,10.50,21.64,42.80,15.14,60.22,21.45,46.08
1778010037,8.38,13.75,10.00,21.51,42.79,15.23,60.20,21.02,46.01
1778010038,8.31,13.25,10.50,21.67,42.81,15.13,60.14,21.10,46.02
1778010040,8.31,13.50,10.50,21.58,42.78,15.23,60.14,21.13,46.05
1778010042,8.31,13.50,10.50,21.67,42.79,15.22,60.13,20.99,46.03
1778010043,8.31,13.75,10.25,21.68,42.79,15.19,60.10,20.86,46.00
1778010045,8.31,13.00,10.50,21.48,42.76,15.16,60.09,20.97,45.99
1778010047,8.31,13.50,10.00,21.60,42.75,15.28,60.10,20.53,45.88
1778010048,8.25,13.75,10.25,21.46,42.73,15.26,60.08,20.96,45.94
1778010050,8.25,13.75,10.50,21.63,42.74,15.15,60.05,21.13,45.98
1778010051,8.25,13.00,10.00,21.76,42.79,15.32,60.07,20.92,45.98
1778010053,8.19,13.25,10.25,21.65,42.74,15.21,60.04,21.15,46.02
1778010055,8.25,13.25,10.00,21.73,42.75,15.22,60.04,21.45,46.06
1778010056,8.25,13.50,10.25,21.54,42.71,15.18,60.03,20.90,45.96
1778010058,8.19,13.75,10.50,21.41,42.69,15.19,60.02,20.83,45.92
1778010059,8.25,13.75,10.50,21.41,42.69,15.23,60.02,21.02,45.92
1778010061,8.19,13.75,10.25,21.73,42.73,15.09,59.97,21.13,45.93
1778010063,8.25,13.75,10.25,21.68,42.72,15.21,60.00,20.91,45.88
1778010064,8.19,13.75,10.00,21.55,42.70,15.09,59.99,21.23,45.95
1778010066,8.19,13.50,10.25,21.77,42.73,15.17,59.98,21.24,45.94
1778010067,8.19,13.50,10.25,21.46,42.68,15.17,59.98,21.60,45.95
1778010069,8.19,13.50,10.25,21.63,42.71,15.26,59.98,21.34,45.84
1778010071,8.25,13.00,10.75,21.61,42.71,15.25,59.98,21.20,45.75
1778010072,8.19,13.25,10.50,21.47,42.68,15.21,59.98,21.02,45.67
1778010074,8.19,13.50,10.50,21.52,42.69,15.27,59.97,20.98,45.63
1778010075,8.19,13.00,10.25,21.69,42.73,15.19,59.95,21.07,45.58
1778010077,8.19,13.75,10.25,21.19,42.66,15.32,59.99,21.15,45.61
1778010079,8.25,13.50,10.25,21.68,42.70,15.23,59.98,21.01,45.61
1778010080,8.19,13.50,10.00,21.59,42.69,15.26,59.99,21.17,45.62
1778010082,8.19,13.25,10.00,21.27,42.64,15.22,60.00,21.52,45.69
1778010083,8.25,13.25,10.50,21.37,42.65,15.25,60.04,20.90,45.59
1778010085,8.19,13.50,10.25,21.69,42.68,15.25,60.06,21.64,45.67
1778010087,8.25,13.00,10.25,21.41,42.64,15.47,60.09,21.19,45.60
1778010088,8.25,13.25,10.25,21.39,42.64,15.23,60.08,21.02,45.60
1778010090,8.31,13.25,10.75,21.60,42.68,15.23,60.11,20.70,45.61
1778010092,8.31,13.75,10.50,21.36,42.64,15.17,60.12,20.98,45.80
1778010093,8.25,13.75,10.50,21.61,42.71,15.24,60.15,21.13,45.97
1778010095,8.38,13.75,10.75,21.67,42.69,15.24,60.19,20.94,46.02
1778010096,8.50,13.25,10.75,21.31,42.68,15.21,60.20,21.03,46.10
1778010098,8.50,13.75,10.50,21.60,42.78,15.19,60.23,21.02,46.22
1778010100,8.56,13.00,10.75,21.42,42.77,15.28,60.31,21.26,46.29
1778010101,8.56,13.25,11.00,21.37,42.79,15.32,60.35,21.29,46.27
1778010103,8.50,13.75,10.75,21.26,42.79,15.30,60.36,21.34,46.17
1778010104,8.56,13.75,10.50,21.36,42.81,15.36,60.37,21.00,46.11
1778010106,8.56,14.00,10.50,21.51,42.88,15.19,60.35,20.94,46.18
1778010108,8.63,14.00,10.25,21.33,42.87,15.23,60.33,21.04,46.32
1778010109,8.69,14.00,10.75,21.72,42.97,15.28,60.35,20.99,46.45
1778010111,8.81,14.00,11.00,21.78,43.00,15.42,60.43,21.02,46.65
1778010112,8.81,14.00,10.75,21.58,42.99,15.23,60.46,21.02,46.82
1778010114,8.81,13.75,10.75,21.67,43.04,15.32,60.47,21.02,46.81
1778010116,8.81,14.00,10.50,21.43,43.02,15.32,60.47,21.25,46.72
1778010117,8.81,14.00,10.25,21.76,43.07,15.20,60.44,21.03,46.52
1778010119,8.81,13.75,10.75,21.42,42.99,15.41,60.44,21.02,46.40
1778010120,8.81,13.50,10.75,21.42,42.95,15.31,60.35,21.02,46.29
1778010122,8.75,13.75,10.50,21.62,42.96,15.41,60.31,21.23,46.18
1778010124,8.69,13.75,10.25,21.52,42.93,15.33,60.25,21.15,46.06
1778010125,8.69,13.75,10.50,21.37,42.86,15.30,60.20,21.28,45.99
1778010127,8.69,13.75,9.75,21.48,42.86,15.33,60.16,20.92,45.86
1778010128,8.69,13.25,10.00,21.30,42.80,15.25,60.08,21.15,45.77
1778010130,8.69,13.25,10.25,21.73,42.84,15.27,60.00,21.24,45.73
1778010132,8.63,13.50,10.25,21.52,42.77,15.39,59.97,21.09,45.71
1778010133,8.63,13.25,9.75,21.27,42.72,15.32,59.89,21.26,45.74
1778010135,8.56,13.50,10.25,21.31,42.69,15.27,59.82,21.44,45.77
1778010136,8.50,13.25,10.25,21.28,42.68,15.30,59.76,21.20,45.71
1778010138,8.50,13.75,10.25,21.27,42.67,15.29,59.72,21.25,45.71
1778010140,8.56,13.75,9.75,21.65,42.71,15.37,59.69,21.17,45.70
1778010141,8.44,13.00,10.25,21.65,42.68,15.31,59.65,21.25,45.67
1778010143,8.44,13.00,10.50,21.64,42.68,15.35,59.62,21.31,45.64
1778010145,8.50,13.25,10.00,21.65,42.67,15.39,59.58,21.19,45.63
1778010146,8.44,13.25,10.25,21.61,42.66,15.29,59.57,21.44,45.65
1778010148,8.44,13.50,10.25,21.59,42.65,15.34,59.58,20.96,45.56
1778010149,8.38,13.25,10.25,21.72,42.68,15.26,59.56,21.05,45.54
1778010151,8.44,13.25,10.50,21.54,42.65,15.37,59.58,20.94,45.50
1778010153,8.44,13.50,10.25,21.58,42.65,15.37,59.60,20.98,45.49
1778010154,8.38,13.00,10.50,21.73,42.68,15.24,59.60,21.20,45.49
1778010156,8.38,13.50,10.50,21.37,42.63,15.37,59.62,21.06,45.42
1778010157,8.38,13.25,10.25,21.48,42.64,15.19,59.62,20.87,45.37
1778010159,8.38,13.00,10.50,21.69,42.67,15.20,59.66,21.38,45.42
1778010161,8.38,13.50,10.25,21.48,42.66,15.48,59.75,21.04,45.34
1778010162,8.38,13.25,10.25,21.44,42.65,15.36,59.77,20.99,45.31
1778010164,8.38,13.25,10.25,21.66,42.69,15.30,59.79,21.02,45.31
1778010165,8.38,13.50,10.25,21.53,42.67,15.28,59.82,20.98,45.31
1778010167,8.44,13.75,10.50,21.30,42.66,15.22,59.84,21.55,45.42
1778010169,8.38,13.50,10.00,21.57,42.69,15.40,59.89,20.98,45.38
1778010170,8.44,13.50,10.75,21.56,42.68,15.23,59.90,21.40,45.45
1778010172,8.38,13.75,10.25,21.61,42.71,15.22,59.92,21.23,45.44
1778010173,8.38,13.25,10.50,21.58,42.71,15.26,59.96,21.27,45.47
1778010175,8.38,13.50,10.25,21.59,42.71,15.15,59.96,21.05,45.45
1778010177,8.38,13.25,10.25,21.56,42.70,15.23,59.99,20.90,45.48
1778010178,8.38,13.25,10.50,21.69,42.73,15.19,60.02,21.41,45.58
1778010180,8.38,13.25,10.50,21.72,42.72,15.26,60.04,20.98,45.46
1778010181,8.44,13.25,10.25,21.32,42.64,15.30,60.04,21.20,45.47
1778010183,8.38,13.50,10.50,21.70,42.69,15.17,60.01,21.11,45.47
1778010185,8.38,13.50,10.25,21.69,42.70,15.12,60.00,21.03,45.51
1778010186,8.38,13.50,10.00,21.36,42.64,15.20,60.00,20.95,45.53
1778010188,8.38,13.75,10.25,21.74,42.68,15.28,60.00,21.03,45.57
1778010190,8.31,13.50,10.25,21.65,42.67,15.14,59.95,21.48,45.65
1778010191,8.38,13.25,10.25,21.36,42.60,15.22,59.95,21.32,45.61
1778010193,8.38,13.75,9.25,21.74,42.67,15.18,59.95,21.05,45.52
1778010194,8.38,13.50,10.25,21.63,42.66,15.22,59.96,20.88,45.44
1778010196,8.38,13.00,9.75,21.47,42.62,15.18,59.96,20.94,45.40
1778010198,8.38,13.50,10.25,21.60,42.64,15.23,59.98,20.91,45.38
1778010199,8.38,13.50,10.25,21.32,42.62,15.30,59.98,21.21,45.43
1778010201,8.31,13.50,10.25,21.69,42.66,15.26,59.97,21.35,45.49
1778010202,8.38,13.00,10.25,21.65,42.66,15.27,59.99,21.79,45.66
1778010204,8.31,13.50,10.00,21.69,42.68,15.23,59.96,21.52,45.70
1778010206,8.31,13.50,10.25,21.65,42.68,15.19,59.96,21.08,45.67
1778010207,8.31,13.25,10.25,21.64,42.68,15.13,59.98,20.71,45.65
1778010209,8.25,13.50,10.25,21.56,42.68,15.20,60.00,20.97,45.75
1778010210,8.31,13.00,10.25,21.48,42.65,15.19,60.01,21.00,45.76
1778010212,8.31,13.50,9.75,21.37,42.64,15.19,60.01,21.34,45.78
1778010214,8.31,13.50,10.50,21.43,42.64,15.25,60.05,20.98,45.70
1778010215,8.31,13.50,10.50,21.37,42.68,15.15,60.07,21.30,45.86
1778010217,8.31,13.75,10.75,21.32,42.72,15.18,60.09,21.04,46.07
1778010218,8.38,13.25,10.25,21.47,42.78,15.13,60.14,20.89,46.26
1778010220,8.38,13.75,10.50,21.56,42.82,15.24,60.19,21.26,46.34
1778010222,8.38,13.75,10.50,21.56,42.80,15.23,60.22,21.19,46.23
1778010223,8.38,13.50,10.25,21.26,42.76,15.15,60.20,20.87,46.05
1778010225,8.31,13.75,10.00,21.65,42.81,15.28,60.26,21.33,46.05
1778010226,8.38,13.75,10.25,21.26,42.75,15.13,60.21,21.24,45.96
1778010228,8.38,13.50,10.25,21.62,42.79,15.17,60.23,21.16,45.90
1778010230,8.38,13.75,10.50,21.56,42.76,15.33,60.22,20.87,45.85
1778010231,8.38,13.25,9.75,21.67,42.76,15.13,60.18,21.04,45.84
1778010233,8.38,13.75,10.00,21.58,42.75,15.23,60.20,20.94,45.81
1778010235,8.31,14.25,10.25,21.57,42.72,15.21,60.17,21.22,45.81
1778010236,8.31,13.75,10.25,21.31,42.69,15.23,60.20,20.97,45.75
1778010238,8.31,13.75,10.50,21.73,42.75,15.20,60.17,20.98,45.69
1778010239,8.38,13.75,10.00,21.55,42.71,15.26,60.18,21.02,45.65
1778010241,8.38,13.75,10.50,21.65,42.73,15.14,60.19,21.01,45.62
1778010243,8.38,13.75,10.50,21.48,42.73,15.33,60.25,20.98,45.75
1778010244,8.38,13.50,10.50,21.51,42.79,15.21,60.26,20.92,45.99
1778010246,8.44,13.50,10.50,21.72,42.88,15.15,60.26,20.82,46.19
1778010247,8.44,13.50,10.50,21.56,42.90,15.25,60.30,21.22,46.32
1778010249,8.44,13.50,10.00,21.63,42.90,15.21,60.28,21.36,46.28
1778010251,8.44,13.75,10.50,21.23,42.82,15.20,60.26,21.17,46.17
1778010252,8.38,12.75,10.50,21.55,42.81,15.24,60.22,21.19,46.08
1778010254,8.38,14.00,10.50,21.69,42.80,15.37,60.19,21.69,46.10
1778010255,8.38,13.50,9.50,21.62,42.78,15.20,60.11,21.22,45.98
1778010257,8.44,13.75,10.00,21.51,42.72,15.23,60.05,21.07,45.92
1778010259,8.44,13.25,10.00,21.64,42.70,15.29,60.01,21.23,45.89
1778010260,8.44,13.75,10.00,21.55,42.67,15.21,59.93,21.07,45.80
1778010262,8.44,14.00,10.50,21.68,42.67,15.20,59.89,20.94,45.78
1778010263,8.38,13.50,9.75,21.46,42.62,15.23,59.88,21.11,45.81
1778010265,8.44,13.50,10.25,21.69,42.68,15.19,59.86,20.95,45.80
1778010267,8.38,13.50,10.00,21.45,42.66,15.26,59.87,20.94,45.75
1778010268,8.38,13.25,10.25,21.69,42.68,15.19,59.87,21.05,45.71
1778010270,8.38,13.25,10.00,21.76,42.68,15.23,59.89,21.14,45.75
1778010271,8.38,13.75,10.00,21.69,42.66,15.11,59.88,21.37,45.82
1778010273,8.38,13.50,10.25,21.37,42.62,15.30,59.93,21.45,45.84
1778010275,8.31,13.50,9.75,21.59,42.64,15.23,59.94,21.08,45.78
1778010276,8.38,13.50,10.25,21.58,42.62,15.22,59.98,21.17,45.80
1778010278,8.38,13.50,9.75,21.69,42.67,15.27,60.03,20.91,45.76
1778010280,8.38,13.00,10.00,21.46,42.64,15.21,60.03,21.21,45.84
1778010281,8.38,13.50,9.75,21.55,42.66,15.11,60.03,20.89,45.83
1778010283,8.38,13.50,10.00,21.56,42.69,15.15,60.09,20.83,45.82
1778010284,8.31,13.25,10.50,21.48,42.73,15.16,60.16,20.91,45.86
1778010286,8.38,13.25,10.00,21.56,42.80,15.08,60.19,20.90,45.82
1778010288,8.44,13.75,10.00,21.63,42.86,15.21,60.29,21.01,45.79
1778010289,8.38,13.75,10.25,21.32,42.83,15.12,60.33,21.15,45.79
1778010291,8.44,13.50,10.25,21.35,42.78,15.14,60.39,21.04,45.77
1778010292,8.31,13.50,10.25,21.64,42.80,15.06,60.39,21.26,45.86
1778010294,8.38,13.25,9.75,21.69,42.79,15.17,60.47,21.04,45.84
1778010296,8.44,13.50,10.00,21.53,42.73,15.05,60.47,21.27,45.92
1778010297,8.38,13.50,10.00,21.48,42.73,15.05,60.49,21.71,46.03
1778010299,8.38,13.50,10.25,21.64,42.71,15.10,60.49,20.86,45.97
1778010300,8.38,13.00,9.75,21.60,42.67,15.07,60.49,21.04,46.02
1778010302,8.31,13.75,10.25,21.55,42.64,15.05,60.50,20.87,45.97
1778010304,8.38,14.00,10.25,21.27,42.61,15.05,60.52,20.94,45.97
1778010305,8.44,13.50,10.50,21.64,42.67,15.11,60.55,21.02,46.13
1778010307,8.44,13.75,10.25,21.47,42.65,15.18,60.64,21.03,46.35
1778010308,8.50,13.25,10.50,21.55,42.70,15.16,60.70,21.05,46.51
1778010310,8.44,13.25,10.25,21.53,42.70,15.15,60.70,20.84,46.48
1778010312,8.50,13.75,10.50,21.48,42.70,15.14,60.67,21.37,46.45
1778010313,8.50,13.25,10.25,21.56,42.70,15.19,60.67,21.06,46.29
1778010315,8.44,13.25,10.25,21.69,42.73,15.08,60.59,21.16,46.21
1778010316,8.44,13.75,9.75,21.73,42.72,15.11,60.54,21.26,46.12
1778010318,8.38,13.25,10.00,21.75,42.72,15.11,60.50,20.99,45.98
1778010320,8.38,13.50,10.25,21.47,42.65,15.15,60.45,21.23,45.96
1778010321,8.44,13.25,10.25,21.42,42.67,15.13,60.42,21.19,45.90
1778010323,8.38,13.50,10.00,21.52,42.69,15.15,60.39,20.99,45.83
1778010324,8.38,13.75,9.75,21.56,42.70,15.07,60.37,21.71,45.93
1778010326,8.38,14.00,10.25,21.23,42.66,15.22,60.38,20.71,45.72
1778010328,8.38,13.75,10.25,21.67,42.74,15.06,60.37,21.16,45.76
1778010329,8.44,13.50,10.25,21.65,42.73,15.15,60.42,21.73,45.87
1778010331,8.38,13.50,10.00,21.65,42.71,15.13,60.42,21.06,45.78
1778010333,8.31,13.25,10.25,21.65,42.73,15.11,60.44,21.01,45.80
1778010334,8.31,13.50,10.00,21.57,42.70,15.13,60.47,21.11,45.82
1778010336,8.38,13.50,10.50,21.33,42.67,15.19,60.48,21.30,45.86
1778010337,8.31,13.25,10.50,21.40,42.68,15.11,60.48,20.98,45.86
1778010339,8.38,13.75,10.50,21.44,42.70,15.15,60.50,21.31,46.07
1778010341,8.38,13.75,10.50,21.69,42.75,15.15,60.52,21.65,46.21
1778010342,8.38,13.50,9.75,21.36,42.70,15.15,60.55,21.19,46.11
1778010344,8.38,13.50,10.50,21.66,42.73,15.22,60.56,21.38,46.06
1778010345,8.38,13.75,10.50,21.64,42.72,15.12,60.56,21.11,45.95
1778010347,8.38,14.00,10.00,21.49,42.69,15.27,60.58,21.37,45.91
1778010349,8.38,13.75,10.00,21.48,42.65,15.23,60.56,21.14,45.79
1778010350,8.38,13.50,10.25,21.55,42.64,15.17,60.54,21.37,45.79
1778010352,8.38,14.00,10.25,21.60,42.63,15.23,60.54,21.57,45.80
1778010353,8.44,13.50,9.75,21.55,42.62,15.24,60.53,20.95,45.67
1778010355,8.44,13.50,10.25,21.58,42.60,15.18,60.53,21.01,45.68
1778010357,8.44,13.75,10.25,21.48,42.56,15.12,60.52,21.53,45.77
1778010358,8.38,13.75,10.25,21.41,42.53,15.19,60.52,21.02,45.66
1778010360,8.44,13.50,10.50,21.48,42.55,15.21,60.53,20.91,45.59
1778010361,8.38,13.75,10.25,21.69,42.57,15.15,60.50,20.94,45.54
1778010363,8.38,13.75,10.25,21.60,42.56,15.33,60.52,21.09,45.53
1778010365,8.38,13.75,10.50,21.61,42.57,15.36,60.52,21.25,45.53
1778010366,8.44,13.50,10.25,21.58,42.58,15.26,60.49,21.17,45.47
1778010368,8.38,13.75,10.00,21.48,42.55,15.23,60.46,21.34,45.47
1778010370,8.44,13.75,10.25,21.31,42.52,15.23,60.43,20.77,45.35
1778010371,8.44,13.50,10.00,21.44,42.54,15.22,60.39,21.08,45.40
1778010373,8.50,14.00,9.75,21.58,42.55,15.23,60.39,21.00,45.38
1778010374,8.44,13.75,10.25,21.30,42.52,15.19,60.37,21.39,45.44
1778010376,8.44,13.50,10.25,21.55,42.57,15.22,60.38,20.91,45.38
1778010378,8.38,13.50,10.00,21.45,42.57,15.28,60.41,21.19,45.43
1778010379,8.44,13.25,10.25,21.65,42.59,15.37,60.38,20.95,45.37
1778010381,8.44,13.75,9.75,21.55,42.57,15.23,60.32,20.97,45.38
1778010382,8.38,13.50,10.25,21.55,42.56,15.26,60.28,21.31,45.43
1778010384,8.38,13.50,10.50,21.43,42.53,15.15,60.22,21.57,45.47
1778010386,8.38,13.75,10.00,21.58,42.54,15.27,60.20,21.04,45.42
1778010387,8.38,14.00,10.25,21.65,42.54,15.27,60.19,21.02,45.41
1778010389,8.38,13.50,9.75,21.45,42.54,15.23,60.13,20.98,45.39
1778010390,8.38,13.50,9.50,21.65,42.59,15.40,60.14,21.26,45.50
1778010392,8.38,13.50,9.75,21.65,42.57,15.36,60.13,20.98,45.52
1778010394,8.38,13.75,9.75,21.53,42.55,15.24,60.11,21.55,45.61
1778010395,8.38,13.50,10.00,21.59,42.55,15.23,60.09,21.52,45.59
1778010397,8.38,13.50,9.75,21.54,42.55,15.23,60.07,20.95,45.49
1778010398,8.44,13.50,10.25,21.32,42.52,15.23,60.04,21.02,45.49
1778010400,8.31,13.50,9.75,21.46,42.56,15.23,60.03,20.97,45.49
1778010402,8.38,13.50,9.25,21.48,42.57,15.27,60.05,21.25,45.56
1778010403,8.38,13.75,10.00,21.62,42.58,15.17,60.01,21.41,45.63
1778010405,8.38,13.50,10.00,21.52,42.58,15.22,60.05,21.09,45.61
1778010406,8.44,13.75,10.25,21.57,42.59,15.23,60.05,21.22,45.67
1778010408,8.44,13.75,10.25,21.65,42.58,15.24,60.07,21.05,45.69
1778010410,8.56,13.75,10.00,21.57,42.59,15.13,60.07,21.00,45.84
1778010411,8.50,14.00,10.25,21.52,42.61,15.16,60.13,21.36,46.02
1778010413,8.56,13.00,10.50,21.52,42.64,15.19,60.16,20.94,45.95
1778010414,8.50,13.50,10.25,21.37,42.64,15.19,60.14,20.98,45.98
1778010416,8.44,14.00,10.25,21.36,42.63,15.30,60.13,21.14,45.99
1778010418,8.44,13.50,10.25,21.55,42.68,15.27,60.11,21.53,46.09
1778010419,8.50,13.50,9.75,21.65,42.67,15.29,60.07,21.10,46.10
1778010421,8.44,13.75,10.25,21.64,42.68,15.20,60.01,21.02,46.07
1778010423,8.44,13.75,10.00,21.33,42.59,15.18,59.98,20.89,45.98
1778010424,8.44,14.00,10.25,21.65,42.63,15.38,59.99,21.10,45.98
1778010426,8.44,14.00,10.25,21.48,42.55,15.32,59.95,21.23,45.91
1778010427,8.50,14.00,10.25,21.64,42.57,15.23,59.91,21.28,45.89
1778010429,8.50,13.75,10.50,21.57,42.58,15.37,59.92,20.96,45.90
1778010431,8.50,13.25,10.00,21.69,42.62,15.37,59.94,21.19,46.11
1778010432,8.50,13.75,10.50,21.54,42.60,15.32,59.93,20.91,46.15
1778010434,8.50,13.50,10.25,21.55,42.63,15.25,59.89,21.05,46.13
1778010435,8.56,13.75,10.00,21.44,42.65,15.30,59.87,21.71,46.15
1778010437,8.50,13.75,10.00,21.55,42.69,15.30,59.85,21.02,45.96
1778010439,8.44,13.75,10.00,21.44,42.69,15.19,59.80,21.06,45.88
1778010440,8.44,13.50,10.00,21.58,42.72,15.22,59.78,21.22,45.84
1778010442,8.44,13.75,10.00,21.69,42.74,15.23,59.78,21.05,45.79
1778010443,8.44,13.25,10.00,21.53,42.71,15.19,59.77,20.88,45.73
1778010445,8.44,13.50,10.25,21.56,42.71,15.30,59.79,21.63,45.83
1778010447,8.44,13.75,10.25,21.62,42.69,15.23,59.78,21.14,45.71
1778010448,8.38,13.75,9.75,21.73,42.66,15.26,59.77,20.99,45.66
1778010450,8.44,13.25,10.25,21.67,42.64,15.19,59.78,21.24,45.73
1778010451,8.44,13.75,9.75,21.73,42.64,15.20,59.81,21.26,45.74
1778010453,8.38,13.75,10.25,21.39,42.55,15.23,59.84,21.44,45.73
1778010455,8.44,14.00,9.75,21.52,42.57,15.26,59.85,21.30,45.70
1778010456,8.38,14.00,10.25,21.48,42.56,15.30,59.87,21.26,45.67
1778010458,8.44,13.50,9.50,21.64,42.58,15.25,59.89,20.91,45.62
1778010459,8.44,13.50,9.75,21.64,42.57,15.32,59.91,21.23,45.69
1778010461,8.38,13.50,10.25,21.65,42.58,15.22,59.93,20.94,45.66
1778010463,8.38,13.50,10.00,21.55,42.57,15.15,59.94,21.16,45.68
1778010464,8.44,14.00,9.75,21.39,42.55,15.19,59.98,21.37,45.70
1778010466,8.38,13.75,10.00,21.44,42.55,15.22,60.00,21.38,45.74
1778010468,8.38,13.50,10.25,21.69,42.61,15.12,59.97,20.86,45.65
1778010469,8.38,13.75,9.75,21.47,42.58,15.15,59.99,21.44,45.75
1778010471,8.38,14.00,10.00,21.65,42.58,15.24,60.04,21.37,45.73
1778010472,8.38,13.25,10.25,21.37,42.53,15.23,60.05,21.02,45.65
1778010474,8.38,13.75,10.25,21.73,42.59,15.41,60.07,20.99,45.67
1778010476,8.38,14.00,10.00,21.32,42.51,15.15,60.05,20.77,45.70
1778010477,8.38,13.75,9.75,21.50,42.53,15.21,60.05,21.14,45.80
1778010479,8.38,13.00,9.50,21.58,42.52,15.13,60.07,20.70,45.81
1778010480,8.38,13.50,10.00,21.32,42.48,15.18,60.08,21.12,45.88
1778010482,8.31,13.75,10.00,21.31,42.48,15.16,60.09,21.34,45.89
1778010484,8.38,13.75,10.25,21.75,42.53,15.22,60.07,20.84,45.80
1778010485,8.38,13.50,10.25,21.61,42.49,15.15,60.08,21.15,45.88
1778010487,8.38,13.75,10.00,21.57,42.49,15.19,60.05,21.19,45.94
1778010488,8.38,13.50,10.00,21.73,42.50,15.20,60.05,21.21,45.98
1778010490,8.38,13.50,10.00,21.69,42.48,15.19,60.04,21.27,46.04
1778010492,8.31,13.25,10.00,21.74,42.49,15.19,60.04,21.31,46.07
1778010493,8.31,13.75,9.75,21.64,42.47,15.15,60.04,20.91,46.02
1778010495,8.31,13.25,10.00,21.36,42.46,15.32,60.07,21.33,46.05
1778010496,8.31,13.25,10.00,21.65,42.49,15.13,60.01,21.80,46.11
1778010498,8.31,13.50,10.00,21.51,42.46,15.23,60.03,20.92,46.00
1778010500,8.31,13.00,10.00,21.60,42.50,15.18,60.03,20.90,45.98
1778010501,8.25,13.00,10.00,21.63,42.52,15.11,60.04,21.32,46.03
1778010503,8.31,13.50,9.75,21.57,42.55,15.15,60.03,21.16,45.95
1778010504,8.25,14.00,10.00,21.35,42.56,15.14,60.04,21.33,45.93
1778010506,8.25,13.50,9.75,21.37,42.59,15.09,60.03,20.92,45.89
1778010508,8.25,13.75,10.25,21.53,42.64,15.25,60.04,21.37,46.00
1778010509,8.25,13.25,9.75,21.79,42.67,15.20,60.03,21.23,46.00
1778010511,8.25,13.50,10.00,21.64,42.61,15.14,60.03,20.92,45.96
1778010513,8.25,13.50,9.50,21.62,42.59,15.07,60.04,20.85,45.96
1778010514,8.19,13.25,10.00,21.62,42.56,15.10,60.05,21.01,45.92
1778010516,8.25,13.75,10.00,21.48,42.51,15.09,60.06,21.34,45.91
1778010517,8.25,13.75,10.00,21.46,42.48,15.12,60.07,21.15,45.81
1778010519,8.25,13.50,10.25,21.69,42.50,15.18,60.08,20.99,45.71
1778010521,8.31,13.25,10.25,21.56,42.47,15.17,60.09,21.21,45.71
1778010522,8.31,13.25,10.25,21.63,42.49,15.05,60.09,21.64,45.76
1778010524,8.31,13.75,10.25,21.42,42.44,15.30,60.15,21.04,45.71
1778010525,8.25,13.50,10.25,21.42,42.46,15.04,60.13,20.97,45.72
1778010527,8.31,13.75,10.00,21.59,42.48,15.07,60.19,21.21,45.78
1778010529,8.31,13.50,10.25,21.80,42.53,15.19,60.27,20.98,45.72
1778010530,8.31,13.75,10.25,21.53,42.51,15.09,60.30,20.98,45.78
1778010532,8.31,13.50,9.75,21.62,42.53,15.19,60.34,21.69,45.93
1778010533,8.31,13.50,9.75,21.40,42.50,15.13,60.37,21.23,45.81
1778010535,8.31,14.00,9.50,21.67,42.53,15.19,60.43,21.08,45.76
1778010537,8.31,13.50,9.75,21.51,42.49,15.13,60.46,21.16,45.76
1778010538,8.38,13.75,9.75,21.28,42.45,15.13,60.47,21.02,45.68
1778010540,8.31,13.50,10.25,21.30,42.44,15.22,60.51,21.22,45.69
1778010541,8.38,13.25,10.25,21.60,42.46,15.15,60.48,21.10,45.67
1778010543,8.38,13.75,10.25,21.49,42.47,15.13,60.49,20.91,45.65
1778010545,8.38,13.75,9.75,21.26,42.49,15.14,60.50,20.83,45.62
1778010546,8.44,13.75,10.50,21.48,42.58,15.09,60.51,20.94,45.64
1778010548,8.31,13.75,10.25,21.71,42.67,15.13,60.52,20.96,45.65
1778010549,8.38,13.50,10.25,21.55,42.71,15.24,60.54,21.08,45.66
1778010551,8.38,13.75,10.00,21.48,42.76,15.17,60.54,21.15,45.64
1778010553,8.44,13.50,10.25,21.33,42.75,15.09,60.53,21.26,45.65
1778010554,8.38,13.50,10.00,21.37,42.75,15.00,60.53,20.87,45.60
1778010556,8.44,13.75,9.75,21.43,42.77,15.18,60.61,20.92,45.64
1778010557,8.44,13.50,9.75,21.56,42.78,15.19,60.63,21.66,45.80
1778010559,8.44,13.75,10.25,21.58,42.77,15.11,60.61,21.23,45.74
1778010561,8.38,13.25,9.75,21.65,42.75,15.11,60.62,21.68,45.78
1778010562,8.44,13.75,10.25,21.66,42.74,15.05,60.63,21.00,45.62
1778010564,8.44,13.25,10.00,21.58,42.71,15.15,60.65,20.98,45.68
1778010566,8.44,13.50,10.00,21.43,42.65,15.09,60.68,20.91,45.70
1778010567,8.50,13.75,10.00,21.31,42.60,15.05,60.70,20.72,45.68
1778010569,8.44,13.50,10.50,21.46,42.64,15.17,60.72,21.20,45.76
1778010570,8.38,14.00,9.75,21.61,42.66,15.11,60.73,21.06,45.75
1778010572,8.38,13.75,10.25,21.52,42.67,15.10,60.72,21.18,45.80
1778010574,8.44,13.75,10.25,21.61,42.71,15.04,60.69,20.72,45.70
1778010575,8.38,13.50,10.25,21.65,42.72,15.04,60.72,20.62,45.64
1778010577,8.44,13.75,10.00,21.55,42.74,15.09,60.76,20.89,45.68
1778010578,8.44,13.75,9.75,21.58,42.71,15.09,60.81,20.62,45.69
1778010580,8.38,13.50,10.25,21.65,42.71,15.11,60.86,20.88,45.83
1778010582,8.44,13.50,9.50,21.74,42.70,15.03,60.85,21.05,45.87
1778010583,8.38,14.00,10.25,21.70,42.66,15.10,60.89,21.19,45.87
1778010585,8.44,13.75,10.00,21.75,42.63,14.99,60.88,21.07,45.87
1778010586,8.44,13.50,10.25,21.58,42.58,14.97,60.89,20.91,45.88
1778010588,8.44,13.50,10.00,21.56,42.58,15.01,60.91,21.01,45.90
1778010590,8.44,13.25,10.00,21.58,42.58,15.12,60.92,21.15,45.94
1778010591,8.44,13.75,10.25,21.61,42.57,15.13,60.91,20.88,45.92
1778010593,8.44,13.25,10.25,21.77,42.60,15.15,60.91,20.90,45.96
1778010594,8.38,13.75,10.25,21.44,42.55,15.09,60.88,20.48,45.91
1778010596,8.44,13.50,10.25,21.31,42.53,15.10,60.86,21.15,46.03
1778010598,8.44,13.50,9.75,21.73,42.60,15.13,60.82,21.09,46.02
1778010599,8.38,13.75,10.00,21.57,42.57,15.08,60.76,20.80,45.96
1778010601,8.44,13.25,10.25,21.55,42.56,15.11,60.74,20.98,45.97
1778010602,8.38,13.25,10.00,21.55,42.56,15.19,60.73,20.75,45.94
1778010604,8.44,13.75,10.25,21.44,42.55,15.33,60.72,20.48,45.91
1778010606,8.38,13.50,10.00,21.43,42.56,15.13,60.65,20.66,46.00
1778010607,8.38,13.00,10.00,21.58,42.59,15.26,60.62,20.39,45.98
1778010609,8.38,13.50,10.25,21.51,42.58,15.25,60.57,20.91,46.07
1778010611,8.38,13.25,9.75,21.48,42.56,15.09,60.50,21.05,46.09
1778010612,8.38,13.50,9.75,21.65,42.60,15.15,60.48,21.03,46.07
1778010614,8.38,13.50,9.75,21.64,42.59,15.11,60.42,21.21,46.08
1778010615,8.38,13.50,10.00,21.60,42.59,15.10,60.39,20.76,46.02
1778010617,8.38,13.50,10.00,21.81,42.63,15.10,60.34,21.09,46.11
1778010619,8.38,13.50,10.00,21.56,42.60,15.20,60.34,21.17,46.12
1778010620,8.31,13.50,10.00,21.26,42.55,15.05,60.28,20.88,46.11
1778010622,8.31,13.50,9.75,21.61,42.63,15.12,60.27,21.34,46.22
1778010623,8.31,13.75,10.00,21.44,42.66,15.13,60.28,20.87,46.14
1778010625,8.25,14.00,10.25,21.55,42.70,15.12,60.27,21.04,46.16
1778010627,8.25,13.50,10.25,21.56,42.69,15.15,60.30,20.80,46.10
1778010628,8.31,13.50,10.00,21.52,42.68,15.17,60.31,21.13,46.14
1778010630,8.31,13.50,9.75,21.62,42.67,15.07,60.30,20.56,46.00
1778010631,8.25,13.50,10.00,21.56,42.64,15.26,60.33,20.72,46.03
1778010633,8.25,13.50,9.50,21.54,42.62,15.05,60.29,20.57,46.03
1778010635,8.25,13.25,10.00,21.42,42.59,15.24,60.35,21.00,46.07
1778010636,8.31,13.50,9.75,21.49,42.61,15.12,60.38,20.53,45.96
1778010638,8.31,13.75,10.25,21.37,42.61,15.12,60.43,21.11,46.10
1778010639,8.25,13.75,9.75,21.66,42.68,15.03,60.45,21.15,46.18
1778010641,8.25,14.00,10.00,21.33,42.66,15.06,60.49,20.96,46.17
1778010643,8.25,13.75,10.50,21.32,42.67,15.16,60.52,21.15,46.19
1778010644,8.25,13.50,10.25,21.52,42.70,15.02,60.55,20.91,46.17
1778010646,8.25,13.75,10.25,21.27,42.67,15.16,60.59,20.60,46.14
1778010647,8.31,13.75,10.00,21.65,42.74,15.11,60.65,20.94,46.28
1778010649,8.31,13.75,10.00,21.54,42.82,15.08,60.69,20.47,46.40
1778010651,8.31,13.00,10.25,21.47,42.92,15.23,60.76,20.70,46.68
1778010652,8.38,13.75,10.75,21.58,43.01,15.15,60.79,20.89,46.90
1778010654,8.38,13.75,10.50,21.41,43.00,15.23,60.86,20.55,46.96
1778010656,8.44,13.75,10.00,21.65,43.00,15.15,60.88,21.06,47.05
1778010657,8.38,14.00,10.00,21.43,42.97,15.18,60.95,20.53,46.84
1778010659,8.38,13.75,10.50,21.74,43.00,15.04,60.97,20.99,46.79
1778010660,8.44,13.50,10.50,21.79,43.01,15.06,61.03,20.89,46.66
1778010662,8.44,13.75,10.50,21.63,42.97,15.00,61.03,20.98,46.54
1778010664,8.50,13.75,10.00,21.52,42.97,15.10,61.08,20.97,46.47
1778010665,8.50,14.00,10.25,21.39,42.96,15.09,61.13,20.52,46.34
1778010667,8.50,13.75,10.25,21.34,42.94,14.98,61.11,20.99,46.35
1778010668,8.44,14.00,10.25,21.37,42.93,14.96,61.12,21.30,46.31
1778010670,8.44,13.25,10.50,21.69,42.96,14.96,61.13,20.78,46.14
1778010672,8.44,14.00,10.25,21.73,42.96,15.12,61.17,20.97,46.12
1778010673,8.44,13.25,10.50,21.54,42.91,15.02,61.14,21.02,46.09
1778010675,8.50,13.75,10.25,21.32,42.87,15.05,61.14,21.08,46.12
1778010676,8.44,13.75,10.50,21.65,42.92,15.05,61.11,21.08,46.15
1778010678,8.44,13.75,10.25,21.52,42.86,14.95,61.05,20.77,46.13
1778010680,8.44,13.75,10.25,21.59,42.85,15.10,61.03,21.05,46.18
1778010681,8.38,13.25,10.25,21.46,42.79,15.19,61.01,20.98,46.10
1778010683,8.44,13.00,10.00,21.43,42.76,15.05,60.96,21.26,46.09
1778010684,8.44,13.50,9.75,21.66,42.76,15.05,60.89,20.83,45.98
1778010686,8.38,13.75,10.25,21.60,42.72,15.08,60.88,20.98,45.95
1778010688,8.38,13.75,9.75,21.62,42.69,15.14,60.87,20.97,45.91
1778010689,8.38,13.75,10.25,21.65,42.65,15.20,60.84,21.22,45.91
1778010691,8.38,13.50,10.00,21.36,42.58,15.13,60.77,21.23,45.89
1778010692,8.38,14.00,10.50,21.32,42.57,15.16,60.74,20.85,45.85
1778010694,8.38,14.00,10.50,21.43,42.60,15.05,60.70,20.79,45.93
1778010696,8.38,14.00,10.25,21.48,42.62,15.13,60.69,21.30,46.18
1778010697,8.44,14.25,10.00,21.62,42.66,15.28,60.72,20.98,46.29
1778010699,8.44,13.75,10.25,21.64,42.67,15.06,60.67,21.32,46.49
1778010700,8.44,13.50,10.25,21.69,42.68,15.15,60.68,21.15,46.52
1778010702,8.50,13.50,10.25,21.58,42.66,15.15,60.67,21.04,46.49
1778010704,8.44,13.25,10.25,21.69,42.69,15.17,60.63,20.95,46.40
1778010705,8.50,13.25,10.25,21.45,42.67,15.15,60.61,20.91,46.33
1778010707,8.50,13.50,10.00,21.62,42.68,15.19,60.57,20.94,46.27
1778010709,8.44,13.50,9.50,21.68,42.67,15.12,60.53,20.73,46.14
1778010710,8.44,13.50,10.25,21.75,42.67,15.15,60.50,21.01,46.13
1778010712,8.38,13.50,10.50,21.67,42.66,15.32,60.50,21.15,46.11
1778010713,8.50,13.75,10.50,21.58,42.63,15.24,60.47,21.14,46.12
1778010715,8.44,13.75,10.25,21.63,42.70,15.09,60.43,20.72,46.11
1778010717,8.44,13.50,10.25,21.32,42.69,15.24,60.45,20.91,46.11
1778010718,8.44,13.75,10.00,21.49,42.74,15.15,60.42,20.98,46.06
1778010720,8.38,13.50,10.00,21.44,42.77,15.19,60.40,20.94,45.96
1778010721,8.44,13.00,10.25,21.32,42.73,15.24,60.38,21.17,45.94
1778010723,8.38,13.50,9.50,21.40,42.71,15.20,60.35,21.33,45.91
1778010725,8.44,13.50,10.25,21.36,42.68,15.34,60.38,21.38,45.85
1778010726,8.38,13.50,10.25,21.69,42.71,15.31,60.36,21.26,45.81
1778010728,8.44,13.75,10.00,21.54,42.64,15.22,60.34,21.02,45.82
1778010729,8.44,14.25,10.00,21.79,42.65,15.34,60.34,21.30,45.87
1778010731,8.38,14.00,10.25,21.35,42.57,15.07,60.29,20.95,45.78
1778010733,8.38,13.75,9.75,21.62,42.62,15.19,60.33,21.36,45.82
1778010734,8.38,13.50,9.75,21.79,42.63,15.10,60.32,21.23,45.76
1778010736,8.44,13.50,10.00,21.33,42.53,15.13,60.36,21.00,45.71
1778010737,8.38,13.00,10.00,21.69,42.58,15.22,60.39,21.01,45.69
1778010739,8.38,13.50,10.00,21.77,42.57,15.13,60.40,21.72,45.78
1778010741,8.38,13.75,10.50,21.46,42.51,15.25,60.44,20.87,45.71
1778010742,8.38,13.75,10.00,21.44,42.51,15.23,60.46,21.26,45.81
1778010744,8.38,13.50,10.50,21.64,42.53,15.12,60.43,21.12,45.78
1778010745,8.38,13.75,10.00,21.52,42.50,15.25,60.47,20.72,45.72
1778010747,8.38,13.25,10.25,21.59,42.53,15.13,60.46,21.04,45.84
1778010749,8.31,13.00,10.50,21.45,42.52,15.14,60.47,21.02,45.92
1778010750,8.38,13.75,10.50,21.64,42.55,15.19,60.51,21.07,45.92
1778010752,8.38,13.50,10.00,21.57,42.53,15.21,60.52,21.19,45.91
1778010754,8.38,13.75,10.25,21.62,42.53,15.10,60.49,20.99,45.86
1778010755,8.38,13.25,9.75,21.62,42.53,15.21,60.51,21.25,45.90
1778010757,8.38,13.25,10.25,21.78,42.54,15.30,60.52,21.45,45.90
1778010758,8.38,13.50,10.25,21.76,42.54,15.34,60.49,21.17,45.86
1778010760,8.31,13.50,10.25,21.80,42.53,15.23,60.47,21.00,45.86
1778010762,8.38,13.75,10.00,21.73,42.52,15.13,60.42,21.67,46.02
1778010763,8.31,13.50,10.25,21.48,42.49,15.19,60.44,20.86,45.91
1778010765,8.38,13.50,9.75,21.69,42.53,15.21,60.46,20.94,45.97
1778010766,8.31,13.50,10.00,21.53,42.49,15.15,60.46,20.95,45.96
1778010768,8.25,13.50,10.00,21.73,42.56,15.13,60.44,20.51,45.91
1778010770,8.31,13.50,9.75,21.76,42.56,15.16,60.41,21.24,46.01
1778010771,8.38,13.50,10.25,21.62,42.53,15.22,60.44,21.30,46.00
1778010773,8.31,13.50,10.50,21.49,42.51,15.15,60.44,21.04,45.91
1778010774,8.31,13.25,9.75,21.64,42.55,15.13,60.44,21.19,45.92
1778010776,8.31,12.75,10.00,21.60,42.53,15.15,60.46,21.51,45.98
1778010778,8.38,13.00,10.00,21.55,42.50,15.22,60.49,21.22,45.93
1778010779,8.31,13.75,10.50,21.63,42.55,15.28,60.51,20.96,45.88
1778010781,8.31,13.50,10.25,21.60,42.57,15.08,60.51,21.13,45.91
1778010782,8.31,13.00,9.75,21.73,42.61,15.21,60.55,21.07,45.88
1778010784,8.31,13.50,10.25,21.80,42.64,15.05,60.53,20.87,45.82
1778010786,8.38,13.75,10.00,21.76,42.63,15.05,60.54,21.07,45.85
1778010787,8.31,13.75,10.25,21.91,42.64,15.12,60.54,21.11,45.81
1778010789,8.38,14.00,10.00,21.68,42.60,15.13,60.55,20.95,45.74
1778010790,8.31,13.50,10.25,21.42,42.55,15.17,60.56,21.02,45.76
1778010792,8.44,13.75,10.00,21.61,42.63,15.10,60.58,20.73,45.81
1778010794,8.38,13.50,10.25,21.50,42.69,15.20,60.63,21.04,45.98
1778010795,8.38,13.50,10.50,21.52,42.71,15.21,60.67,21.31,46.05
1778010797,8.38,13.25,10.25,21.72,42.74,15.20,60.72,20.95,45.98
1778010799,8.38,13.25,10.00,21.48,42.70,15.17,60.74,20.92,45.91
1778010800,8.44,13.50,9.75,21.52,42.69,15.13,60.71,21.24,45.95
1778010802,8.44,13.50,10.00,21.34,42.66,15.14,60.71,21.24,45.92
1778010803,8.44,14.00,10.50,21.49,42.65,15.18,60.73,21.13,45.85
1778010805,8.38,13.75,10.25,21.55,42.64,15.20,60.74,20.90,45.80
1778010807,8.44,13.50,10.25,21.59,42.62,15.09,60.72,21.39,45.92
1778010808,8.44,13.50,10.25,21.62,42.60,15.15,60.74,21.02,45.90
1778010810,8.44,14.00,10.25,21.54,42.58,15.19,60.76,21.52,46.00
1778010811,8.44,13.75,10.25,21.64,42.60,15.15,60.78,21.33,45.94
1778010813,8.38,13.75,10.25,21.66,42.60,15.22,60.79,21.53,45.96
1778010815,8.44,13.75,10.25,21.69,42.61,15.11,60.84,21.12,45.86
1778010816,8.44,13.75,10.50,21.83,42.62,15.16,60.89,21.26,45.88
1778010818,8.50,13.25,10.25,21.73,42.60,15.22,60.90,20.92,45.85
1778010819,8.44,13.50,10.25,21.73,42.61,15.12,60.89,20.91,45.86
1778010821,8.44,13.50,9.50,21.78,42.60,15.15,60.91,21.46,45.95
1778010823,8.44,14.00,10.25,21.70,42.56,15.10,60.90,20.87,45.84
1778010824,8.38,13.25,10.50,21.48,42.54,15.23,60.92,21.25,45.89
1778010826,8.38,13.50,10.00,21.54,42.53,15.16,60.90,21.30,45.87
1778010827,8.38,13.50,10.25,21.48,42.53,15.19,60.89,21.15,45.85
1778010829,8.44,13.00,10.00,21.76,42.60,15.26,60.90,20.69,45.73
1778010831,8.44,13.50,10.25,21.33,42.53,15.26,60.87,20.91,45.76
1778010832,8.44,13.25,10.00,21.64,42.58,15.27,60.84,21.82,45.89
1778010834,8.44,13.50,10.25,21.37,42.54,15.17,60.77,21.12,45.82
1778010835,8.38,13.50,10.00,21.71,42.57,15.07,60.71,20.90,45.84
1778010837,8.44,13.50,10.25,21.76,42.61,15.13,60.67,21.27,45.87
1778010839,8.38,13.50,10.25,21.34,42.56,15.22,60.64,21.34,45.83
1778010840,8.44,13.50,9.50,21.43,42.56,15.25,60.60,21.36,45.79
1778010842,8.38,13.75,9.75,21.72,42.59,15.12,60.57,21.65,45.83
1778010844,8.31,13.50,10.25,21.39,42.57,15.12,60.57,20.94,45.70
1778010845,8.38,13.50,10.25,21.65,42.61,15.21,60.59,21.15,45.78
1778010847,8.38,13.00,10.00,21.73,42.62,15.03,60.53,20.84,45.73
1778010848,8.38,13.75,10.25,21.39,42.57,15.19,60.59,21.16,45.76
1778010850,8.31,13.75,10.25,21.53,42.59,15.18,60.59,20.75,45.69
1778010852,8.38,13.25,9.50,21.59,42.59,15.13,60.60,21.00,45.78
1778010853,8.31,13.75,10.00,21.69,42.60,15.19,60.64,20.90,45.84
1778010855,8.38,13.50,10.00,21.60,42.57,15.23,60.66,21.02,45.87
1778010856,8.44,13.25,10.00,21.50,42.56,15.19,60.66,21.56,45.95
1778010858,8.38,13.00,9.50,21.62,42.59,15.12,60.63,21.02,45.84
1778010860,8.31,13.75,10.25,21.86,42.60,15.13,60.63,21.32,45.87
1778010861,8.38,13.25,10.00,21.79,42.59,15.23,60.64,21.18,45.84
1778010863,8.38,13.75,9.50,21.84,42.60,15.10,60.61,21.40,45.94
1778010864,8.44,13.75,10.00,21.56,42.60,15.13,60.63,21.29,46.09
1778010866,8.44,13.75,10.25,21.78,42.68,15.24,60.65,20.72,46.18
1778010868,8.44,13.25,10.25,21.66,42.67,15.26,60.66,20.84,46.28
1778010869,8.44,13.50,10.25,21.47,42.63,15.24,60.66,20.98,46.28
1778010871,8.44,13.75,10.25,21.53,42.65,15.22,60.63,21.34,46.23
1778010872,8.44,13.75,10.00,21.35,42.62,15.22,60.58,21.23,46.11
1778010874,8.44,13.50,10.00,21.58,42.65,15.23,60.54,21.21,46.05
1778010876,8.38,13.50,10.00,21.42,42.60,15.24,60.52,21.23,46.04
1778010877,8.38,13.50,9.75,21.54,42.60,15.19,60.48,21.03,45.99
1778010879,8.38,13.25,9.75,21.60,42.61,15.20,60.46,21.55,46.11
1778010880,8.38,13.50,10.00,21.52,42.58,15.20,60.42,21.08,46.03
1778010882,8.38,13.25,10.00,21.39,42.54,15.13,60.39,21.23,46.05
1778010884,8.38,13.50,9.75,21.69,42.58,15.13,60.30,21.24,46.05
1778010885,8.38,13.50,9.25,21.58,42.58,15.23,60.29,21.46,46.02
1778010887,8.31,13.25,9.75,21.79,42.58,15.17,60.25,20.91,45.87
1778010888,8.31,13.25,10.25,21.35,42.50,15.20,60.23,20.91,45.82
1778010890,8.31,13.25,10.00,21.86,42.58,15.13,60.20,21.70,45.90
1778010892,8.31,13.50,9.75,21.64,42.53,15.08,60.20,21.67,45.88
1778010893,8.31,13.25,9.75,21.56,42.53,15.21,60.22,21.15,45.75
1778010895,8.31,13.50,10.00,21.77,42.56,15.08,60.21,20.86,45.70
1778010897,8.25,13.00,9.50,21.59,42.51,15.22,60.27,21.25,45.79
1778010898,8.31,13.75,10.00,21.69,42.54,15.08,60.25,21.27,45.80
1778010900,8.25,13.25,10.00,21.54,42.54,15.12,60.29,21.01,45.77
1778010901,8.31,13.50,10.00,21.72,42.61,15.14,60.33,21.01,45.83
1778010903,8.25,13.50,10.25,21.33,42.57,15.08,60.39,20.91,45.87
1778010905,8.31,13.50,9.75,21.72,42.64,15.22,60.47,21.07,45.95
1778010906,8.31,13.25,10.25,21.58,42.61,15.14,60.51,21.17,46.03
1778010908,8.38,13.50,10.25,21.53,42.60,15.05,60.57,21.53,46.09
1778010909,8.38,13.25,10.25,21.82,42.61,15.04,60.60,21.44,46.10
1778010911,8.31,13.25,9.75,21.73,42.62,15.05,60.64,21.11,46.07
1778010913,8.31,13.50,9.50,21.37,42.55,15.04,60.67,20.90,46.03
1778010914,8.31,13.00,10.00,21.76,42.62,15.07,60.70,20.87,46.00
1778010916,8.38,13.75,10.25,21.35,42.55,15.15,60.74,20.84,45.98
1778010917,8.31,13.50,10.25,21.68,42.59,15.13,60.76,21.02,45.93
1778010919,8.38,13.50,10.50,21.62,42.56,15.13,60.77,21.00,45.89
1778010921,8.38,14.00,10.00,21.66,42.55,15.21,60.79,20.83,45.84
1778010922,8.31,13.50,10.25,21.53,42.53,15.09,60.78,21.22,45.91
1778010924,8.31,13.75,9.50,21.33,42.50,15.20,60.79,20.76,45.85
1778010925,8.38,13.00,10.00,21.65,42.54,15.07,60.75,21.05,45.87
1778010927,8.31,13.00,9.75,21.37,42.51,15.12,60.74,21.08,45.88
1778010929,8.38,13.25,10.25,21.64,42.54,15.15,60.72,21.34,45.90
1778010930,8.31,13.50,10.25,21.62,42.52,15.14,60.70,21.39,45.86
1778010932,8.31,13.00,10.25,21.52,42.53,15.24,60.68,21.02,45.77
1778010933,8.31,13.25,10.00,21.74,42.54,15.22,60.63,21.19,45.78
1778010935,8.31,13.25,10.00,21.54,42.51,15.13,60.59,21.11,45.77
1778010937,8.31,13.25,10.00,21.68,42.55,15.10,60.54,21.65,45.82
1778010938,8.31,12.75,10.00,21.52,42.52,15.12,60.52,20.52,45.62
1778010940,8.38,13.50,10.00,21.43,42.52,15.14,60.51,21.27,45.73
1778010942,8.31,13.75,10.00,21.48,42.54,15.22,60.50,21.10,45.71
1778010943,8.38,12.75,9.75,21.62,42.55,15.09,60.46,21.16,45.74
1778010945,8.31,13.25,10.25,21.43,42.53,15.10,60.45,21.19,45.71
1778010946,8.31,13.00,10.00,21.58,42.52,15.09,60.45,21.17,45.75
1778010948,8.31,13.50,10.00,21.61,42.52,15.17,60.50,20.99,45.75
1778010950,8.31,13.50,9.75,21.61,42.53,15.14,60.49,20.91,45.78
1778010951,8.31,13.75,9.50,21.49,42.53,15.23,60.51,20.91,45.80
1778010953,8.38,13.50,10.00,21.58,42.54,15.09,60.49,21.05,45.83
1778010954,8.38,13.75,9.75,21.55,42.57,15.31,60.51,21.24,45.93
1778010956,8.31,13.50,10.00,21.73,42.62,15.05,60.52,20.94,45.98
1778010958,8.31,13.50,9.75,21.49,42.60,15.11,60.55,21.05,46.05
1778010959,8.38,13.50,10.00,21.71,42.70,15.23,60.58,20.94,46.06
1778010961,8.38,13.50,10.00,21.59,42.66,15.29,60.62,21.20,46.08
1778010962,8.44,13.00,10.25,21.45,42.62,15.19,60.60,21.31,46.05
1778010964,8.31,13.25,10.25,21.52,42.59,15.15,60.58,20.95,45.94
1778010966,8.38,13.75,9.75,21.72,42.62,15.18,60.54,20.57,45.84
1778010967,8.31,13.50,9.75,21.78,42.62,15.11,60.52,21.16,45.86
1778010969,8.31,13.50,9.75,21.54,42.56,15.29,60.52,21.09,45.84
1778010970,8.25,13.75,10.25,21.60,42.58,15.27,60.51,20.82,45.78
1778010972,8.31,13.50,10.25,21.73,42.58,15.13,60.45,20.95,45.81
1778010974,8.38,13.75,9.75,21.58,42.55,15.23,60.44,20.94,45.79
1778010975,8.31,13.75,10.25,21.62,42.53,15.21,60.45,20.89,45.82
1778010977,8.38,13.50,10.25,21.55,42.52,15.18,60.43,21.22,45.88
1778010978,8.31,13.00,10.25,21.67,42.53,15.29,60.42,21.35,45.91
1778010980,8.38,13.50,10.25,21.42,42.51,15.22,60.40,21.14,45.87
1778010982,8.38,13.25,10.00,21.68,42.54,15.33,60.40,20.87,45.81
1778010983,8.38,13.50,10.00,21.64,42.55,15.17,60.32,21.47,45.85
1778010985,8.38,12.75,9.50,21.48,42.51,15.33,60.32,20.83,45.81
1778010987,8.38,13.25,9.75,21.52,42.54,15.15,60.27,21.09,45.84
1778010988,8.31,13.25,9.50,21.57,42.54,15.20,60.23,21.06,45.80
1778010990,8.38,13.50,10.00,21.47,42.51,15.16,60.19,21.20,45.83
1778010991,8.31,13.50,9.75,21.58,42.55,15.13,60.17,20.94,45.94
1778010993,8.31,13.75,10.00,21.56,42.59,15.22,60.13,21.02,46.10
1778010995,8.38,13.25,9.75,21.83,42.62,15.17,60.11,20.91,46.18
1778010996,8.31,13.75,10.25,21.59,42.60,15.26,60.11,21.50,46.36
1778010998,8.38,14.25,9.75,21.68,42.66,15.20,60.10,21.54,46.42
1778010999,8.38,13.75,9.25,21.62,42.68,15.30,60.10,21.12,46.36
1778011001,8.38,13.75,9.50,21.61,42.67,15.27,60.09,20.78,46.24
1778011003,8.44,13.75,9.50,21.61,42.68,15.16,60.09,20.87,46.13
1778011004,8.44,12.75,10.25,21.33,42.62,15.30,60.10,20.94,46.07
1778011006,8.44,13.00,9.50,21.61,42.66,15.30,60.11,21.05,46.01
1778011007,8.44,13.25,10.00,21.48,42.63,15.20,60.07,20.71,45.97
1778011009,8.44,13.75,10.25,21.52,42.63,15.23,60.08,20.55,45.99
1778011011,8.44,13.50,10.00,21.37,42.60,15.19,60.07,20.45,45.98
1778011012,8.44,13.25,10.00,21.47,42.59,15.18,60.05,20.84,46.09
1778011014,8.44,13.50,10.00,21.68,42.62,15.28,60.10,20.51,46.09
1778011015,8.44,13.50,10.00,21.42,42.58,15.14,60.05,20.98,46.13
1778011017,8.38,13.25,10.00,21.82,42.66,15.34,60.09,20.59,46.09
1778011019,8.44,13.00,10.25,21.72,42.63,15.16,60.05,20.98,46.16
1778011020,8.44,13.50,10.00,21.54,42.66,15.13,60.03,21.17,46.30
1778011022,8.38,13.50,10.25,21.31,42.67,15.36,60.09,20.91,46.42
1778011023,8.44,13.00,10.25,21.52,42.78,15.26,60.10,20.76,46.57
1778011025,8.44,13.50,10.00,21.63,42.81,15.23,60.10,20.99,46.62
1778011027,8.44,13.25,10.50,21.56,42.75,15.25,60.13,20.80,46.49
1778011028,8.38,13.75,9.50,21.58,42.76,15.17,60.11,21.07,46.43
1778011030,8.44,14.00,10.25,21.55,42.75,15.23,60.15,20.87,46.43
1778011031,8.50,13.75,10.25,21.58,42.78,15.19,60.16,20.62,46.57
1778011033,8.56,13.75,10.00,21.37,42.80,15.16,60.21,21.34,46.91
1778011035,8.56,13.00,10.25,21.41,42.84,15.23,60.27,21.49,47.09
1778011036,8.56,13.00,10.25,21.58,42.87,15.30,60.34,21.04,47.01
1778011038,8.56,14.00,10.50,21.48,42.84,15.13,60.36,21.10,46.89
1778011040,8.63,13.25,10.50,21.69,42.86,15.33,60.42,21.10,46.79
1778011041,8.56,13.75,10.50,21.65,42.82,15.15,60.40,21.31,46.70
1778011043,8.63,13.50,10.00,21.65,42.82,15.31,60.43,21.04,46.54
1778011044,8.63,13.75,10.25,21.73,42.80,15.24,60.42,21.69,46.58
1778011046,8.69,13.75,10.25,21.46,42.77,15.39,60.47,21.68,46.65
1778011048,8.69,14.25,10.25,21.69,42.83,15.41,60.49,21.09,46.66
1778011049,8.69,13.75,10.50,21.37,42.83,15.45,60.52,20.90,46.62
1778011051,8.75,13.50,10.75,21.40,42.81,15.37,60.50,21.09,46.58
1778011052,8.75,14.00,10.00,21.37,42.80,15.37,60.50,21.10,46.47
1778011054,8.75,13.75,9.75,21.29,42.79,15.25,60.48,21.18,46.38
1778011056,8.75,13.50,10.50,21.53,42.82,15.23,60.45,21.36,46.34
1778011057,8.81,13.00,10.50,21.32,42.76,15.26,60.43,21.12,46.28
1778011059,8.75,13.25,10.50,21.56,42.80,15.36,60.44,21.34,46.33
1778011060,8.75,13.50,10.25,21.32,42.75,15.37,60.38,21.12,46.24
1778011062,8.69,13.75,10.00,21.31,42.75,15.33,60.32,21.30,46.20
1778011064,8.75,14.00,10.25,21.55,42.80,15.31,60.24,21.33,46.13
1778011065,8.69,13.00,9.50,21.32,42.76,15.29,60.17,21.13,46.04
1778011067,8.75,13.25,9.75,21.42,42.72,15.34,60.13,21.45,46.07
1778011068,8.69,13.25,9.75,21.53,42.72,15.32,60.10,20.98,45.99
1778011070,8.63,14.00,10.25,21.33,42.67,15.31,60.06,21.19,45.99
1778011072,8.63,13.50,9.75,21.44,42.68,15.12,59.98,21.03,45.90
1778011073,8.69,13.50,10.00,21.28,42.62,15.34,59.94,21.19,45.91
1778011075,8.63,13.50,9.50,21.69,42.66,15.25,59.88,21.39,45.86
1778011076,8.63,13.25,10.00,21.30,42.58,15.25,59.87,21.06,45.74
1778011078,8.56,13.50,10.25,21.32,42.57,15.15,59.83,21.17,45.73
1778011080,8.63,13.75,10.25,21.39,42.57,15.28,59.85,20.96,45.68
1778011081,8.56,13.25,10.25,21.54,42.60,15.24,59.85,21.02,45.67
1778011083,8.56,13.50,10.25,21.61,42.62,15.22,59.84,21.39,45.74
1778011085,8.50,13.75,10.25,21.65,42.61,15.37,59.89,21.02,45.75
1778011086,8.50,13.50,10.50,21.61,42.62,15.40,59.91,20.94,45.85
1778011088,8.56,13.50,10.50,21.48,42.59,15.24,59.91,20.95,45.90
1778011089,8.56,13.25,10.50,21.72,42.63,15.28,59.96,21.06,45.93
1778011091,8.63,13.75,10.50,21.88,42.68,15.22,59.98,21.01,45.93
1778011093,8.63,13.75,10.50,21.42,42.63,15.29,60.05,21.00,45.91
1778011094,8.56,13.75,10.50,21.83,42.71,15.08,60.11,20.97,45.87
1778011096,8.56,13.75,10.25,21.73,42.70,15.22,60.18,21.02,45.86
1778011097,8.56,13.00,10.25,21.69,42.71,15.25,60.22,21.02,45.84
1778011099,8.56,14.00,10.50,21.52,42.66,15.23,60.28,21.00,45.82
1778011101,8.50,13.50,10.00,21.58,42.65,15.33,60.31,21.37,45.88
1778011102,8.50,13.75,10.25,21.64,42.62,15.26,60.34,21.01,45.79
1778011104,8.56,14.00,9.75,21.58,42.62,15.17,60.34,21.03,45.76
1778011105,8.50,13.00,10.00,21.58,42.59,15.32,60.39,20.99,45.67
1778011107,8.56,13.50,10.25,21.67,42.57,15.19,60.35,21.23,45.65
1778011109,8.56,13.50,9.75,21.65,42.58,15.19,60.35,21.02,45.65
1778011110,8.56,14.00,9.75,21.66,42.58,15.23,60.37,21.09,45.77
1778011112,8.63,13.75,10.50,21.65,42.57,15.20,60.39,20.88,45.81
1778011113,8.69,13.50,9.75,21.68,42.56,15.23,60.41,20.89,45.84
1778011115,8.69,13.75,9.75,21.42,42.52,15.20,60.40,20.91,45.88
1778011117,8.69,14.00,9.75,21.52,42.53,15.22,60.39,21.12,45.83
1778011118,8.63,13.50,10.00,21.73,42.57,15.20,60.37,20.96,45.74
1778011120,8.63,13.75,10.25,21.78,42.57,15.27,60.34,20.91,45.70
1778011121,8.56,13.50,10.00,21.80,42.57,15.23,60.29,20.84,45.63
1778011123,8.56,13.50,9.75,21.80,42.58,15.33,60.25,20.89,45.62
1778011125,8.56,13.25,10.00,21.52,42.53,15.31,60.18,21.36,45.67
1778011126,8.56,13.75,10.00,21.66,42.54,15.30,60.14,21.00,45.61
1778011128,8.50,13.50,9.75,21.71,42.52,15.37,60.10,21.04,45.64
1778011130,8.50,13.00,10.00,21.71,42.50,15.24,60.05,21.41,45.73
1778011131,8.50,13.50,10.25,21.73,42.50,15.23,60.01,21.16,45.68
1778011133,8.50,14.00,9.75,21.73,42.51,15.30,59.97,21.30,45.70
1778011134,8.50,13.75,10.00,21.79,42.52,15.35,59.94,21.30,45.69
1778011136,8.44,13.25,10.25,21.65,42.51,15.41,59.90,21.24,45.70
1778011138,8.38,13.25,10.00,21.65,42.51,15.30,59.90,21.09,45.66
1778011139,8.44,13.50,10.00,21.56,42.48,15.24,59.87,21.19,45.67
1778011141,8.38,13.25,9.50,21.56,42.48,15.21,59.83,21.10,45.63
1778011142,8.31,13.25,9.75,21.91,42.51,15.23,59.82,21.13,45.63
1778011144,8.31,13.25,9.75,21.66,42.46,15.26,59.82,21.01,45.63
1778011146,8.31,13.00,10.00,21.62,42.46,15.13,59.78,21.15,45.69
1778011147,8.25,13.25,9.75,21.56,42.44,15.24,59.80,21.05,45.65
1778011149,8.31,12.50,10.25,21.65,42.47,15.21,59.80,21.04,45.58
1778011150,8.25,13.50,9.75,21.61,42.44,15.17,59.77,20.98,45.51
1778011152,8.25,13.25,10.00,21.80,42.48,15.11,59.78,21.01,45.52
1778011154,8.25,13.25,9.75,21.54,42.42,15.27,59.81,21.27,45.60
1778011155,8.25,13.50,10.00,21.74,42.46,15.14,59.81,20.66,45.49
1778011157,8.25,14.00,9.50,21.53,42.42,15.17,59.83,21.30,45.60
1778011158,8.25,13.25,9.75,21.77,42.51,15.30,59.87,20.97,45.60
1778011160,8.19,13.50,10.00,21.63,42.51,15.15,59.90,21.15,45.65
1778011162,8.25,13.00,10.00,21.92,42.57,15.18,59.93,20.95,45.58
1778011163,8.25,13.25,10.00,21.60,42.53,15.11,59.95,21.23,45.65
1778011165,8.25,13.75,10.00,21.56,42.52,15.19,59.99,21.30,45.73
1778011166,8.25,13.50,10.00,21.73,42.55,15.31,60.03,20.88,45.66
1778011168,8.25,13.75,9.50,21.75,42.53,15.12,60.02,21.01,45.67
1778011170,8.25,12.75,10.00,21.70,42.55,15.13,60.06,20.91,45.65
1778011171,8.25,13.50,9.75,21.73,42.54,15.21,60.10,21.05,45.62
1778011173,8.25,13.75,10.25,21.60,42.51,15.30,60.16,21.30,45.70
1778011174,8.25,13.25,9.75,21.58,42.53,15.20,60.18,20.76,45.67
1778011176,8.25,13.50,9.50,21.60,42.51,15.13,60.21,21.03,45.78
1778011178,8.31,13.25,10.00,21.70,42.55,15.13,60.25,20.96,45.79
1778011179,8.25,13.50,10.25,21.51,42.52,15.09,60.28,20.98,45.76
1778011181,8.25,13.25,10.25,21.62,42.56,15.19,60.33,20.91,45.75
1778011183,8.25,13.25,10.00,21.79,42.57,15.05,60.31,21.08,45.78
1778011184,8.25,13.50,10.00,21.76,42.57,15.22,60.35,20.98,45.73
1778011186,8.31,13.50,10.25,21.73,42.56,15.26,60.38,20.97,45.66
1778011187,8.25,13.75,9.75,21.49,42.52,15.22,60.38,21.30,45.65
1778011189,8.25,13.50,10.00,21.46,42.49,15.24,60.40,21.10,45.58
1778011191,8.25,13.50,10.25,21.60,42.52,15.16,60.43,21.24,45.55
1778011192,8.25,13.25,10.00,21.58,42.52,15.19,60.45,21.08,45.50
1778011194,8.31,13.75,9.50,21.52,42.51,15.26,60.51,21.24,45.51
1778011195,8.31,13.50,9.75,21.63,42.53,15.09,60.50,21.08,45.50
1778011197,8.31,13.50,9.75,21.63,42.52,15.15,60.51,20.89,45.50
1778011199,8.31,13.25,9.75,21.71,42.53,15.13,60.52,21.02,45.57
1778011200,8.31,13.50,10.00,21.76,42.55,15.26,60.54,21.06,45.58
1778011202,8.25,13.50,9.75,21.73,42.54,15.28,60.54,20.85,45.55
1778011203,8.31,13.50,10.00,21.69,42.53,15.11,60.52,21.21,45.63
1778011205,8.31,13.25,10.25,21.64,42.53,15.25,60.58,21.38,45.71
1778011207,8.31,13.75,10.25,21.55,42.54,15.16,60.60,21.30,45.76
1778011208,8.31,13.50,10.25,21.61,42.55,15.24,60.62,21.07,45.78
1778011210,8.31,13.50,10.00,21.64,42.56,15.12,60.61,21.19,45.82
1778011211,8.31,13.00,10.00,21.60,42.56,15.15,60.62,21.15,45.78
1778011213,8.38,13.50,9.75,21.75,42.58,15.18,60.62,21.01,45.72
1778011215,8.31,13.00,10.50,21.45,42.55,15.19,60.63,21.01,45.68
1778011216,8.38,13.50,9.75,21.73,42.60,15.23,60.63,21.26,45.74
1778011218,8.31,13.25,9.75,21.37,42.55,15.25,60.65,20.95,45.69
1778011219,8.31,13.00,10.00,21.60,42.58,15.16,60.60,20.73,45.69
1778011221,8.31,13.50,9.50,21.78,42.60,15.19,60.58,21.05,45.80
1778011223,8.31,13.25,9.75,21.49,42.56,15.23,60.55,21.14,45.86
1778011224,8.25,13.25,9.50,21.50,42.56,15.10,60.51,21.31,45.87
1778011226,8.38,13.25,10.25,21.61,42.57,15.25,60.49,21.30,45.85
1778011228,8.25,13.25,9.00,21.60,42.56,15.24,60.45,21.00,45.76
1778011229,8.19,13.25,10.00,21.78,42.59,15.08,60.42,21.41,45.80
1778011231,8.25,13.50,10.00,21.47,42.52,15.19,60.41,21.74,45.85
1778011232,8.19,13.25,10.00,21.72,42.55,15.15,60.37,20.87,45.74
1778011234,8.19,13.00,10.00,21.39,42.51,15.20,60.37,21.05,45.82
1778011236,8.19,13.25,10.00,21.47,42.52,15.16,60.34,21.15,45.87
1778011237,8.19,13.25,9.75,21.60,42.55,15.16,60.33,20.85,45.84
1778011239,8.19,13.25,10.25,21.59,42.56,15.25,60.32,21.13,45.85
1778011240,8.19,13.50,10.25,21.69,42.57,15.30,60.31,20.87,45.75
1778011242,8.19,13.50,10.00,21.67,42.58,15.13,60.26,21.38,45.80
1778011244,8.19,13.50,10.00,21.48,42.55,15.17,60.25,21.37,45.81
1778011245,8.19,13.00,10.00,21.55,42.59,15.23,60.24,21.26,45.78
1778011247,8.13,13.50,10.00,21.48,42.57,15.22,60.22,21.06,45.75
1778011248,8.19,12.75,10.00,21.59,42.60,15.23,60.22,21.00,45.78
1778011250,8.13,13.75,9.75,21.78,42.60,15.07,60.18,21.11,45.87
1778011252,8.13,13.75,10.00,21.37,42.52,15.18,60.20,20.85,45.85
1778011253,8.13,13.50,10.00,21.69,42.57,15.23,60.20,21.51,45.98
1778011255,8.13,13.50,9.75,21.37,42.51,15.15,60.17,20.94,45.86
1778011256,8.13,13.50,9.75,21.65,42.55,15.15,60.17,21.23,45.84
1778011258,8.13,13.50,9.50,21.44,42.53,15.23,60.21,21.20,45.77
1778011260,8.19,13.50,10.00,21.44,42.54,15.24,60.24,21.13,45.78
1778011261,8.19,13.25,9.75,21.57,42.58,15.10,60.28,21.00,45.80
1778011263,8.13,13.25,10.00,21.50,42.61,15.06,60.33,20.96,45.79
1778011264,8.13,13.25,9.25,21.66,42.66,15.05,60.39,20.95,45.80
1778011266,8.13,13.25,10.00,21.63,42.67,15.26,60.45,20.75,45.74
1778011268,8.13,13.75,10.00,21.75,42.68,15.14,60.46,21.73,45.90
1778011269,8.13,13.25,10.00,21.51,42.65,15.12,60.51,21.15,45.84
1778011271,8.19,13.50,10.25,21.31,42.63,15.05,60.55,21.19,45.83
1778011273,8.19,13.00,10.00,21.72,42.69,15.20,60.61,20.91,45.76
1778011274,8.13,13.50,9.75,21.67,42.71,15.07,60.62,20.99,45.76
1778011276,8.19,13.50,10.00,21.73,42.74,15.01,60.65,21.30,45.80
1778011277,8.19,14.00,10.50,21.69,42.78,15.17,60.74,20.77,45.79
1778011279,8.25,13.50,10.25,21.66,42.80,15.20,60.82,20.86,45.98
1778011281,8.25,14.00,10.50,21.41,42.80,15.16,60.88,21.25,46.31
1778011282,8.25,13.50,10.25,21.67,42.85,15.23,60.98,21.25,46.59
1778011284,8.31,13.75,10.50,21.61,42.90,15.22,61.06,21.19,46.85
1778011285,8.31,14.25,10.50,21.39,42.91,15.23,61.14,20.99,46.97
1778011287,8.38,13.75,10.75,21.63,43.01,15.15,61.18,21.13,47.06
1778011289,8.38,13.75,10.25,21.51,43.03,15.22,61.23,20.97,46.90
1778011290,8.38,13.75,10.25,21.60,43.07,15.13,61.23,21.81,46.87
1778011292,8.38,13.25,10.25,21.65,43.06,15.10,61.21,20.99,46.55
1778011293,8.44,13.75,10.25,21.56,43.04,15.12,61.21,21.34,46.45
1778011295,8.38,13.75,10.00,21.61,43.06,15.06,61.19,21.30,46.30
1778011297,8.44,13.50,10.00,21.52,43.02,15.13,61.17,20.78,46.16
1778011298,8.44,14.00,10.00,21.59,43.04,15.14,61.15,21.30,46.35
1778011300,8.50,13.50,10.00,21.65,43.02,15.12,61.11,21.10,46.32
1778011301,8.50,13.75,10.00,21.54,42.95,15.12,61.09,21.00,46.25
1778011303,8.44,13.00,10.00,21.56,42.91,15.21,61.03,20.98,46.17
1778011305,8.44,13.75,10.25,21.52,42.84,15.12,60.96,21.44,46.20
1778011306,8.44,13.75,10.25,21.55,42.83,15.20,60.95,21.00,46.05
1778011308,8.44,13.50,10.25,21.56,42.81,15.37,60.92,20.98,46.02
1778011309,8.44,13.75,9.75,21.78,42.81,15.13,60.82,20.75,45.98
1778011311,8.50,13.50,10.00,21.65,42.76,15.24,60.77,20.98,46.05
1778011313,8.44,14.00,10.00,21.63,42.74,15.19,60.73,21.14,46.11
1778011314,8.44,13.75,9.50,21.62,42.73,15.21,60.70,21.24,46.12
1778011316,8.44,13.00,10.25,21.53,42.71,15.25,60.65,21.19,46.09
1778011317,8.44,13.00,10.25,21.59,42.71,15.13,60.62,21.18,46.08
1778011319,8.44,13.75,9.75,21.47,42.68,15.22,60.62,20.98,46.05
1778011321,8.44,13.50,10.25,21.58,42.66,15.17,60.61,20.94,45.99
1778011322,8.38,13.75,10.25,21.56,42.66,15.14,60.56,21.12,45.94
1778011324,8.44,13.50,9.75,21.63,42.67,15.30,60.57,20.96,45.83
1778011326,8.38,13.50,9.75,21.72,42.67,15.19,60.50,21.03,45.86
1778011327,8.38,13.00,10.00,21.67,42.69,15.16,60.46,20.83,45.85
1778011329,8.38,13.50,9.50,21.79,42.72,15.32,60.46,20.95,45.87
1778011330,8.38,13.25,10.25,21.69,42.74,15.18,60.40,20.92,45.86
1778011332,8.31,13.25,10.00,21.66,42.77,15.22,60.37,20.95,45.88
1778011334,8.38,13.00,10.25,21.73,42.76,15.15,60.32,21.25,45.89
1778011335,8.31,13.25,9.75,21.70,42.75,15.19,60.31,20.92,45.78
1778011337,8.38,13.50,10.00,21.62,42.73,15.28,60.33,21.30,45.79
1778011338,8.31,13.25,9.75,21.81,42.74,15.30,60.32,21.02,45.73
1778011340,8.38,13.50,9.50,21.58,42.69,15.33,60.32,21.30,45.76
1778011342,8.31,13.50,9.75,21.64,42.67,15.25,60.30,21.24,45.71
1778011343,8.38,13.50,9.75,21.50,42.64,15.28,60.30,21.18,45.69
1778011345,8.38,13.75,10.00,21.37,42.61,15.15,60.26,21.11,45.72
1778011346,8.38,13.75,10.00,21.59,42.62,15.13,60.28,21.12,45.76
1778011348,8.31,13.75,10.00,21.41,42.60,15.21,60.32,21.14,45.84
1778011350,8.31,13.75,9.75,21.28,42.61,15.33,60.39,21.47,45.91
1778011351,8.31,13.75,9.50,21.62,42.63,15.11,60.40,21.05,45.81
1778011353,8.31,13.50,9.50,21.63,42.64,15.16,60.45,21.21,45.77
1778011354,8.25,13.50,10.00,21.31,42.55,15.26,60.49,21.21,45.74
1778011356,8.38,13.50,10.00,21.50,42.57,15.21,60.49,20.99,45.67
1778011358,8.31,13.75,9.75,21.78,42.60,15.18,60.51,21.03,45.71
1778011359,8.31,13.75,9.75,21.77,42.59,15.28,60.53,20.92,45.74
1778011361,8.38,13.25,10.00,21.41,42.54,15.07,60.53,21.28,45.83
1778011362,8.31,13.50,10.00,21.60,42.57,15.19,60.54,21.20,45.87
1778011364,8.31,13.25,10.00,21.72,42.56,15.13,60.54,20.82,45.80
1778011366,8.25,13.25,9.50,21.73,42.57,15.21,60.53,21.27,45.89
1778011367,8.25,13.50,9.75,21.69,42.55,15.14,60.49,20.87,45.78
1778011369,8.25,13.75,10.00,21.79,42.58,15.22,60.47,21.32,45.90
1778011371,8.25,13.25,10.00,21.70,42.57,15.26,60.45,21.33,45.97
1778011372,8.31,13.50,9.50,21.37,42.53,15.15,60.43,20.83,45.91
1778011374,8.25,13.50,10.00,21.56,42.54,15.22,60.43,21.53,45.99
1778011375,8.31,13.25,10.00,21.62,42.57,15.15,60.44,20.91,45.85
1778011377,8.31,13.50,10.00,21.56,42.60,15.22,60.47,21.14,45.80
1778011379,8.38,13.00,10.25,21.49,42.58,15.30,60.49,21.10,45.70
1778011380,8.38,13.75,9.50,21.60,42.58,15.09,60.48,20.99,45.62
1778011382,8.38,14.00,9.50,21.59,42.58,15.14,60.50,21.02,45.64
1778011383,8.38,13.75,10.00,21.44,42.56,15.17,60.53,21.20,45.70
1778011385,8.44,13.25,9.25,21.73,42.59,15.11,60.55,21.06,45.68
1778011387,8.38,13.75,10.25,21.53,42.56,15.06,60.59,21.01,45.65
1778011388,8.38,13.50,10.00,21.69,42.57,15.25,60.66,21.00,45.69
1778011390,8.38,13.25,10.00,21.32,42.52,15.18,60.65,21.02,45.69
1778011391,8.38,13.50,9.75,21.51,42.57,15.19,60.68,20.88,45.65
1778011393,8.38,14.00,10.25,21.69,42.59,15.09,60.68,21.07,45.73
1778011395,8.38,13.00,9.75,21.33,42.53,15.11,60.68,21.00,45.76
1778011396,8.38,13.25,10.25,21.74,42.61,15.24,60.70,21.30,45.85
1778011398,8.38,13.00,9.50,21.58,42.57,15.12,60.69,20.80,45.80
1778011399,8.38,13.75,9.00,21.52,42.58,15.15,60.70,21.30,45.84
1778011401,8.38,13.75,10.00,21.52,42.58,15.12,60.67,21.30,45.82
1778011403,8.38,13.25,10.00,21.44,42.57,15.11,60.67,20.88,45.77
1778011404,8.38,13.50,9.75,21.59,42.58,15.13,60.67,21.23,45.84
1778011406,8.38,13.00,9.50,21.33,42.56,15.09,60.66,20.96,45.83
1778011407,8.38,13.75,10.00,21.32,42.55,15.22,60.66,21.03,45.86
1778011409,8.38,13.50,10.00,21.41,42.54,15.20,60.66,21.21,45.88
1778011411,8.38,13.50,9.50,21.55,42.56,15.26,60.66,20.92,45.83
1778011412,8.44,13.75,10.00,21.63,42.57,15.20,60.64,21.13,45.84
1778011414,8.38,12.75,9.50,21.65,42.59,15.19,60.62,20.98,45.81
1778011415,8.38,13.50,9.25,21.44,42.58,15.16,60.58,20.95,45.75
1778011417,8.38,13.50,10.25,21.67,42.66,15.24,60.59,21.05,45.78
1778011419,8.38,13.75,10.25,21.78,42.67,15.26,60.58,21.28,45.96
1778011420,8.44,13.50,9.75,21.68,42.74,15.05,60.58,20.87,46.04
1778011422,8.44,13.50,10.25,21.69,42.74,15.01,60.59,21.09,46.20
1778011424,8.44,13.50,9.75,21.53,42.71,15.04,60.59,20.88,46.17
1778011425,8.38,13.50,10.25,21.73,42.72,15.17,60.61,21.04,46.07
1778011427,8.44,13.25,10.25,21.79,42.73,15.15,60.63,20.85,45.95
1778011428,8.44,14.00,10.00,21.39,42.66,15.10,60.61,21.02,45.91
1778011430,8.44,13.75,9.75,21.43,42.66,15.20,60.62,21.08,45.84
1778011432,8.38,13.75,10.00,21.61,42.69,15.15,60.61,21.33,45.85
1778011433,8.44,13.50,10.25,21.33,42.65,15.15,60.61,21.05,45.75
1778011435,8.38,13.50,10.25,21.60,42.71,15.09,60.61,21.48,45.80
1778011436,8.44,13.50,10.25,21.87,42.75,15.13,60.64,20.90,45.73
1778011438,8.50,13.75,10.00,21.47,42.68,15.15,60.70,21.19,45.79
1778011440,8.50,14.00,9.75,21.72,42.72,15.17,60.75,20.98,45.70
1778011441,8.44,13.50,9.50,21.58,42.70,15.15,60.79,21.21,45.72
1778011443,8.50,13.50,9.75,21.62,42.72,15.15,60.81,20.82,45.63
1778011444,8.56,13.25,9.75,21.64,42.72,15.18,60.84,21.09,45.68
1778011446,8.56,13.75,9.75,21.68,42.73,15.05,60.83,20.96,45.69
1778011448,8.50,13.50,10.25,21.89,42.73,15.16,60.85,20.98,45.75
1778011449,8.50,14.00,10.00,21.65,42.67,15.25,60.91,21.08,45.81
1778011451,8.50,13.50,10.25,21.65,42.67,15.10,60.90,21.30,45.84
1778011452,8.56,13.25,10.00,21.62,42.66,15.15,60.92,21.08,45.78
1778011454,8.56,13.25,10.00,21.71,42.66,15.14,60.95,21.47,45.80
1778011456,8.56,13.50,9.75,21.65,42.63,15.24,61.00,20.80,45.65
1778011457,8.50,13.75,10.25,21.73,42.66,15.17,61.00,21.05,45.70
1778011459,8.56,13.75,9.75,21.73,42.64,15.21,61.01,21.09,45.70
1778011460,8.56,13.00,9.75,21.75,42.64,15.08,61.00,21.06,45.70
1778011462,8.56,13.75,10.25,21.80,42.67,15.18,61.00,21.30,45.71
1778011464,8.56,13.75,9.75,21.47,42.62,15.23,60.99,21.40,45.68
1778011465,8.56,13.25,9.50,21.67,42.66,15.18,60.97,20.91,45.67
1778011467,8.50,14.00,9.75,21.75,42.71,15.22,60.97,21.05,45.81
1778011469,8.50,14.25,10.00,21.39,42.67,15.24,60.93,21.04,45.82
1778011470,8.56,13.50,10.00,21.76,42.74,15.16,60.89,21.34,45.82
1778011472,8.63,13.75,10.00,21.57,42.70,15.15,60.89,21.01,45.69
1778011473,8.56,13.75,10.25,21.65,42.67,15.23,60.87,20.87,45.64
1778011475,8.63,13.25,9.75,21.69,42.68,15.19,60.81,21.44,45.70
1778011477,8.56,13.00,9.25,21.79,42.68,15.23,60.79,20.91,45.65
1778011478,8.63,13.50,9.75,21.70,42.65,15.22,60.74,20.89,45.59
1778011480,8.56,13.50,10.00,21.73,42.63,15.22,60.68,20.96,45.57
1778011481,8.56,13.50,9.75,21.60,42.59,15.19,60.65,20.99,45.54
1778011483,8.56,14.00,9.75,21.67,42.59,15.28,60.61,21.03,45.52
1778011485,8.56,13.50,9.75,21.35,42.57,15.27,60.57,21.41,45.57
1778011486,8.56,14.00,9.50,21.67,42.61,15.15,60.48,21.07,45.54
1778011488,8.56,13.25,9.75,21.55,42.58,15.23,60.46,21.13,45.58
1778011489,8.56,13.50,9.75,21.55,42.58,15.17,60.38,21.16,45.65
1778011491,8.50,13.75,9.75,21.70,42.58,15.15,60.35,21.16,45.66
1778011493,8.50,13.75,9.50,21.84,42.60,15.23,60.34,21.28,45.71
1778011494,8.56,13.75,9.50,21.54,42.55,15.15,60.32,21.17,45.72
1778011496,8.56,12.75,9.75,21.61,42.55,15.16,60.32,21.33,45.76
1778011497,8.56,13.25,9.75,21.61,42.55,15.13,60.31,21.05,45.71
1778011499,8.56,13.25,9.25,21.36,42.50,15.19,60.29,21.31,45.76
1778011501,8.56,13.50,9.75,21.32,42.48,15.13,60.28,21.27,45.70
1778011502,8.50,13.50,9.75,21.51,42.50,15.20,60.29,21.02,45.61
1778011504,8.50,13.50,9.50,21.59,42.49,15.25,60.30,21.30,45.61
1778011505,8.50,13.25,9.50,21.59,42.49,15.10,60.29,21.15,45.55
1778011507,8.44,13.50,9.75,21.54,42.50,15.09,60.30,21.18,45.54
1778011509,8.44,13.50,10.00,21.36,42.47,15.15,60.32,21.12,45.49
1778011510,8.44,13.25,10.00,21.60,42.53,15.18,60.35,21.19,45.54
1778011512,8.44,13.75,9.25,21.65,42.55,15.22,60.38,21.13,45.54
1778011513,8.44,13.00,10.00,21.60,42.54,15.12,60.41,20.99,45.56
1778011515,8.44,13.50,9.75,21.75,42.58,15.20,60.46,21.13,45.67
1778011517,8.44,13.75,10.00,21.79,42.61,15.14,60.46,21.33,45.80
1778011518,8.44,12.75,9.50,21.69,42.59,15.14,60.48,21.01,45.79
1778011520,8.44,13.75,10.00,21.88,42.61,15.14,60.51,21.05,45.76
1778011522,8.44,13.25,9.75,21.46,42.54,15.09,60.50,21.51,45.79
1778011523,8.44,12.75,9.50,21.72,42.58,15.13,60.53,21.00,45.70
1778011525,8.44,13.50,9.75,21.77,42.60,15.13,60.51,20.78,45.65
1778011526,8.44,13.25,10.00,21.43,42.58,15.20,60.54,20.88,45.71
1778011528,8.44,12.75,10.00,21.82,42.65,15.23,60.52,20.88,45.74
1778011530,8.44,13.25,10.00,21.69,42.65,15.13,60.50,20.95,45.80
1778011531,8.44,13.50,9.50,21.37,42.64,15.10,60.49,21.35,45.91
1778011533,8.44,13.00,10.00,21.70,42.69,15.08,60.49,20.96,45.82
1778011534,8.44,13.50,10.00,21.67,42.69,15.11,60.50,21.46,45.86
1778011536,8.44,13.25,9.75,21.41,42.64,15.20,60.50,20.98,45.79
1778011538,8.44,13.75,10.00,21.65,42.69,15.15,60.48,21.72,45.94
1778011539,8.44,13.75,9.50,21.64,42.65,15.17,60.51,20.97,45.87
1778011541,8.44,13.00,10.00,21.53,42.65,15.14,60.52,21.42,45.99
1778011542,8.44,13.75,9.50,21.36,42.61,15.13,60.55,21.05,45.94
1778011544,8.44,13.50,10.00,21.49,42.70,15.07,60.58,20.97,45.89
1778011546,8.38,13.75,9.75,21.28,42.68,15.15,60.62,21.25,45.93
1778011547,8.38,13.25,9.75,21.60,42.72,15.06,60.63,20.98,45.83
1778011549,8.38,13.25,10.00,21.58,42.73,15.29,60.70,21.09,45.80
1778011550,8.38,13.75,9.50,21.80,42.76,15.25,60.73,20.88,45.75
1778011552,8.44,13.25,10.00,21.76,42.74,15.21,60.76,20.98,45.73
1778011554,8.44,13.75,10.00,21.67,42.73,15.16,60.78,20.94,45.68
1778011555,8.38,13.50,10.00,21.39,42.64,15.12,60.80,21.31,45.70
1778011557,8.38,13.75,9.75,21.47,42.64,15.13,60.82,20.98,45.66
1778011558,8.44,13.75,10.25,21.65,42.67,15.17,60.85,20.99,45.69
1778011560,8.44,13.00,10.25,21.32,42.61,15.22,60.87,21.39,45.91
1778011562,8.44,13.25,10.00,21.59,42.72,15.23,60.89,21.35,46.06
1778011563,8.50,14.00,10.00,21.74,42.77,15.09,60.87,21.09,46.07
1778011565,8.50,13.75,10.00,21.67,42.77,15.14,60.87,20.95,45.98
1778011567,8.50,13.75,9.50,21.76,42.81,15.23,60.84,21.46,45.99
1778011568,8.44,13.25,10.25,21.82,42.85,15.06,60.81,21.02,45.87
1778011570,8.50,13.75,10.00,21.53,42.80,15.09,60.78,20.80,45.78
1778011571,8.50,13.75,9.50,21.76,42.81,15.10,60.72,20.98,45.79
1778011573,8.50,13.50,9.50,21.85,42.80,15.08,60.65,21.37,45.82
1778011575,8.50,13.50,9.75,21.48,42.73,15.12,60.60,20.97,45.78
1778011576,8.50,13.25,9.75,21.72,42.75,15.22,60.60,21.33,45.84
1778011578,8.44,13.50,9.75,21.48,42.70,15.21,60.54,21.13,45.82
1778011579,8.44,13.25,9.75,21.58,42.71,15.08,60.46,21.07,45.79
1778011581,8.44,13.75,10.00,21.74,42.72,15.15,60.43,21.12,45.74
1778011583,8.44,13.50,10.00,21.52,42.70,15.12,60.42,21.07,45.77
1778011584,8.44,13.75,9.25,21.43,42.67,15.08,60.41,21.06,45.78
1778011586,8.38,13.50,9.75,21.56,42.65,15.14,60.42,21.08,45.73
1778011587,8.44,13.50,9.50,21.63,42.65,15.22,60.43,21.36,45.79
1778011589,8.44,14.00,9.25,21.79,42.63,15.14,60.44,21.02,45.75
1778011591,8.44,13.50,9.75,21.58,42.59,15.10,60.44,21.07,45.73
1778011592,8.44,14.00,10.25,21.82,42.63,15.09,60.49,20.92,45.75
1778011594,8.50,13.75,9.75,21.79,42.62,15.19,60.54,20.98,45.77
1778011595,8.50,13.50,10.00,21.73,42.61,15.13,60.57,20.48,45.65
1778011597,8.50,13.75,9.50,21.65,42.60,15.15,60.60,20.99,45.75
1778011599,8.50,12.75,10.00,21.68,42.67,15.36,60.66,21.10,45.88
1778011600,8.56,13.00,9.50,21.46,42.70,15.16,60.66,21.03,46.01
1778011602,8.56,13.75,10.00,21.58,42.79,15.13,60.66,20.58,46.03
1778011603,8.56,14.00,10.50,21.39,42.80,15.27,60.68,21.22,46.20
1778011605,8.56,14.00,10.00,21.55,42.82,15.17,60.65,21.30,46.26
1778011607,8.69,14.00,9.50,21.58,42.81,15.16,60.66,21.03,46.26
1778011608,8.69,13.50,10.00,21.55,42.80,15.29,60.67,21.55,46.39
1778011610,8.81,14.00,10.00,21.33,42.78,15.22,60.67,21.05,46.40
1778011611,8.94,14.25,10.50,21.57,42.83,15.25,60.70,21.07,46.50
1778011613,9.00,13.75,10.25,21.59,42.87,15.34,60.75,21.54,46.65
1778011615,9.00,13.75,10.25,21.62,42.93,15.15,60.75,21.10,46.63
1778011616,9.06,13.75,10.00,21.69,42.95,15.30,60.80,21.01,46.58
1778011618,9.06,14.00,10.25,21.61,42.95,15.23,60.79,21.14,46.44
1778011620,9.00,14.00,10.50,21.56,42.96,15.19,60.76,21.11,46.31
1778011621,9.00,14.00,10.25,21.65,42.96,15.31,60.77,21.35,46.22
1778011623,8.94,13.25,9.75,21.49,42.92,15.13,60.70,21.00,46.05
1778011624,8.94,13.00,10.00,21.52,42.92,15.24,60.67,21.46,46.05
1778011626,8.88,13.50,10.00,21.46,42.85,15.21,60.63,21.32,45.93
1778011628,8.88,13.25,10.00,21.48,42.80,15.30,60.56,21.01,45.79
1778011629,8.81,13.50,10.50,21.69,42.81,15.16,60.46,20.90,45.72
1778011631,8.81,13.75,10.00,21.64,42.74,15.38,60.43,21.37,45.68
1778011632,8.75,13.50,9.50,21.59,42.73,15.12,60.31,21.23,45.58
1778011634,8.81,13.75,10.25,21.74,42.75,15.19,60.25,21.16,45.51
1778011636,8.75,13.50,9.75,21.57,42.70,15.20,60.22,21.35,45.49
1778011637,8.69,13.50,10.25,21.62,42.67,15.20,60.18,21.32,45.44
1778011639,8.69,13.50,9.75,21.69,42.66,15.19,60.13,21.19,45.35
1778011640,8.69,13.75,10.25,21.59,42.63,15.33,60.11,21.42,45.31
1778011642,8.69,13.50,9.75,21.62,42.61,15.23,60.05,21.47,45.28
1778011644,8.69,13.75,10.00,21.63,42.60,15.25,60.04,21.38,45.26
1778011645,8.69,14.00,10.25,21.62,42.58,15.21,60.04,21.12,45.15
1778011647,8.63,14.00,9.50,21.72,42.60,15.15,60.02,21.61,45.17
1778011648,8.69,13.75,10.00,21.63,42.58,15.28,60.05,21.38,45.16
1778011650,8.69,13.75,10.25,21.66,42.58,15.26,60.07,21.01,45.21
1778011652,8.69,13.50,10.00,21.57,42.53,15.15,60.09,21.79,45.38
1778011653,8.63,13.50,10.00,21.65,42.52,15.23,60.12,20.91,45.22
1778011655,8.69,13.50,9.75,21.62,42.50,15.13,60.11,21.53,45.30
1778011656,8.63,13.75,10.00,21.52,42.48,15.34,60.15,21.09,45.19
1778011658,8.63,13.50,10.00,21.66,42.51,15.26,60.11,21.23,45.19
1778011660,8.63,13.00,10.25,21.62,42.50,15.37,60.15,21.15,45.09
1778011661,8.63,13.50,10.00,21.63,42.50,15.30,60.14,21.05,45.04
1778011663,8.63,13.75,10.25,21.54,42.50,15.34,60.16,21.21,45.03
1778011665,8.63,13.50,9.75,21.74,42.53,15.22,60.11,21.48,45.06
1778011666,8.63,13.75,9.75,21.80,42.54,15.22,60.09,21.74,45.07
1778011668,8.56,13.75,10.00,21.74,42.51,15.37,60.10,21.45,44.98
1778011669,8.56,13.75,9.75,21.83,42.53,15.19,60.07,21.26,44.86
1778011671,8.63,13.75,10.00,21.83,42.52,15.29,60.07,21.23,44.84
1778011673,8.50,13.25,9.50,21.69,42.47,15.29,60.05,21.37,44.90
1778011674,8.50,13.75,10.00,21.65,42.44,15.29,60.05,21.34,44.93
1778011676,8.56,13.00,10.25,21.69,42.46,15.39,60.06,21.48,44.92
1778011677,8.56,14.00,9.50,21.60,42.43,15.22,60.01,21.23,44.87
1778011679,8.56,13.50,10.00,21.69,42.46,15.45,60.06,21.13,44.86
1778011681,8.56,13.25,10.25,21.63,42.43,15.34,60.02,21.58,44.93
1778011682,8.56,13.00,9.25,21.79,42.46,15.36,60.03,21.22,44.92
1778011684,8.50,13.75,9.75,21.62,42.44,15.23,59.99,21.47,44.98
1778011685,8.50,13.50,10.00,21.55,42.46,15.24,59.97,21.54,44.98
1778011687,8.63,13.50,10.25,21.60,42.50,15.20,59.97,21.68,45.05
1778011689,8.63,13.75,10.25,21.65,42.52,15.21,59.98,21.04,45.06
1778011690,8.56,13.50,10.00,21.47,42.46,15.32,59.99,21.13,45.14
1778011692,8.63,13.75,10.00,21.69,42.48,15.34,60.01,21.17,45.16
1778011693,8.56,13.00,10.00,21.73,42.51,15.36,60.04,21.78,45.19
1778011695,8.56,13.00,9.75,21.80,42.54,15.23,60.03,21.61,45.10
1778011697,8.56,13.75,10.00,21.78,42.53,15.35,60.05,21.48,45.04
1778011698,8.56,13.25,10.00,21.78,42.54,15.22,60.03,21.76,45.02
1778011700,8.56,13.75,10.00,21.84,42.58,15.35,60.05,21.52,44.98
1778011701,8.56,13.50,10.25,21.80,42.61,15.24,60.02,21.47,44.97
1778011703,8.50,13.75,10.00,21.67,42.56,15.22,60.01,21.22,44.90
1778011705,8.50,13.25,10.00,21.69,42.51,15.41,60.06,21.25,44.91
1778011706,8.50,13.00,9.75,21.70,42.52,15.25,60.04,21.23,44.86
1778011708,8.50,13.50,9.75,21.62,42.49,15.22,60.05,21.52,44.90
1778011710,8.50,13.75,10.00,21.69,42.47,15.21,60.01,21.32,44.88
1778011711,8.50,13.75,10.00,21.75,42.45,15.22,59.99,21.65,44.92
1778011713,8.50,13.25,10.25,21.66,42.40,15.18,60.00,21.41,44.86
1778011714,8.50,13.25,10.00,21.60,42.39,15.17,59.98,21.00,44.77
1778011716,8.50,13.50,10.00,21.77,42.39,15.35,59.98,21.17,44.79
1778011718,8.50,13.75,10.00,21.44,42.33,15.23,59.97,21.76,44.88
1778011719,8.50,13.25,10.00,21.82,42.38,15.30,59.96,21.23,44.78
1778011721,8.50,13.50,10.00,21.65,42.32,15.34,59.93,21.26,44.76
1778011722,8.44,13.25,10.00,21.81,42.33,15.19,59.92,21.16,44.78
1778011724,8.44,13.25,9.75,21.86,42.32,15.25,59.93,21.61,44.89
1778011726,8.50,13.25,10.00,21.85,42.34,15.18,59.92,21.23,44.86
1778011727,8.44,13.25,10.00,21.74,42.31,15.30,59.95,21.45,44.94
1778011729,8.44,13.25,9.50,21.75,42.30,15.32,59.91,21.41,44.95
1778011730,8.44,13.00,10.00,21.66,42.28,15.22,59.89,21.22,44.88
1778011732,8.44,13.25,10.00,21.65,42.26,15.24,59.89,21.50,44.90
1778011734,8.44,13.50,10.00,21.78,42.27,15.24,59.90,21.99,44.96
1778011735,8.38,13.25,9.75,21.65,42.23,15.24,59.93,21.39,44.88
1778011737,8.38,13.50,9.50,21.67,42.24,15.32,59.97,21.30,44.90
1778011738,8.38,12.75,9.50,21.65,42.24,15.15,59.96,21.92,44.99
1778011740,8.44,13.50,9.50,21.57,42.26,15.18,59.99,21.37,44.92
1778011742,8.38,13.50,10.00,21.71,42.31,15.26,60.08,21.35,44.92
1778011743,8.44,13.25,10.25,21.74,42.34,15.22,60.10,21.55,44.96
1778011745,8.44,13.50,10.00,21.79,42.34,15.11,60.11,21.12,44.93
1778011746,8.38,13.25,10.00,21.77,42.34,15.22,60.18,21.10,44.95
1778011748,8.44,13.25,10.00,21.61,42.29,15.30,60.23,20.94,44.92
1778011750,8.44,13.50,9.75,21.76,42.31,15.24,60.25,21.80,44.99
1778011751,8.44,13.50,10.25,21.85,42.29,15.14,60.25,21.43,44.92
1778011753,8.44,13.75,10.00,21.72,42.25,15.10,60.26,21.65,44.93
1778011754,8.50,13.50,10.00,21.74,42.26,15.19,60.31,21.73,44.91
1778011756,8.44,13.50,10.00,21.86,42.28,15.19,60.34,21.22,44.81
1778011758,8.50,13.25,10.25,21.83,42.31,15.19,60.36,21.30,44.82
1778011759,8.44,13.75,10.00,21.67,42.30,15.25,60.39,21.19,44.77
1778011761,8.50,13.25,10.00,21.79,42.31,15.31,60.41,21.49,44.81
1778011763,8.44,13.25,10.25,21.80,42.30,15.14,60.38,21.21,44.78
1778011764,8.44,13.50,9.75,21.79,42.31,15.22,60.41,21.23,44.80
1778011766,8.44,12.75,9.25,21.86,42.31,15.26,60.39,21.50,44.86
1778011767,8.44,13.00,10.00,21.82,42.32,15.24,60.40,21.89,45.02
1778011769,8.44,13.50,10.00,21.68,42.32,15.16,60.39,21.55,45.00
1778011771,8.44,13.75,9.50,21.82,42.35,15.13,60.36,21.44,45.01
1778011772,8.44,13.75,9.75,21.70,42.33,15.20,60.37,21.62,45.03
1778011774,8.38,14.00,10.00,21.83,42.37,15.22,60.35,21.45,45.02
1778011775,8.44,13.75,10.00,21.69,42.32,15.13,60.32,21.45,45.05
1778011777,8.38,13.50,9.50,21.72,42.31,15.17,60.32,21.65,45.06
1778011779,8.44,13.50,10.00,21.84,42.32,15.17,60.32,21.10,44.94
1778011780,8.44,13.25,9.50,21.76,42.28,15.30,60.34,21.58,45.01
1778011782,8.50,13.25,10.00,21.79,42.29,15.19,60.33,21.12,44.92
1778011783,8.44,13.50,9.75,21.75,42.29,15.30,60.35,21.19,44.94
1778011785,8.44,13.50,9.25,21.60,42.27,15.15,60.34,21.48,44.97
1778011787,8.38,13.25,9.50,21.62,42.25,15.23,60.39,21.08,44.91
1778011788,8.44,12.75,10.25,21.70,42.27,15.13,60.40,21.41,44.96
1778011790,8.44,13.25,10.25,21.66,42.25,15.15,60.41,21.23,44.94
1778011791,8.50,13.00,10.00,21.69,42.25,15.42,60.49,21.21,44.94
1778011793,8.44,13.50,10.25,21.48,42.21,15.15,60.45,21.08,44.92
1778011795,8.44,13.50,10.25,21.75,42.27,15.14,60.50,21.20,44.96
1778011796,8.44,13.50,10.25,21.75,42.27,15.27,60.55,21.27,44.99
1778011798,8.44,13.75,10.25,21.78,42.30,15.21,60.56,21.16,44.98
1778011799,8.44,13.75,10.25,21.85,42.28,15.16,60.60,21.42,45.06
1778011801,8.50,13.25,10.25,21.80,42.27,15.22,60.64,21.36,45.09
1778011803,8.44,13.25,10.00,21.84,42.29,15.21,60.69,21.41,45.10
1778011804,8.50,13.75,10.25,21.76,42.26,15.21,60.70,21.52,45.13
1778011806,8.50,13.25,9.25,21.69,42.24,15.19,60.70,21.41,45.16
1778011808,8.44,13.75,10.25,21.77,42.29,15.24,60.70,21.12,45.20
1778011809,8.50,13.75,9.50,21.70,42.27,15.19,60.69,21.16,45.26
1778011811,8.50,14.00,10.25,21.71,42.25,15.26,60.69,21.53,45.36
1778011812,8.50,13.25,9.25,21.81,42.28,15.16,60.67,21.26,45.33
1778011814,8.50,13.25,10.00,21.80,42.25,15.30,60.67,21.30,45.30
1778011816,8.44,13.25,9.25,21.65,42.22,15.22,60.62,21.25,45.24
1778011817,8.50,13.00,10.00,21.44,42.18,15.15,60.55,21.07,45.12
1778011819,8.44,13.75,10.00,21.65,42.23,15.15,60.47,21.41,45.14
1778011820,8.44,13.75,10.00,21.65,42.23,15.22,60.44,21.63,45.17
1778011822,8.38,13.25,10.00,21.82,42.27,15.15,60.36,21.05,45.11
1778011824,8.44,13.50,10.00,21.74,42.29,15.17,60.32,21.32,45.19
1778011825,8.44,14.00,9.75,21.90,42.29,15.12,60.28,21.34,45.24
1778011827,8.38,13.00,9.75,21.66,42.25,15.22,60.28,21.27,45.25
1778011828,8.38,13.25,9.00,21.73,42.24,15.10,60.24,21.36,45.28
1778011830,8.38,13.50,10.00,21.85,42.24,15.20,60.24,21.57,45.32
1778011832,8.38,13.50,9.75,21.71,42.21,15.22,60.21,21.30,45.25
1778011833,8.44,13.25,9.75,21.80,42.21,15.29,60.20,21.22,45.21
1778011835,8.38,13.50,9.25,21.88,42.23,15.10,60.14,20.95,45.15
1778011836,8.31,13.25,9.75,21.76,42.19,15.23,60.16,21.35,45.20
1778011838,8.31,13.25,9.75,21.72,42.16,15.10,60.12,21.23,45.20
1778011840,8.31,13.75,9.75,21.73,42.16,15.07,60.12,21.26,45.24
1778011841,8.38,13.50,9.50,21.76,42.16,15.18,60.12,21.15,45.23
1778011843,8.38,13.25,9.75,21.75,42.15,15.20,60.15,21.33,45.29
1778011844,8.31,13.50,10.00,21.80,42.16,15.17,60.18,20.92,45.21
1778011846,8.31,13.25,10.00,21.72,42.18,15.15,60.22,21.35,45.27
1778011848,8.31,13.50,10.00,21.73,42.18,15.20,60.25,21.08,45.23
1778011849,8.31,13.75,9.75,21.76,42.19,15.21,60.29,21.13,45.24
1778011851,8.38,13.50,10.25,21.74,42.21,15.07,60.30,21.15,45.21
1778011852,8.38,13.50,10.25,22.05,42.28,15.16,60.37,21.07,45.20
1778011854,8.31,13.50,10.25,21.65,42.22,15.12,60.43,21.26,45.24
1778011856,8.38,13.75,10.00,21.66,42.22,15.04,60.50,21.58,45.29
1778011857,8.38,13.50,9.50,21.58,42.22,15.07,60.55,20.99,45.23
1778011859,8.38,13.50,10.00,21.76,42.26,15.12,60.62,21.05,45.29
1778011861,8.44,13.50,10.00,21.84,42.27,15.22,60.68,21.24,45.33
1778011862,8.38,13.50,10.25,21.51,42.20,15.32,60.70,20.98,45.25
1778011864,8.44,13.75,10.25,21.81,42.27,15.06,60.68,21.19,45.35
1778011865,8.44,13.25,10.00,21.81,42.30,15.21,60.71,21.32,45.53
1778011867,8.50,13.50,9.75,21.85,42.34,15.12,60.72,21.37,45.71
1778011869,8.50,13.50,10.25,21.85,42.36,15.18,60.75,21.37,45.81
1778011870,8.50,13.50,10.25,21.80,42.36,15.24,60.77,20.99,45.72
1778011872,8.44,13.50,10.00,21.82,42.37,15.26,60.76,21.47,45.74
1778011873,8.50,13.50,10.00,21.74,42.35,15.28,60.76,21.30,45.67
1778011875,8.44,13.50,10.25,21.78,42.36,15.23,60.72,21.38,45.61
1778011877,8.44,13.75,9.75,21.82,42.35,15.11,60.69,21.09,45.49
1778011878,8.44,13.50,10.00,21.60,42.31,15.19,60.69,21.22,45.42
1778011880,8.50,13.75,10.25,21.74,42.33,15.13,60.67,21.09,45.33
1778011881,8.50,13.75,9.75,21.64,42.32,15.18,60.65,21.26,45.31
1778011883,8.50,13.75,10.00,21.62,42.33,15.23,60.66,21.08,45.26
1778011885,8.44,13.75,10.25,21.62,42.31,15.25,60.65,21.09,45.25
1778011886,8.44,13.75,10.00,21.50,42.31,15.12,60.61,21.21,45.22
1778011888,8.44,13.50,9.50,21.80,42.35,15.19,60.62,21.19,45.18
1778011889,8.44,13.50,9.75,21.88,42.33,15.15,60.62,21.27,45.20
1778011891,8.44,13.50,10.00,21.84,42.33,15.22,60.63,21.20,45.23
1778011893,8.50,13.75,10.00,21.87,42.33,15.14,60.63,21.25,45.34
1778011894,8.44,13.75,9.25,21.87,42.33,15.11,60.61,21.37,45.47
1778011896,8.44,13.50,9.50,21.89,42.34,15.23,60.63,21.44,45.55
1778011897,8.38,13.25,9.75,21.78,42.33,15.06,60.59,21.02,45.52
1778011899,8.38,13.00,9.50,21.80,42.33,15.27,60.58,20.99,45.53
1778011901,8.38,13.50,10.00,21.77,42.32,15.12,60.52,20.85,45.50
1778011902,8.31,13.50,9.75,21.81,42.29,15.21,60.45,21.44,45.55
1778011904,8.31,13.25,9.25,21.70,42.26,15.19,60.38,21.01,45.46
1778011906,8.31,12.75,9.50,21.78,42.26,15.10,60.28,20.91,45.48
1778011907,8.31,13.25,10.00,21.82,42.27,15.31,60.28,20.83,45.48
1778011909,8.25,13.00,9.25,21.67,42.23,15.21,60.20,20.57,45.45
1778011910,8.25,12.75,9.75,21.81,42.25,15.20,60.14,20.96,45.44
1778011912,8.25,13.25,9.50,21.80,42.27,15.11,60.08,20.98,45.38
1778011914,8.25,13.50,9.25,21.72,42.27,15.21,60.08,21.42,45.45
1778011915,8.25,13.25,9.75,21.62,42.32,15.14,60.07,21.30,45.41
1778011917,8.19,13.25,9.75,21.69,42.39,15.14,60.07,20.70,45.27
1778011918,8.25,13.50,10.00,21.60,42.41,15.26,60.10,21.11,45.43
1778011920,8.25,13.75,9.75,21.83,42.46,15.05,60.11,21.36,45.62
1778011922,8.25,13.50,10.00,21.86,42.47,15.25,60.19,20.97,45.75
1778011923,8.25,14.00,9.75,21.81,42.51,15.30,60.25,20.96,45.85
1778011925,8.25,14.25,10.00,21.85,42.51,15.22,60.26,21.37,45.89
1778011926,8.25,13.50,10.00,21.81,42.48,15.13,60.28,21.29,45.85
1778011928,8.25,13.50,9.75,21.76,42.46,15.13,60.29,21.33,45.77
1778011930,8.25,13.50,9.50,21.65,42.40,15.15,60.30,20.57,45.59
1778011931,8.31,13.25,9.75,21.79,42.39,15.19,60.35,21.08,45.62
1778011933,8.25,13.75,10.00,21.76,42.38,15.23,60.36,20.96,45.52
1778011934,8.31,13.50,10.00,21.66,42.38,15.12,60.36,21.20,45.51
1778011936,8.25,13.50,10.00,21.73,42.38,15.12,60.37,20.76,45.42
1778011938,8.31,13.50,9.75,21.68,42.35,15.13,60.38,21.07,45.44
1778011939,8.31,14.00,10.00,21.70,42.34,15.23,60.41,21.12,45.42
1778011941,8.25,13.75,9.25,21.79,42.34,15.33,60.42,21.09,45.37
1778011942,8.31,13.50,10.00,21.83,42.34,15.09,60.39,21.10,45.37
1778011944,8.38,13.75,9.75,21.62,42.31,15.12,60.42,20.94,45.41
1778011946,8.31,13.50,9.50,21.83,42.32,15.13,60.42,21.30,45.45
1778011947,8.25,13.75,9.50,21.83,42.31,15.17,60.44,21.22,45.42
1778011949,8.31,13.50,9.75,21.79,42.31,15.18,60.49,20.91,45.32
1778011950,8.31,13.50,10.00,21.84,42.31,15.13,60.48,21.08,45.32
1778011952,8.31,13.50,9.75,21.72,42.29,15.30,60.53,21.33,45.30
1778011954,8.31,13.75,9.75,21.77,42.30,15.27,60.48,21.35,45.27
1778011955,8.31,13.50,9.50,21.65,42.28,15.19,60.47,20.59,45.13
1778011957,8.38,13.50,10.00,21.83,42.29,15.15,60.43,21.24,45.24
1778011959,8.31,13.75,9.75,21.60,42.25,15.23,60.43,21.08,45.18
1778011960,8.31,13.75,9.50,21.80,42.26,15.25,60.42,21.16,45.18
1778011962,8.25,13.50,9.75,21.80,42.23,15.15,60.38,21.19,45.14
1778011963,8.31,12.75,9.25,21.67,42.22,15.12,60.36,21.45,45.21
1778011965,8.31,13.50,9.50,21.76,42.23,15.13,60.40,21.03,45.17
1778011967,8.25,13.50,10.00,21.41,42.18,15.30,60.41,20.85,45.15
1778011968,8.25,13.50,9.75,21.73,42.22,15.24,60.39,21.19,45.21
1778011970,8.31,13.25,9.50,21.79,42.23,15.03,60.35,21.53,45.29
1778011971,8.31,13.50,9.75,21.78,42.25,15.08,60.37,20.98,45.23
1778011973,8.25,13.25,10.00,21.87,42.28,15.20,60.38,21.28,45.29
1778011975,8.31,13.75,10.00,21.85,42.30,15.16,60.38,20.92,45.24
1778011976,8.25,13.50,10.00,21.89,42.32,15.27,60.43,21.32,45.32
1778011978,8.38,13.25,9.75,21.85,42.34,15.23,60.41,21.03,45.30
1778011979,8.31,13.50,9.75,21.88,42.33,15.19,60.40,20.51,45.22
1778011981,8.19,13.50,9.50,21.76,42.32,15.17,60.40,21.26,45.37
1778011983,8.38,13.50,9.75,21.69,42.27,15.17,60.40,20.89,45.31
1778011984,8.25,13.50,9.75,21.72,42.28,15.18,60.36,21.01,45.30
1778011986,8.25,13.50,9.75,21.70,42.26,15.14,60.38,21.11,45.31
1778011987,8.31,13.50,9.50,21.68,42.22,15.22,60.39,21.09,45.30
1778011989,8.19,13.50,9.50,21.74,42.27,15.19,60.42,20.99,45.30
1778011991,8.25,13.50,9.50,21.76,42.26,15.21,60.45,20.98,45.39
1778011992,8.31,13.50,10.00,21.69,42.28,15.03,60.48,21.06,45.50
1778011994,8.25,13.75,9.50,21.69,42.28,15.14,60.54,21.41,45.65
1778011995,8.19,13.50,10.00,21.85,42.33,15.23,60.58,21.10,45.64
1778011997,8.25,13.50,10.00,21.80,42.29,15.04,60.61,21.02,45.60
1778011999,8.25,13.00,9.50,21.75,42.29,15.08,60.64,20.98,45.57
1778012000,8.19,13.25,10.25,21.85,42.32,15.11,60.67,21.01,45.56
1778012002,8.25,13.25,9.75,21.70,42.31,15.12,60.72,21.13,45.56
1778012003,8.31,13.00,10.00,21.76,42.32,15.13,60.73,20.62,45.43
1778012005,8.25,14.00,9.50,21.76,42.33,15.15,60.75,21.26,45.49
1778012007,8.25,13.50,9.75,21.76,42.37,15.19,60.78,21.36,45.46
1778012008,8.25,13.50,10.00,21.70,42.38,15.18,60.77,20.95,45.38
1778012010,8.31,13.50,9.75,21.77,42.38,15.11,60.77,20.95,45.36
1778012012,8.31,13.25,10.00,21.63,42.35,15.10,60.78,20.94,45.34
1778012013,8.25,13.75,10.25,21.75,42.35,15.12,60.78,21.13,45.41
1778012015,8.25,13.50,9.25,21.70,42.34,15.16,60.79,20.89,45.40
1778012016,8.25,13.50,10.25,21.71,42.37,14.99,60.76,20.95,45.43
1778012018,8.25,13.50,10.25,21.65,42.37,15.19,60.84,21.02,45.49
1778012020,8.31,13.75,10.25,21.84,42.40,15.06,60.89,20.95,45.48
1778012021,8.25,13.50,10.00,21.80,42.40,15.02,60.88,20.88,45.52
1778012023,8.25,13.75,9.50,21.83,42.37,15.13,60.91,21.62,45.67
1778012024,8.31,13.75,9.75,21.82,42.35,15.09,60.94,21.39,45.72
1778012026,8.31,13.75,9.75,21.70,42.32,15.05,60.96,21.00,45.72
1778012028,8.25,13.75,9.25,21.87,42.37,15.12,61.00,21.25,45.75
1778012029,8.25,13.50,10.00,21.79,42.35,15.13,61.04,21.20,45.72
1778012031,8.25,13.75,9.75,21.75,42.34,15.15,61.06,21.44,45.73
1778012032,8.31,13.25,10.00,21.77,42.32,14.99,61.04,21.30,45.70
1778012034,8.31,13.75,10.00,21.65,42.30,15.21,61.07,21.06,45.64
1778012036,8.25,13.50,9.50,21.65,42.28,15.14,61.08,21.08,45.66
1778012037,8.19,13.50,10.00,21.69,42.26,15.06,61.07,20.83,45.67
1778012039,8.25,13.50,9.50,21.72,42.26,15.10,61.08,21.45,45.84
1778012040,8.31,13.50,10.00,21.43,42.23,15.19,61.11,21.14,45.84
1778012042,8.31,13.75,10.00,21.69,42.26,15.15,61.11,20.97,45.82
1778012044,8.25,13.75,10.00,21.76,42.29,15.09,61.10,21.34,45.86
1778012045,8.25,13.50,10.25,21.80,42.33,15.02,61.08,20.88,45.77
1778012047,8.25,14.00,10.00,21.77,42.34,15.13,61.12,21.31,45.83
1778012048,8.25,13.75,10.00,21.87,42.40,15.09,61.12,21.08,45.80
1778012050,8.25,13.75,10.00,21.80,42.40,15.13,61.12,21.11,45.80
1778012052,8.25,13.75,9.75,21.81,42.38,15.06,61.11,21.04,45.84
1778012053,8.25,13.75,10.00,21.88,42.39,15.15,61.16,21.26,45.90
1778012055,8.31,13.50,10.00,21.72,42.34,15.12,61.14,21.27,45.94
1778012057,8.25,13.25,10.00,21.77,42.33,15.14,61.13,21.07,45.96
1778012058,8.31,13.75,9.75,21.87,42.34,15.20,61.17,21.33,46.01
1778012060,8.25,14.00,9.75,21.77,42.31,15.18,61.16,20.98,46.01
1778012061,8.25,13.75,10.00,21.73,42.36,15.14,61.16,21.32,46.19
1778012063,8.31,13.75,10.00,21.76,42.40,15.22,61.16,21.06,46.22
1778012065,8.25,13.75,9.75,21.83,42.39,15.19,61.17,21.02,46.23
1778012066,8.31,13.75,10.00,21.81,42.38,15.23,61.16,20.87,46.25
1778012068,8.31,13.75,10.00,21.85,42.42,15.31,61.16,20.97,46.34
1778012069,8.38,13.75,10.00,21.83,42.45,15.16,61.13,20.93,46.38
1778012071,8.38,14.00,10.00,21.88,42.50,15.10,61.09,20.91,46.43
1778012073,8.38,13.75,9.75,21.74,42.54,15.19,61.10,20.76,46.49
1778012074,8.44,14.00,10.00,21.77,42.59,15.13,61.07,21.74,46.68
1778012076,8.38,14.00,10.00,21.90,42.60,15.13,61.06,21.01,46.48
1778012077,8.38,13.25,9.50,21.99,42.61,15.14,61.02,21.37,46.41
1778012079,8.44,13.50,10.00,21.68,42.53,15.26,60.99,21.46,46.30
1778012081,8.38,13.75,9.50,21.78,42.51,15.12,60.93,21.30,46.15
1778012082,8.31,13.75,10.00,21.82,42.46,15.17,60.90,20.96,46.01
1778012084,8.38,13.25,9.75,21.89,42.42,15.11,60.83,21.03,45.96
1778012085,8.31,14.00,9.75,22.09,42.43,15.11,60.77,21.13,45.90
1778012087,8.31,13.75,10.00,21.67,42.32,15.12,60.71,21.30,45.84
1778012089,8.31,13.25,9.75,21.70,42.27,15.15,60.65,21.02,45.73
1778012090,8.31,13.75,9.50,21.80,42.25,15.15,60.62,20.96,45.66
1778012092,8.31,13.50,10.00,21.73,42.24,15.14,60.56,21.02,45.62
1778012093,8.31,13.50,9.75,21.78,42.24,15.21,60.54,20.92,45.60
1778012095,8.38,13.25,9.75,21.86,42.26,15.21,60.51,21.37,45.63
1778012097,8.31,13.25,9.75,21.83,42.26,15.15,60.46,20.51,45.47
1778012098,8.31,13.50,9.50,21.70,42.21,15.12,60.42,20.98,45.53
1778012100,8.25,13.75,9.75,21.99,42.26,15.12,60.39,21.07,45.51
1778012101,8.25,14.00,9.25,21.69,42.19,15.15,60.37,21.05,45.55
1778012103,8.25,13.50,9.50,21.92,42.21,15.02,60.36,21.22,45.63
1778012105,8.25,13.75,10.00,21.70,42.17,15.22,60.37,21.16,45.62
1778012106,8.19,13.75,9.75,21.78,42.17,15.13,60.34,21.15,45.67
1778012108,8.25,13.50,9.50,21.83,42.20,15.19,60.36,21.32,45.67
1778012110,8.25,13.25,10.00,21.95,42.24,15.13,60.37,20.91,45.60
1778012111,8.25,13.50,9.50,21.74,42.23,15.12,60.39,21.55,45.64
1778012113,8.19,13.75,9.25,21.81,42.24,15.02,60.38,20.98,45.48
1778012114,8.19,13.75,10.00,21.74,42.20,15.16,60.43,21.03,45.49
1778012116,8.19,13.75,9.75,21.71,42.16,15.18,60.44,21.01,45.53
1778012118,8.25,13.50,9.75,21.87,42.14,15.16,60.50,20.99,45.51
1778012119,8.19,13.25,9.75,21.85,42.13,15.03,60.50,21.78,45.67
1778012121,8.19,13.75,9.75,21.86,42.11,15.06,60.53,21.30,45.60
1778012122,8.19,13.75,9.75,22.01,42.11,15.15,60.58,20.95,45.56
1778012124,8.19,13.50,10.00,21.80,42.07,15.15,60.60,20.80,45.49
1778012126,8.19,13.75,9.25,21.87,42.06,15.19,60.62,21.60,45.65
1778012127,8.19,13.75,10.00,21.69,42.03,15.16,60.63,21.06,45.63
1778012129,8.19,13.75,10.00,21.84,42.05,15.23,60.65,21.24,45.70
1778012130,8.19,13.25,9.50,22.19,42.08,15.17,60.65,21.02,45.71
1778012132,8.25,13.50,10.00,21.87,42.01,15.21,60.68,21.34,45.80
1778012134,8.25,13.75,10.00,21.96,42.07,15.13,60.69,21.29,45.92
1778012135,8.25,13.50,10.00,21.71,42.07,15.20,60.73,20.97,46.01
1778012137,8.25,13.50,9.50,21.87,42.10,15.28,60.78,21.38,46.14
1778012138,8.31,13.75,10.00,21.86,42.08,15.05,60.74,21.09,46.09
1778012140,8.25,13.50,9.25,21.70,42.05,15.12,60.75,21.02,46.03
1778012142,8.25,13.75,9.75,21.85,42.05,15.20,60.75,21.09,46.01
1778012143,8.25,13.75,9.75,21.89,42.05,15.23,60.74,20.92,45.91
1778012145,8.25,13.75,9.75,21.97,42.08,15.15,60.72,20.98,45.92
1778012146,8.38,13.75,9.50,21.92,42.09,15.13,60.72,21.42,46.14
1778012148,8.31,13.50,10.00,21.69,42.08,15.32,60.73,20.91,46.11
1778012150,8.38,13.00,9.75,21.79,42.09,15.27,60.72,21.29,46.15
1778012151,8.31,13.75,10.00,21.94,42.10,15.17,60.72,21.08,46.08
1778012153,8.31,14.00,9.25,21.81,42.10,15.17,60.71,21.34,46.03
1778012154,8.31,13.50,9.75,21.88,42.09,15.24,60.72,20.95,45.93
1778012156,8.31,13.50,10.00,21.88,42.11,15.24,60.72,21.11,45.91
1778012158,8.31,13.75,10.00,21.85,42.10,15.22,60.73,21.01,45.84
1778012159,8.31,13.75,10.00,21.85,42.12,15.13,60.71,20.95,45.76
1778012161,8.31,13.75,9.75,21.75,42.14,15.23,60.74,21.45,45.82
1778012163,8.31,13.50,10.00,21.84,42.21,15.15,60.73,21.07,45.84
1778012164,8.38,12.75,9.75,21.90,42.24,15.23,60.72,21.27,45.96
1778012166,8.31,13.75,9.75,21.82,42.22,15.14,60.69,20.95,45.97
1778012167,8.31,13.50,10.00,21.75,42.19,15.26,60.71,20.98,45.95
1778012169,8.31,13.75,10.00,22.03,42.22,15.29,60.70,21.09,45.94
1778012171,8.31,13.25,9.50,21.69,42.15,15.25,60.68,21.31,45.92
1778012172,8.31,14.00,10.00,21.84,42.15,15.26,60.69,21.41,45.90
1778012174,8.31,13.75,10.00,21.83,42.16,15.34,60.72,20.98,45.76
1778012175,8.38,13.75,9.50,21.76,42.14,15.26,60.71,21.23,45.81
1778012177,8.38,13.75,9.50,21.70,42.11,15.27,60.72,20.92,45.76
1778012179,8.38,13.50,9.75,21.83,42.11,15.33,60.76,21.07,45.80
1778012180,8.38,14.00,10.00,21.69,42.07,15.08,60.73,21.02,45.74
1778012182,8.31,13.25,10.00,21.77,42.07,15.13,60.75,21.05,45.72
1778012183,8.31,13.50,10.00,21.74,42.05,15.15,60.78,20.92,45.67
1778012185,8.31,13.75,10.00,21.93,42.06,15.13,60.76,21.35,45.72
1778012187,8.25,13.50,9.25,21.94,42.05,15.17,60.77,21.01,45.66
1778012188,8.31,13.75,9.50,21.89,42.04,15.22,60.79,21.30,45.69
1778012190,8.25,13.50,10.00,21.93,42.05,15.24,60.77,20.98,45.63
1778012191,8.31,13.25,10.00,21.82,42.01,15.12,60.75,21.39,45.68
1778012193,8.31,13.50,10.00,21.97,42.00,15.17,60.76,20.98,45.60
1778012195,8.31,13.50,9.75,21.80,41.97,15.27,60.76,20.95,45.58
1778012196,8.31,13.75,10.00,21.88,41.99,15.13,60.74,21.15,45.57
1778012198,8.31,13.50,9.75,21.84,41.97,15.18,60.73,21.02,45.54
1778012199,8.31,13.25,10.00,21.81,41.96,15.31,60.74,21.30,45.59
1778012201,8.38,13.25,10.00,21.82,41.97,15.26,60.75,20.87,45.56
1778012203,8.38,13.00,10.00,21.95,41.97,15.12,60.72,21.42,45.62
1778012204,8.31,13.75,9.75,21.92,41.98,15.19,60.73,20.94,45.50
1778012206,8.25,13.25,9.50,21.74,41.94,15.19,60.72,21.08,45.54
1778012208,8.31,13.75,9.75,21.83,41.96,15.29,60.73,21.25,45.58
1778012209,8.31,13.50,9.75,21.81,41.95,15.13,60.73,21.02,45.57
1778012211,8.31,13.50,9.75,21.78,41.96,15.18,60.75,20.97,45.59
1778012212,8.25,14.00,9.75,21.98,41.99,15.17,60.78,20.98,45.57
1778012214,8.31,13.50,9.75,21.84,41.95,15.15,60.79,20.98,45.53
1778012216,8.31,13.75,10.00,21.82,41.96,15.25,60.81,21.41,45.65
1778012217,8.31,14.00,9.75,21.95,42.04,15.18,60.82,20.61,45.70
1778012219,8.31,13.75,10.25,21.86,42.07,15.18,60.84,21.40,46.02
1778012220,8.38,13.50,10.00,21.84,42.10,15.26,60.88,21.09,46.14
1778012222,8.38,13.50,10.00,21.70,42.15,15.25,60.90,20.97,46.25
1778012224,8.44,14.00,10.00,21.80,42.18,15.32,60.93,21.09,46.32
1778012225,8.50,14.00,10.50,21.82,42.19,15.32,60.92,21.34,46.40
1778012227,8.56,13.75,10.00,21.73,42.18,15.35,60.94,21.36,46.41
1778012228,8.63,13.75,10.00,21.79,42.19,15.42,61.00,21.27,46.42
1778012230,8.56,13.50,10.00,22.04,42.26,15.26,60.98,20.92,46.34
1778012232,8.56,13.75,10.25,21.79,42.28,15.32,60.96,21.08,46.31
1778012233,8.69,13.75,9.50,21.84,42.33,15.27,60.95,20.83,46.14
1778012235,8.63,13.75,10.25,22.18,42.35,15.22,60.89,20.98,46.06
1778012236,8.63,14.00,10.00,21.80,42.27,15.42,60.85,21.21,46.01
1778012238,8.69,13.75,10.00,21.79,42.24,15.41,60.77,21.26,45.96
1778012240,8.69,13.75,10.00,21.72,42.25,15.34,60.66,21.16,45.95
1778012241,8.56,13.50,10.00,21.76,42.24,15.36,60.57,21.28,45.95
1778012243,8.56,13.75,10.00,21.74,42.20,15.23,60.43,21.12,45.87
1778012244,8.63,13.50,9.75,21.80,42.17,15.39,60.35,21.50,45.90
1778012246,8.63,13.75,10.00,21.73,42.11,15.23,60.22,21.51,45.85
1778012248,8.63,13.25,9.50,21.87,42.12,15.34,60.13,21.34,45.77
1778012249,8.63,13.75,10.00,21.90,42.10,15.31,60.07,21.05,45.70
1778012251,8.69,13.75,9.75,21.86,42.06,15.48,60.04,21.39,45.74
1778012253,8.56,13.25,9.50,21.89,42.07,15.30,59.93,20.90,45.63
1778012254,8.50,14.00,9.25,21.84,42.06,15.30,59.87,21.34,45.69
1778012256,8.56,13.00,9.50,21.95,42.11,15.37,59.86,21.05,45.64
1778012257,8.44,13.50,9.75,21.76,42.05,15.23,59.80,21.12,45.65
1778012259,8.44,13.00,9.75,21.89,42.03,15.32,59.81,21.00,45.62
1778012261,8.44,13.50,9.75,21.94,42.03,15.24,59.82,21.23,45.66
1778012262,8.44,13.50,10.00,21.65,41.98,15.26,59.85,21.23,45.66
1778012264,8.50,13.50,9.75,21.74,42.00,15.36,59.88,21.05,45.58
1778012265,8.44,13.50,9.75,21.71,41.98,15.26,59.88,21.15,45.52
1778012267,8.44,13.50,10.00,21.82,42.02,15.30,59.89,21.30,45.53
1778012269,8.38,13.75,10.00,21.90,42.00,15.23,59.94,21.80,45.58
1778012270,8.38,13.75,9.50,21.87,42.01,15.40,60.00,21.13,45.50
1778012272,8.38,14.00,9.75,21.91,42.04,15.35,60.02,21.34,45.54
1778012273,8.44,13.75,9.75,21.98,42.09,15.19,60.03,21.79,45.62
1778012275,8.38,13.50,9.50,21.82,42.06,15.23,60.08,21.41,45.57
1778012277,8.38,13.25,10.00,21.82,42.04,15.41,60.14,21.34,45.57
1778012278,8.38,13.25,9.25,21.85,42.06,15.31,60.13,21.09,45.50
1778012280,8.38,13.75,9.75,21.86,42.05,15.28,60.13,20.98,45.45
1778012281,8.38,12.75,9.50,21.91,42.03,15.23,60.13,21.10,45.45
1778012283,8.31,13.75,9.75,21.95,42.04,15.16,60.12,21.26,45.47
1778012285,8.31,13.75,9.50,21.74,42.01,15.19,60.15,21.55,45.52
1778012286,8.31,13.50,9.75,21.81,42.05,15.39,60.20,21.15,45.42
1778012288,8.31,13.50,9.75,21.78,42.07,15.16,60.14,21.18,45.43
1778012289,8.31,13.75,9.75,21.75,42.08,15.14,60.15,21.23,45.43
1778012291,8.25,13.75,9.50,21.75,42.05,15.22,60.15,21.15,45.44
1778012293,8.25,13.75,10.00,21.77,42.02,15.20,60.15,21.15,45.43
1778012294,8.31,13.50,9.50,21.69,42.00,15.07,60.14,21.29,45.46
1778012296,8.25,13.50,9.25,21.73,41.99,15.14,60.17,20.94,45.38
1778012297,8.25,13.50,9.50,21.82,42.01,15.26,60.19,21.25,45.36
1778012299,8.25,13.50,9.75,21.89,41.99,15.24,60.19,21.26,45.29
1778012301,8.25,13.25,9.75,21.83,41.95,15.28,60.19,21.21,45.22
1778012302,8.25,12.75,9.50,21.85,41.93,15.18,60.17,21.58,45.25
1778012304,8.19,13.25,9.75,22.00,41.92,15.22,60.18,21.09,45.11
1778012306,8.19,13.50,9.50,21.87,41.89,15.19,60.22,21.13,45.04
1778012307,8.19,13.50,9.75,21.86,41.88,15.12,60.22,21.27,45.05
1778012309,8.25,13.50,9.50,21.96,41.87,15.16,60.26,21.07,44.98
1778012310,8.25,13.25,9.50,21.95,41.87,15.22,60.29,21.38,44.97
1778012312,8.19,13.50,9.75,21.76,41.84,15.23,60.31,21.42,44.96
1778012314,8.25,13.75,9.75,21.84,41.90,15.11,60.32,21.34,45.00
1778012315,8.25,13.50,9.50,21.73,41.91,15.23,60.38,21.72,45.14
1778012317,8.25,13.75,10.00,21.90,41.96,15.10,60.42,21.69,45.21
1778012318,8.25,13.75,10.00,21.80,41.95,15.18,60.48,21.19,45.20
1778012320,8.25,14.00,10.00,21.96,41.96,15.05,60.48,21.40,45.21
1778012322,8.25,13.25,10.00,21.87,41.94,15.15,60.52,21.15,45.13
1778012323,8.31,13.75,9.50,21.78,41.93,15.19,60.54,21.45,45.14
1778012325,8.25,13.25,9.75,21.79,41.94,15.07,60.54,21.27,45.09
1778012326,8.31,13.25,9.50,21.89,41.96,15.17,60.56,21.45,45.17
1778012328,8.25,13.75,9.75,21.83,41.93,15.22,60.55,21.19,45.18
1778012330,8.31,13.50,9.75,21.95,41.95,15.28,60.56,21.68,45.28
1778012331,8.31,13.75,9.50,21.88,41.91,15.22,60.52,21.10,45.21
1778012333,8.25,13.50,9.75,21.90,41.90,15.06,60.46,21.09,45.23
1778012334,8.25,13.00,9.75,21.76,41.87,15.04,60.43,20.87,45.21
1778012336,8.25,13.50,10.00,21.80,41.89,15.20,60.44,21.10,45.21
1778012338,8.25,13.25,9.75,21.95,41.91,15.11,60.41,21.41,45.20
1778012339,8.25,13.50,9.50,21.88,41.92,15.22,60.41,20.97,45.04
1778012341,8.25,13.50,9.75,21.95,41.94,15.05,60.40,21.40,45.07
1778012342,8.25,13.25,9.75,21.84,41.92,15.16,60.44,21.19,44.99
1778012344,8.25,13.75,9.75,21.80,41.87,15.10,60.44,21.70,45.04
1778012346,8.19,13.50,10.00,22.03,41.89,15.06,60.47,21.39,45.03
1778012347,8.25,13.25,10.00,21.75,41.84,15.15,60.52,21.18,45.04
1778012349,8.31,13.25,9.75,21.72,41.83,15.12,60.57,21.14,45.05
1778012350,8.25,13.50,10.00,21.86,41.83,15.19,60.61,21.28,45.06
1778012352,8.31,13.50,10.00,21.89,41.84,15.11,60.67,20.91,45.04
1778012354,8.25,14.00,10.00,21.86,41.85,15.16,60.72,21.08,45.10
1778012355,8.31,13.75,9.75,21.87,41.87,15.15,60.77,20.95,45.08
1778012357,8.31,13.75,9.75,22.05,41.90,15.21,60.84,21.11,45.13
1778012359,8.38,13.75,9.50,21.76,41.86,15.15,60.90,21.09,45.22
1778012360,8.38,13.50,10.00,21.97,41.90,15.12,60.96,21.39,45.30
1778012362,8.44,14.00,10.00,21.80,41.89,15.13,60.99,21.12,45.26
1778012363,8.38,13.75,10.25,21.95,41.92,15.11,60.99,21.50,45.29
1778012365,8.44,13.75,10.00,21.86,41.95,15.13,61.00,21.52,45.29
1778012367,8.38,13.50,9.50,21.87,41.96,15.16,60.99,21.63,45.35
1778012368,8.44,13.00,9.75,21.80,41.93,15.26,60.99,21.31,45.30
1778012370,8.44,13.50,9.50,21.86,41.94,15.23,60.96,21.02,45.23
1778012371,8.50,13.00,10.00,21.80,41.91,15.25,60.92,21.26,45.22
1778012373,8.44,13.50,9.25,21.89,41.91,15.06,60.83,21.15,45.17
1778012375,8.44,13.75,9.50,21.92,41.91,15.20,60.81,21.36,45.18
1778012376,8.44,13.75,9.50,22.02,41.91,15.25,60.80,21.42,45.15
1778012378,8.44,13.75,9.50,21.87,41.86,15.13,60.73,21.05,45.06
1778012379,8.50,13.25,9.75,21.74,41.83,15.12,60.71,21.36,45.10
1778012381,8.44,13.50,9.75,21.90,41.84,15.18,60.71,21.41,45.11
1778012383,8.50,13.75,9.50,21.89,41.83,15.15,60.69,21.39,45.11
1778012384,8.44,13.25,9.75,21.90,41.84,15.07,60.64,21.37,45.10
1778012386,8.50,13.00,10.00,21.93,41.85,15.09,60.63,21.07,45.05
1778012387,8.50,13.25,10.00,21.86,41.85,15.16,60.64,21.18,45.09
1778012389,8.50,13.75,9.75,21.87,41.86,15.03,60.61,21.13,45.09
1778012391,8.50,13.75,9.50,22.04,41.88,15.17,60.63,21.32,45.17
1778012392,8.50,13.75,10.00,22.03,41.89,15.22,60.61,21.08,45.17
1778012394,8.44,13.75,9.75,21.91,41.87,15.12,60.62,20.66,45.08
1778012395,8.44,14.00,9.50,21.93,41.86,15.13,60.63,21.20,45.20
1778012397,8.44,14.00,10.00,21.76,41.81,15.03,60.63,21.69,45.28
1778012399,8.44,13.75,9.75,21.89,41.83,15.09,60.67,21.00,45.26
1778012400,8.50,13.75,9.75,21.87,41.84,15.18,60.70,20.97,45.43
1778012402,8.50,13.75,9.75,21.78,41.85,15.11,60.72,21.33,45.62
1778012403,8.50,13.50,10.25,21.71,41.87,15.23,60.78,21.05,45.67
1778012405,8.50,14.00,9.75,21.87,41.93,15.07,60.80,21.55,45.82
1778012407,8.44,13.50,9.75,21.87,41.97,15.13,60.86,20.94,45.75
1778012408,8.50,13.25,10.00,21.89,42.01,15.13,60.88,20.94,45.67
1778012410,8.50,13.75,9.50,21.91,42.04,15.19,60.88,21.48,45.68
1778012412,8.56,14.00,9.75,22.00,42.06,15.15,60.88,21.33,45.65
1778012413,8.56,13.25,9.50,21.97,42.03,15.10,60.85,21.02,45.59
1778012415,8.56,13.50,10.00,21.84,42.01,15.13,60.85,21.49,45.65
1778012416,8.50,13.75,9.50,21.98,41.99,15.13,60.83,21.47,45.63
1778012418,8.56,13.25,9.75,22.02,41.98,15.19,60.79,20.95,45.48
1778012420,8.50,13.75,9.75,21.91,41.93,15.23,60.75,20.90,45.42
1778012421,8.56,13.50,10.00,21.81,41.90,15.12,60.68,21.03,45.43
1778012423,8.44,13.50,9.75,21.89,41.89,15.27,60.67,21.36,45.47
1778012424,8.50,13.50,9.25,21.91,41.86,15.21,60.59,21.37,45.43
1778012426,8.44,12.75,9.00,21.74,41.82,15.24,60.54,21.34,45.35
1778012428,8.50,12.75,9.75,22.17,41.88,15.12,60.46,21.75,45.42
1778012429,8.44,13.25,9.75,21.85,41.84,15.12,60.41,21.58,45.41
1778012431,8.44,13.00,9.75,21.91,41.85,15.13,60.34,21.11,45.29
1778012432,8.44,13.50,9.00,21.76,41.84,15.21,60.30,21.44,45.27
1778012434,8.38,13.75,9.50,21.87,41.84,15.18,60.24,21.27,45.22
1778012436,8.38,13.00,9.50,21.90,41.84,15.11,60.18,21.37,45.22
1778012437,8.38,13.75,9.25,21.80,41.83,15.23,60.20,21.10,45.13
1778012439,8.38,13.25,10.00,21.87,41.82,15.08,60.16,21.01,45.08
1778012440,8.38,13.50,9.75,21.78,41.79,15.11,60.16,21.17,45.08
1778012442,8.38,13.50,9.50,21.76,41.77,15.23,60.22,21.12,45.06
1778012444,8.31,13.75,9.50,21.77,41.77,15.11,60.26,20.96,45.12
1778012445,8.38,13.00,9.75,21.87,41.79,15.16,60.30,21.01,45.17
1778012447,8.38,13.50,9.75,21.88,41.80,15.22,60.36,21.09,45.13
1778012448,8.38,13.75,9.75,21.91,41.81,15.10,60.39,21.32,45.11
1778012450,8.44,13.75,9.75,21.93,41.81,15.06,60.40,21.12,45.02
1778012452,8.44,13.75,9.25,21.79,41.78,15.21,60.45,21.15,44.97
1778012453,8.38,13.00,9.25,21.75,41.78,15.09,60.49,21.36,44.98
1778012455,8.38,13.50,9.75,21.81,41.81,15.16,60.53,21.23,44.95
1778012457,8.44,13.50,9.75,21.93,41.85,15.13,60.58,21.24,44.99
1778012458,8.44,13.50,10.00,21.78,41.89,15.02,60.62,21.09,44.97
1778012460,8.44,13.75,10.00,21.83,41.92,15.19,60.70,21.28,45.01
1778012461,8.44,13.75,9.50,21.97,42.00,15.20,60.77,21.12,45.00
1778012463,8.44,13.25,10.00,21.84,42.04,15.11,60.77,21.33,45.08
1778012465,8.44,13.75,9.75,21.82,42.05,15.09,60.81,21.15,45.07
1778012466,8.50,13.75,9.75,21.73,42.04,15.05,60.83,21.53,45.14
1778012468,8.50,13.25,9.50,21.83,42.03,15.16,60.86,21.62,45.17
1778012469,8.44,13.25,9.75,21.80,42.01,15.11,60.86,21.81,45.21
1778012471,8.44,12.75,9.75,21.83,41.97,15.10,60.86,21.53,45.23
1778012473,8.44,13.50,9.25,21.83,41.93,15.13,60.87,21.38,45.25
1778012474,8.44,13.25,10.00,21.78,41.90,15.15,60.88,21.07,45.25
1778012476,8.44,13.50,9.75,21.86,41.89,15.09,60.87,21.06,45.29
1778012477,8.38,13.00,9.50,21.86,41.87,15.22,60.87,21.33,45.32
1778012479,8.50,13.00,9.75,21.85,41.87,15.07,60.81,21.08,45.28
1778012481,8.44,13.50,9.75,21.81,41.86,15.12,60.78,20.98,45.28
1778012482,8.38,13.50,10.00,21.89,41.86,15.13,60.74,21.37,45.33
1778012484,8.44,13.25,9.25,21.97,41.85,15.15,60.70,21.10,45.25
1778012485,8.38,13.75,9.75,21.80,41.82,15.14,60.68,21.07,45.18
1778012487,8.44,13.25,10.00,21.88,41.82,15.19,60.67,21.09,45.18
1778012489,8.44,13.75,9.75,21.94,41.81,15.13,60.62,21.34,45.19
1778012490,8.38,13.50,9.75,21.78,41.80,15.15,60.61,21.26,45.19
1778012492,8.38,13.75,9.25,21.88,41.81,15.20,60.64,21.20,45.17
1778012493,8.38,13.75,9.75,21.88,41.83,15.09,60.64,21.13,45.11
1778012495,8.44,13.25,9.75,21.87,41.81,15.09,60.67,21.14,45.12
1778012497,8.38,13.75,10.00,21.76,41.79,15.06,60.67,21.00,45.13
1778012498,8.44,13.25,9.75,21.90,41.79,15.24,60.73,21.15,45.19
1778012500,8.44,13.50,10.00,21.78,41.78,15.12,60.74,21.05,45.17
1778012501,8.44,13.75,9.75,21.77,41.80,15.09,60.77,20.99,45.19
1778012503,8.44,13.75,10.00,21.84,41.80,15.16,60.80,21.13,45.22
1778012505,8.50,13.50,9.75,21.85,41.80,15.15,60.85,21.09,45.22
1778012506,8.44,13.75,9.50,21.72,41.78,15.12,60.89,21.60,45.30
1778012508,8.50,12.75,9.75,21.85,41.80,15.13,60.93,21.39,45.32
1778012510,8.50,13.50,10.00,21.80,41.84,15.02,60.94,21.28,45.32
1778012511,8.50,13.50,10.00,21.99,41.88,15.16,60.99,21.25,45.31
1778012513,8.50,13.75,10.00,21.79,41.88,15.09,61.03,21.55,45.34
1778012514,8.50,14.00,9.75,21.97,41.92,15.19,61.07,21.16,45.30
1778012516,8.56,13.75,9.75,21.87,41.91,15.19,61.10,21.02,45.24
1778012518,8.50,14.00,10.00,21.70,41.88,15.15,61.12,21.31,45.29
1778012519,8.56,13.75,10.00,21.86,41.88,15.06,61.12,21.23,45.28
1778012521,8.50,14.00,9.75,21.81,41.89,15.24,61.16,21.20,45.26
1778012522,8.50,13.50,9.75,21.73,41.85,15.13,61.14,20.91,45.19
1778012524,8.50,14.00,9.50,21.83,41.88,15.10,61.11,21.16,45.21
1778012526,8.56,13.25,9.50,21.88,41.85,15.06,61.09,21.29,45.26
1778012527,8.50,13.75,9.75,21.80,41.83,15.18,61.10,21.02,45.27
1778012529,8.50,13.00,9.75,21.77,41.82,15.06,61.08,21.46,45.31
1778012530,8.50,13.50,10.00,21.97,41.86,15.22,61.10,21.14,45.23
1778012532,8.50,13.75,10.00,21.90,41.83,15.15,61.06,21.50,45.29
1778012534,8.56,13.00,10.00,21.85,41.86,15.15,61.03,21.44,45.28
1778012535,8.50,13.50,10.00,22.05,41.90,15.15,61.01,20.65,45.16
1778012537,8.50,14.00,9.75,21.63,41.83,15.01,60.98,21.34,45.26
1778012538,8.56,13.25,9.25,21.91,41.86,15.09,60.98,21.10,45.18
1778012540,8.50,13.25,9.25,21.91,41.86,15.18,60.98,21.05,45.14
1778012542,8.50,13.50,10.00,21.80,41.85,15.15,60.97,21.28,45.20
1778012543,8.50,13.75,9.75,21.77,41.85,15.09,60.95,21.30,45.20
1778012545,8.56,13.00,10.00,21.71,41.83,15.27,60.99,21.50,45.25
1778012546,8.50,13.00,9.75,22.07,41.88,15.15,60.97,21.46,45.29
1778012548,8.50,13.75,10.00,21.70,41.81,15.23,60.98,21.52,45.30
1778012550,8.50,13.50,9.75,21.89,41.83,15.04,60.92,21.00,45.22
1778012551,8.50,13.25,9.75,21.90,41.84,15.16,60.88,21.25,45.28
1778012553,8.44,13.50,10.00,21.85,41.82,15.18,60.87,21.37,45.32
1778012554,8.50,13.50,9.75,21.87,41.83,15.08,60.81,21.06,45.26
1778012556,8.44,13.50,9.75,21.89,41.83,15.13,60.77,21.22,45.28
1778012558,8.50,13.25,9.75,21.84,41.82,15.09,60.75,21.25,45.28
1778012559,8.44,13.50,9.75,21.95,41.82,15.19,60.77,21.11,45.29
1778012561,8.44,13.25,9.75,21.82,41.79,15.10,60.71,20.62,45.17
1778012563,8.38,13.25,9.75,21.80,41.78,15.09,60.67,20.62,45.18
1778012564,8.44,13.00,9.75,21.92,41.80,15.19,60.67,21.22,45.26
1778012566,8.44,13.25,9.50,21.78,41.78,15.23,60.65,21.22,45.25
1778012567,8.44,13.50,9.50,21.98,41.82,15.22,60.63,21.11,45.28
1778012569,8.50,13.50,9.75,21.80,41.83,15.13,60.61,20.79,45.31
1778012571,8.44,13.50,9.50,21.82,41.89,15.23,60.61,21.81,45.48
1778012572,8.38,13.25,10.00,21.83,41.91,15.22,60.62,20.70,45.31
1778012574,8.38,13.50,9.75,21.78,41.90,15.19,60.61,21.19,45.40
1778012575,8.38,13.50,9.50,21.75,41.89,15.22,60.62,21.41,45.43
1778012577,8.38,13.75,9.00,21.78,41.88,14.99,60.57,20.98,45.32
1778012579,8.38,13.75,9.75,21.74,41.87,15.19,60.61,21.41,45.40
1778012580,8.44,13.75,9.50,21.84,41.87,15.11,60.63,21.00,45.35
1778012582,8.38,13.50,10.00,21.79,41.84,15.09,60.65,21.02,45.37
1778012583,8.38,13.25,10.00,21.87,41.84,15.16,60.68,20.98,45.36
1778012585,8.44,13.25,9.75,21.91,41.82,15.09,60.72,21.09,45.38
1778012587,8.44,13.75,10.00,21.91,41.81,15.12,60.75,21.49,45.47
1778012588,8.44,13.25,9.50,21.84,41.81,15.09,60.79,21.39,45.44
1778012590,8.44,13.25,10.25,21.78,41.79,15.09,60.85,21.26,45.40
1778012591,8.44,13.50,9.50,21.70,41.79,15.13,60.90,21.10,45.35
1778012593,8.50,14.00,9.75,21.94,41.83,15.13,60.95,20.82,45.29
1778012595,8.50,13.50,9.75,21.78,41.82,15.15,61.02,21.16,45.34
1778012596,8.50,13.50,10.00,21.96,41.90,15.08,61.06,21.22,45.49
1778012598,8.50,13.00,10.25,21.95,41.93,15.12,61.13,21.33,45.73
1778012599,8.50,13.75,10.50,21.69,41.94,15.23,61.23,21.09,45.73
1778012601,8.56,13.25,10.25,21.91,42.05,15.06,61.25,21.06,45.67
1778012603,8.63,13.75,10.00,21.75,42.02,15.05,61.29,21.76,45.71
1778012604,8.56,13.50,9.75,21.74,42.04,15.08,61.32,21.15,45.57
1778012606,8.56,14.00,9.75,21.95,42.04,15.20,61.35,21.07,45.48
1778012608,8.56,13.50,10.00,21.76,42.00,15.27,61.35,21.18,45.45
1778012609,8.56,13.75,10.00,21.79,41.97,15.27,61.32,21.30,45.47
1778012611,8.56,13.75,9.50,21.91,41.99,15.22,61.30,20.95,45.44
1778012612,8.56,13.50,10.00,21.82,41.99,15.15,61.24,21.02,45.54
1778012614,8.56,13.75,9.75,21.94,42.00,15.22,61.18,20.96,45.62
1778012616,8.56,13.75,10.00,21.79,41.95,15.20,61.12,21.34,45.70
1778012617,8.63,13.50,10.25,21.83,41.96,15.21,61.06,21.03,45.64
1778012619,8.56,13.50,10.25,21.88,41.93,15.17,60.97,21.00,45.62
1778012620,8.56,14.25,9.75,21.87,41.91,15.18,60.85,20.99,45.64
1778012622,8.56,13.75,9.50,21.87,41.90,15.28,60.76,21.41,45.71
1778012624,8.56,13.75,9.50,21.85,41.89,15.19,60.67,20.96,45.62
1778012625,8.56,13.00,9.75,21.82,41.91,15.23,60.59,21.45,45.67
1778012627,8.50,13.00,9.25,21.84,41.89,15.14,60.49,20.95,45.58
1778012628,8.50,13.25,9.75,21.89,41.87,15.13,60.42,21.27,45.54
1778012630,8.44,13.50,9.75,21.89,41.86,15.16,60.35,20.85,45.38
1778012632,8.44,13.75,9.50,21.88,41.85,15.21,60.27,21.01,45.33
1778012633,8.44,13.25,9.75,21.92,41.86,15.23,60.22,20.93,45.39
1778012635,8.38,12.75,10.00,21.94,41.85,15.13,60.15,21.00,45.48
1778012636,8.38,13.00,10.00,21.93,41.87,15.15,60.15,21.15,45.59
1778012638,8.38,14.00,9.75,21.79,41.85,15.21,60.18,21.14,45.64
1778012640,8.38,13.50,10.00,21.83,41.85,15.23,60.18,21.02,45.57
1778012641,8.38,13.50,9.75,21.88,41.85,15.13,60.19,21.17,45.54
1778012643,8.38,13.50,9.25,21.75,41.84,15.11,60.22,20.75,45.42
1778012644,8.38,13.25,9.75,21.95,41.85,15.13,60.27,20.90,45.44
1778012646,8.44,13.25,10.00,21.66,41.79,15.15,60.34,21.05,45.43
1778012648,8.44,13.75,9.75,21.73,41.82,15.08,60.41,21.00,45.39
1778012649,8.44,13.50,9.75,21.80,41.82,15.23,60.50,20.89,45.34
1778012651,8.44,13.25,10.00,21.80,41.82,15.04,60.54,21.10,45.36
1778012652,8.44,13.25,9.75,21.91,41.87,15.08,60.59,21.05,45.37
1778012654,8.38,13.50,9.75,21.81,41.85,14.99,60.62,21.38,45.46
1778012656,8.44,14.00,10.00,21.91,41.88,15.11,60.68,21.15,45.40
1778012657,8.50,13.75,10.00,21.96,41.92,15.15,60.76,21.44,45.42
1778012659,8.44,13.75,9.25,21.87,41.88,15.13,60.78,20.96,45.31
1778012661,8.44,13.50,9.75,21.85,41.87,15.14,60.82,21.14,45.32
1778012662,8.44,13.75,10.00,21.97,41.87,15.15,60.86,21.29,45.33
1778012664,8.44,13.75,10.25,21.84,41.84,15.16,60.88,21.00,45.29
1778012665,8.44,13.25,10.25,21.84,41.80,15.24,60.91,20.98,45.33
1778012667,8.44,13.25,10.00,21.76,41.79,15.23,60.92,21.16,45.39
1778012669,8.50,14.00,9.50,21.87,41.77,15.23,60.91,20.90,45.35
1778012670,8.44,13.50,9.50,21.88,41.77,15.17,60.90,21.02,45.37
1778012672,8.44,13.50,10.00,21.88,41.78,15.19,60.90,21.04,45.37
1778012673,8.44,14.00,9.50,21.97,41.77,15.19,60.88,20.84,45.31
1778012675,8.38,13.75,9.50,21.80,41.75,15.08,60.87,21.76,45.53
1778012677,8.44,13.25,10.00,21.84,41.75,15.22,60.90,21.19,45.55
1778012678,8.50,13.50,10.00,21.81,41.75,15.08,60.87,21.08,45.56
1778012680,8.44,13.50,9.50,21.81,41.76,15.21,60.88,20.92,45.51
1778012681,8.50,13.75,10.00,21.86,41.78,15.13,60.88,21.12,45.46
1778012683,8.44,13.25,10.00,21.84,41.80,15.16,60.85,21.12,45.45
1778012685,8.50,13.25,9.75,21.93,41.82,15.22,60.86,21.37,45.49
1778012686,8.50,14.00,10.00,21.90,41.80,15.09,60.81,21.33,45.43
1778012688,8.44,13.75,9.75,21.91,41.78,15.20,60.79,21.00,45.34
1778012689,8.44,13.50,10.00,21.84,41.77,15.23,60.77,21.08,45.32
1778012691,8.44,13.50,10.00,21.75,41.75,15.20,60.73,20.96,45.31
1778012693,8.44,13.50,9.50,21.82,41.75,15.13,60.67,20.98,45.36
1778012694,8.38,13.25,9.50,21.84,41.76,15.19,60.64,21.30,45.40
1778012696,8.38,13.50,9.50,21.97,41.78,15.12,60.60,21.04,45.35
1778012697,8.38,13.25,9.75,21.85,41.74,15.19,60.58,20.98,45.29
1778012699,8.38,13.75,10.00,21.80,41.72,15.09,60.53,20.88,45.24
1778012701,8.31,13.75,9.25,21.86,41.72,15.23,60.56,21.12,45.28
1778012702,8.44,13.50,10.00,21.91,41.73,15.05,60.51,21.38,45.38
1778012704,8.38,13.50,9.50,21.88,41.72,15.05,60.51,21.17,45.35
1778012705,8.38,13.50,10.00,21.87,41.73,15.05,60.51,21.28,45.35
1778012707,8.44,13.50,9.50,21.77,41.70,15.17,60.54,21.41,45.31
1778012709,8.38,13.50,9.50,22.01,41.77,15.13,60.54,21.03,45.24
1778012710,8.38,13.25,10.00,21.97,41.78,15.14,60.57,21.30,45.32
1778012712,8.38,13.25,9.50,21.78,41.74,15.11,60.60,20.76,45.24
1778012714,8.38,13.50,9.75,21.88,41.75,15.23,60.64,21.00,45.23
1778012715,8.38,13.25,9.50,21.94,41.77,15.19,60.61,21.32,45.26
1778012717,8.38,13.50,9.75,22.06,41.79,15.11,60.59,21.15,45.22
1778012718,8.38,13.50,10.00,21.97,41.77,15.20,60.64,21.31,45.20
1778012720,8.38,13.50,9.25,21.91,41.73,15.12,60.62,21.11,45.18
1778012722,8.31,13.50,9.50,21.80,41.74,15.10,60.64,21.47,45.25
1778012723,8.38,12.75,10.00,21.87,41.77,15.10,60.66,21.27,45.25
1778012725,8.31,13.50,10.00,21.81,41.77,15.11,60.65,20.70,45.19
1778012726,8.38,13.50,9.50,21.86,41.80,15.06,60.64,21.35,45.32
1778012728,8.31,13.50,10.00,21.90,41.81,15.08,60.64,20.94,45.27
1778012730,8.31,13.50,10.25,21.79,41.81,15.05,60.63,21.27,45.33
1778012731,8.31,13.50,9.50,21.89,41.82,15.12,60.65,21.14,45.34
1778012733,8.31,14.00,10.00,21.95,41.84,15.15,60.65,20.75,45.29
1778012734,8.31,13.75,9.50,21.87,41.83,15.13,60.66,21.26,45.38
1778012736,8.31,13.50,9.75,22.10,41.85,15.18,60.67,21.00,45.32
1778012738,8.38,13.75,9.75,21.91,41.85,15.11,60.69,21.01,45.31
1778012739,8.31,13.75,10.00,21.87,41.84,15.12,60.72,20.94,45.26
1778012741,8.38,13.25,9.50,21.82,41.82,15.15,60.74,21.03,45.24
1778012742,8.31,13.50,9.75,21.85,41.83,15.17,60.75,20.96,45.27
1778012744,8.31,13.50,9.50,21.82,41.81,15.12,60.75,20.93,45.34
1778012746,8.31,13.25,9.25,21.98,41.82,15.24,60.77,20.80,45.39
1778012747,8.31,14.00,9.75,21.76,41.78,14.98,60.70,21.02,45.42
1778012749,8.31,13.25,10.00,21.78,41.80,15.13,60.71,21.05,45.39
1778012750,8.25,13.50,9.75,21.87,41.81,15.26,60.69,21.05,45.40
1778012752,8.25,13.75,10.00,21.82,41.81,15.23,60.67,21.00,45.43
1778012754,8.31,13.75,9.50,22.04,41.84,15.15,60.65,20.98,45.43
1778012755,8.31,13.50,10.00,21.75,41.77,15.16,60.64,21.24,45.43
1778012757,8.31,13.25,9.75,21.87,41.78,15.19,60.66,21.20,45.40
1778012759,8.31,13.25,9.75,21.98,41.81,15.13,60.66,20.99,45.31
1778012760,8.25,13.00,10.00,21.77,41.79,15.08,60.66,21.21,45.34
1778012762,8.31,13.75,9.25,21.91,41.81,15.20,60.68,20.98,45.30
1778012763,8.25,14.00,9.50,21.80,41.77,15.19,60.68,21.05,45.27
1778012765,8.25,13.75,9.50,21.90,41.80,15.23,60.66,20.99,45.23
1778012767,8.31,13.25,9.50,21.80,41.77,15.07,60.63,21.05,45.22
1778012768,8.25,13.75,9.50,21.84,41.78,15.20,60.64,21.03,45.23
1778012770,8.31,13.00,9.50,21.78,41.78,15.23,60.64,20.96,45.22
1778012771,8.25,13.25,9.75,21.95,41.80,15.08,60.63,21.04,45.23
1778012773,8.31,13.50,9.50,21.95,41.79,15.15,60.62,20.91,45.18
1778012775,8.25,13.50,9.50,21.91,41.78,15.21,60.64,21.09,45.20
1778012776,8.25,13.75,9.75,22.00,41.77,15.13,60.59,20.88,45.17
1778012778,8.25,13.50,9.75,21.83,41.73,15.11,60.57,21.21,45.28
1778012779,8.25,13.50,9.25,21.87,41.74,15.22,60.60,21.17,45.31
1778012781,8.31,13.50,9.25,21.80,41.72,15.03,60.55,21.50,45.44
1778012783,8.31,13.25,10.00,21.91,41.72,15.09,60.55,20.99,45.36
1778012784,8.31,13.50,9.75,21.88,41.73,15.02,60.54,21.05,45.33
1778012786,8.25,13.75,10.00,21.92,41.75,14.99,60.51,21.31,45.31
1778012787,8.25,13.50,9.50,21.80,41.74,15.12,60.52,21.20,45.24
1778012789,8.25,13.25,9.50,21.88,41.78,15.14,60.49,20.89,45.19
1778012791,8.25,13.25,10.00,21.83,41.77,15.11,60.49,21.07,45.26
1778012792,8.31,13.50,9.75,21.87,41.80,15.04,60.49,21.35,45.41
1778012794,8.31,13.50,9.75,21.80,41.78,14.94,60.48,20.98,45.42
1778012795,8.25,13.00,9.75,21.79,41.77,15.14,60.52,20.97,45.44
1778012797,8.31,13.50,10.00,21.88,41.80,15.01,60.51,20.99,45.43
1778012799,8.31,13.50,10.00,21.91,41.82,14.99,60.52,21.05,45.42
1778012800,8.31,13.50,10.00,21.82,41.83,14.97,60.53,21.20,45.40
1778012802,8.31,13.50,9.75,21.75,41.82,15.10,60.60,21.23,45.39
1778012803,8.31,13.75,10.00,21.87,41.85,15.06,60.62,21.16,45.43
1778012805,8.31,13.50,10.00,22.05,41.90,15.05,60.66,21.51,45.46
1778012807,8.25,13.75,9.75,21.87,41.87,15.05,60.70,20.91,45.39
1778012808,8.25,13.50,10.00,21.74,41.85,15.20,60.74,21.61,45.56
1778012810,8.31,13.00,9.50,21.80,41.90,15.09,60.73,21.09,45.55
1778012812,8.25,13.00,10.00,21.86,41.88,15.14,60.77,21.01,45.58
1778012813,8.31,13.75,9.75,21.78,41.85,15.05,60.78,20.95,45.58
1778012815,8.31,13.50,9.75,21.97,41.89,15.06,60.78,21.27,45.58
1778012816,8.31,13.50,9.75,21.92,41.84,15.02,60.77,21.36,45.59
1778012818,8.25,13.50,10.00,21.86,41.81,15.01,60.78,21.39,45.61
1778012820,8.31,13.50,10.00,21.97,41.83,15.06,60.76,20.51,45.60
1778012821,8.31,13.50,9.75,22.03,41.82,15.06,60.78,20.99,45.82
1778012823,8.31,13.50,10.00,21.86,41.81,15.06,60.79,20.97,45.92
1778012824,8.31,14.00,9.75,21.86,41.81,15.11,60.83,21.05,45.95
1778012826,8.38,13.50,10.00,21.91,41.81,15.23,60.87,21.04,45.94
1778012828,8.38,13.75,10.00,21.92,41.83,15.26,60.91,21.42,46.01
1778012829,8.38,14.00,10.00,22.01,41.88,15.16,60.92,21.11,45.93
1778012831,8.44,13.75,10.25,21.76,41.87,15.09,60.94,21.44,45.87
1778012832,8.38,13.75,10.00,21.99,41.93,15.14,60.95,20.89,45.68
1778012834,8.50,14.00,10.00,22.17,41.94,15.11,60.94,21.36,45.64
1778012836,8.44,13.50,10.00,21.98,41.88,15.10,60.96,20.92,45.52
1778012837,8.44,14.00,10.00,21.86,41.81,15.09,60.94,21.19,45.49
1778012839,8.44,13.75,10.00,21.76,41.76,15.23,60.96,20.88,45.39
1778012840,8.50,13.75,10.00,22.05,41.78,15.15,60.94,21.02,45.38
1778012842,8.50,13.75,9.75,21.84,41.73,15.14,60.91,21.13,45.42
1778012844,8.44,13.75,9.75,21.88,41.73,15.08,60.88,20.94,45.39
1778012845,8.50,14.00,10.00,21.95,41.74,15.16,60.88,20.83,45.35
1778012847,8.50,13.75,9.50,21.76,41.71,15.17,60.88,21.13,45.43
1778012848,8.44,13.75,9.75,21.91,41.74,15.22,60.87,21.14,45.46
1778012850,8.44,14.00,10.25,21.84,41.75,15.14,60.85,21.04,45.41
1778012852,8.44,13.50,10.00,21.87,41.78,15.05,60.81,20.99,45.34
1778012853,8.44,13.00,9.50,21.86,41.76,15.12,60.78,20.91,45.32
1778012855,8.44,13.75,10.00,21.93,41.77,15.10,60.76,20.98,45.33
1778012856,8.44,13.50,10.00,21.80,41.74,15.13,60.74,20.99,45.29
1778012858,8.44,13.25,9.75,21.78,41.71,15.13,60.74,21.30,45.35
1778012860,8.38,13.25,10.00,21.83,41.71,15.14,60.74,21.81,45.45
1778012861,8.38,13.75,10.00,21.82,41.73,15.12,60.71,21.34,45.40
1778012863,8.44,13.50,9.75,21.81,41.75,15.19,60.72,21.05,45.34
1778012865,8.38,14.00,9.50,21.89,41.80,15.18,60.72,21.30,45.37
1778012866,8.38,13.75,9.50,21.89,41.81,15.22,60.73,20.76,45.25
1778012868,8.38,13.75,9.50,21.68,41.79,15.22,60.74,21.02,45.30
1778012869,8.38,13.50,10.25,21.96,41.84,15.21,60.76,21.00,45.35
1778012871,8.44,13.25,10.00,21.73,41.81,15.14,60.75,20.98,45.41
1778012873,8.44,13.25,9.75,21.83,41.83,15.06,60.72,21.05,45.42
1778012874,8.38,13.50,10.00,21.88,41.82,15.20,60.72,21.26,45.47
1778012876,8.31,13.50,10.00,21.87,41.84,15.18,60.72,21.08,45.44
1778012877,8.38,13.50,9.75,21.77,41.82,15.06,60.70,21.07,45.51
1778012879,8.38,13.75,10.00,21.88,41.85,15.30,60.71,20.95,45.60
1778012881,8.38,13.50,10.00,21.97,41.88,15.11,60.68,21.28,45.69
1778012882,8.44,13.75,9.75,21.79,41.85,15.25,60.68,20.98,45.68
1778012884,8.38,13.75,10.00,21.91,41.86,15.10,60.67,21.05,45.67
1778012885,8.38,13.75,10.00,21.79,41.84,15.13,60.66,21.02,45.63
1778012887,8.38,13.25,9.75,21.87,41.84,15.15,60.66,21.08,45.59
1778012889,8.44,13.50,10.25,21.86,41.80,15.12,60.67,21.41,45.62
1778012890,8.38,13.50,10.00,21.88,41.84,15.23,60.69,20.93,45.55
1778012892,8.44,13.75,10.00,21.80,41.81,15.22,60.71,21.34,45.69
1778012893,8.44,13.25,9.75,21.68,41.76,15.22,60.72,21.01,45.65
1778012895,8.44,13.50,9.25,22.08,41.81,15.23,60.73,20.96,45.60
1778012897,8.50,13.75,10.25,21.77,41.75,15.28,60.72,21.35,45.62
1778012898,8.50,14.00,9.50,21.98,41.79,15.22,60.71,21.10,45.58
1778012900,8.50,13.00,10.00,21.85,41.75,15.13,60.70,21.09,45.56
1778012901,8.44,13.25,10.00,21.88,41.76,15.23,60.72,21.21,45.58
1778012903,8.50,14.00,9.75,21.80,41.75,15.18,60.67,20.70,45.50
1778012905,8.50,13.50,9.75,21.87,41.75,15.12,60.66,21.57,45.63
1778012906,8.44,13.50,9.50,21.88,41.74,15.32,60.68,21.09,45.53
1778012908,8.44,13.00,10.00,21.87,41.75,15.16,60.64,21.24,45.50
1778012910,8.44,13.75,9.75,21.85,41.73,15.24,60.63,21.47,45.49
1778012911,8.44,13.75,9.75,21.89,41.72,15.25,60.63,21.37,45.47
1778012913,8.44,13.50,10.00,21.90,41.71,15.15,60.59,21.07,45.43
1778012914,8.44,13.00,9.75,21.78,41.68,15.23,60.58,20.86,45.40
1778012916,8.44,13.75,9.75,21.91,41.71,15.19,60.57,20.97,45.38
1778012918,8.44,13.25,9.75,21.97,41.70,15.26,60.59,21.05,45.34
1778012919,8.44,13.00,9.75,21.81,41.68,15.18,60.56,20.90,45.31
1778012921,8.44,13.75,10.25,21.76,41.68,15.23,60.54,21.34,45.39
1778012922,8.44,13.25,9.75,21.96,41.71,15.23,60.48,21.13,45.40
1778012924,8.38,13.75,9.75,21.91,41.71,15.24,60.45,20.95,45.40
1778012926,8.44,13.50,9.75,21.80,41.68,15.30,60.43,21.51,45.48
1778012927,8.44,13.50,9.75,21.98,41.71,15.28,60.40,21.33,45.40
1778012929,8.44,13.25,10.00,21.92,41.70,15.30,60.41,21.39,45.37
1778012930,8.44,13.00,9.75,21.75,41.68,15.25,60.39,20.59,45.20
1778012932,8.38,12.75,10.00,21.95,41.72,15.19,60.36,21.13,45.24
1778012934,8.38,13.25,9.75,21.87,41.73,15.17,60.32,20.96,45.23
1778012935,8.38,13.75,9.50,21.89,41.74,15.22,60.31,21.08,45.29
1778012937,8.44,13.25,9.75,21.88,41.72,15.23,60.28,21.11,45.33
1778012938,8.38,13.50,9.25,21.80,41.70,15.17,60.23,20.89,45.30
1778012940,8.31,13.00,9.75,21.85,41.72,15.14,60.22,21.72,45.46
1778012942,8.38,13.50,10.00,21.85,41.71,15.18,60.20,21.14,45.39
1778012943,8.38,13.50,10.00,21.89,41.73,15.15,60.18,21.07,45.37
1778012945,8.31,13.50,9.75,21.86,41.73,15.25,60.20,21.09,45.34
1778012946,8.31,13.50,9.75,21.83,41.75,15.23,60.18,20.92,45.32
1778012948,8.31,13.25,9.75,21.80,41.75,15.17,60.18,21.05,45.31
1778012950,8.31,13.25,10.00,21.74,41.75,15.11,60.19,21.47,45.40
1778012951,8.31,13.50,9.25,21.77,41.76,15.22,60.21,21.47,45.43
1778012953,8.31,13.50,10.00,21.88,41.77,15.21,60.26,21.23,45.40
1778012954,8.31,13.50,9.75,21.76,41.76,15.29,60.27,20.94,45.29
1778012956,8.31,13.50,9.50,21.90,41.79,15.23,60.28,21.42,45.35
1778012958,8.25,13.75,9.75,21.94,41.84,15.19,60.27,21.30,45.30
1778012959,8.31,13.50,10.00,21.95,41.87,15.26,60.29,20.83,45.20
1778012961,8.31,14.00,9.50,21.76,41.82,15.30,60.31,20.96,45.20
1778012963,8.31,13.75,9.75,21.86,41.84,15.32,60.34,21.33,45.27
1778012964,8.31,13.50,9.75,21.73,41.82,15.33,60.36,21.15,45.22
1778012966,8.25,13.50,9.25,21.81,41.83,15.22,60.33,21.11,45.26
1778012967,8.31,13.75,9.50,21.99,41.86,15.19,60.36,20.90,45.25
1778012969,8.31,13.50,10.00,21.82,41.83,15.24,60.38,21.08,45.33
1778012971,8.38,13.75,9.75,21.96,41.86,15.15,60.38,21.06,45.32
1778012972,8.31,13.50,10.00,21.82,41.85,15.19,60.38,20.85,45.29
1778012974,8.38,13.50,10.00,21.69,41.86,15.26,60.37,20.83,45.32
1778012975,8.38,13.75,9.75,21.84,41.87,15.29,60.39,21.01,45.45
1778012977,8.44,13.75,10.00,21.77,41.86,15.09,60.38,21.05,45.63
1778012979,8.44,14.00,10.25,21.88,41.87,15.16,60.44,21.03,45.82
1778012980,8.44,14.25,10.25,21.65,41.87,15.22,60.49,21.20,45.92
1778012982,8.44,13.25,9.50,21.87,41.92,15.19,60.53,21.39,45.92
1778012983,8.50,13.75,10.00,21.78,41.96,15.14,60.53,21.27,45.85
1778012985,8.44,13.50,10.25,21.97,41.99,15.24,60.59,21.24,45.81
1778012987,8.50,13.50,9.75,22.17,42.03,15.22,60.61,20.97,45.75
1778012988,8.50,13.25,9.75,21.86,41.99,15.30,60.65,20.64,45.71
1778012990,8.50,13.00,10.00,21.93,41.98,15.30,60.66,21.76,45.86
1778012991,8.50,13.25,10.00,21.70,41.94,15.25,60.64,21.00,45.72
1778012993,8.44,13.50,9.75,21.91,41.98,15.22,60.61,20.87,45.69
1778012995,8.50,13.25,10.00,21.81,41.95,15.30,60.62,21.04,45.71
1778012996,8.50,13.00,9.50,21.90,41.94,15.14,60.55,20.87,45.63
1778012998,8.44,13.50,9.75,21.91,41.95,15.19,60.53,21.23,45.62
1778012999,8.44,13.50,9.50,21.89,41.92,15.18,60.48,21.04,45.55
1778013001,8.44,13.50,9.50,21.69,41.89,15.16,60.43,20.90,45.48
1778013003,8.44,13.50,10.00,21.84,41.90,15.16,60.37,20.90,45.40
1778013004,8.50,13.00,10.25,21.77,41.90,15.26,60.33,21.05,45.36
1778013006,8.44,13.75,9.75,21.74,41.90,15.22,60.30,20.94,45.29
1778013008,8.38,13.25,9.75,21.84,41.95,15.30,60.26,20.91,45.31
1778013009,8.44,13.50,9.50,21.84,41.92,15.23,60.20,21.37,45.46
1778013011,8.44,13.50,9.75,21.86,41.93,15.16,60.14,21.04,45.49
1778013012,8.44,12.75,9.75,21.81,41.93,15.33,60.15,21.33,45.55
1778013014,8.44,13.00,9.50,21.70,41.89,15.30,60.12,20.90,45.47
1778013016,8.44,13.75,10.00,21.92,41.93,15.23,60.09,21.41,45.53
1778013017,8.38,13.75,10.00,21.83,41.91,15.23,60.07,21.32,45.52
1778013019,8.38,13.50,9.50,21.90,41.93,15.20,60.04,21.67,45.57
1778013020,8.38,13.50,10.00,21.85,41.94,15.24,60.07,20.71,45.39
1778013022,8.38,13.50,10.00,21.84,41.94,15.15,60.08,20.90,45.43
1778013024,8.44,13.50,9.75,21.90,41.94,15.15,60.09,20.98,45.42
1778013025,8.31,13.50,9.75,21.84,41.93,15.15,60.15,21.41,45.47
1778013027,8.31,13.50,10.00,21.92,41.94,15.19,60.20,21.05,45.37
1778013028,8.44,13.50,10.25,21.88,41.93,15.19,60.25,20.98,45.43
1778013030,8.50,13.75,9.50,21.76,41.93,15.17,60.31,20.78,45.59
1778013032,8.50,13.75,10.00,21.87,41.94,15.08,60.39,20.99,45.87
1778013033,8.63,13.75,10.50,21.71,41.96,15.30,60.51,21.03,46.04
1778013035,8.69,13.75,10.00,21.86,42.03,15.25,60.58,20.92,46.13
1778013036,8.75,13.75,10.25,21.92,42.10,15.23,60.65,20.98,46.22
1778013038,8.81,14.00,10.50,21.70,42.12,15.22,60.72,21.05,46.20
1778013040,8.88,13.50,10.00,21.76,42.16,15.23,60.74,20.98,46.05
1778013041,8.81,14.00,10.25,21.69,42.15,15.17,60.76,21.37,46.02
1778013043,8.88,13.75,10.00,21.87,42.18,15.41,60.80,21.00,45.89
1778013044,8.81,13.50,10.25,21.66,42.15,15.37,60.78,21.33,45.84
1778013046,8.81,14.00,10.25,21.81,42.19,15.34,60.75,21.26,45.70
1778013048,8.75,14.00,10.00,21.74,42.15,15.22,60.66,21.26,45.60
1778013049,8.75,13.50,9.75,21.94,42.18,15.20,60.62,21.05,45.47
1778013051,8.75,13.50,9.75,21.92,42.14,15.24,60.58,21.05,45.40
1778013052,8.69,13.50,9.75,21.95,42.11,15.22,60.53,21.22,45.36
1778013054,8.69,13.50,10.00,21.69,42.04,15.19,60.47,21.35,45.37
1778013056,8.63,13.75,9.50,21.87,42.03,15.20,60.45,21.34,45.33
1778013057,8.63,13.25,9.75,21.96,42.05,15.26,60.40,21.29,45.29
1778013059,8.63,13.50,10.00,21.85,42.02,15.15,60.32,21.10,45.28
1778013061,8.56,13.25,9.50,21.87,42.04,15.25,60.30,21.42,45.35
1778013062,8.56,13.00,10.00,21.85,42.02,15.36,60.29,21.19,45.27
1778013064,8.56,13.75,9.50,21.81,41.99,15.26,60.24,21.26,45.25
1778013065,8.50,13.25,9.50,21.78,41.95,15.19,60.20,21.26,45.16
1778013067,8.56,13.00,10.00,21.74,41.94,15.21,60.17,21.12,45.11
1778013069,8.50,13.00,10.00,21.83,41.93,15.14,60.15,20.98,45.06
1778013070,8.50,13.75,9.50,21.96,41.93,15.27,60.13,21.61,45.19
1778013072,8.50,13.50,10.00,21.89,41.90,15.14,60.11,21.40,45.16
1778013073,8.44,13.50,10.25,21.81,41.90,15.24,60.11,21.15,45.15
1778013075,8.38,13.50,9.75,21.89,41.92,15.16,60.09,21.36,45.19
1778013077,8.50,13.50,10.25,21.71,41.89,15.35,60.15,21.35,45.17
1778013078,8.44,12.75,9.25,21.84,41.92,15.22,60.16,21.44,45.14
1778013080,8.50,13.50,9.75,21.82,41.92,15.24,60.19,21.48,45.10
1778013081,8.44,13.75,9.50,21.78,41.93,15.30,60.21,21.20,45.05
1778013083,8.44,13.50,10.00,21.97,41.92,15.25,60.20,21.40,45.05
1778013085,8.50,13.50,10.00,21.82,41.89,15.34,60.23,21.10,44.99
1778013086,8.44,13.50,9.75,21.97,41.91,15.13,60.21,21.20,44.98
1778013088,8.44,13.25,10.00,21.83,41.88,15.23,60.24,21.27,44.96
1778013089,8.44,13.25,10.00,21.76,41.87,15.17,60.23,21.23,44.96
1778013091,8.44,13.25,10.00,21.88,41.89,15.13,60.23,21.46,44.98
1778013093,8.44,13.75,10.00,21.72,41.87,15.19,60.24,21.34,45.01
1778013094,8.44,13.50,10.00,21.84,41.93,15.19,60.26,21.29,45.12
1778013096,8.44,13.50,9.50,21.72,41.90,15.23,60.28,21.82,45.23
1778013097,8.50,13.25,9.75,21.84,41.92,15.07,60.28,21.34,45.17
1778013099,8.50,13.50,10.00,21.67,41.89,15.08,60.28,21.54,45.24
1778013101,8.50,14.00,9.50,21.81,41.91,15.22,60.31,21.40,45.24
1778013102,8.44,14.00,9.75,21.96,41.90,15.26,60.33,21.12,45.15
1778013104,8.50,14.00,10.00,21.93,41.90,15.30,60.34,21.26,45.17
1778013106,8.44,13.50,9.75,21.92,41.89,15.29,60.38,21.09,45.21
1778013107,8.44,13.75,9.75,21.94,41.91,15.17,60.39,21.12,45.33
1778013109,8.50,13.50,10.25,21.80,41.87,15.13,60.40,21.19,45.40
1778013110,8.50,13.25,10.00,21.94,41.90,15.19,60.45,21.19,45.36
1778013112,8.56,13.50,10.00,21.86,41.86,15.21,60.47,20.98,45.25
1778013114,8.56,13.50,9.75,21.75,41.84,15.22,60.49,21.61,45.32
1778013115,8.50,14.00,9.75,21.97,41.87,15.16,60.51,21.47,45.27
1778013117,8.44,13.75,10.00,21.86,41.87,15.13,60.51,21.12,45.15
1778013118,8.50,13.75,9.75,21.88,41.87,15.21,60.51,21.29,45.12
1778013120,8.50,13.25,10.00,21.77,41.84,15.09,60.49,21.34,45.11
1778013122,8.50,13.75,10.00,21.77,41.86,15.22,60.48,21.41,45.09
1778013123,8.50,13.75,10.00,21.88,41.86,15.22,60.44,20.98,45.05
1778013125,8.50,13.50,10.00,21.83,41.86,15.22,60.43,21.58,45.15
1778013126,8.50,13.75,10.00,21.87,41.84,15.18,60.37,21.44,45.08
1778013128,8.50,13.75,10.00,21.99,41.84,15.19,60.35,21.17,45.04
1778013130,8.44,13.50,10.00,21.91,41.82,15.14,60.32,21.62,45.10
1778013131,8.44,13.75,10.00,21.88,41.82,15.18,60.30,21.16,45.00
1778013133,8.50,13.25,10.00,21.93,41.80,15.22,60.33,21.48,45.05
1778013134,8.44,13.50,9.75,21.92,41.81,15.26,60.33,21.70,45.02
1778013136,8.38,13.50,9.75,21.92,41.79,15.25,60.31,21.15,44.97
1778013138,8.38,14.00,10.00,21.82,41.76,15.11,60.27,21.42,45.00
1778013139,8.38,13.25,9.50,21.76,41.74,15.25,60.30,21.48,45.00
1778013141,8.38,13.25,10.00,21.78,41.74,15.14,60.28,21.27,44.99
1778013142,8.38,13.50,9.75,21.80,41.75,15.15,60.31,21.26,45.01
1778013144,8.38,13.50,9.50,21.79,41.75,15.20,60.32,21.30,45.00
1778013146,8.38,13.50,9.50,21.93,41.77,15.08,60.29,21.71,45.05
1778013147,8.38,13.75,9.75,21.87,41.76,15.22,60.31,21.49,44.97
1778013149,8.38,13.25,9.25,21.97,41.78,15.23,60.30,21.17,44.90
1778013150,8.38,13.25,9.75,21.90,41.76,15.23,60.31,21.17,44.88
1778013152,8.44,13.50,10.00,21.81,41.75,15.19,60.31,21.13,44.89
1778013154,8.38,13.25,9.75,21.77,41.77,15.30,60.32,21.09,44.92
1778013155,8.38,13.00,9.75,21.79,41.82,15.16,60.31,21.29,45.00
1778013157,8.38,13.00,9.75,21.82,41.85,15.18,60.33,21.15,45.01
1778013159,8.38,13.00,9.75,21.99,41.91,15.25,60.35,21.50,45.04
1778013160,8.31,13.50,10.00,21.81,41.92,15.19,60.33,21.31,44.96
1778013162,8.38,13.00,9.25,21.80,41.90,15.13,60.29,21.32,44.98
1778013163,8.44,14.00,9.50,21.72,41.86,15.13,60.29,20.98,44.93
1778013165,8.31,13.50,10.00,21.91,41.82,15.13,60.27,21.11,44.99
1778013167,8.38,13.75,9.75,21.77,41.76,15.05,60.27,21.34,45.03
1778013168,8.31,13.25,9.75,21.84,41.74,15.16,60.28,21.39,45.04
1778013170,8.38,13.00,9.50,21.76,41.69,15.21,60.29,21.26,44.97
1778013171,8.38,13.25,9.75,21.89,41.73,15.15,60.29,21.39,45.00
1778013173,8.38,13.50,10.00,21.89,41.73,15.13,60.29,21.14,44.96
1778013175,8.38,13.25,10.00,21.95,41.75,15.10,60.28,21.19,44.92
1778013176,8.38,13.00,10.00,21.87,41.72,15.20,60.30,21.44,45.00
1778013178,8.31,13.50,9.50,21.77,41.75,15.22,60.31,21.13,45.01
1778013179,8.38,13.00,9.75,21.85,41.78,15.32,60.33,21.10,45.01
1778013181,8.44,13.50,10.00,21.94,41.81,15.13,60.31,21.21,45.01
1778013183,8.50,13.75,10.00,21.91,41.80,15.23,60.34,20.98,45.05
1778013184,8.50,13.50,9.75,21.73,41.76,15.19,60.35,21.37,45.24
1778013186,8.50,14.00,10.00,21.94,41.78,15.28,60.38,21.53,45.35
1778013187,8.56,13.25,10.25,22.03,41.80,15.21,60.37,21.45,45.32
1778013189,8.50,13.75,9.75,21.87,41.78,15.19,60.35,21.34,45.28
1778013191,8.56,13.50,9.75,21.74,41.79,15.25,60.34,21.72,45.31
1778013192,8.50,13.25,9.50,21.75,41.80,15.21,60.29,21.22,45.21
1778013194,8.50,13.25,9.75,21.75,41.80,15.12,60.24,21.45,45.22
1778013195,8.50,13.25,9.75,21.84,41.79,15.26,60.26,21.46,45.19
1778013197,8.50,12.75,10.00,21.78,41.74,15.15,60.21,21.43,45.13
1778013199,8.50,13.00,10.00,21.78,41.73,15.14,60.19,21.81,45.08
1778013200,8.44,13.50,10.00,21.96,41.76,15.15,60.17,21.44,45.00
1778013202,8.38,13.75,10.00,21.88,41.74,15.17,60.14,21.41,44.99
1778013203,8.38,13.00,10.25,21.88,41.74,15.15,60.09,21.20,44.95
1778013205,8.38,13.75,9.75,21.85,41.72,15.23,60.11,21.43,44.97
1778013207,8.38,13.25,9.75,21.97,41.74,15.16,60.08,21.22,44.99
1778013208,8.38,12.75,9.50,21.84,41.73,15.25,60.04,20.95,44.97
1778013210,8.38,13.50,9.75,21.91,41.75,15.19,60.01,21.34,45.04
1778013212,8.31,13.50,9.50,21.77,41.76,15.26,60.01,21.25,45.01
1778013213,8.31,12.75,9.75,21.85,41.76,15.09,59.96,21.29,44.96
1778013215,8.31,13.25,9.75,21.82,41.77,15.16,59.92,21.25,44.93
1778013216,8.25,13.50,9.75,21.70,41.71,15.27,59.93,21.70,44.99
1778013218,8.31,13.50,9.75,21.89,41.75,15.17,59.89,21.26,44.96
1778013220,8.31,13.75,9.50,22.11,41.79,15.05,59.86,21.44,45.01
1778013221,8.31,13.25,9.50,21.89,41.77,15.23,59.89,21.62,45.05
1778013223,8.25,13.25,10.00,21.89,41.76,15.15,59.91,21.23,44.97
1778013224,8.31,13.00,10.00,21.93,41.75,15.13,59.93,21.44,44.96
1778013226,8.25,13.75,10.00,21.96,41.75,15.23,59.99,21.11,44.89
1778013228,8.31,13.75,9.75,21.94,41.73,15.20,60.00,20.98,44.87
1778013229,8.25,13.25,10.25,21.79,41.70,15.15,59.99,21.50,44.93
1778013231,8.25,13.50,10.00,21.84,41.71,15.13,59.98,21.29,44.86
1778013232,8.31,13.75,10.00,21.87,41.70,15.17,60.00,21.78,44.91
1778013234,8.25,13.50,9.75,21.80,41.68,15.19,60.04,21.76,44.90
1778013236,8.31,14.00,10.00,21.87,41.68,15.06,60.04,21.14,44.81
1778013237,8.25,13.75,10.00,21.73,41.68,15.23,60.10,21.02,44.77
1778013239,8.31,13.25,10.00,21.82,41.67,15.20,60.14,21.52,44.87
1778013240,8.31,13.25,9.50,21.79,41.68,15.14,60.20,21.26,44.87
1778013242,8.31,13.25,10.00,21.95,41.70,15.10,60.20,21.63,44.97
1778013244,8.31,13.25,9.50,21.84,41.68,15.10,60.24,21.21,44.84
1778013245,8.31,13.50,9.50,21.87,41.68,15.13,60.28,21.18,44.81
1778013247,8.31,13.25,9.75,21.83,41.69,15.18,60.30,21.02,44.77
1778013248,8.31,13.25,9.50,21.95,41.71,15.11,60.29,21.61,44.87
1778013250,8.25,13.75,9.75,21.87,41.70,15.15,60.31,21.06,44.81
1778013252,8.25,13.50,9.75,21.85,41.68,15.15,60.32,21.54,44.86
1778013253,8.25,13.00,9.75,21.78,41.68,15.18,60.31,21.71,44.87
1778013255,8.25,12.50,10.00,21.83,41.69,15.26,60.33,21.23,44.77
1778013257,8.31,13.50,10.25,21.79,41.67,15.28,60.34,21.41,44.82
1778013258,8.25,13.75,9.50,21.90,41.70,15.15,60.31,21.08,44.77
1778013260,8.25,13.50,9.75,21.97,41.70,15.15,60.31,21.36,44.86
1778013261,8.25,13.50,9.75,21.87,41.70,15.15,60.31,21.52,44.99
1778013263,8.25,13.25,10.00,21.78,41.69,15.13,60.33,21.38,45.02
1778013265,8.25,13.50,9.50,21.80,41.73,15.12,60.33,21.21,45.08
1778013266,8.25,13.25,9.50,21.91,41.77,15.07,60.34,21.48,45.17
1778013268,8.31,13.25,9.50,21.92,41.77,15.13,60.35,21.20,45.18
1778013269,8.25,13.50,10.00,21.70,41.74,15.18,60.37,21.33,45.19
1778013271,8.25,13.75,9.25,21.92,41.76,15.23,60.40,21.07,45.10
1778013273,8.31,13.25,10.00,21.77,41.78,15.24,60.41,21.16,45.09
1778013274,8.31,13.50,9.50,21.84,41.81,15.26,60.42,21.35,45.15
1778013276,8.31,13.25,9.25,21.70,41.79,15.23,60.42,21.35,45.23
1778013277,8.38,13.50,9.75,21.89,41.83,15.13,60.42,21.09,45.24
1778013279,8.31,13.75,10.00,21.83,41.85,15.15,60.41,20.98,45.18
1778013281,8.31,13.75,9.50,21.87,41.90,15.12,60.37,21.35,45.17
1778013282,8.38,13.25,9.50,21.92,41.92,15.22,60.36,21.13,45.11
1778013284,8.31,13.25,9.75,21.87,41.89,15.22,60.34,21.13,45.13
1778013285,8.31,13.50,9.50,21.69,41.86,15.09,60.29,21.30,45.15
1778013287,8.31,13.25,10.00,21.73,41.84,15.21,60.29,21.28,45.11
1778013289,8.25,13.25,9.75,21.84,41.86,15.15,60.26,21.15,45.10
1778013290,8.25,13.25,9.75,21.88,41.87,15.11,60.25,21.21,45.10
1778013292,8.25,13.25,10.00,21.73,41.83,15.12,60.23,21.26,45.10
1778013293,8.19,13.50,9.50,21.81,41.86,15.10,60.23,21.09,45.10
1778013295,8.25,13.50,9.50,21.83,41.91,15.09,60.22,21.01,45.20
1778013297,8.31,13.25,10.25,21.84,41.96,15.29,60.26,20.91,45.28
1778013298,8.25,13.75,10.00,21.89,41.99,15.16,60.27,21.27,45.42
1778013300,8.25,13.25,9.75,21.85,42.02,15.11,60.27,21.21,45.43
1778013301,8.31,13.25,10.50,21.86,42.02,15.15,60.29,21.09,45.30
1778013303,8.31,13.75,9.75,21.85,41.98,15.14,60.31,21.14,45.21
1778013305,8.31,13.00,9.75,21.93,41.96,15.09,60.29,21.49,45.18
1778013306,8.31,13.50,10.25,21.76,41.91,15.11,60.29,21.14,45.07
1778013308,8.25,13.50,9.75,21.82,41.90,15.12,60.29,21.19,45.09
1778013310,8.31,13.25,10.00,21.73,41.87,15.11,60.28,21.27,45.14
1778013311,8.31,13.00,9.50,21.84,41.87,15.05,60.27,21.49,45.17
1778013313,8.31,13.75,9.75,21.80,41.87,15.31,60.31,21.35,45.08
1778013314,8.19,14.00,9.25,21.84,41.88,15.11,60.25,21.52,45.06
1778013316,8.25,13.50,10.25,21.84,41.89,15.07,60.26,21.23,44.98
1778013318,8.31,13.25,9.75,21.84,41.92,15.09,60.27,21.20,44.95
1778013319,8.31,13.25,10.00,22.01,41.98,15.10,60.29,21.37,44.99
1778013321,8.25,13.50,10.00,21.72,41.94,15.09,60.30,21.42,45.01
1778013322,8.25,13.50,9.25,21.84,41.97,15.16,60.30,21.50,45.02
1778013324,8.25,13.50,10.00,21.73,41.93,15.17,60.32,21.05,44.96
1778013326,8.31,13.25,9.75,21.84,41.94,15.06,60.30,21.53,45.07
1778013327,8.31,14.00,10.00,21.80,41.92,15.11,60.33,21.26,45.09
1778013329,8.19,13.75,10.00,21.69,41.88,15.09,60.32,21.73,45.15
1778013330,8.31,13.00,9.75,21.82,41.89,14.98,60.29,21.40,45.06
1778013332,8.25,13.25,10.25,21.84,41.86,15.05,60.31,21.18,45.03
1778013334,8.25,13.50,9.75,21.73,41.85,15.15,60.33,21.16,45.06
1778013335,8.25,13.00,10.00,21.74,41.83,15.03,60.33,21.44,45.10
1778013337,8.25,13.50,10.00,21.84,41.84,15.15,60.35,21.52,45.06
1778013338,8.31,13.00,10.00,21.73,41.83,15.12,60.34,21.12,44.90
1778013340,8.25,13.75,9.75,21.84,41.83,15.20,60.37,21.12,44.86
1778013342,8.25,13.50,9.75,21.85,41.84,15.05,60.35,21.14,44.82
1778013343,8.25,13.75,10.00,21.87,41.85,15.18,60.41,21.15,44.79
1778013345,8.31,13.75,9.75,21.85,41.82,15.16,60.45,21.73,44.88
1778013346,8.31,13.50,9.75,21.73,41.80,15.15,60.50,21.68,44.87
1778013348,8.31,14.00,9.75,21.87,41.84,15.14,60.55,21.59,44.83
1778013350,8.38,14.00,10.00,21.74,41.82,15.16,60.58,21.24,44.75
1778013351,8.31,13.00,9.50,21.80,41.80,15.05,60.60,21.20,44.78
1778013353,8.25,14.00,9.75,21.76,41.80,15.29,60.68,21.58,44.91
1778013355,8.31,13.50,10.25,22.06,41.86,15.13,60.68,20.97,44.88
1778013356,8.31,13.50,9.75,21.69,41.81,15.03,60.68,21.29,44.92
1778013358,8.31,13.00,10.00,21.91,41.87,15.06,60.70,21.33,44.89
1778013359,8.31,13.25,9.75,22.01,41.91,15.09,60.73,20.98,44.83
1778013361,8.31,13.25,9.75,21.88,41.92,15.04,60.74,21.41,45.01
1778013363,8.38,13.25,9.75,21.85,41.94,15.07,60.74,21.26,45.04
1778013364,8.25,13.50,9.75,21.88,41.94,15.13,60.74,21.19,45.06
1778013366,8.38,13.50,10.00,21.80,41.91,15.01,60.70,21.19,45.06
1778013367,8.31,13.50,9.50,21.83,41.88,15.13,60.71,21.17,45.12
1778013369,8.25,13.50,9.75,21.87,41.87,15.09,60.72,21.61,45.19
1778013371,8.31,13.50,9.75,21.72,41.87,15.20,60.72,21.65,45.17
1778013372,8.31,13.50,9.25,21.84,41.89,15.10,60.66,21.10,45.07
1778013374,8.25,13.50,9.75,21.91,41.89,15.13,60.66,21.41,45.14
1778013375,8.25,13.25,10.00,21.77,41.86,15.14,60.64,21.02,45.08
1778013377,8.25,13.75,9.75,21.87,41.85,15.19,60.61,21.59,45.19
1778013379,8.31,13.50,9.75,21.97,41.84,15.10,60.60,21.06,45.10
1778013380,8.25,13.50,9.75,21.85,41.82,15.07,60.58,21.34,45.11
1778013382,8.25,13.25,10.00,21.65,41.77,15.11,60.58,21.42,45.05
1778013383,8.25,12.75,9.75,21.89,41.81,15.05,60.54,21.33,44.98
1778013385,8.19,13.00,9.75,21.77,41.80,15.13,60.57,21.37,44.94
1778013387,8.25,13.50,10.00,21.82,41.81,15.17,60.60,21.21,44.94
1778013388,8.25,13.50,9.75,21.82,41.82,15.14,60.62,21.27,45.00
1778013390,8.19,13.75,9.75,21.81,41.83,15.19,60.63,21.21,44.99
1778013391,8.19,13.25,9.25,21.55,41.81,15.09,60.61,21.13,44.96
1778013393,8.25,13.50,10.00,21.73,41.84,15.16,60.62,21.34,44.97
1778013395,8.25,13.50,10.00,21.87,41.89,14.99,60.60,20.99,44.94
1778013396,8.25,13.25,9.50,21.86,41.92,15.15,60.63,21.38,45.06
1778013398,8.25,13.25,10.00,21.80,41.96,15.13,60.65,21.37,45.17
1778013399,8.31,13.50,10.25,21.87,42.01,15.07,60.65,21.11,45.26
1778013401,8.31,13.00,10.00,21.84,42.01,15.05,60.65,21.07,45.28
1778013403,8.25,13.50,10.25,21.84,41.98,15.13,60.66,21.35,45.27
1778013404,8.31,13.75,10.25,21.81,42.00,15.05,60.67,21.16,45.20
1778013406,8.25,13.50,9.75,21.83,42.04,15.08,60.66,21.08,45.11
1778013408,8.31,13.25,9.75,21.78,42.05,15.04,60.66,21.62,45.18
1778013409,8.31,13.25,9.75,21.80,42.04,15.17,60.68,21.05,45.05
1778013411,8.31,13.00,9.75,21.62,41.99,15.04,60.63,21.09,45.02
1778013412,8.25,13.50,10.00,21.80,41.99,15.10,60.62,21.06,45.01
1778013414,8.25,13.50,9.75,21.88,41.98,15.03,60.59,20.95,45.03
1778013416,8.31,14.25,10.00,21.76,41.96,15.07,60.57,21.30,45.14
1778013417,8.25,13.75,9.75,21.81,41.94,14.94,60.52,20.97,45.13
1778013419,8.25,13.25,10.00,21.88,41.98,14.97,60.51,21.02,45.17
1778013420,8.25,13.75,9.50,21.91,41.96,15.09,60.53,21.30,45.22
1778013422,8.31,13.75,9.25,22.05,41.97,15.03,60.49,21.65,45.30
1778013424,8.25,13.50,9.50,21.72,41.89,15.15,60.52,21.72,45.32
1778013425,8.19,13.50,9.75,21.72,41.88,15.07,60.50,21.06,45.23
1778013427,8.25,13.25,9.75,21.87,41.87,15.15,60.50,21.47,45.23
1778013428,8.25,13.50,9.75,21.72,41.83,15.15,60.48,21.03,45.09
1778013430,8.31,13.25,9.50,21.69,41.83,15.05,60.51,21.31,45.09
1778013432,8.25,13.50,10.00,21.89,41.85,15.04,60.53,20.94,44.99
1778013433,8.31,13.50,10.00,21.82,41.85,15.07,60.58,21.37,45.05
1778013435,8.31,13.50,9.75,21.78,41.84,14.99,60.61,21.15,45.01
1778013436,8.25,13.50,10.00,21.85,41.86,15.09,60.68,21.30,45.04
1778013438,8.25,13.50,9.50,21.87,41.88,14.93,60.69,21.31,45.08
1778013440,8.25,13.50,9.75,21.84,41.89,14.96,60.71,21.19,45.09
1778013441,8.25,13.75,9.25,21.90,41.90,15.09,60.79,21.74,45.22
1778013443,8.19,13.50,9.50,21.81,41.89,15.05,60.82,21.11,45.15
1778013444,8.31,13.00,10.00,21.80,41.89,15.09,60.86,20.75,45.10
1778013446,8.25,13.25,10.00,21.83,41.89,15.13,60.89,21.73,45.28
1778013448,8.31,13.50,10.00,21.75,41.88,15.13,60.87,21.10,45.21
1778013449,8.31,13.75,10.00,21.65,41.85,15.05,60.85,21.07,45.19
1778013451,8.25,13.25,10.00,21.80,41.88,15.07,60.82,21.40,45.21
1778013452,8.25,13.50,9.75,21.83,41.87,15.10,60.81,21.46,45.20
1778013454,8.31,13.50,9.75,21.82,41.87,15.13,60.83,21.38,45.18
1778013456,8.31,13.75,9.50,21.80,41.90,14.99,60.78,21.34,45.15
1778013457,8.31,13.75,10.00,21.87,41.92,15.07,60.76,21.22,45.12
1778013459,8.25,13.00,9.00,21.87,41.92,15.16,60.76,20.99,45.06
1778013461,8.31,13.50,9.25,21.84,41.90,15.03,60.73,21.19,45.08
1778013462,8.31,13.50,10.00,21.87,41.90,15.09,60.70,21.28,45.08
1778013464,8.25,13.75,9.75,21.74,41.86,15.04,60.67,20.74,44.96
1778013465,8.25,13.00,9.50,21.86,41.88,15.08,60.65,21.19,45.02
1778013467,8.31,13.50,9.75,21.76,41.87,15.05,60.61,21.07,44.97
1778013469,8.19,13.00,9.75,21.83,41.86,15.03,60.58,21.49,45.01
1778013470,8.25,13.00,9.75,21.91,41.86,15.19,60.58,20.88,44.90
1778013472,8.25,13.00,9.50,21.65,41.81,15.06,60.55,20.89,44.91
1778013473,8.25,13.50,10.00,21.87,41.82,15.15,60.52,21.36,44.96
1778013475,8.19,13.25,9.75,21.85,41.81,15.10,60.51,21.07,44.92
1778013477,8.19,13.75,9.75,21.72,41.78,15.07,60.49,21.15,44.95
1778013478,8.19,13.25,9.75,21.80,41.79,15.07,60.46,21.41,45.03
1778013480,8.25,13.25,9.25,21.80,41.84,15.05,60.45,21.12,45.08
1778013481,8.25,13.50,10.00,21.79,41.88,15.24,60.48,21.05,45.16
1778013483,8.25,13.50,9.75,21.79,41.87,15.03,60.44,21.09,45.26
1778013485,8.25,13.75,9.25,21.74,41.85,15.12,60.45,21.19,45.29
1778013486,8.19,13.50,10.00,21.61,41.81,15.03,60.42,20.90,45.20
1778013488,8.19,13.50,10.00,21.81,41.85,15.15,60.45,20.89,45.20
1778013489,8.25,12.75,9.75,21.60,41.83,14.99,60.41,21.05,45.24
1778013491,8.25,13.25,9.50,21.86,41.87,15.09,60.39,21.01,45.19
1778013493,8.25,13.75,9.75,21.86,41.87,15.11,60.41,20.98,45.16
1778013494,8.25,13.25,10.00,21.82,41.85,15.03,60.39,21.26,45.19
1778013496,8.25,13.00,9.50,21.81,41.87,15.20,60.42,21.15,45.26
1778013497,8.31,13.00,10.25,21.80,41.90,15.10,60.39,21.07,45.41
1778013499,8.31,13.25,10.00,21.65,41.91,15.10,60.40,21.19,45.62
1778013501,8.31,13.25,10.00,21.83,42.01,15.13,60.44,21.00,45.82
1778013502,8.31,13.25,10.50,21.73,42.04,15.09,60.47,21.31,45.97
1778013504,8.38,13.25,10.00,21.81,42.04,15.11,60.49,20.89,45.85
1778013506,8.38,13.25,10.25,21.61,42.00,15.23,60.50,21.34,45.81
1778013507,8.38,13.75,9.75,21.65,41.99,15.17,60.51,21.00,45.62
1778013509,8.31,13.75,9.75,21.78,41.97,15.13,60.49,21.39,45.57
1778013510,8.38,13.75,9.50,21.69,41.95,15.11,60.49,21.37,45.49
1778013512,8.38,14.00,9.75,21.77,41.95,15.18,60.51,21.02,45.40
1778013514,8.38,13.75,10.00,21.88,41.95,15.06,60.48,21.15,45.42
1778013515,8.38,13.75,9.50,21.96,41.97,15.13,60.52,21.16,45.42
1778013517,8.38,13.75,10.00,21.79,41.91,15.10,60.51,21.23,45.43
1778013518,8.38,13.75,9.25,21.73,41.90,15.13,60.53,21.17,45.45
1778013520,8.38,13.75,9.50,21.78,41.88,15.17,60.57,21.19,45.44
1778013522,8.38,13.50,9.50,21.72,41.88,15.17,60.57,20.98,45.39
1778013523,8.38,13.50,9.75,21.70,41.87,15.26,60.59,20.98,45.38
1778013525,8.38,13.50,9.25,21.91,41.92,15.09,60.57,21.04,45.35
1778013526,8.38,13.25,10.00,21.76,41.87,15.13,60.55,20.99,45.31
1778013528,8.38,13.25,9.75,21.76,41.88,15.14,60.55,20.91,45.27
1778013530,8.31,13.50,9.50,21.76,41.90,15.12,60.47,21.36,45.30
1778013531,8.38,13.25,9.50,21.87,41.90,15.15,60.45,21.01,45.22
1778013533,8.31,13.25,9.50,21.84,41.92,15.16,60.41,21.23,45.22
1778013534,8.38,13.25,9.50,21.80,41.88,15.13,60.37,21.30,45.18
1778013536,8.31,13.50,10.00,21.80,41.88,15.10,60.30,20.77,45.06
1778013538,8.31,13.75,10.00,21.77,41.86,15.11,60.26,21.03,45.08
1778013539,8.31,13.25,9.00,22.00,41.89,15.19,60.24,21.29,45.12
1778013541,8.31,13.25,10.00,21.75,41.86,15.26,60.21,21.18,45.14
1778013542,8.31,13.50,10.00,21.90,41.88,15.22,60.19,21.20,45.23
1778013544,8.25,13.50,9.75,21.83,41.87,15.05,60.15,21.00,45.26
1778013546,8.25,13.50,9.75,21.75,41.85,15.10,60.15,21.04,45.28
1778013547,8.25,13.25,10.00,21.91,41.86,15.09,60.16,21.05,45.27
1778013549,8.25,13.00,10.00,21.72,41.84,15.11,60.16,20.97,45.25
1778013550,8.25,12.75,9.50,21.87,41.84,15.17,60.18,21.02,45.20
1778013552,8.25,13.25,10.00,21.77,41.83,15.05,60.17,21.06,45.17
1778013554,8.25,13.25,9.75,21.79,41.83,15.14,60.21,20.82,45.11
1778013555,8.25,12.25,9.75,21.72,41.81,15.18,60.22,21.55,45.29
1778013557,8.19,13.00,9.75,21.74,41.82,15.17,60.24,20.87,45.26
1778013559,8.25,12.50,10.00,21.74,41.81,15.20,60.25,21.12,45.34
1778013560,8.19,13.00,10.00,21.70,41.80,15.09,60.25,20.94,45.30
1778013562,8.19,12.75,9.75,21.71,41.80,15.10,60.26,21.03,45.29
1778013563,8.25,13.25,9.75,21.87,41.81,15.13,60.30,21.45,45.35
1778013565,8.19,13.00,10.00,21.81,41.85,15.19,60.36,20.98,45.27
1778013567,8.25,13.00,10.00,21.83,41.85,15.10,60.34,21.40,45.31
1778013568,8.25,13.25,10.00,21.86,41.87,15.05,60.33,20.98,45.24
1778013570,8.25,13.25,10.00,22.17,41.92,15.21,60.33,21.08,45.22
1778013571,8.19,13.25,10.00,21.75,41.86,15.12,60.31,21.26,45.22
1778013573,8.19,13.50,10.00,21.74,41.85,15.17,60.32,21.16,45.19
1778013575,8.19,13.25,9.75,21.66,41.87,15.16,60.32,21.00,45.17
1778013576,8.25,13.00,10.00,21.69,41.88,15.23,60.34,21.01,45.24
1778013578,8.19,13.25,9.25,21.89,41.92,15.26,60.33,21.23,45.32
1778013579,8.25,13.50,9.50,21.86,41.92,15.12,60.33,21.14,45.33
1778013581,8.19,13.25,9.50,21.73,41.91,15.14,60.35,21.01,45.38
1778013583,8.25,13.25,10.00,21.80,41.93,15.15,60.36,21.40,45.51
1778013584,8.25,13.25,9.50,21.80,41.92,15.18,60.38,21.27,45.50
1778013586,8.25,13.25,10.00,21.79,41.93,15.06,60.38,21.19,45.48
1778013587,8.25,13.25,10.00,21.78,41.92,15.11,60.41,21.21,45.44
1778013589,8.25,13.50,10.00,21.71,41.93,15.10,60.42,21.01,45.39
1778013591,8.25,13.75,10.25,21.72,41.95,15.15,60.46,20.90,45.33
1778013592,8.25,13.50,9.75,21.89,42.01,15.20,60.48,21.26,45.37
1778013594,8.25,13.75,10.25,21.84,42.02,15.18,60.52,21.14,45.34
1778013595,8.25,13.75,10.00,21.65,42.03,15.13,60.56,21.16,45.31
1778013597,8.25,13.50,10.00,21.89,42.08,15.06,60.58,21.06,45.33
1778013599,8.31,13.50,10.25,21.76,42.06,15.17,60.65,21.26,45.42
1778013600,8.31,13.75,10.25,21.70,42.05,15.13,60.67,21.36,45.51
1778013602,8.31,13.25,10.00,22.12,42.10,15.16,60.72,20.87,45.46
1778013604,8.31,13.25,10.00,21.76,42.06,15.11,60.74,20.92,45.45
1778013605,8.31,13.50,9.75,21.92,42.08,15.09,60.74,21.54,45.55
1778013607,8.38,13.75,10.00,21.83,42.09,15.15,60.77,21.01,45.49
1778013608,8.38,13.25,10.00,21.82,42.07,15.09,60.76,20.98,45.47
1778013610,8.38,13.50,10.00,21.72,42.06,15.09,60.77,21.52,45.58
1778013612,8.38,13.50,10.00,21.75,42.06,15.14,60.75,21.09,45.53
1778013613,8.38,13.25,10.00,21.85,42.07,15.13,60.72,21.17,45.56
1778013615,8.38,13.75,10.00,21.75,42.08,15.18,60.70,21.19,45.55
1778013616,8.31,14.00,10.25,21.80,42.09,15.15,60.69,21.21,45.50
1778013618,8.38,14.00,10.25,21.81,42.09,15.13,60.67,20.95,45.47
1778013620,8.38,13.50,10.00,21.89,42.10,15.17,60.63,21.39,45.54
1778013621,8.38,13.75,9.50,21.87,42.11,15.20,60.63,21.26,45.54
1778013623,8.38,13.50,10.00,21.80,42.11,15.15,60.60,21.15,45.50
1778013624,8.38,13.25,10.00,21.77,42.12,15.13,60.58,21.02,45.46
1778013626,8.38,13.50,10.00,21.69,42.10,15.14,60.52,21.01,45.42
1778013628,8.38,13.00,10.00,21.79,42.12,15.17,60.48,21.12,45.41
1778013629,8.38,13.50,9.75,21.73,42.10,15.16,60.42,21.23,45.41
1778013631,8.38,13.25,9.75,21.80,42.11,15.23,60.40,21.00,45.37
1778013632,8.38,13.50,10.00,21.87,42.12,15.06,60.36,21.41,45.43
1778013634,8.31,13.25,9.75,21.84,42.12,15.23,60.37,21.52,45.43
1778013636,8.31,13.50,9.75,21.73,42.13,15.23,60.36,20.98,45.35
1778013637,8.31,13.25,10.00,21.84,42.16,15.07,60.35,21.22,45.38
1778013639,8.31,13.75,10.00,21.81,42.15,15.09,60.36,21.05,45.35
1778013640,8.31,13.25,10.00,21.83,42.17,15.06,60.36,20.90,45.33
1778013642,8.31,13.50,9.75,21.95,42.21,15.10,60.40,21.09,45.38
1778013644,8.31,13.75,10.00,21.81,42.17,15.13,60.43,21.13,45.38
1778013645,8.31,13.75,9.25,21.97,42.23,15.08,60.48,20.91,45.35
1778013647,8.31,13.75,9.75,22.16,42.25,15.17,60.48,21.35,45.42
1778013648,8.44,13.25,9.75,21.77,42.16,15.14,60.51,21.19,45.39
1778013650,8.38,13.25,10.25,21.67,42.17,15.14,60.54,21.30,45.51
1778013652,8.44,13.75,10.25,21.64,42.23,15.20,60.58,21.07,45.78
1778013653,8.44,14.00,10.00,21.72,42.29,15.01,60.59,21.04,46.14
1778013655,8.50,13.75,10.25,21.76,42.38,15.13,60.67,21.40,46.51
1778013657,8.50,13.50,10.00,21.65,42.39,15.05,60.73,21.39,46.73
1778013658,8.56,14.00,10.50,21.85,42.45,15.19,60.84,21.42,46.69
1778013660,8.56,14.25,9.75,21.73,42.42,15.16,60.93,20.82,46.47
1778013661,8.56,14.00,10.50,21.72,42.41,15.15,60.99,20.85,46.38
1778013663,8.50,13.75,10.25,21.70,42.38,15.15,61.07,21.39,46.37
1778013665,8.63,14.00,10.00,21.78,42.38,15.15,61.11,20.76,46.17
1778013666,8.56,13.00,10.00,21.79,42.37,15.09,61.13,20.86,46.09
1778013668,8.56,13.75,9.75,21.79,42.34,15.10,61.12,21.33,46.05
1778013669,8.56,13.75,9.75,21.82,42.33,15.10,61.14,21.18,45.96
1778013671,8.63,14.00,10.25,21.76,42.33,15.02,61.12,21.21,45.92
1778013673,8.56,13.75,10.25,21.71,42.30,15.15,61.12,20.91,45.82
1778013674,8.56,14.00,10.00,21.78,42.29,15.09,61.10,21.22,45.84
1778013676,8.56,13.75,10.00,21.91,42.32,15.19,61.08,21.14,45.75
1778013677,8.56,13.75,9.75,21.73,42.30,15.19,61.05,21.42,45.76
1778013679,8.56,13.50,9.75,21.77,42.32,15.06,60.97,21.30,45.75
1778013681,8.56,13.50,10.25,21.80,42.31,15.08,60.93,21.34,45.78
1778013682,8.50,13.50,9.50,21.73,42.29,15.26,60.94,21.52,45.83
1778013684,8.50,13.25,9.75,21.76,42.28,15.23,60.88,21.34,45.80
1778013685,8.50,13.50,10.00,21.75,42.27,15.22,60.82,21.03,45.74
1778013687,8.44,13.75,9.75,21.82,42.26,15.13,60.76,21.69,45.86
1778013689,8.50,13.75,9.75,21.83,42.26,15.15,60.71,21.23,45.77
1778013690,8.44,13.25,10.00,21.78,42.22,15.13,60.65,21.71,45.87
1778013692,8.44,13.50,10.00,21.74,42.23,15.15,60.61,20.91,45.75
1778013693,8.44,13.75,9.50,21.83,42.24,15.13,60.57,20.91,45.75
1778013695,8.44,13.75,10.00,21.81,42.23,15.04,60.53,20.75,45.78
1778013697,8.38,13.50,9.50,21.74,42.22,15.10,60.56,21.15,45.91
1778013698,8.38,13.50,10.00,21.77,42.19,15.09,60.53,21.07,45.99
1778013700,8.38,13.25,9.75,21.73,42.19,15.13,60.52,20.97,46.00
1778013702,8.31,14.00,9.50,21.73,42.19,15.13,60.52,20.94,46.01
1778013703,8.31,13.50,10.00,21.80,42.21,15.15,60.52,21.38,46.04
1778013705,8.31,13.50,10.00,21.95,42.24,15.06,60.53,21.37,45.99
1778013706,8.31,13.50,10.00,21.93,42.26,15.22,60.59,21.31,45.97
1778013708,8.38,13.25,9.75,21.76,42.23,15.11,60.60,20.92,45.91
1778013710,8.31,14.25,10.25,21.76,42.26,15.12,60.63,21.16,45.96
1778013711,8.38,13.50,10.00,21.73,42.28,15.04,60.66,20.91,45.90
1778013713,8.38,14.00,10.25,21.87,42.30,15.06,60.71,20.92,45.85
1778013714,8.38,14.00,10.25,21.76,42.30,15.07,60.75,20.90,45.81
1778013716,8.38,14.00,10.00,21.86,42.32,15.09,60.81,21.15,45.82
1778013718,8.44,14.00,10.00,21.80,42.32,15.09,60.85,21.07,45.87
1778013719,8.50,13.50,9.50,21.69,42.35,15.05,60.90,21.02,46.05
1778013721,8.56,14.00,10.00,21.75,42.40,15.16,60.99,21.37,46.31
1778013722,8.63,14.25,10.00,21.78,42.44,15.11,61.10,20.94,46.38
1778013724,8.75,14.25,10.50,21.69,42.45,15.09,61.20,21.19,46.50
1778013726,8.75,13.75,10.75,21.79,42.47,15.23,61.31,21.09,46.43
1778013727,8.81,14.25,10.25,21.79,42.47,15.24,61.39,21.24,46.38
1778013729,8.94,14.00,10.00,21.69,42.44,15.17,61.40,21.27,46.28
1778013730,8.94,13.75,10.75,21.87,42.49,15.15,61.40,21.08,46.17
1778013732,8.94,14.00,10.00,21.73,42.44,15.26,61.41,21.07,46.10
1778013734,9.00,14.00,10.50,21.79,42.46,15.26,61.39,21.06,46.05
1778013735,9.00,14.00,10.25,21.80,42.46,15.22,61.36,21.31,46.06
1778013737,9.06,13.75,10.25,21.74,42.45,15.20,61.31,21.34,46.01
1778013738,8.94,14.00,10.50,21.70,42.44,15.32,61.24,21.33,45.94
1778013740,8.94,14.00,10.50,21.70,42.47,15.28,61.15,21.77,45.92
1778013742,9.00,13.75,10.50,21.65,42.44,15.20,61.04,21.32,45.76
1778013743,9.00,13.75,10.50,21.69,42.44,15.24,60.99,21.07,45.69
1778013745,9.00,14.00,10.00,21.72,42.42,15.29,60.93,21.30,45.73
1778013747,9.00,13.50,9.75,21.69,42.44,15.26,60.84,21.30,45.65
1778013748,8.94,13.75,10.25,21.71,42.43,15.21,60.76,21.32,45.56
1778013750,8.88,13.50,10.25,21.69,42.43,15.28,60.67,21.73,45.58
1778013751,8.75,14.00,10.50,21.73,42.40,15.32,60.60,21.30,45.54
1778013753,8.81,14.25,10.50,21.74,42.37,15.31,60.48,21.32,45.54
1778013755,8.81,13.75,10.25,21.72,42.37,15.35,60.42,21.60,45.54
1778013756,8.75,14.00,9.75,21.77,42.38,15.28,60.34,21.34,45.42
1778013758,8.69,13.75,10.00,21.78,42.39,15.23,60.27,21.54,45.34
1778013759,8.69,13.75,10.00,21.80,42.37,15.17,60.23,21.72,45.32
1778013761,8.69,13.75,9.25,21.68,42.32,15.26,60.20,20.98,45.14
1778013763,8.69,13.75,10.00,21.76,42.34,15.29,60.17,21.70,45.18
1778013764,8.56,13.00,9.75,21.82,42.37,15.27,60.11,21.37,45.06
1778013766,8.63,13.75,10.25,21.74,42.34,15.34,60.10,21.32,45.01
1778013767,8.56,13.00,9.00,21.83,42.35,15.15,60.07,21.73,45.03
1778013769,8.50,13.50,9.75,21.95,42.38,15.19,60.03,21.06,44.86
1778013771,8.50,13.75,10.00,21.82,42.33,15.19,60.01,21.77,44.91
1778013772,8.50,13.75,9.50,21.87,42.33,15.26,59.99,21.10,44.75
1778013774,8.44,13.75,10.00,21.81,42.35,15.15,59.96,21.34,44.73
1778013775,8.44,13.25,9.75,21.75,42.35,15.25,59.96,21.73,44.76
1778013777,8.44,13.25,9.50,21.78,42.33,15.18,59.94,21.61,44.73
1778013779,8.44,13.75,9.75,21.86,42.31,15.19,59.96,21.46,44.71
1778013780,8.38,13.50,10.00,21.85,42.26,15.20,60.00,21.23,44.68
1778013782,8.38,13.50,10.00,21.88,42.25,15.17,60.03,21.67,44.83
1778013783,8.38,14.00,10.25,21.80,42.22,15.25,60.10,21.06,44.78
1778013785,8.38,13.50,10.00,21.74,42.20,15.15,60.13,21.20,44.77
1778013787,8.38,13.50,9.50,21.99,42.24,15.26,60.18,21.38,44.79
1778013788,8.38,13.75,9.50,21.82,42.22,15.20,60.21,21.28,44.75
1778013790,8.38,13.50,9.75,21.83,42.20,15.15,60.22,21.42,44.78
1778013791,8.38,13.75,9.50,21.86,42.20,15.18,60.25,21.44,44.78
1778013793,8.38,13.50,9.75,21.69,42.18,15.21,60.26,21.13,44.69
1778013795,8.38,13.50,9.75,21.75,42.18,15.25,60.26,21.29,44.75
1778013796,8.38,13.75,10.00,21.91,42.20,15.14,60.24,21.38,44.79
1778013798,8.38,13.25,10.00,21.83,42.18,15.09,60.20,21.40,44.82
1778013800,8.38,13.50,9.75,21.94,42.19,15.20,60.20,21.23,44.83
1778013801,8.31,13.50,9.75,21.76,42.17,15.19,60.20,21.70,44.92
1778013803,8.38,13.25,9.75,21.87,42.17,15.18,60.16,21.21,44.79
1778013804,8.31,13.75,9.50,21.76,42.16,15.26,60.15,21.19,44.75
1778013806,8.31,13.50,9.25,21.70,42.15,15.17,60.14,20.98,44.74
1778013808,8.31,13.50,9.75,21.84,42.16,15.30,60.12,21.53,44.86
1778013809,8.31,13.25,9.75,21.91,42.15,15.24,60.09,21.32,44.88
1778013811,8.31,13.75,9.00,21.76,42.10,15.23,60.08,21.25,44.90
1778013812,8.25,13.75,9.25,21.97,42.12,15.23,60.07,21.76,44.99
1778013814,8.31,13.50,9.00,21.83,42.13,15.24,60.06,21.34,44.86
1778013816,8.38,13.75,9.75,21.87,42.11,15.16,60.05,21.15,44.80
1778013817,8.25,13.75,9.75,21.76,42.06,15.22,60.08,21.73,44.84
1778013819,8.31,13.75,10.00,21.75,42.05,15.19,60.06,21.39,44.86
1778013820,8.31,13.25,9.75,21.95,42.09,15.16,60.08,21.44,44.94
1778013822,8.31,13.50,9.75,21.91,42.07,15.30,60.15,21.12,44.93
1778013824,8.31,13.50,9.75,21.79,42.05,15.16,60.15,21.08,44.90
1778013825,8.25,13.25,9.50,21.88,42.06,15.13,60.16,21.44,44.94
1778013827,8.31,13.25,9.75,21.84,42.04,15.20,60.20,21.32,44.92
1778013828,8.31,13.75,9.25,21.89,42.02,15.22,60.25,21.78,44.98
1778013830,8.25,13.25,9.00,21.93,42.01,15.30,60.30,21.06,44.85
1778013832,8.31,13.75,9.50,21.83,41.98,15.10,60.29,21.40,44.86
1778013833,8.25,13.50,10.00,21.84,41.99,15.20,60.31,21.23,44.84
1778013835,8.31,13.50,9.00,21.91,41.99,15.27,60.34,21.91,45.00
1778013836,8.38,13.50,9.25,21.74,41.96,15.13,60.34,21.06,44.90
1778013838,8.38,13.50,10.00,21.73,41.95,15.17,60.36,21.16,44.93
1778013840,8.38,13.00,9.50,21.88,41.97,15.26,60.39,21.18,44.94
1778013841,8.38,13.25,9.75,21.80,41.93,15.23,60.44,21.32,44.97
1778013843,8.38,13.50,10.00,21.87,41.96,15.20,60.44,21.38,44.95
1778013844,8.38,13.25,10.00,21.86,41.94,15.12,60.40,21.10,44.85
1778013846,8.38,13.75,9.50,21.83,41.93,15.23,60.43,21.52,44.95
1778013848,8.38,13.50,9.75,21.87,41.93,15.28,60.42,21.81,45.03
1778013849,8.38,13.50,9.25,21.91,41.97,15.26,60.43,21.54,44.99
1778013851,8.31,13.50,10.00,21.85,41.97,15.24,60.43,21.66,45.03
1778013853,8.31,13.50,9.25,21.88,42.00,15.27,60.44,21.22,44.98
1778013854,8.38,13.50,9.50,22.03,42.03,15.15,60.44,21.49,45.05
1778013856,8.38,13.75,10.00,22.01,42.02,15.30,60.50,21.44,45.08
1778013857,8.44,13.75,9.75,21.81,42.00,15.22,60.52,21.60,45.07
1778013859,8.38,13.00,9.75,21.78,42.01,15.25,60.54,21.46,45.05
1778013861,8.31,13.25,9.75,21.81,42.02,15.09,60.52,21.09,45.03
1778013862,8.38,13.25,9.50,21.85,42.03,15.23,60.55,21.12,45.08
1778013864,8.31,13.50,9.25,21.90,42.02,15.10,60.52,21.20,45.13
1778013865,8.31,13.25,9.00,21.74,41.99,15.17,60.51,21.40,45.20
1778013867,8.38,13.75,9.00,21.87,42.02,15.25,60.51,21.21,45.18
1778013869,8.44,13.50,9.50,21.89,42.01,15.04,60.45,21.13,45.19
1778013870,8.38,13.50,9.75,21.94,42.00,15.09,60.46,21.06,45.13
1778013872,8.38,13.50,9.75,21.82,41.95,15.15,60.46,21.42,45.14
1778013873,8.38,13.25,9.75,21.85,41.95,15.14,60.46,21.26,45.09
1778013875,8.31,13.50,10.00,21.81,41.96,15.28,60.49,21.41,45.08
1778013877,8.38,13.25,9.75,21.91,41.99,15.13,60.47,21.86,45.11
1778013878,8.38,13.50,9.25,21.95,42.01,15.14,60.50,21.20,44.98
1778013880,8.38,14.00,9.50,21.89,41.99,15.11,60.52,21.61,45.02
1778013881,8.38,13.75,10.00,21.79,41.99,15.23,60.58,21.13,44.96
1778013883,8.38,13.75,9.25,21.82,42.00,15.13,60.60,21.19,45.03
1778013885,8.38,13.50,9.50,21.82,42.01,15.23,60.64,21.12,45.04
1778013886,8.44,13.00,9.75,21.92,42.03,15.11,60.67,21.09,45.00
1778013888,8.44,13.25,9.75,21.84,42.04,15.32,60.74,21.19,44.99
1778013889,8.44,13.50,10.50,21.88,42.05,15.31,60.77,21.30,45.03
1778013891,8.44,13.50,10.00,21.74,42.00,15.19,60.80,21.70,45.07
1778013893,8.50,13.75,10.00,21.85,42.02,15.06,60.83,20.99,44.94
1778013894,8.44,13.50,9.50,21.91,42.03,15.08,60.85,21.37,45.00
1778013896,8.50,14.00,9.75,21.84,42.01,15.17,60.89,21.09,44.96
1778013897,8.44,13.50,10.00,21.96,42.02,15.05,60.89,20.96,44.92
1778013899,8.44,13.50,9.75,21.87,41.97,15.11,60.89,21.62,45.03
1778013901,8.44,13.75,9.50,21.97,41.97,15.19,60.91,21.67,45.01
1778013902,8.50,13.50,9.50,21.88,41.94,15.19,60.89,21.07,44.90
1778013904,8.44,13.50,9.50,22.02,41.94,15.09,60.87,21.22,44.98
1778013906,8.44,13.75,10.00,21.85,41.92,15.16,60.88,21.19,45.02
1778013907,8.44,13.50,10.00,21.80,41.90,15.23,60.90,21.22,45.07
1778013909,8.44,13.25,10.00,21.84,41.92,15.13,60.89,21.69,45.19
1778013910,8.44,13.75,10.25,21.73,41.90,15.15,60.90,21.52,45.19
1778013912,8.50,13.75,10.00,21.87,41.88,15.16,60.89,21.05,45.09
1778013914,8.44,13.75,10.25,21.83,41.87,15.13,60.88,21.75,45.21
1778013915,8.50,13.50,9.75,21.87,41.85,15.19,60.88,21.40,45.20
1778013917,8.38,13.50,10.25,22.00,41.85,15.05,60.88,21.04,45.14
1778013918,8.50,13.25,10.00,21.84,41.82,15.15,60.90,21.11,45.15
1778013920,8.50,13.50,10.00,21.89,41.82,15.18,60.92,21.39,45.16
1778013922,8.44,13.50,9.75,21.75,41.80,15.21,60.97,21.42,45.18
1778013923,8.44,13.50,10.00,21.88,41.82,15.23,60.99,21.19,45.13
1778013925,8.50,13.50,10.00,21.88,41.83,15.15,60.96,21.35,45.15
1778013926,8.44,13.50,10.25,21.89,41.83,15.13,60.97,20.94,45.10
1778013928,8.44,13.50,10.25,21.82,41.81,15.15,60.96,21.12,45.16
1778013930,8.50,13.75,10.00,21.80,41.81,15.26,60.97,21.30,45.22
1778013931,8.50,13.75,10.00,21.86,41.84,15.16,60.96,21.27,45.26
1778013933,8.50,14.25,10.00,21.80,41.84,15.22,60.99,21.14,45.21
1778013934,8.50,13.50,10.00,21.93,41.85,15.17,60.98,21.01,45.17
1778013936,8.50,13.25,9.75,21.82,41.84,15.18,60.99,20.82,45.09
1778013938,8.50,13.00,10.00,21.90,41.83,15.12,60.97,21.19,45.13
1778013939,8.50,13.75,10.00,21.95,41.84,15.22,61.00,21.30,45.14
1778013941,8.56,14.00,9.75,21.84,41.82,15.09,60.98,21.29,45.15
1778013942,8.50,13.75,10.25,21.82,41.85,15.17,60.99,21.40,45.19
1778013944,8.50,13.50,10.00,21.87,41.86,15.11,60.98,21.52,45.28
1778013946,8.44,14.25,10.00,21.79,41.86,15.27,61.01,21.42,45.29
1778013947,8.50,13.75,10.25,21.87,41.88,15.23,61.01,21.34,45.29
1778013949,8.50,14.25,9.75,21.87,41.88,15.16,60.98,21.05,45.33
1778013951,8.44,13.50,10.00,21.92,41.89,15.11,60.93,21.38,45.38
1778013952,8.50,13.50,10.00,21.90,41.86,15.16,60.91,21.30,45.38
1778013954,8.44,14.00,9.75,21.85,41.85,15.12,60.88,21.05,45.36
1778013955,8.50,13.50,9.75,21.97,41.85,15.17,60.87,21.02,45.38
1778013957,8.50,13.25,10.00,21.83,41.81,15.17,60.83,21.41,45.49
1778013959,8.44,13.50,9.75,21.87,41.82,15.22,60.80,20.98,45.41
1778013960,8.44,13.25,10.00,21.84,41.79,15.28,60.81,20.99,45.39
1778013962,8.38,13.75,9.75,21.88,41.78,15.18,60.77,21.55,45.48
1778013963,8.38,14.00,9.75,21.90,41.79,15.29,60.77,21.33,45.45
1778013965,8.38,13.25,10.25,21.96,41.81,15.28,60.75,21.30,45.39
1778013967,8.44,13.50,10.25,21.78,41.78,15.12,60.70,21.29,45.36
1778013968,8.38,13.75,10.25,21.93,41.82,15.15,60.72,21.13,45.32
1778013970,8.38,13.25,10.50,21.83,41.79,15.15,60.72,21.04,45.29
1778013971,8.38,13.75,9.50,22.02,41.82,15.18,60.73,21.20,45.29
1778013973,8.38,13.75,10.25,21.88,41.80,15.09,60.75,20.83,45.21
1778013975,8.50,13.75,9.75,21.98,41.80,15.11,60.76,21.39,45.31
1778013976,8.38,14.00,10.00,21.80,41.76,15.23,60.83,20.96,45.25
1778013978,8.44,14.25,10.00,21.90,41.76,15.30,60.88,21.28,45.30
1778013979,8.44,14.00,9.75,21.90,41.76,15.28,60.91,21.31,45.29
1778013981,8.44,13.25,10.00,21.87,41.75,15.16,60.89,20.94,45.23
1778013983,8.44,13.75,10.50,21.99,41.78,15.18,60.94,21.29,45.28
1778013984,8.44,14.25,10.00,21.93,41.79,15.13,60.96,21.33,45.26
1778013986,8.44,13.50,10.25,21.81,41.78,15.26,61.00,20.91,45.20
1778013987,8.50,13.75,10.00,21.90,41.79,15.22,61.03,21.20,45.24
1778013989,8.44,14.00,10.00,21.95,41.81,15.18,61.04,21.21,45.26
1778013991,8.44,13.25,10.25,21.95,41.80,15.23,61.09,21.21,45.31
1778013992,8.50,13.75,10.00,21.84,41.80,15.12,61.07,21.69,45.42
1778013994,8.50,13.75,10.00,21.87,41.80,15.15,61.09,20.87,45.33
1778013996,8.50,13.25,10.25,21.87,41.78,15.17,61.07,20.87,45.37
1778013997,8.50,13.25,10.00,21.83,41.77,15.28,61.07,21.03,45.40
1778013999,8.44,13.50,10.00,21.87,41.78,15.15,61.01,21.31,45.45
1778014000,8.50,14.25,10.00,21.91,41.79,15.19,60.96,21.06,45.45
1778014002,8.50,13.50,10.00,21.91,41.79,15.14,60.93,21.35,45.50
1778014004,8.44,14.25,10.00,22.00,41.79,15.15,60.88,21.21,45.45
1778014005,8.44,13.75,9.75,21.89,41.77,15.17,60.84,20.99,45.45
1778014007,8.44,13.25,10.00,21.82,41.75,15.27,60.80,21.07,45.49
1778014008,8.44,13.25,9.75,21.87,41.78,15.23,60.77,20.87,45.50
1778014010,8.44,13.25,10.25,21.87,41.78,15.26,60.76,21.17,45.53
1778014012,8.44,13.75,9.75,21.93,41.79,15.18,60.72,20.98,45.49
1778014013,8.38,13.50,9.50,21.85,41.78,15.31,60.72,21.33,45.54
1778014015,8.38,13.25,10.00,21.84,41.81,15.27,60.71,21.30,45.52
1778014016,8.38,13.25,10.25,21.84,41.80,15.23,60.68,20.77,45.41
1778014018,8.38,13.50,10.25,21.78,41.79,15.13,60.65,20.98,45.44
1778014020,8.38,13.25,9.75,21.88,41.79,15.27,60.64,21.20,45.53
1778014021,8.44,13.50,9.75,21.87,41.79,15.19,60.61,21.04,45.53
1778014023,8.38,13.75,9.50,21.89,41.82,15.15,60.58,21.04,45.52
1778014024,8.31,13.25,9.50,22.06,41.89,15.18,60.56,21.05,45.51
1778014026,8.38,13.25,9.50,21.89,41.90,15.25,60.56,20.87,45.52
1778014028,8.38,13.50,10.25,21.79,41.91,15.05,60.50,21.23,45.59
1778014029,8.38,13.50,9.25,21.88,41.94,15.25,60.50,20.79,45.58
1778014031,8.31,13.00,10.25,21.95,41.98,15.11,60.46,20.96,45.66
1778014032,8.31,13.75,9.75,21.90,41.96,15.22,60.47,20.95,45.63
1778014034,8.31,13.75,10.00,21.85,41.96,15.15,60.44,20.98,45.64
1778014036,8.31,13.75,10.25,21.88,41.94,15.22,60.43,20.98,45.60
1778014037,8.31,13.75,10.00,21.97,41.90,15.31,60.43,21.58,45.63
1778014039,8.31,13.50,10.00,21.92,41.86,15.23,60.40,21.37,45.51
1778014040,8.25,13.00,9.50,21.88,41.83,15.12,60.38,21.14,45.43
1778014042,8.25,13.75,10.00,21.87,41.79,15.15,60.40,21.19,45.40
1778014044,8.25,13.75,10.25,21.95,41.77,15.09,60.42,21.06,45.39
1778014045,8.31,13.75,9.75,21.96,41.76,15.27,60.47,20.90,45.41
1778014047,8.25,14.00,10.00,21.94,41.72,15.26,60.53,20.87,45.43
1778014049,8.31,14.00,9.75,21.85,41.69,15.14,60.55,21.05,45.46
1778014050,8.31,13.50,10.25,21.88,41.68,15.10,60.61,21.40,45.50
1778014052,8.25,13.75,10.00,21.91,41.69,15.21,60.66,21.13,45.47
1778014053,8.25,14.00,10.25,21.89,41.70,15.21,60.70,21.14,45.46
1778014055,8.25,13.50,9.75,22.01,41.73,15.14,60.72,20.98,45.42
1778014057,8.31,13.75,10.25,21.81,41.72,15.15,60.78,21.27,45.52
1778014058,8.38,14.00,10.00,21.89,41.73,15.15,60.83,21.05,45.51
1778014060,8.31,13.75,10.25,21.89,41.74,15.13,60.85,21.23,45.56
1778014061,8.31,13.75,10.25,21.95,41.75,15.31,60.92,21.05,45.52
1778014063,8.31,13.25,10.00,21.93,41.75,15.10,60.89,21.02,45.51
1778014065,8.31,13.75,9.75,22.01,41.75,15.14,60.89,20.91,45.47
1778014066,8.38,13.75,9.75,21.89,41.71,15.19,60.90,21.40,45.54
1778014068,8.31,13.75,10.00,22.24,41.76,15.23,60.91,21.28,45.49
1778014069,8.31,13.75,10.25,21.91,41.71,15.23,60.90,20.87,45.41
1778014071,8.31,13.75,10.00,22.08,41.73,15.23,60.88,21.17,45.46
1778014073,8.38,14.00,10.25,21.90,41.69,15.11,60.83,21.21,45.51
1778014074,8.38,14.00,10.00,21.94,41.69,15.17,60.82,21.26,45.54
1778014076,8.38,14.00,9.75,21.86,41.66,15.12,60.79,21.03,45.49
1778014077,8.38,13.25,9.50,21.89,41.64,15.19,60.80,20.94,45.46
1778014079,8.38,13.75,9.25,21.97,41.64,15.12,60.76,21.19,45.49
1778014081,8.38,13.75,9.75,21.84,41.61,15.20,60.77,20.90,45.48
1778014082,8.38,13.50,9.50,21.89,41.60,15.09,60.75,20.89,45.55
1778014084,8.38,13.75,10.25,22.17,41.63,15.17,60.76,21.02,45.54
1778014085,8.38,13.25,10.00,21.96,41.62,15.13,60.71,20.96,45.53
1778014087,8.38,13.75,9.50,21.95,41.61,15.22,60.72,21.05,45.53
1778014089,8.38,13.50,10.00,21.97,41.62,15.26,60.74,21.24,45.56
1778014090,8.38,13.25,10.00,22.01,41.61,15.15,60.68,21.09,45.55
1778014092,8.31,13.50,10.00,21.89,41.62,15.16,60.68,21.65,45.64
1778014094,8.38,13.50,10.25,21.94,41.61,15.23,60.67,21.19,45.54
1778014095,8.38,13.75,10.00,21.87,41.64,15.13,60.66,21.26,45.52
1778014097,8.38,13.75,9.75,21.87,41.68,15.31,60.68,21.15,45.52
1778014098,8.38,13.75,10.00,21.95,41.73,15.12,60.66,21.41,45.55
1778014100,8.31,13.75,10.00,21.93,41.70,15.25,60.69,21.39,45.57
1778014102,8.38,13.75,10.00,22.20,41.74,15.35,60.74,21.02,45.52
1778014103,8.38,13.50,10.25,21.97,41.68,15.27,60.75,20.91,45.58
1778014105,8.38,13.75,10.00,22.01,41.65,15.10,60.73,21.22,45.64
1778014106,8.31,14.00,9.75,22.38,41.72,15.16,60.77,20.94,45.63
1778014108,8.38,13.75,9.75,21.97,41.67,15.30,60.81,21.27,45.71
1778014110,8.31,14.00,10.00,22.05,41.68,15.21,60.79,21.25,45.72
1778014111,8.31,13.50,10.00,22.15,41.75,15.25,60.80,20.98,45.68
1778014113,8.38,13.75,9.75,22.00,41.74,15.26,60.79,21.26,45.72
1778014114,8.31,13.25,10.00,21.86,41.72,15.15,60.74,21.16,45.70
1778014116,8.31,13.00,10.00,21.91,41.72,15.17,60.73,21.18,45.71
1778014118,8.31,13.00,9.50,22.11,41.74,15.06,60.67,20.94,45.71
1778014119,8.38,13.75,10.00,22.00,41.69,15.16,60.65,20.98,45.77
1778014121,8.25,13.50,9.75,22.03,41.66,15.19,60.63,20.85,45.75
1778014122,8.31,13.50,9.25,21.97,41.64,15.10,60.57,21.05,45.78
1778014124,8.31,13.50,9.75,22.02,41.65,15.20,60.56,21.01,45.75
1778014126,8.31,13.75,10.00,21.95,41.63,15.22,60.55,21.21,45.72
1778014127,8.31,13.75,10.00,21.89,41.60,15.15,60.54,20.92,45.72
1778014129,8.25,13.75,10.00,22.29,41.65,15.17,60.55,20.87,45.71
1778014130,8.25,13.75,10.00,21.86,41.56,15.23,60.57,21.00,45.75
1778014132,8.25,13.75,9.75,22.04,41.57,15.22,60.58,21.17,45.85
1778014134,8.25,14.00,9.75,21.90,41.52,15.22,60.57,21.17,45.89
1778014135,8.25,13.50,9.50,22.04,41.52,15.15,60.54,21.22,45.89
1778014137,8.25,13.25,9.75,21.88,41.47,15.18,60.55,21.69,45.95
1778014138,8.25,13.50,9.75,21.94,41.47,15.34,60.63,21.27,45.89
1778014140,8.25,13.00,10.00,21.89,41.48,15.30,60.65,21.09,45.86
1778014142,8.25,13.75,10.00,21.86,41.49,15.33,60.70,20.85,45.79
1778014143,8.25,13.25,9.75,21.96,41.55,15.26,60.73,21.10,45.87
1778014145,8.25,13.75,10.25,22.20,41.62,15.26,60.72,20.89,45.87
1778014147,8.25,14.00,10.00,21.96,41.61,15.29,60.73,21.37,45.96
1778014148,8.25,13.25,9.75,21.94,41.59,15.20,60.74,21.21,45.92
1778014150,8.25,13.50,10.00,22.15,41.61,15.22,60.75,20.94,45.88
1778014151,8.25,13.00,10.00,21.92,41.57,15.15,60.76,20.90,45.87
1778014153,8.25,13.25,9.75,21.93,41.55,15.15,60.77,21.18,45.89
1778014155,8.25,13.50,9.75,21.98,41.57,15.18,60.77,21.28,45.89
1778014156,8.25,13.25,9.75,21.80,41.55,15.22,60.77,21.15,45.88
1778014158,8.25,13.50,10.00,22.15,41.58,15.26,60.79,21.24,45.87
1778014159,8.25,13.50,9.75,21.95,41.55,15.17,60.76,20.72,45.78
1778014161,8.25,13.25,9.75,22.06,41.60,15.05,60.72,21.74,45.93
1778014163,8.25,13.00,9.50,22.04,41.62,15.11,60.70,21.09,45.77
1778014164,8.25,13.50,9.50,21.87,41.60,15.09,60.67,21.05,45.75
1778014166,8.19,13.50,9.75,21.90,41.58,15.23,60.69,21.42,45.76
1778014167,8.25,13.25,9.75,22.04,41.60,15.11,60.67,21.40,45.83
1778014169,8.25,13.25,9.25,22.25,41.61,15.21,60.67,21.31,45.80
1778014171,8.19,13.50,10.00,21.99,41.57,15.15,60.65,21.17,45.78
1778014172,8.19,13.75,9.75,21.91,41.54,15.17,60.67,21.25,45.79
1778014174,8.19,14.00,10.25,22.06,41.55,15.11,60.65,20.87,45.77
1778014175,8.25,13.50,10.00,22.40,41.61,15.22,60.67,21.15,45.85
1778014177,8.25,13.50,10.00,22.10,41.54,15.26,60.72,21.05,45.82
1778014179,8.19,13.50,10.00,22.12,41.52,15.24,60.71,21.38,45.86
1778014180,8.25,13.50,9.75,21.98,41.51,15.12,60.69,21.04,45.85
1778014182,8.31,13.75,10.25,21.91,41.51,15.15,60.70,21.26,45.92
1778014183,8.25,13.50,10.00,21.96,41.54,15.09,60.72,21.10,45.95
1778014185,8.25,13.25,10.00,22.12,41.62,15.19,60.80,21.15,45.96
1778014187,8.31,14.00,10.25,22.01,41.64,15.31,60.87,21.25,45.95
1778014188,8.25,13.50,10.25,22.08,41.67,15.06,60.89,21.03,45.91
1778014190,8.25,13.75,10.25,22.02,41.65,15.15,60.96,21.13,45.95
1778014192,8.25,13.75,10.00,21.95,41.65,15.12,60.98,20.92,45.98
1778014193,8.25,13.25,10.00,22.02,41.64,15.15,61.05,20.96,46.06
1778014195,8.31,14.00,9.75,22.03,41.61,15.07,61.07,21.08,46.08
1778014196,8.31,13.75,10.00,22.05,41.65,15.13,61.12,21.02,46.04
1778014198,8.31,13.25,10.00,22.05,41.68,15.09,61.15,20.91,45.97
1778014200,8.31,13.75,10.00,22.02,41.67,15.23,61.19,21.00,45.94
1778014201,8.31,13.00,10.25,21.98,41.66,15.26,61.19,20.83,45.87
1778014203,8.31,13.75,10.25,21.92,41.62,15.21,61.21,21.44,45.93
1778014204,8.38,13.50,10.50,22.33,41.68,15.23,61.23,20.93,45.84
1778014206,8.38,13.50,9.75,22.02,41.61,15.19,61.22,21.37,45.93
1778014208,8.38,13.75,10.00,22.03,41.63,15.19,61.21,21.37,46.03
1778014209,8.44,13.75,10.50,22.10,41.64,15.13,61.22,21.37,46.14
1778014211,8.50,13.75,10.25,21.95,41.63,15.28,61.26,20.98,46.15
1778014212,8.50,13.25,10.50,21.91,41.63,15.18,61.24,20.92,46.23
1778014214,8.56,13.75,9.75,22.11,41.72,15.23,61.24,21.19,46.35
1778014216,8.56,14.00,10.50,22.22,41.80,15.21,61.23,21.05,46.32
1778014217,8.63,14.00,10.00,21.84,41.80,15.22,61.21,21.37,46.33
1778014219,8.50,13.50,10.25,21.79,41.81,15.13,61.15,21.01,46.16
1778014220,8.50,14.00,10.25,21.88,41.84,15.30,61.12,20.87,46.04
1778014222,8.56,13.50,10.00,22.03,41.86,15.23,61.08,20.94,45.97
1778014224,8.50,13.75,10.00,22.12,41.88,15.34,61.03,21.47,46.06
1778014225,8.50,14.00,10.00,21.91,41.81,15.21,60.95,20.97,46.02
1778014227,8.56,14.00,10.25,22.00,41.79,15.23,60.91,21.31,46.13
1778014228,8.56,13.75,10.25,22.08,41.81,15.30,60.88,21.79,46.24
1778014230,8.56,14.25,10.50,21.94,41.80,15.20,60.82,21.02,46.08
1778014232,8.50,14.25,10.00,22.01,41.81,15.23,60.77,21.10,46.02
1778014233,8.50,14.25,10.25,21.88,41.80,15.20,60.76,20.94,45.92
1778014235,8.50,13.75,10.00,21.91,41.81,15.25,60.75,21.26,45.88
1778014237,8.56,14.25,10.00,22.00,41.82,15.12,60.70,21.23,45.81
1778014238,8.56,13.75,10.00,22.13,41.83,15.18,60.72,21.04,45.72
1778014240,8.56,13.75,10.25,22.03,41.79,15.22,60.74,21.00,45.66
1778014241,8.50,13.50,10.25,22.08,41.76,15.34,60.74,21.26,45.69
1778014243,8.50,13.75,10.50,22.16,41.73,15.30,60.74,21.23,45.69
1778014245,8.56,13.50,10.25,22.10,41.68,15.26,60.70,21.37,45.74
1778014246,8.50,13.50,10.25,21.99,41.63,15.20,60.65,21.26,45.75
1778014248,8.50,14.00,10.25,21.96,41.61,15.40,60.63,20.96,45.69
1778014249,8.50,14.00,9.75,22.01,41.57,15.17,60.53,21.26,45.70
1778014251,8.44,13.50,10.25,22.28,41.59,15.25,60.50,21.37,45.65
1778014253,8.44,13.25,9.50,21.94,41.52,15.24,60.46,21.05,45.55
1778014254,8.44,13.50,10.25,22.17,41.54,15.19,60.40,20.98,45.56
1778014256,8.38,13.75,10.00,22.10,41.53,15.30,60.38,21.32,45.62
1778014257,8.38,13.75,10.25,21.99,41.53,15.26,60.35,20.58,45.48
1778014259,8.38,13.25,9.75,22.13,41.57,15.21,60.32,21.05,45.52
1778014261,8.38,13.75,10.25,21.91,41.51,15.28,60.33,21.01,45.53
1778014262,8.44,13.75,10.25,21.99,41.50,15.22,60.33,21.29,45.60
1778014264,8.44,13.75,10.25,22.06,41.49,15.16,60.36,21.03,45.60
1778014265,8.44,13.75,10.50,22.14,41.51,15.21,60.39,20.97,45.56
1778014267,8.44,14.00,10.25,22.01,41.55,15.15,60.39,21.03,45.59
1778014269,8.44,14.00,10.00,21.97,41.58,15.37,60.42,21.31,45.66
1778014270,8.44,13.75,9.75,22.00,41.60,15.19,60.38,21.44,45.68
1778014272,8.44,13.50,9.75,22.04,41.61,15.37,60.39,21.53,45.62
1778014273,8.44,13.75,10.00,21.95,41.57,15.23,60.37,21.08,45.54
1778014275,8.44,13.50,10.00,22.14,41.58,15.25,60.33,21.07,45.57
1778014277,8.38,13.25,9.50,21.93,41.53,15.14,60.28,20.80,45.57
1778014278,8.38,13.75,9.75,22.09,41.52,15.20,60.24,21.53,45.71
1778014280,8.31,13.25,10.00,22.28,41.54,15.29,60.21,21.28,45.67
1778014281,8.31,13.50,9.75,22.00,41.46,15.21,60.13,21.31,45.65
1778014283,8.31,13.50,9.75,22.01,41.45,15.24,60.09,21.38,45.60
1778014285,8.31,13.25,9.75,22.38,41.52,15.14,60.05,21.03,45.49
1778014286,8.31,13.25,9.50,22.00,41.48,15.15,60.03,21.02,45.47
1778014288,8.25,13.25,9.75,22.02,41.50,15.30,60.01,21.24,45.54
1778014290,8.25,13.75,9.75,22.16,41.53,15.29,60.02,21.15,45.56
1778014291,8.25,14.00,9.75,22.10,41.55,15.18,60.02,21.12,45.61
1778014293,8.19,13.50,10.00,22.22,41.55,15.25,60.05,21.59,45.69
1778014294,8.19,13.25,9.50,22.03,41.51,15.22,60.05,21.25,45.60
1778014296,8.19,14.00,9.75,22.04,41.50,15.24,60.07,20.98,45.53
1778014298,8.25,13.50,10.25,22.05,41.51,15.20,60.10,21.33,45.50
1778014299,8.19,13.50,9.75,22.00,41.52,15.14,60.13,21.03,45.39
1778014301,8.25,13.75,9.75,22.00,41.55,15.23,60.18,21.10,45.31
1778014302,8.19,13.25,9.75,21.95,41.55,15.26,60.22,21.02,45.24
1778014304,8.19,13.75,10.00,22.02,41.55,15.27,60.26,21.37,45.26
1778014306,8.19,13.50,10.00,22.18,41.55,15.22,60.29,21.28,45.25
1778014307,8.25,14.00,9.50,22.17,41.54,15.23,60.34,21.29,45.25
1778014309,8.19,13.50,9.75,22.32,41.55,15.23,60.35,20.94,45.16
1778014310,8.19,13.50,10.00,22.05,41.51,15.15,60.38,21.19,45.17
1778014312,8.25,13.50,10.00,22.03,41.47,15.29,60.40,21.38,45.23
1778014314,8.25,13.50,10.00,22.01,41.47,15.15,60.37,21.33,45.25
1778014315,8.25,13.75,10.00,22.15,41.48,15.14,60.39,21.50,45.28
1778014317,8.19,13.50,10.00,22.16,41.46,15.26,60.40,21.17,45.23
1778014318,8.25,13.50,9.50,22.19,41.45,15.14,60.36,21.10,45.18
1778014320,8.25,13.75,9.00,22.01,41.42,15.28,60.36,21.05,45.16
1778014322,8.19,13.50,9.50,22.16,41.40,15.19,60.35,21.21,45.20
1778014323,8.19,13.50,9.50,22.19,41.39,15.14,60.32,21.00,45.22
1778014325,8.19,13.00,10.00,22.08,41.36,15.20,60.33,21.22,45.23
1778014326,8.25,13.25,10.00,22.38,41.37,15.13,60.30,21.46,45.27
1778014328,8.19,13.50,10.00,22.16,41.32,15.18,60.34,21.33,45.29
1778014330,8.19,13.50,9.50,22.27,41.33,15.17,60.35,20.98,45.23
1778014331,8.19,13.25,10.00,22.04,41.28,15.20,60.38,21.06,45.21
1778014333,8.25,13.25,10.25,21.97,41.27,15.34,60.42,20.99,45.19
1778014335,8.19,13.75,9.75,21.99,41.28,15.22,60.44,21.16,45.25
1778014336,8.25,14.00,9.75,21.95,41.27,15.22,60.48,21.07,45.21
1778014338,8.25,14.00,9.75,22.00,41.27,15.18,60.51,21.40,45.25
1778014339,8.31,14.00,10.25,22.12,41.29,15.19,60.54,21.14,45.26
1778014341,8.31,13.75,10.00,22.05,41.28,15.23,60.62,21.24,45.31
1778014343,8.31,13.75,9.50,22.17,41.30,15.21,60.64,21.33,45.29
1778014344,8.31,13.50,10.00,21.93,41.30,15.06,60.66,21.09,45.25
1778014346,8.31,13.75,9.75,22.06,41.33,15.29,60.74,21.02,45.24
1778014347,8.31,13.00,9.75,21.99,41.30,15.15,60.74,21.07,45.25
1778014349,8.38,13.75,9.75,22.29,41.34,15.34,60.75,21.06,45.28
1778014351,8.31,13.50,10.25,22.28,41.34,15.16,60.70,21.35,45.37
1778014352,8.31,13.50,9.75,22.27,41.37,15.17,60.71,21.44,45.40
1778014354,8.31,13.50,10.00,22.12,41.36,15.22,60.70,21.59,45.46
1778014355,8.31,13.50,9.25,22.03,41.37,15.11,60.67,20.79,45.30
1778014357,8.38,13.50,10.00,22.17,41.42,15.23,60.64,20.97,45.35
1778014359,8.31,14.00,10.00,21.99,41.42,15.23,60.59,21.17,45.43
1778014360,8.38,14.00,10.00,22.07,41.46,15.18,60.54,21.35,45.42
1778014362,8.25,13.75,9.75,22.00,41.43,15.13,60.50,21.09,45.37
1778014363,8.31,13.25,9.75,22.07,41.39,15.19,60.51,21.30,45.41
1778014365,8.25,13.75,9.50,22.01,41.38,15.23,60.49,21.01,45.32
1778014367,8.31,13.50,9.50,22.19,41.37,15.23,60.46,20.99,45.24
1778014368,8.31,13.50,9.75,21.96,41.36,15.21,60.43,21.02,45.21
1778014370,8.31,13.25,10.00,21.97,41.36,15.24,60.43,21.13,45.25
1778014371,8.25,13.25,9.50,21.90,41.34,15.15,60.41,21.06,45.25
1778014373,8.31,13.50,10.00,22.04,41.37,15.29,60.44,21.38,45.27
1778014375,8.31,13.50,10.25,21.97,41.35,15.26,60.44,21.37,45.24
1778014376,8.31,13.75,9.75,22.11,41.37,15.17,60.44,21.17,45.19
1778014378,8.31,13.75,9.25,22.25,41.41,15.11,60.48,21.22,45.16
1778014380,8.25,13.50,10.25,22.17,41.42,15.24,60.52,21.26,45.14
1778014381,8.31,13.50,9.75,22.00,41.37,15.28,60.55,21.52,45.15
1778014383,8.31,14.00,10.25,22.01,41.38,15.23,60.55,21.34,45.16
1778014384,8.31,13.50,10.00,22.12,41.39,15.20,60.54,21.06,45.14
1778014386,8.31,13.50,10.00,22.18,41.40,15.15,60.54,21.37,45.19
1778014388,8.31,13.75,9.75,22.00,41.36,15.25,60.56,21.09,45.16
1778014389,8.25,13.50,10.00,22.08,41.39,15.25,60.57,21.33,45.21
1778014391,8.31,13.50,10.00,22.20,41.40,15.23,60.57,20.94,45.16
1778014392,8.31,13.75,10.25,22.00,41.39,15.15,60.57,21.11,45.24
1778014394,8.31,13.75,10.00,22.10,41.42,15.30,60.60,21.15,45.26
1778014396,8.31,13.75,10.25,22.12,41.40,15.16,60.60,20.98,45.20
1778014397,8.25,13.50,9.75,22.36,41.43,15.19,60.62,21.57,45.29
1778014399,8.31,13.50,10.00,22.12,41.38,15.19,60.66,21.67,45.32
1778014400,8.31,13.50,10.00,21.95,41.36,15.15,60.68,21.06,45.24
1778014402,8.31,13.75,10.00,21.96,41.38,15.27,60.74,21.09,45.27
1778014404,8.31,13.25,10.00,22.02,41.41,15.20,60.77,21.25,45.36
1778014405,8.25,13.75,9.75,22.05,41.44,15.14,60.80,21.05,45.35
1778014407,8.31,13.75,10.00,22.27,41.46,15.15,60.83,21.45,45.43
1778014408,8.31,13.50,9.75,22.24,41.46,15.19,60.86,21.05,45.37
1778014410,8.38,13.75,9.75,21.99,41.42,15.10,60.90,21.30,45.43
1778014412,8.31,13.75,10.50,22.01,41.40,15.17,60.92,21.24,45.41
1778014413,8.31,14.00,9.75,22.15,41.41,15.17,60.94,21.28,45.43
1778014415,8.38,14.00,9.75,22.19,41.42,15.16,60.96,21.14,45.49
1778014416,8.44,13.50,9.75,21.93,41.38,15.23,61.00,21.16,45.56
1778014418,8.38,13.75,10.25,22.37,41.47,15.15,60.99,20.85,45.56
1778014420,8.38,14.00,10.25,22.05,41.43,15.26,61.03,21.32,45.63
1778014421,8.44,13.50,9.50,21.95,41.44,15.25,61.01,21.04,45.58
1778014423,8.44,13.50,10.25,21.86,41.45,15.23,60.98,21.02,45.56
1778014424,8.38,13.00,9.50,21.91,41.47,15.19,60.92,21.01,45.51
1778014426,8.44,13.50,10.00,22.00,41.51,15.20,60.89,21.15,45.46
1778014428,8.38,13.50,9.75,22.20,41.51,15.21,60.80,21.48,45.43
1778014429,8.38,13.00,9.75,22.04,41.49,15.19,60.76,21.34,45.36
1778014431,8.38,13.00,10.00,21.97,41.47,15.18,60.69,21.01,45.32
1778014433,8.38,13.75,10.00,21.95,41.46,15.31,60.67,21.10,45.36
1778014434,8.31,13.50,9.25,21.97,41.45,15.13,60.55,21.34,45.39
1778014436,8.31,13.50,9.75,22.02,41.44,15.23,60.51,20.67,45.29
1778014437,8.38,13.50,9.75,22.15,41.45,15.17,60.46,21.42,45.44
1778014439,8.31,13.00,10.00,22.13,41.47,15.24,60.42,21.04,45.42
1778014441,8.19,13.50,9.50,22.16,41.47,15.18,60.40,21.10,45.45
1778014442,8.25,14.00,9.00,22.07,41.46,15.13,60.38,21.30,45.44
1778014444,8.25,13.75,9.75,21.95,41.48,15.23,60.37,21.00,45.36
1778014445,8.25,13.75,9.50,21.82,41.47,15.26,60.39,20.96,45.35
1778014447,8.25,13.50,10.25,21.88,41.50,15.13,60.36,21.24,45.35
1778014449,8.25,13.75,10.25,22.01,41.50,15.09,60.37,21.00,45.26
1778014450,8.25,13.50,9.50,22.45,41.58,15.15,60.40,21.30,45.28
1778014452,8.19,13.50,9.75,22.05,41.52,15.18,60.42,21.34,45.25
1778014453,8.19,13.25,9.75,22.04,41.52,15.12,60.42,21.29,45.21
1778014455,8.25,13.25,9.75,21.95,41.49,15.23,60.46,20.94,45.13
1778014457,8.19,13.50,9.75,22.20,41.51,15.25,60.47,21.22,45.15
1778014458,8.25,13.50,10.25,22.07,41.47,15.18,60.45,21.13,45.12
1778014460,8.19,13.50,10.00,21.91,41.43,15.25,60.47,21.40,45.16
1778014461,8.25,13.75,10.25,21.97,41.47,15.30,60.50,20.97,45.17
1778014463,8.25,13.00,9.75,22.14,41.50,15.19,60.46,21.40,45.30
1778014465,8.19,13.00,9.75,21.94,41.48,15.09,60.47,20.95,45.29
1778014466,8.19,13.75,10.25,22.14,41.48,15.22,60.52,21.02,45.31
1778014468,8.25,13.75,10.25,22.05,41.48,15.08,60.51,21.19,45.30
1778014469,8.19,13.75,10.25,22.07,41.46,15.17,60.54,21.64,45.32
1778014471,8.25,13.50,10.00,22.02,41.46,15.26,60.59,21.05,45.20
1778014473,8.19,13.75,10.25,22.19,41.48,15.20,60.60,21.23,45.29
1778014474,8.25,13.75,9.75,21.93,41.45,15.09,60.59,21.30,45.34
1778014476,8.25,13.75,10.25,22.13,41.50,15.17,60.60,20.98,45.31
1778014477,8.19,13.75,10.25,22.18,41.55,15.23,60.60,21.56,45.38
1778014479,8.25,13.75,10.25,22.27,41.54,15.11,60.60,20.92,45.32
1778014481,8.25,14.00,9.75,22.05,41.51,15.20,60.63,20.80,45.35
1778014482,8.25,13.50,9.75,21.92,41.46,15.21,60.62,21.09,45.48
1778014484,8.19,13.50,9.75,22.18,41.51,15.06,60.60,21.38,45.60
1778014486,8.19,13.25,10.25,21.88,41.46,15.22,60.64,20.91,45.54
1778014487,8.25,13.75,9.50,22.09,41.48,15.03,60.61,21.33,45.58
1778014489,8.25,13.75,10.25,22.13,41.48,15.15,60.60,21.01,45.49
1778014490,8.19,13.25,9.50,21.97,41.44,15.23,60.62,21.04,45.49
1778014492,8.25,13.50,9.50,22.11,41.45,15.22,60.60,21.41,45.55
1778014494,8.19,13.50,9.75,22.12,41.46,15.22,60.60,21.09,45.50
1778014495,8.19,13.50,9.75,22.02,41.44,15.16,60.59,21.11,45.55
1778014497,8.19,13.25,9.50,22.03,41.39,15.22,60.62,21.23,45.63
1778014498,8.19,13.50,9.75,21.91,41.40,15.30,60.66,21.09,45.70
1778014500,8.19,13.50,9.75,22.30,41.43,15.18,60.64,21.11,45.76
1778014502,8.25,13.50,10.00,22.06,41.41,15.04,60.61,21.24,45.80
1778014503,8.13,13.75,10.25,22.08,41.41,15.15,60.63,20.94,45.71
1778014505,8.19,13.50,9.75,22.00,41.44,15.27,60.67,21.42,45.73
1778014506,8.19,13.75,10.00,22.01,41.49,15.19,60.67,20.83,45.63
1778014508,8.25,13.75,10.00,22.03,41.54,15.16,60.67,21.19,45.65
1778014510,8.19,13.75,9.50,21.92,41.53,15.22,60.68,21.25,45.62
1778014511,8.25,13.75,10.00,21.94,41.55,15.28,60.68,20.95,45.55
1778014513,8.25,13.50,9.75,22.31,41.58,15.06,60.65,21.34,45.59
1778014514,8.19,13.50,9.50,22.02,41.51,15.20,60.67,21.38,45.58
1778014516,8.19,13.00,10.00,22.12,41.51,15.13,60.66,20.81,45.48
1778014518,8.19,13.50,10.25,22.37,41.56,15.15,60.66,20.84,45.51
1778014519,8.25,13.50,10.00,22.16,41.56,15.07,60.65,21.42,45.58
1778014521,8.25,13.75,9.75,22.04,41.55,15.18,60.69,21.17,45.52
1778014522,8.19,13.50,10.00,21.87,41.54,15.15,60.70,21.05,45.51
1778014524,8.25,13.50,10.00,21.91,41.55,15.12,60.69,21.07,45.47
1778014526,8.19,13.50,10.00,21.91,41.54,15.23,60.72,21.23,45.45
1778014527,8.19,14.00,9.75,21.92,41.53,15.17,60.72,21.05,45.43
1778014529,8.19,13.75,9.75,21.91,41.53,15.13,60.71,21.04,45.47
1778014531,8.19,13.25,10.25,22.00,41.53,15.15,60.71,21.34,45.63
1778014532,8.19,13.75,10.25,22.11,41.55,15.11,60.75,20.91,45.69
1778014534,8.25,13.75,10.00,22.01,41.56,15.16,60.80,21.32,45.81
1778014535,8.31,14.00,10.50,22.41,41.61,15.15,60.85,20.80,45.69
1778014537,8.38,14.00,9.75,21.84,41.50,15.09,60.85,20.91,45.64
1778014539,8.31,14.00,10.25,22.10,41.54,15.09,60.91,20.96,45.60
1778014540,8.31,13.75,10.00,22.07,41.55,15.26,60.98,20.99,45.60
1778014542,8.38,14.00,9.50,22.05,41.55,15.23,61.02,20.78,45.54
1778014543,8.31,13.75,10.25,21.94,41.56,15.21,61.05,21.15,45.56
1778014545,8.38,14.00,10.00,22.09,41.58,15.26,61.07,21.25,45.57
1778014547,8.38,13.75,10.50,22.12,41.60,15.15,61.03,21.17,45.57
1778014548,8.50,13.25,10.00,22.06,41.60,15.19,61.02,20.79,45.57
1778014550,8.50,13.75,10.00,21.99,41.60,15.19,61.02,21.19,45.68
1778014551,8.56,14.25,9.75,21.97,41.63,15.16,61.00,21.39,45.74
1778014553,8.56,13.25,10.00,22.04,41.64,15.21,60.97,21.26,45.69
1778014555,8.50,13.75,9.75,22.05,41.66,15.18,60.91,20.98,45.63
1778014556,8.50,13.50,10.00,22.02,41.64,15.13,60.84,21.35,45.68
1778014558,8.50,13.50,10.00,21.91,41.61,15.23,60.77,21.09,45.61
1778014559,8.44,13.50,10.00,22.01,41.62,15.22,60.68,21.33,45.64
1778014561,8.38,13.50,9.50,22.05,41.63,15.14,60.59,21.38,45.67
1778014563,8.38,13.50,9.50,22.14,41.62,15.09,60.52,21.32,45.59
1778014564,8.31,13.25,9.75,22.12,41.63,15.20,60.50,21.04,45.52
1778014566,8.25,13.00,10.00,21.97,41.60,15.26,60.47,21.13,45.54
1778014567,8.31,13.75,9.25,22.12,41.62,15.15,60.41,21.18,45.51
1778014569,8.25,13.75,10.00,22.13,41.65,15.11,60.38,20.86,45.40
1778014571,8.19,13.50,9.75,22.00,41.66,15.07,60.34,21.29,45.41
1778014572,8.19,14.00,10.00,22.07,41.70,15.23,60.36,20.87,45.33
1778014574,8.19,13.50,10.00,22.16,41.74,15.16,60.35,20.99,45.34
1778014575,8.19,13.50,9.75,22.20,41.72,15.11,60.34,21.10,45.39
1778014577,8.19,13.75,10.25,21.93,41.67,15.13,60.38,21.31,45.48
1778014579,8.19,13.50,10.25,22.08,41.69,15.23,60.45,21.02,45.43
1778014580,8.25,13.50,9.75,22.11,41.70,15.12,60.48,21.02,45.42
1778014582,8.19,13.50,10.00,22.08,41.70,15.13,60.53,20.94,45.36
1778014584,8.19,14.00,9.75,21.92,41.68,15.20,60.59,21.15,45.38
1778014585,8.19,13.50,9.25,21.91,41.68,15.16,60.62,20.87,45.36
1778014587,8.19,13.50,10.00,22.01,41.70,15.09,60.64,21.07,45.44
1778014588,8.19,14.00,9.75,21.96,41.70,15.21,60.68,20.90,45.44
1778014590,8.19,13.75,9.50,21.77,41.66,15.13,60.69,21.37,45.54
1778014592,8.25,13.75,10.00,22.02,41.70,15.21,60.72,21.25,45.56
1778014593,8.19,13.00,9.75,22.03,41.66,15.20,60.72,21.30,45.61
1778014595,8.19,13.50,9.50,22.07,41.66,15.15,60.73,21.33,45.61
1778014596,8.19,14.00,10.25,22.45,41.72,15.11,60.73,21.06,45.51
1778014598,8.25,13.75,10.00,22.06,41.65,15.08,60.73,21.34,45.48
1778014600,8.25,13.50,9.75,22.10,41.64,15.19,60.76,21.03,45.44
1778014601,8.19,13.50,9.50,22.08,41.63,15.21,60.82,21.13,45.47
1778014603,8.19,13.50,10.00,21.98,41.62,15.15,60.82,21.18,45.52
1778014604,8.19,13.75,10.00,21.91,41.62,15.15,60.84,21.05,45.49
1778014606,8.19,13.75,9.75,22.22,41.65,15.13,60.86,21.09,45.44
1778014608,8.19,13.50,9.00,21.90,41.60,15.22,60.89,21.41,45.47
1778014609,8.19,13.50,9.50,21.97,41.59,15.13,60.88,21.19,45.45
1778014611,8.25,13.50,10.00,22.12,41.61,15.05,60.86,21.01,45.44
1778014612,8.19,13.75,10.00,22.02,41.60,15.13,60.86,21.06,45.46
1778014614,8.19,13.00,10.00,21.93,41.59,15.15,60.85,21.29,45.47
1778014616,8.19,13.50,10.25,22.05,41.62,15.04,60.83,21.05,45.43
1778014617,8.19,13.50,9.75,22.02,41.63,15.14,60.82,20.95,45.40
1778014619,8.19,13.50,9.75,22.11,41.65,15.09,60.79,21.25,45.39
1778014620,8.19,13.75,9.75,22.05,41.65,15.15,60.79,21.38,45.39
1778014622,8.19,13.50,9.75,21.99,41.66,15.23,60.78,21.15,45.36
1778014624,8.19,14.00,10.00,21.93,41.66,15.08,60.75,21.11,45.38
1778014625,8.25,13.75,9.75,22.11,41.73,15.09,60.74,21.21,45.44
1778014627,8.19,13.50,10.00,22.11,41.75,15.09,60.71,21.19,45.39
1778014629,8.25,13.75,9.75,22.05,41.76,15.08,60.66,20.96,45.31
1778014630,8.19,13.50,9.25,21.83,41.70,15.17,60.61,21.02,45.33
1778014632,8.13,13.50,10.00,22.28,41.73,15.06,60.49,21.00,45.35
1778014633,8.13,13.75,9.75,22.00,41.68,15.20,60.44,21.44,45.43
1778014635,8.13,13.50,9.75,22.00,41.64,15.05,60.30,21.25,45.32
1778014637,8.13,12.75,9.50,22.07,41.64,15.17,60.27,20.83,45.19
1778014638,8.13,13.25,9.50,22.02,41.60,15.12,60.21,21.35,45.27
1778014640,8.13,13.25,9.50,22.11,41.61,15.12,60.15,20.94,45.17
1778014641,8.13,13.25,10.00,21.90,41.58,15.13,60.07,21.29,45.21
1778014643,8.13,13.25,9.50,22.23,41.64,15.04,60.00,20.95,45.15
1778014645,8.06,13.75,10.00,22.04,41.63,15.17,59.94,20.85,45.13
1778014646,8.06,13.50,9.50,22.05,41.66,15.05,59.83,21.25,45.20
1778014648,8.06,13.50,9.25,21.92,41.64,15.23,59.78,21.02,45.18
1778014649,8.00,13.25,9.75,22.08,41.66,15.21,59.70,21.15,45.31
1778014651,8.00,13.25,9.50,22.21,41.69,15.15,59.65,21.30,45.42
1778014653,8.00,13.25,9.75,21.86,41.63,15.02,59.59,21.33,45.53
1778014654,8.00,13.50,10.00,22.05,41.67,15.12,59.55,21.35,45.53
1778014656,8.00,13.25,9.50,21.91,41.61,15.09,59.50,21.50,45.59
1778014657,8.00,13.50,10.00,22.07,41.64,15.04,59.46,20.91,45.53
1778014659,8.00,13.50,9.75,22.06,41.62,15.06,59.43,20.81,45.47
1778014661,8.00,13.25,9.50,22.12,41.66,15.15,59.40,20.91,45.42
1778014662,7.94,13.25,9.00,22.00,41.65,15.04,59.38,21.04,45.37
1778014664,7.94,13.25,9.50,22.09,41.64,15.19,59.42,21.24,45.34
1778014665,7.94,13.75,9.50,21.82,41.60,15.02,59.39,21.26,45.26
1778014667,8.00,13.50,9.75,22.04,41.61,15.12,59.38,20.94,45.16
1778014669,7.94,13.25,10.00,21.92,41.60,14.95,59.35,20.98,45.15
1778014670,8.00,13.50,9.25,22.05,41.61,15.14,59.36,21.15,45.15
1778014672,7.94,13.50,9.75,22.15,41.59,15.13,59.35,20.84,45.06
1778014673,8.00,13.25,9.50,22.05,41.55,15.05,59.33,21.13,45.16
1778014675,7.94,13.25,9.75,22.04,41.53,15.10,59.35,20.94,45.22
1778014677,8.00,13.25,9.50,22.16,41.55,15.19,59.34,21.03,45.26
1778014678,7.94,13.25,9.50,22.03,41.53,14.97,59.30,21.27,45.27
1778014680,7.94,13.00,9.50,21.94,41.51,15.07,59.33,20.98,45.27
1778014682,7.94,13.25,9.50,22.03,41.54,15.04,59.31,21.02,45.33
1778014683,7.94,13.25,9.00,21.92,41.55,15.05,59.33,21.17,45.38
1778014685,7.94,13.50,9.50,22.08,41.62,15.10,59.30,21.19,45.42
1778014686,7.94,13.50,9.25,22.08,41.63,14.98,59.27,21.06,45.46
1778014688,7.94,13.50,9.00,21.93,41.60,15.08,59.24,21.44,45.57
1778014690,7.88,13.25,9.50,22.10,41.58,14.99,59.17,20.98,45.46
1778014691,7.88,13.50,9.50,21.97,41.54,15.06,59.14,21.13,45.43
1778014693,7.94,13.25,9.25,22.11,41.56,15.02,59.08,20.94,45.37
1778014694,7.88,13.25,9.50,22.00,41.53,15.14,59.07,21.06,45.28
1778014696,7.81,13.25,9.50,22.02,41.54,15.14,59.04,21.29,45.30
1778014698,7.81,13.25,9.75,21.86,41.51,15.04,59.02,21.43,45.41
1778014699,7.81,13.25,9.25,21.95,41.53,14.99,58.99,20.94,45.43
1778014701,7.81,13.25,9.75,22.09,41.54,14.93,58.97,21.33,45.53
1778014702,7.81,13.50,9.50,22.06,41.51,15.02,58.96,20.94,45.43
1778014704,7.75,13.50,9.50,22.12,41.54,15.09,58.98,21.10,45.45
1778014706,7.75,13.25,9.50,21.70,41.47,14.94,58.96,21.01,45.38
1778014707,7.75,12.75,9.50,22.02,41.52,14.98,58.97,21.34,45.34
1778014709,7.75,13.50,9.25,21.97,41.53,14.89,58.94,21.59,45.27
1778014710,7.75,13.25,9.25,22.11,41.55,14.87,58.92,21.23,45.13
1778014712,7.75,13.50,9.25,21.99,41.54,14.86,58.95,21.26,45.09
1778014714,7.75,13.25,9.50,22.08,41.53,14.91,58.96,21.04,45.04
1778014715,7.75,13.50,9.50,21.97,41.51,14.90,58.98,20.99,44.97
1778014717,7.75,13.75,9.50,22.31,41.53,14.87,59.01,21.02,44.97
1778014718,7.75,13.50,9.50,22.00,41.47,14.94,59.04,21.25,44.99
1778014720,7.75,13.25,9.50,21.93,41.47,14.89,59.06,20.88,44.95
1778014722,7.75,13.75,9.25,21.95,41.49,14.95,59.10,20.98,44.95
1778014723,7.75,13.25,9.00,21.75,41.47,14.90,59.13,21.09,44.95
1778014725,7.81,13.50,9.50,21.96,41.50,14.91,59.14,20.99,44.97
1778014726,7.81,13.75,9.50,22.08,41.51,14.95,59.20,21.09,45.12
1778014728,7.88,13.25,9.75,21.94,41.49,14.93,59.23,21.08,45.26
1778014730,7.94,13.75,10.00,21.90,41.50,15.05,59.30,21.14,45.42
1778014731,7.94,13.75,10.00,21.99,41.54,14.94,59.32,21.40,45.58
1778014733,8.00,13.50,9.50,22.12,41.59,14.92,59.35,21.17,45.61
1778014735,8.00,13.25,10.00,21.68,41.55,15.02,59.42,21.02,45.57
1778014736,8.00,13.50,9.75,22.15,41.67,15.00,59.48,21.39,45.56
1778014738,8.00,13.50,9.75,21.92,41.66,15.05,59.53,20.94,45.43
1778014739,8.00,13.50,9.50,21.95,41.69,15.04,59.54,21.40,45.45
1778014741,7.94,13.50,9.50,22.05,41.69,15.12,59.54,21.11,45.44
1778014743,7.94,13.50,9.50,21.87,41.64,15.01,59.51,20.91,45.40
1778014744,7.94,13.50,9.75,22.10,41.66,15.03,59.48,21.33,45.46
1778014746,7.94,13.50,10.00,21.91,41.63,14.96,59.41,21.37,45.40
1778014747,7.94,13.50,9.25,21.82,41.65,14.98,59.37,20.83,45.24
1778014749,7.94,13.50,9.50,21.98,41.70,15.04,59.32,21.01,45.17
1778014751,7.94,13.50,9.50,21.91,41.70,15.02,59.25,20.91,45.09
1778014752,8.00,13.50,9.00,21.97,41.72,14.92,59.16,20.88,44.99
1778014754,7.88,14.00,9.75,22.04,41.68,14.96,59.14,20.85,44.93
1778014755,7.88,13.50,9.75,22.02,41.67,14.94,59.06,21.07,44.97
1778014757,7.88,13.50,9.25,21.90,41.63,14.91,59.01,21.15,45.00
1778014759,7.88,13.25,9.50,22.07,41.65,14.91,58.94,21.50,45.12
1778014760,7.88,13.25,9.50,22.02,41.64,14.91,58.89,21.07,45.13
1778014762,7.81,12.50,9.25,21.95,41.60,14.98,58.89,21.05,45.18
1778014763,7.81,13.50,9.50,21.97,41.57,14.91,58.85,20.96,45.17
1778014765,7.81,13.50,9.50,22.06,41.57,14.90,58.83,20.97,45.15
1778014767,7.88,13.50,9.50,21.89,41.53,14.94,58.82,20.95,45.08
1778014768,7.75,13.50,9.50,21.88,41.53,14.94,58.82,20.89,44.97
1778014770,7.75,13.50,9.50,21.91,41.50,14.91,58.79,21.04,44.90
1778014771,7.81,13.50,9.25,21.73,41.49,14.87,58.75,20.85,44.85
1778014773,7.81,13.50,9.25,22.05,41.52,14.94,58.77,21.36,44.95
1778014775,7.81,13.50,9.50,21.91,41.48,14.94,58.76,21.09,44.91
1778014776,7.75,13.50,9.75,21.97,41.50,15.02,58.76,21.28,44.95
1778014778,7.81,13.50,9.25,22.02,41.55,14.94,58.79,21.23,44.92
1778014779,7.81,13.75,9.75,21.95,41.58,14.89,58.82,21.18,44.95
1778014781,7.81,13.50,9.75,22.08,41.60,15.00,58.88,21.11,45.01
1778014783,7.81,13.50,9.75,21.83,41.56,14.92,58.90,21.52,45.17
1778014784,7.81,13.75,9.75,21.96,41.62,15.01,58.98,20.90,45.18
1778014786,7.81,13.50,9.25,22.05,41.64,14.89,58.99,21.02,45.28
1778014788,7.81,13.50,9.50,21.94,41.62,14.96,59.06,21.02,45.33
1778014789,7.81,13.50,10.00,21.91,41.61,14.89,59.06,21.02,45.30
1778014791,7.81,13.25,9.50,22.05,41.63,14.87,59.09,20.94,45.25
1778014792,7.88,13.50,9.00,21.83,41.58,14.93,59.16,21.31,45.24
1778014794,7.81,14.00,9.25,22.13,41.62,14.94,59.19,20.89,45.14
1778014796,7.81,13.50,9.50,22.18,41.63,14.94,59.24,20.89,45.10
1778014797,7.81,13.75,9.75,22.13,41.62,14.96,59.23,21.19,45.09
1778014799,7.88,14.00,10.00,21.89,41.60,14.90,59.24,21.25,45.12
1778014800,7.88,13.75,9.75,22.23,41.68,14.91,59.26,20.80,45.11
1778014802,7.88,14.00,9.75,21.87,41.63,14.87,59.28,21.07,45.24
1778014804,7.94,13.75,9.75,21.95,41.59,14.94,59.29,21.03,45.28
1778014805,7.88,13.50,9.25,21.97,41.60,14.97,59.31,21.29,45.33
1778014807,7.88,13.50,9.50,22.01,41.61,14.93,59.29,21.09,45.30
1778014808,7.94,13.75,9.75,22.04,41.65,14.91,59.29,21.12,45.28
1778014810,7.94,13.00,9.00,22.15,41.70,14.92,59.26,21.03,45.21
1778014812,7.88,13.25,9.25,21.85,41.71,14.95,59.24,21.13,45.16
1778014813,7.88,13.50,9.00,22.02,41.77,15.00,59.22,20.88,45.17
1778014815,7.88,13.50,9.25,21.91,41.71,15.02,59.19,21.40,45.25
1778014816,7.88,13.50,9.50,22.07,41.72,14.98,59.13,21.30,45.18
1778014818,7.81,13.50,9.50,21.88,41.66,14.96,59.06,20.98,45.12
1778014820,7.88,12.75,9.25,21.93,41.61,14.98,59.06,21.04,45.16
1778014821,7.88,13.00,9.50,21.89,41.58,14.97,59.01,21.14,45.20
1778014823,7.81,13.25,9.25,22.31,41.62,15.03,58.99,20.98,45.18
1778014824,7.81,13.25,9.50,21.95,41.57,14.97,58.93,21.26,45.30
1778014826,7.81,13.50,9.25,22.03,41.56,15.02,58.91,21.02,45.23
1778014828,7.81,13.00,9.25,22.05,41.57,14.91,58.87,20.84,45.14
1778014829,7.81,13.25,9.50,22.01,41.58,14.98,58.85,21.02,45.10
1778014831,7.81,13.50,9.75,21.91,41.62,15.03,58.81,21.05,45.04
1778014833,7.81,13.25,9.25,22.11,41.68,15.01,58.77,21.03,44.99
1778014834,7.75,13.00,9.25,21.91,41.64,14.93,58.73,20.62,44.87
1778014836,7.75,13.50,9.25,22.05,41.62,14.99,58.69,21.05,44.88
1778014837,7.75,13.50,9.00,22.21,41.61,15.13,58.68,21.03,44.86
1778014839,7.75,13.25,9.25,22.03,41.55,14.97,58.62,21.22,44.88
1778014841,7.69,13.25,9.00,22.14,41.53,14.94,58.59,21.38,44.93
1778014842,7.75,13.25,9.75,22.02,41.49,14.90,58.54,20.78,44.95
1778014844,7.69,13.75,9.25,21.96,41.51,14.97,58.52,20.90,45.08
1778014845,7.69,13.25,9.00,21.94,41.49,15.00,58.50,21.30,45.28
1778014847,7.69,13.50,9.50,22.02,41.49,14.98,58.50,21.18,45.42
1778014849,7.69,13.00,9.50,22.20,41.51,14.96,58.49,21.38,45.52
1778014850,7.69,13.25,9.50,21.92,41.45,14.83,58.48,21.41,45.57
1778014852,7.63,13.25,9.50,21.87,41.42,14.91,58.51,20.89,45.52
1778014853,7.69,13.50,9.50,21.95,41.45,14.89,58.54,21.20,45.54
1778014855,7.69,13.50,9.50,21.80,41.39,14.96,58.55,20.86,45.40
1778014857,7.69,13.00,9.00,22.00,41.42,14.98,58.57,20.84,45.27
1778014858,7.69,13.75,9.25,21.89,41.41,14.91,58.60,20.89,45.16
1778014860,7.69,13.50,9.50,21.91,41.41,14.95,58.63,21.16,45.10
1778014861,7.69,13.00,9.50,22.03,41.39,15.06,58.68,21.19,45.06
1778014863,7.69,13.50,9.50,21.92,41.37,14.90,58.66,21.05,44.99
1778014865,7.69,13.75,9.00,21.77,41.34,14.96,58.68,21.10,45.02
1778014866,7.75,13.25,9.50,21.91,41.36,14.90,58.68,20.98,45.09
1778014868,7.69,13.25,9.25,21.90,41.37,15.13,58.75,21.24,45.26
1778014869,7.69,13.25,9.50,21.87,41.34,14.91,58.74,20.66,45.20
1778014871,7.75,13.50,9.75,21.94,41.36,14.87,58.77,21.05,45.21
1778014873,7.75,13.50,9.00,21.85,41.36,14.93,58.78,21.00,45.11
1778014874,7.75,13.00,9.00,22.34,41.46,14.91,58.78,20.87,45.01
1778014876,7.69,13.50,9.25,21.86,41.40,14.98,58.80,21.23,45.00
1778014877,7.75,13.50,9.50,21.94,41.40,14.91,58.82,21.26,44.97
1778014879,7.75,13.50,9.50,21.90,41.39,15.01,58.85,21.02,44.89
1778014881,7.75,13.50,9.50,21.91,41.37,14.93,58.87,21.02,44.87
1778014882,7.69,13.00,9.75,21.88,41.41,14.93,58.88,21.02,44.89
1778014884,7.81,13.75,9.50,21.89,41.42,14.91,58.90,20.98,44.97
1778014886,7.81,13.50,9.75,21.84,41.46,14.96,58.97,21.20,45.14
1778014887,7.88,13.50,9.75,21.90,41.51,14.94,58.99,21.21,45.29
1778014889,7.88,13.50,10.00,22.01,41.52,14.98,59.06,21.19,45.36
1778014890,7.94,13.50,9.25,21.84,41.52,14.97,59.10,21.09,45.34
1778014892,7.94,13.75,9.75,21.75,41.59,14.98,59.15,20.98,45.31
1778014894,7.94,13.50,9.75,21.87,41.71,14.94,59.20,21.26,45.30
1778014895,7.94,13.50,9.25,21.96,41.81,15.03,59.23,21.30,45.25
1778014897,7.94,13.25,9.75,21.80,41.86,14.88,59.20,20.99,45.21
1778014898,7.94,13.50,9.75,21.92,41.94,15.08,59.24,21.20,45.25
1778014900,7.94,14.00,9.25,21.91,41.99,14.98,59.17,20.95,45.30
1778014902,8.00,13.75,9.50,21.91,42.01,15.08,59.22,21.50,45.42
1778014903,7.94,13.50,9.75,21.79,41.98,15.00,59.21,20.98,45.39
1778014905,7.88,13.50,9.50,21.93,41.94,15.05,59.20,21.32,45.44
1778014906,7.94,13.25,9.00,21.90,41.88,15.05,59.16,20.98,45.38
1778014908,7.94,13.50,9.50,21.87,41.78,14.87,59.09,21.30,45.39
1778014910,7.88,13.25,9.50,21.88,41.75,14.93,59.06,21.08,45.41
1778014911,7.94,13.50,9.50,21.77,41.69,14.91,58.99,20.95,45.47
1778014913,7.88,13.50,9.00,21.85,41.68,14.89,58.97,20.91,45.49
1778014914,7.94,13.25,9.50,21.79,41.67,14.98,58.96,20.99,45.53
1778014916,7.94,13.75,9.00,21.87,41.64,14.99,58.95,21.00,45.53
1778014918,7.94,13.00,9.00,21.79,41.62,15.00,58.91,21.62,45.65
1778014919,7.94,13.50,9.25,21.76,41.61,14.96,58.88,21.10,45.57
1778014921,7.94,13.25,8.50,21.90,41.63,14.92,58.85,20.91,45.56
1778014922,7.94,13.25,9.50,21.80,41.59,14.99,58.86,21.29,45.64
1778014924,7.94,13.25,9.00,21.93,41.62,14.94,58.83,20.94,45.59
1778014926,7.88,13.50,9.25,22.05,41.66,14.89,58.82,21.64,45.65
1778014927,7.88,13.50,9.75,21.95,41.64,15.02,58.84,21.00,45.51
1778014929,7.88,13.50,9.50,21.87,41.66,14.83,58.77,21.26,45.61
1778014930,7.94,13.75,9.75,21.84,41.71,14.98,58.75,20.98,45.57
1778014932,7.88,13.50,9.25,21.86,41.69,14.88,58.72,21.05,45.52
1778014934,7.88,13.50,9.75,21.86,41.66,14.94,58.72,20.98,45.43
1778014935,7.88,13.50,9.75,21.84,41.65,14.91,58.71,21.42,45.49
1778014937,7.88,13.75,9.75,21.98,41.65,14.90,58.72,21.17,45.49
1778014939,7.88,13.75,9.75,21.81,41.64,14.91,58.71,20.95,45.44
1778014940,7.88,13.75,10.00,21.92,41.64,14.89,58.70,20.89,45.36
1778014942,7.88,13.25,9.25,22.00,41.66,14.97,58.70,20.96,45.29
1778014943,7.88,13.50,9.50,21.99,41.68,14.92,58.71,21.32,45.28
1778014945,7.88,13.75,9.50,21.88,41.64,14.93,58.69,21.04,45.16
1778014947,7.88,13.25,9.50,21.80,41.60,14.93,58.68,20.98,45.09
1778014948,7.88,13.25,9.25,21.76,41.57,14.89,58.67,21.06,45.06
1778014950,7.88,13.75,9.50,21.89,41.54,14.90,58.67,21.08,44.99
1778014951,7.88,13.25,9.50,21.78,41.50,14.91,58.67,21.34,45.06
1778014953,7.88,13.50,9.75,21.80,41.51,14.96,58.67,21.36,45.10
1778014955,7.88,13.25,9.00,22.01,41.53,14.90,58.63,21.22,45.03
1778014956,7.88,13.50,9.50,21.83,41.47,14.90,58.63,21.15,44.98
1778014958,7.88,13.75,9.50,22.00,41.47,14.97,58.64,20.93,44.91
1778014959,7.81,13.25,9.25,21.83,41.47,15.01,58.65,21.09,44.90
1778014961,7.88,13.25,9.75,21.87,41.47,14.94,58.64,21.26,44.90
1778014963,7.88,13.25,9.00,21.78,41.48,14.91,58.63,20.77,44.77
1778014964,7.88,13.50,9.25,21.91,41.54,14.91,58.64,21.33,44.82
1778014966,7.81,13.50,9.75,21.78,41.56,15.05,58.65,21.26,44.78
1778014967,7.81,13.25,9.25,21.91,41.59,14.95,58.64,21.04,44.75
1778014969,7.88,13.75,9.75,21.87,41.61,14.98,58.66,21.25,44.76
1778014971,7.88,13.25,9.50,21.86,41.56,14.90,58.65,20.84,44.73
1778014972,8.00,14.00,9.50,21.89,41.52,14.95,58.67,21.16,44.91
1778014974,8.06,13.75,9.25,21.90,41.49,14.99,58.74,21.02,45.09
1778014975,8.19,13.75,9.25,21.80,41.45,14.99,58.76,21.09,45.30
1778014977,8.19,13.50,9.50,21.86,41.43,15.06,58.79,20.98,45.46
1778014979,8.25,13.75,9.50,21.79,41.42,15.13,58.83,21.15,45.64
1778014980,8.31,14.00,9.75,21.87,41.47,15.15,58.85,21.05,45.67
1778014982,8.31,13.50,9.25,21.76,41.46,15.03,58.81,21.32,45.65
1778014983,8.25,13.50,9.75,22.00,41.52,15.08,58.80,21.53,45.62
1778014985,8.25,13.50,9.50,22.00,41.52,14.97,58.76,21.34,45.46
1778014987,8.19,13.50,9.25,22.00,41.52,14.98,58.72,21.34,45.30
1778014988,8.19,13.75,9.75,21.96,41.51,15.05,58.67,20.90,45.13
1778014990,8.19,13.50,9.75,21.91,41.49,15.03,58.61,21.40,45.22
1778014992,8.13,13.25,9.50,21.93,41.49,15.02,58.55,21.27,45.22
1778014993,8.13,13.50,9.50,21.91,41.45,14.98,58.51,21.15,45.20
1778014995,8.13,13.25,9.00,21.91,41.44,15.05,58.48,21.36,45.23
1778014996,8.06,12.50,9.50,21.90,41.40,15.11,58.45,21.27,45.13
1778014998,8.06,13.25,9.50,21.76,41.38,15.15,58.40,21.34,45.10
1778015000,8.06,13.50,9.25,21.92,41.41,15.03,58.33,20.92,45.06
1778015001,8.00,13.50,9.50,21.77,41.43,14.98,58.30,21.77,45.25
1778015003,8.06,13.50,9.50,21.79,41.44,15.09,58.30,21.28,45.20
1778015004,8.00,13.25,9.50,21.91,41.45,15.10,58.24,21.26,45.15
1778015006,8.00,13.50,9.00,21.80,41.41,15.17,58.22,21.26,45.13
1778015008,8.00,13.00,9.25,21.79,41.39,15.14,58.19,21.02,45.09
1778015009,8.00,13.00,9.25,21.80,41.38,15.00,58.13,21.36,45.12
1778015011,8.00,12.75,9.25,21.86,41.35,15.05,58.10,21.45,45.06
1778015012,8.00,13.50,9.00,21.99,41.43,15.10,58.09,21.19,44.94
1778015014,8.00,13.25,9.25,22.04,41.46,15.09,58.10,20.95,44.83
1778015016,8.00,13.50,9.25,21.82,41.43,14.99,58.08,21.15,44.90
1778015017,7.94,13.50,9.75,21.81,41.43,15.07,58.11,21.57,45.02
1778015019,7.94,13.75,8.75,21.87,41.44,15.11,58.12,21.33,45.08
1778015020,7.94,13.25,9.25,21.85,41.42,15.02,58.13,21.32,45.15
1778015022,8.00,13.25,9.00,21.79,41.45,15.13,58.18,21.24,45.18
1778015024,7.94,13.25,9.25,21.78,41.46,15.02,58.16,20.91,45.17
1778015025,7.94,12.50,9.00,21.95,41.51,14.97,58.17,21.32,45.25
1778015027,7.94,13.25,9.25,21.83,41.45,15.09,58.18,21.29,45.26
1778015028,7.94,13.25,9.25,21.82,41.46,14.92,58.15,21.05,45.20
1778015030,7.88,13.00,9.25,21.78,41.45,14.98,58.19,21.42,45.17
1778015032,7.88,13.25,8.75,21.82,41.45,15.15,58.24,21.24,45.01
1778015033,7.88,13.50,9.50,21.73,41.42,15.02,58.27,21.26,44.94
1778015035,7.88,13.50,9.00,21.81,41.41,15.02,58.28,20.87,44.92
1778015036,7.88,13.25,9.50,21.97,41.46,15.02,58.32,21.15,44.94
1778015038,7.81,13.25,9.25,21.80,41.44,14.99,58.32,21.08,44.96
1778015040,7.81,13.50,9.75,21.83,41.46,14.95,58.36,21.32,45.08
1778015041,7.81,13.25,9.00,21.96,41.50,14.92,58.36,21.30,45.14
1778015043,7.88,13.25,9.25,21.86,41.52,14.96,58.37,21.49,45.12
1778015045,7.81,13.25,9.50,21.87,41.53,14.92,58.37,21.76,45.09
1778015046,7.81,13.75,8.75,21.74,41.50,14.89,58.39,21.06,44.95
1778015048,7.81,13.50,9.25,21.81,41.49,14.83,58.41,21.29,44.96
1778015049,7.88,13.50,9.25,21.91,41.52,15.01,58.47,20.94,44.87
1778015051,7.81,13.25,9.50,21.80,41.50,14.90,58.45,21.44,44.89
1778015053,7.81,13.50,9.50,21.77,41.53,14.94,58.46,21.24,44.76
1778015054,7.81,13.75,9.50,21.93,41.56,14.90,58.47,21.52,44.78
1778015056,7.81,13.50,9.50,21.96,41.55,14.90,58.48,21.30,44.81
1778015057,7.75,13.50,9.25,21.87,41.51,14.95,58.50,21.04,44.72
1778015059,7.81,13.25,9.25,21.76,41.47,14.89,58.49,20.98,44.65
1778015061,7.81,13.50,9.25,21.91,41.48,14.97,58.52,21.37,44.74
1778015062,7.81,13.25,9.25,21.80,41.46,14.95,58.54,21.22,44.83
1778015064,7.81,13.00,9.75,21.87,41.45,14.94,58.57,21.30,45.04
1778015065,7.88,13.50,9.50,21.81,41.47,14.83,58.61,21.30,45.12
1778015067,7.88,13.75,9.75,21.88,41.45,14.87,58.67,21.25,45.04
1778015069,7.81,13.50,9.50,21.91,41.41,14.96,58.72,21.36,44.99
1778015070,7.88,13.75,9.75,21.95,41.37,14.94,58.74,21.47,44.94
1778015072,7.88,13.50,9.50,21.95,41.35,14.92,58.77,21.13,44.76
1778015073,7.88,13.50,9.75,22.04,41.36,14.94,58.78,21.24,44.70
1778015075,7.94,13.50,9.75,21.87,41.35,14.87,58.78,21.74,44.80
1778015077,7.94,13.50,9.50,21.83,41.35,14.87,58.77,21.29,44.70
1778015078,7.94,13.50,9.50,21.91,41.40,14.80,58.79,21.09,44.59
1778015080,7.94,13.25,9.75,21.87,41.41,14.95,58.84,21.40,44.62
1778015081,7.94,13.25,9.25,21.84,41.40,14.93,58.84,21.39,44.64
1778015083,8.00,13.50,9.50,21.87,41.42,14.99,58.85,21.16,44.69
1778015085,8.00,13.50,9.25,21.97,41.46,14.94,58.84,21.42,44.75
1778015086,8.00,13.25,9.25,21.87,41.42,14.98,58.83,21.26,44.70
1778015088,8.00,13.50,9.50,21.88,41.43,14.90,58.80,21.55,44.78
1778015089,7.94,13.50,9.00,22.01,41.44,14.88,58.73,21.12,44.68
1778015091,7.94,13.25,9.25,21.86,41.37,15.02,58.75,21.19,44.64
1778015093,7.94,13.00,9.25,21.88,41.34,14.98,58.69,21.47,44.61
1778015094,7.94,13.25,9.25,21.83,41.30,14.96,58.65,21.00,44.55
1778015096,7.94,13.00,9.25,21.91,41.30,14.96,58.58,21.00,44.66
1778015098,7.94,13.50,9.25,21.69,41.23,14.83,58.52,21.50,44.82
1778015099,7.94,13.25,9.25,21.86,41.24,14.90,58.48,21.20,44.88
1778015101,7.94,13.25,9.25,21.94,41.26,14.98,58.45,21.33,44.86
1778015102,7.94,13.25,9.25,21.85,41.25,14.95,58.38,20.89,44.74
1778015104,7.94,13.00,9.25,21.82,41.29,14.82,58.32,21.36,44.81
1778015106,7.88,13.25,9.00,22.25,41.37,14.92,58.30,21.54,44.86
1778015107,7.88,13.00,8.75,21.86,41.33,14.94,58.28,21.12,44.75
1778015109,7.88,13.25,9.00,21.92,41.33,14.96,58.29,21.26,44.72
1778015110,7.88,13.25,8.50,21.87,41.30,14.89,58.26,21.64,44.66
1778015112,7.81,13.00,9.50,21.87,41.24,14.87,58.24,21.07,44.56
1778015114,7.81,13.00,9.25,21.92,41.21,14.94,58.23,21.08,44.62
1778015115,7.81,13.25,9.25,21.91,41.19,14.93,58.23,21.13,44.58
1778015117,7.81,13.50,9.25,21.89,41.18,14.94,58.21,21.23,44.60
1778015118,7.81,13.25,9.25,21.91,41.16,14.94,58.23,21.19,44.65
1778015120,7.81,13.25,9.50,21.86,41.14,14.96,58.25,21.21,44.68
1778015122,7.75,13.25,9.25,21.87,41.13,14.97,58.27,21.77,44.69
1778015123,7.75,13.25,9.25,21.89,41.14,14.92,58.26,21.26,44.56
1778015125,7.75,13.25,9.25,21.87,41.14,14.87,58.26,21.60,44.64
1778015126,7.75,13.50,9.50,22.07,41.19,14.83,58.27,20.94,44.66
1778015128,7.75,13.50,9.50,21.91,41.17,14.94,58.34,20.97,44.79
1778015130,7.75,13.50,8.50,21.92,41.15,14.92,58.38,21.09,44.91
1778015131,7.69,13.00,9.25,21.90,41.14,14.87,58.41,21.34,45.03
1778015133,7.75,13.25,9.00,21.91,41.16,15.04,58.47,21.09,44.96
1778015134,7.75,13.25,9.25,21.83,41.13,14.94,58.43,21.09,44.80
1778015136,7.75,13.00,8.75,21.88,41.12,14.87,58.47,21.35,44.75
1778015138,7.75,13.25,9.25,22.11,41.16,14.87,58.49,21.01,44.67
1778015139,7.75,13.00,9.00,21.82,41.14,14.90,58.52,21.40,44.67
1778015141,7.75,13.25,9.00,22.05,41.16,14.81,58.48,21.53,44.69
1778015142,7.75,13.50,9.50,21.91,41.19,14.94,58.52,21.48,44.74
1778015144,7.75,13.00,9.50,21.81,41.20,14.92,58.51,21.28,44.72
1778015146,7.81,12.75,9.25,21.88,41.25,14.78,58.50,20.96,44.64
1778015147,7.81,13.50,9.00,21.84,41.28,14.95,58.55,21.13,44.80
1778015149,7.81,13.25,9.50,21.86,41.28,14.87,58.57,21.19,45.00
1778015151,7.88,13.25,9.50,21.87,41.27,14.83,58.59,21.13,45.12
1778015152,7.81,13.50,9.75,21.94,41.27,14.78,58.59,21.06,45.14
1778015154,7.81,13.25,9.50,21.84,41.22,14.92,58.65,20.95,45.11
1778015155,7.81,13.50,9.75,21.81,41.20,14.88,58.67,20.88,45.10
1778015157,7.81,13.50,9.25,21.76,41.20,14.80,58.68,21.26,45.16
1778015159,7.81,13.50,8.75,21.94,41.23,14.83,58.70,20.93,45.03
1778015160,7.88,13.50,9.50,21.87,41.21,14.89,58.73,21.30,45.02
1778015162,7.88,13.25,9.25,21.86,41.18,14.88,58.77,21.37,44.96
1778015163,7.88,13.25,9.25,21.91,41.18,14.87,58.81,20.95,44.88
1778015165,7.81,13.25,9.00,21.89,41.17,14.89,58.82,21.27,44.92
1778015167,7.81,13.50,9.50,21.87,41.17,14.95,58.85,21.04,44.81
1778015168,7.88,13.50,9.50,21.78,41.15,14.96,58.85,21.34,44.77
1778015170,7.88,13.25,9.50,21.88,41.11,14.89,58.84,21.74,44.77
1778015171,7.94,13.25,9.25,21.99,41.14,15.02,58.87,21.09,44.70
1778015173,7.88,13.50,9.50,21.88,41.10,14.93,58.86,20.91,44.76
1778015175,7.88,13.25,9.25,21.92,41.13,14.93,58.86,20.91,44.84
1778015176,7.88,13.25,9.50,21.89,41.12,15.01,58.86,21.30,44.96
1778015178,7.88,13.25,9.50,21.82,41.11,14.88,58.85,21.27,45.01
1778015179,7.88,13.25,9.25,22.01,41.14,14.91,58.85,21.34,45.05
1778015181,7.81,13.25,9.50,21.93,41.16,14.86,58.83,20.75,44.89
1778015183,7.81,13.00,9.50,21.91,41.18,15.00,58.84,21.23,44.91
1778015184,7.81,13.50,9.50,21.95,41.18,14.83,58.77,21.09,44.88
1778015186,7.81,13.50,9.50,21.91,41.19,14.80,58.74,21.08,44.86
1778015187,7.81,13.50,9.50,21.90,41.20,14.90,58.72,21.37,44.91
1778015189,7.88,13.50,9.25,22.05,41.24,14.90,58.70,20.65,44.86
1778015191,7.94,13.50,9.75,21.89,41.23,14.89,58.69,20.96,45.01
1778015192,8.13,13.50,9.75,21.74,41.22,14.95,58.71,21.27,45.19
1778015194,8.13,13.25,9.75,21.84,41.25,14.91,58.69,21.01,45.27
1778015195,8.13,13.75,9.75,21.92,41.26,14.90,58.70,21.31,45.41
1778015197,8.19,13.50,9.75,21.83,41.32,14.98,58.72,21.04,45.45
1778015199,8.19,13.75,9.00,21.91,41.37,14.97,58.69,21.37,45.49
1778015200,8.13,13.50,9.75,21.93,41.44,14.90,58.67,21.42,45.40
1778015202,8.13,13.25,9.75,21.90,41.50,14.96,58.68,21.13,45.15
1778015204,8.13,13.00,9.50,21.86,41.50,15.00,58.68,21.09,45.04
1778015205,8.06,13.25,9.50,21.81,41.44,14.94,58.64,21.63,45.01
1778015207,8.06,13.50,9.25,21.85,41.38,14.89,58.60,21.11,44.81
1778015208,8.06,13.50,9.25,21.89,41.32,14.93,58.58,21.08,44.73
1778015210,8.00,13.50,9.00,21.85,41.27,15.01,58.55,21.15,44.68
1778015212,8.06,13.50,9.25,21.81,41.24,14.98,58.51,21.35,44.74
1778015213,8.00,13.50,9.25,21.91,41.24,14.98,58.48,21.23,44.78
1778015215,8.00,13.75,9.75,21.86,41.21,15.12,58.49,21.48,44.89
1778015216,8.13,13.75,8.75,21.84,41.19,15.14,58.46,21.23,44.89
1778015218,8.19,13.50,9.50,21.87,41.20,15.06,58.43,21.39,44.99
1778015220,8.25,13.50,9.50,21.94,41.25,15.13,58.43,21.27,45.09
1778015221,8.38,13.75,9.75,21.86,41.25,15.03,58.40,21.81,45.29
1778015223,8.44,13.75,9.50,21.87,41.29,14.99,58.39,21.32,45.29
1778015224,8.44,13.75,9.75,21.79,41.30,15.06,58.40,21.39,45.32
1778015226,8.50,13.50,9.50,21.88,41.38,15.05,58.40,21.87,45.42
1778015228,8.50,13.75,9.25,21.86,41.41,15.19,58.42,21.83,45.34
1778015229,8.50,13.75,9.50,21.97,41.46,15.15,58.40,21.42,45.10
1778015231,8.50,13.75,9.75,21.93,41.48,15.13,58.36,21.30,44.90
1778015232,8.38,13.75,9.00,21.90,41.44,15.11,58.33,21.08,44.72
1778015234,8.31,13.75,9.50,22.01,41.40,15.12,58.28,21.37,44.64
1778015236,8.25,13.75,9.75,21.83,41.33,15.19,58.21,21.32,44.55
1778015237,8.25,13.50,9.00,21.80,41.28,15.13,58.13,21.60,44.49
1778015239,8.19,13.25,9.50,22.01,41.25,15.11,58.06,21.15,44.36
1778015240,8.19,13.75,9.50,21.92,41.23,15.13,58.02,21.56,44.32
1778015242,8.19,12.75,9.25,21.98,41.20,15.22,57.97,21.28,44.17
1778015244,8.19,13.25,9.75,21.90,41.14,15.26,57.90,21.67,44.11
1778015245,8.19,13.25,9.50,21.92,41.12,15.02,57.82,21.56,44.05
1778015247,8.13,13.75,9.50,21.91,41.18,15.17,57.84,21.36,44.06
1778015248,8.13,13.00,9.50,21.91,41.26,15.18,57.76,21.46,44.08
1778015250,8.13,13.50,9.25,21.87,41.30,15.07,57.72,21.34,43.95
1778015252,8.13,13.50,9.00,22.04,41.36,15.15,57.67,21.26,43.78
1778015253,8.06,13.75,9.50,21.89,41.39,15.20,57.68,21.70,43.74
1778015255,8.00,13.25,9.50,22.12,41.40,15.11,57.64,21.73,43.78
1778015257,8.06,13.25,9.50,21.93,41.33,15.18,57.63,22.08,43.79
1778015258,8.00,13.50,9.50,22.08,41.35,15.03,57.60,21.93,43.75
1778015260,8.00,13.75,9.50,22.01,41.31,15.18,57.62,21.40,43.68
1778015261,7.94,13.00,9.00,22.03,41.32,15.07,57.59,21.69,43.65
1778015263,7.94,13.50,9.00,21.95,41.29,15.05,57.62,21.44,43.52
1778015265,7.88,13.50,9.25,21.90,41.28,15.08,57.62,21.41,43.43
1778015266,7.88,13.50,9.75,22.03,41.30,14.97,57.64,21.40,43.39
1778015268,7.81,13.50,9.00,22.08,41.31,15.11,57.70,21.53,43.36
1778015269,7.81,13.25,9.50,22.03,41.26,15.05,57.72,21.32,43.34
1778015271,7.88,13.25,9.50,21.99,41.22,15.05,57.77,21.84,43.46
1778015273,7.88,13.75,9.25,21.90,41.20,15.08,57.81,21.52,43.49
1778015274,7.88,14.00,9.00,22.01,41.25,15.18,57.85,21.46,43.65
1778015276,7.81,13.75,9.00,21.91,41.29,15.12,57.86,21.44,43.75
1778015277,7.88,13.75,9.25,22.03,41.31,14.94,57.89,21.49,43.80
1778015279,7.88,13.50,9.50,22.01,41.36,15.03,57.96,21.30,43.74
1778015281,7.88,13.50,9.25,21.95,41.38,14.94,58.00,22.05,43.78
1778015282,7.88,13.25,9.25,21.80,41.34,14.94,58.03,21.81,43.66
1778015284,7.81,13.50,9.00,22.07,41.37,14.94,58.05,21.55,43.59
1778015285,7.88,13.75,9.50,22.40,41.41,14.94,58.08,21.34,43.48
1778015287,7.81,13.25,9.50,21.97,41.34,14.88,58.06,21.44,43.49
1778015289,7.88,13.50,9.00,22.08,41.31,14.96,58.08,21.40,43.51
1778015290,7.81,14.00,9.50,22.11,41.25,14.91,58.07,21.87,43.66
1778015292,7.81,13.50,9.25,22.12,41.15,14.96,58.08,21.86,43.76
1778015293,7.75,13.50,9.25,22.18,41.08,14.91,58.08,21.58,43.80
1778015295,7.75,13.50,9.25,22.15,41.03,15.00,58.10,21.38,43.77
1778015297,7.75,13.75,9.50,22.05,40.95,14.95,58.07,21.28,43.77
1778015298,7.94,13.75,9.75,22.00,40.96,15.01,58.09,21.66,44.00
1778015300,7.94,14.00,9.75,22.05,40.96,15.06,58.11,21.55,44.18
1778015301,8.06,13.50,9.25,21.99,40.91,14.96,58.13,21.66,44.40
1778015303,8.19,13.75,9.50,21.89,40.89,15.13,58.22,21.57,44.56
1778015305,8.25,13.75,9.50,21.95,40.91,14.99,58.27,21.97,44.75
1778015306,8.31,13.75,9.75,21.95,40.94,15.11,58.33,21.82,44.80
1778015308,8.38,14.00,9.75,21.88,40.98,15.10,58.38,21.62,44.78
1778015310,8.50,13.50,9.75,21.99,41.05,15.09,58.38,21.58,44.72
1778015311,8.50,14.00,9.75,21.86,41.06,15.12,58.40,21.91,44.71
1778015313,8.44,13.50,9.75,22.00,41.10,15.10,58.43,22.32,44.68
1778015314,8.38,13.50,9.50,22.27,41.15,15.10,58.44,21.76,44.40
1778015316,8.38,14.00,9.75,22.10,41.08,15.09,58.45,22.00,44.25
1778015318,8.31,14.00,9.25,21.97,41.04,15.10,58.41,21.77,44.00
1778015319,8.25,13.75,9.50,21.95,40.99,15.26,58.39,21.62,43.82
1778015321,8.19,13.75,9.25,21.90,40.95,15.22,58.32,21.81,43.66
1778015322,8.19,14.00,9.50,21.84,40.90,15.22,58.24,22.13,43.59
1778015324,8.19,13.75,9.50,22.37,40.96,15.06,58.16,21.44,43.48
1778015326,8.13,13.75,9.25,22.10,40.92,15.16,58.12,22.27,43.57
1778015327,8.13,14.00,9.75,21.97,40.91,15.18,58.05,22.18,43.65
1778015329,8.13,14.00,9.25,22.04,40.93,15.10,58.00,21.91,43.74
1778015330,8.19,13.25,9.75,22.02,40.95,15.09,57.98,21.73,43.81
1778015332,8.25,13.50,9.25,22.10,40.97,15.19,57.96,21.96,43.88
1778015334,8.19,13.75,9.50,22.26,40.96,15.17,57.97,22.10,43.79
1778015335,8.19,14.00,9.75,21.98,40.90,15.13,57.95,21.87,43.63
1778015337,8.25,14.00,9.75,22.00,40.92,15.19,57.97,21.65,43.55
1778015338,8.19,14.00,9.25,21.90,40.93,15.23,57.98,22.48,43.58
1778015340,8.13,13.75,9.25,22.10,40.95,15.20,57.96,22.31,43.48
1778015342,8.19,13.25,9.75,22.11,40.98,15.21,57.96,21.63,43.31
1778015343,8.19,13.75,9.25,22.31,41.02,15.13,57.90,22.19,43.31
1778015345,8.19,13.50,9.75,22.42,41.05,15.24,57.87,21.78,43.21
1778015346,8.13,13.75,9.25,22.07,41.00,15.15,57.83,22.09,43.27
1778015348,8.13,13.00,9.25,22.21,40.96,15.15,57.78,22.09,43.25
1778015350,8.06,13.75,8.75,22.17,40.89,15.23,57.74,22.28,43.28
1778015351,8.06,13.50,9.00,22.16,40.78,15.24,57.69,21.58,43.15
1778015353,8.00,13.25,9.25,21.96,40.68,15.33,57.63,21.73,43.13
1778015354,8.06,13.50,9.00,22.05,40.63,15.23,57.55,21.86,43.07
1778015356,8.00,13.75,9.00,22.29,40.63,15.11,57.46,22.10,43.11
1778015358,8.00,13.25,9.25,22.12,40.59,15.11,57.41,22.16,43.01
1778015359,8.00,13.75,9.50,22.15,40.55,15.19,57.39,21.79,42.84
1778015361,8.00,13.50,9.50,22.18,40.51,15.25,57.38,21.30,42.73
1778015363,8.00,13.25,9.25,22.48,40.53,15.19,57.35,22.19,42.85
1778015364,7.94,13.25,9.00,22.19,40.45,15.14,57.31,21.63,42.77
1778015366,7.94,13.75,9.25,21.98,40.38,15.19,57.32,21.63,42.79
1778015367,7.94,13.50,9.50,22.23,40.41,15.13,57.29,22.04,42.82
1778015369,7.88,13.50,8.75,22.12,40.42,15.12,57.27,22.07,42.77
1778015371,7.94,13.50,9.25,22.24,40.45,15.15,57.26,21.87,42.76
1778015372,7.88,13.25,9.25,22.09,40.41,15.20,57.29,22.06,42.84
1778015374,7.88,13.50,9.25,22.05,40.39,15.17,57.27,21.37,42.69
1778015375,7.81,13.25,9.50,22.07,40.38,15.18,57.30,22.18,42.76
1778015377,7.88,13.25,9.00,21.97,40.31,15.08,57.30,22.14,42.76
1778015379,7.88,13.50,9.00,22.21,40.33,15.18,57.38,22.13,42.87
1778015380,7.81,13.25,8.75,22.19,40.33,15.29,57.41,21.89,42.90
1778015382,7.81,13.25,9.25,22.33,40.34,15.13,57.39,21.77,42.95
1778015383,7.81,13.25,9.00,22.12,40.28,15.23,57.43,21.97,43.05
1778015385,7.81,13.25,9.25,22.24,40.30,15.15,57.43,21.59,43.05
1778015387,7.81,12.75,9.25,22.03,40.25,15.19,57.44,21.78,43.02
1778015388,7.81,13.00,9.00,22.16,40.25,15.20,57.45,21.74,42.96
1778015390,7.81,13.25,8.75,22.08,40.25,15.24,57.45,22.16,43.01
1778015391,7.81,13.25,9.25,22.15,40.29,15.16,57.45,22.19,43.01
1778015393,7.88,13.00,9.25,22.28,40.31,15.08,57.42,21.99,42.97
1778015395,7.88,13.25,9.00,22.12,40.29,15.27,57.44,22.24,43.00
1778015396,7.88,13.50,9.50,22.16,40.28,15.08,57.40,22.10,42.95
1778015398,7.81,13.25,9.50,21.99,40.25,15.15,57.41,22.46,42.94
1778015399,7.88,12.75,9.50,21.98,40.24,15.19,57.40,22.02,42.81
1778015401,7.81,13.00,9.25,22.06,40.23,15.15,57.40,21.57,42.70
1778015403,7.81,13.50,9.50,22.16,40.24,15.15,57.41,21.91,42.73
1778015404,7.81,13.50,9.50,22.26,40.27,15.11,57.38,22.47,42.88
1778015406,7.88,13.00,9.50,22.20,40.28,15.12,57.40,22.15,42.97
1778015407,7.94,13.50,9.75,22.07,40.28,15.29,57.44,21.93,43.08
1778015409,7.94,13.50,9.50,22.27,40.34,15.13,57.47,21.31,43.07
1778015411,7.94,13.00,9.25,22.40,40.38,15.19,57.50,21.79,43.12
1778015412,7.94,13.25,9.50,22.46,40.43,15.15,57.50,21.52,42.95
1778015414,7.88,13.50,9.50,22.10,40.38,15.30,57.55,21.83,42.92
1778015416,7.94,12.75,9.50,22.06,40.36,15.13,57.51,22.16,42.96
1778015417,8.00,13.25,9.50,22.12,40.38,15.24,57.51,22.16,42.99
1778015419,8.00,13.25,9.75,22.28,40.40,15.31,57.56,21.93,43.06
1778015420,8.06,13.50,9.25,22.36,40.42,15.19,57.58,22.14,43.25
1778015422,8.13,13.00,9.50,22.01,40.38,15.23,57.58,21.86,43.32
1778015424,8.19,13.25,9.25,22.24,40.43,15.14,57.60,22.14,43.49
1778015425,8.25,13.50,9.50,21.95,40.38,15.27,57.62,22.38,43.61
1778015427,8.25,13.50,9.50,22.27,40.45,15.20,57.61,21.80,43.52
1778015428,8.13,13.00,9.50,22.16,40.45,15.28,57.63,21.91,43.38
1778015430,8.13,13.25,9.25,22.06,40.44,15.26,57.61,22.05,43.34
1778015432,8.13,13.25,9.50,22.18,40.45,15.15,57.59,22.29,43.33
1778015433,8.13,13.50,9.50,22.20,40.44,15.26,57.58,22.26,43.27
1778015435,8.13,13.00,9.00,22.08,40.41,15.15,57.52,22.47,43.16
1778015436,8.06,13.25,9.00,22.15,40.38,15.25,57.52,21.30,42.93
1778015438,8.00,13.25,9.50,22.08,40.33,15.20,57.48,21.61,42.98
1778015440,8.00,13.00,9.00,22.01,40.31,15.21,57.44,21.87,43.03
1778015441,8.00,13.25,9.50,22.37,40.34,15.13,57.41,22.11,43.06
1778015443,8.00,13.00,9.00,21.98,40.26,15.31,57.43,21.26,42.99
1778015444,7.94,13.00,9.00,22.13,40.27,15.11,57.36,22.46,43.25
1778015446,7.94,13.50,8.75,22.50,40.30,15.15,57.35,21.65,43.12
1778015448,7.94,13.50,9.25,22.29,40.25,15.15,57.32,22.38,43.15
1778015449,7.88,13.00,9.25,22.22,40.26,15.28,57.31,21.74,42.97
1778015451,7.88,13.00,9.25,22.08,40.23,15.22,57.30,22.34,43.01
1778015452,7.88,13.00,9.00,22.28,40.25,15.25,57.31,21.56,42.88
1778015454,7.88,13.50,8.75,22.23,40.26,15.11,57.28,22.38,42.99
1778015456,7.81,13.50,9.50,22.19,40.23,15.02,57.28,22.38,42.93
1778015457,7.88,13.00,9.50,22.40,40.27,15.22,57.33,22.27,42.85
1778015459,7.81,13.25,9.50,22.10,40.20,15.14,57.31,21.74,42.72
1778015460,7.88,13.50,9.50,22.08,40.20,15.19,57.35,21.77,42.71
1778015462,7.81,13.50,9.50,22.07,40.25,15.22,57.38,21.56,42.74
1778015464,7.81,13.00,9.50,22.01,40.31,15.16,57.41,22.02,42.98
1778015465,7.81,13.25,9.50,22.10,40.34,15.11,57.45,22.38,43.12
1778015467,7.81,13.50,9.75,22.45,40.42,15.09,57.49,21.91,43.07
1778015469,7.88,13.50,9.50,22.32,40.40,15.14,57.56,21.74,42.98
1778015470,7.81,13.25,9.50,22.10,40.40,15.12,57.60,21.75,42.93
1778015472,7.88,13.50,9.75,22.13,40.45,15.06,57.67,21.70,42.93
1778015473,7.88,13.50,9.50,22.29,40.51,15.11,57.77,21.93,43.02
1778015475,7.88,13.25,9.75,22.39,40.55,15.13,57.85,22.27,43.05
1778015477,7.88,13.25,9.75,22.16,40.55,15.05,57.90,21.55,42.91
1778015478,7.94,13.50,9.75,22.08,40.54,15.16,57.96,21.70,42.94
1778015480,7.94,13.50,9.50,22.10,40.52,15.24,58.02,21.69,43.00
1778015481,8.06,13.50,9.25,22.16,40.53,15.30,58.08,21.84,43.18
1778015483,8.13,13.75,9.25,22.16,40.52,15.11,58.10,22.14,43.40
1778015485,8.25,13.25,10.00,22.02,40.47,15.13,58.17,22.16,43.62
1778015486,8.31,13.00,10.00,22.02,40.49,15.05,58.21,21.73,43.71
1778015488,8.31,13.00,9.75,22.05,40.54,15.08,58.30,22.05,43.77
1778015489,8.25,13.25,9.50,22.02,40.58,15.09,58.34,21.37,43.61
1778015491,8.25,13.00,9.00,22.19,40.59,15.09,58.34,21.56,43.59
1778015493,8.19,13.25,9.75,22.08,40.56,15.11,58.34,21.79,43.53
1778015494,8.25,13.00,9.75,22.06,40.55,15.19,58.33,22.55,43.47
1778015496,8.31,13.75,9.25,22.06,40.53,15.19,58.27,21.59,43.19
1778015497,8.38,13.50,9.50,22.25,40.54,15.13,58.24,21.92,43.12
1778015499,8.31,13.50,9.25,22.31,40.52,15.23,58.23,21.46,43.05
1778015501,8.44,13.25,9.75,22.29,40.48,15.13,58.19,21.46,43.09
1778015502,8.44,13.50,9.50,22.35,40.49,15.17,58.18,21.78,43.24
1778015504,8.38,13.50,9.25,22.39,40.50,15.15,58.19,21.55,43.27
1778015505,8.31,13.50,9.75,22.19,40.45,15.30,58.18,21.62,43.27
1778015507,8.31,13.25,9.25,22.12,40.48,15.21,58.11,21.91,43.30
1778015509,8.31,13.50,9.25,22.14,40.55,15.26,58.05,21.87,43.26
1778015510,8.25,13.50,9.25,22.42,40.61,15.18,57.94,22.18,43.32
1778015512,8.25,13.50,9.50,22.08,40.58,15.16,57.89,22.16,43.37
1778015513,8.19,13.50,9.25,22.00,40.58,15.21,57.83,22.10,43.39
1778015515,8.19,13.50,9.75,22.11,40.58,15.20,57.76,21.62,43.29
1778015517,8.06,13.00,9.50,22.19,40.59,15.32,57.71,21.48,43.20
1778015518,8.13,13.00,9.50,22.33,40.62,15.21,57.65,21.46,43.06
1778015520,8.06,13.00,9.00,22.43,40.64,15.12,57.59,22.57,43.22
1778015522,8.06,13.50,9.25,22.32,40.64,15.15,57.57,21.63,43.16
1778015523,8.00,13.25,9.50,22.16,40.61,15.13,57.55,21.74,43.23
1778015525,8.06,13.50,9.50,22.13,40.65,15.20,57.56,21.78,43.20
1778015526,8.06,13.25,9.50,22.13,40.66,15.30,57.58,22.19,43.27
1778015528,8.00,13.50,8.75,22.38,40.69,15.22,57.56,22.38,43.33
1778015530,7.94,13.25,9.25,22.19,40.72,15.11,57.56,21.69,43.21
1778015531,7.94,13.50,9.00,22.44,40.79,15.23,57.56,21.74,43.21
1778015533,7.94,13.50,9.50,22.49,40.80,15.20,57.56,21.28,43.11
1778015534,7.94,13.75,9.25,22.27,40.75,15.19,57.56,21.91,43.12
1778015536,7.94,13.25,9.00,22.22,40.69,15.17,57.54,21.90,43.17
1778015538,7.88,12.75,9.25,22.20,40.63,15.26,57.54,21.69,43.18
1778015539,7.88,13.00,9.25,22.41,40.58,15.17,57.51,22.36,43.34
1778015541,7.81,13.25,9.25,22.47,40.55,15.09,57.48,21.72,43.22
1778015542,7.81,13.25,9.25,22.60,40.52,15.22,57.49,21.59,43.20
1778015544,7.81,13.25,9.50,22.49,40.47,15.11,57.44,21.80,43.25
1778015546,7.81,13.00,9.50,22.54,40.45,15.07,57.41,21.92,43.25
1778015547,7.75,13.00,9.25,22.59,40.45,15.08,57.38,22.11,43.28
1778015549,7.75,13.25,9.25,22.40,40.38,15.24,57.40,21.52,43.15
1778015550,7.75,13.00,9.50,22.31,40.36,15.07,57.34,21.69,43.17
1778015552,7.81,13.00,9.50,22.58,40.37,15.15,57.36,21.91,43.18
1778015554,7.75,13.25,9.25,22.32,40.33,15.09,57.34,21.97,43.11
1778015555,7.75,13.25,9.50,22.34,40.34,15.15,57.37,21.97,43.11
1778015557,7.75,13.25,9.50,22.15,40.32,15.04,57.37,22.05,43.10
1778015558,7.75,13.50,9.50,22.25,40.36,15.15,57.40,21.45,42.98
1778015560,7.81,13.25,9.50,22.23,40.40,15.12,57.45,21.73,43.17
1778015562,7.81,12.75,9.25,22.49,40.48,15.13,57.49,21.63,43.28
1778015563,7.81,13.50,9.50,22.62,40.52,15.21,57.55,22.19,43.45
1778015565,7.88,13.25,9.50,22.18,40.47,15.13,57.61,21.97,43.46
1778015566,7.81,13.25,9.50,22.18,40.46,15.15,57.67,22.23,43.43
1778015568,7.88,13.25,9.50,22.34,40.44,15.08,57.70,21.61,43.26
1778015570,7.88,13.50,9.00,22.65,40.49,15.05,57.73,21.71,43.18
1778015571,7.88,12.75,9.25,22.55,40.47,15.12,57.76,22.08,43.10
1778015573,7.88,13.50,9.50,22.28,40.49,15.10,57.74,21.55,43.01
1778015575,7.88,13.75,9.50,22.49,40.56,15.10,57.74,21.88,43.14
1778015576,7.88,13.50,9.50,22.38,40.60,15.05,57.74,21.88,43.27
1778015578,7.94,13.50,10.00,22.31,40.61,15.15,57.78,22.11,43.40
1778015579,7.94,13.50,9.75,22.44,40.66,15.10,57.78,21.84,43.44
1778015581,8.00,13.50,9.75,22.07,40.61,15.09,57.77,21.93,43.55
1778015583,8.06,13.75,10.00,22.39,40.63,15.04,57.76,21.80,43.57
1778015584,8.06,13.75,9.00,22.35,40.63,15.15,57.79,21.74,43.62
1778015586,8.19,13.75,9.75,22.14,40.58,15.11,57.82,22.01,43.70
1778015587,8.25,13.75,9.75,22.16,40.55,15.18,57.89,22.00,43.76
1778015589,8.25,13.50,9.75,22.35,40.54,15.16,57.91,21.86,43.78
1778015591,8.31,14.00,9.50,22.42,40.52,15.12,57.95,21.83,43.79
1778015592,8.31,13.50,10.00,22.48,40.56,15.18,57.98,22.66,43.92
1778015594,8.31,13.25,10.00,22.39,40.56,15.22,58.00,22.12,43.71
1778015595,8.44,13.75,10.25,22.26,40.54,15.25,58.01,22.14,43.64
1778015597,8.38,13.75,10.00,22.01,40.54,15.19,58.03,21.48,43.50
1778015599,8.44,14.00,10.00,22.39,40.61,15.22,58.05,21.71,43.48
1778015600,8.44,13.00,9.75,22.43,40.60,15.30,58.08,22.26,43.45
1778015602,8.44,13.25,9.75,22.58,40.64,15.16,58.06,22.19,43.39
1778015603,8.38,13.75,10.00,22.24,40.57,15.26,58.08,22.29,43.34
1778015605,8.38,13.75,9.75,22.31,40.58,15.32,58.07,22.24,43.27
1778015607,8.38,13.00,9.50,22.33,40.60,15.33,58.06,22.40,43.18
1778015608,8.44,13.50,9.50,22.25,40.59,15.37,58.04,22.25,43.10
1778015610,8.44,13.50,9.75,22.49,40.62,15.38,57.97,21.91,43.01
1778015611,8.44,14.00,9.50,22.22,40.61,15.30,57.88,22.28,43.03
1778015613,8.44,14.00,10.00,22.62,40.69,15.38,57.82,21.80,42.95
1778015615,8.38,13.50,10.00,22.27,40.63,15.37,57.72,22.21,42.97
1778015616,8.38,13.50,9.50,22.34,40.63,15.25,57.63,22.28,42.96
1778015618,8.44,13.75,9.50,22.14,40.56,15.41,57.57,22.04,42.90
1778015619,8.44,13.25,9.75,22.37,40.53,15.42,57.51,22.03,42.92
1778015621,8.50,13.75,9.25,22.13,40.50,15.26,57.42,22.51,43.01
1778015623,8.56,13.75,10.00,22.44,40.51,15.48,57.40,22.55,43.04
1778015624,8.56,13.00,9.50,22.55,40.49,15.28,57.34,22.20,42.96
1778015626,8.50,13.25,9.50,22.57,40.49,15.57,57.36,22.50,42.93
1778015628,8.50,14.00,9.25,22.55,40.51,15.36,57.29,21.91,42.67
1778015629,8.50,13.75,9.75,22.61,40.50,15.40,57.26,22.08,42.61
1778015631,8.38,13.50,9.50,22.27,40.42,15.35,57.20,21.99,42.49
1778015632,8.38,13.50,9.25,22.29,40.39,15.41,57.16,22.24,42.49
1778015634,8.31,13.50,9.25,22.67,40.43,15.28,57.10,22.59,42.44
1778015636,8.25,13.50,9.50,22.47,40.36,15.44,57.11,22.51,42.31
1778015637,8.19,13.75,9.00,22.68,40.32,15.33,57.04,21.97,42.09
1778015639,8.25,13.75,9.25,22.53,40.25,15.33,57.02,21.95,42.05
1778015640,8.13,13.50,9.50,22.44,40.18,15.33,57.01,22.55,42.18
1778015642,8.13,13.50,9.25,22.40,40.12,15.30,56.97,22.52,42.21
1778015644,8.13,13.50,9.25,22.52,40.12,15.25,56.95,21.95,42.13
1778015645,8.06,13.25,9.00,22.48,40.10,15.26,56.95,22.16,42.12
1778015647,8.06,12.50,9.25,22.33,40.05,15.30,56.93,22.66,42.15
1778015648,8.06,13.50,9.00,22.32,40.01,15.18,56.88,22.38,42.08
1778015650,8.00,13.50,9.25,22.24,39.99,15.22,56.89,22.40,42.10
1778015652,8.00,13.00,9.00,22.27,40.00,15.19,56.87,22.49,42.11
1778015653,7.94,13.50,9.00,22.34,40.04,15.33,56.88,22.55,42.08
1778015655,7.94,13.25,9.25,22.55,40.07,15.23,56.85,22.65,42.05
1778015656,7.94,13.00,9.00,22.62,40.11,15.15,56.83,22.12,41.94
1778015658,7.88,13.50,9.25,22.32,40.09,15.26,56.86,22.62,41.99
1778015660,7.88,13.50,9.50,22.32,40.09,15.19,56.84,22.51,41.97
1778015661,7.88,13.00,8.75,22.44,40.09,15.16,56.84,22.61,41.95
1778015663,7.88,13.50,9.00,22.29,40.02,15.21,56.84,22.25,41.78
1778015664,7.88,13.50,9.00,22.42,40.05,15.33,56.83,21.97,41.70
1778015666,7.88,13.50,9.50,22.52,40.05,15.11,56.78,22.02,41.67
1778015668,7.94,13.25,9.50,22.38,40.01,15.37,56.83,22.81,41.83
1778015669,8.00,13.00,9.00,22.36,39.99,15.27,56.82,22.65,41.88
1778015671,8.00,13.00,9.50,22.38,40.00,15.24,56.85,22.30,41.92
1778015672,7.94,13.00,9.50,22.33,39.97,15.21,56.88,22.75,42.05
1778015674,8.00,13.50,9.25,22.52,40.03,15.28,56.93,22.04,41.97
1778015676,8.00,13.00,9.25,22.33,40.06,15.25,56.96,21.99,41.92
1778015677,7.94,13.00,9.50,22.60,40.18,15.24,56.99,22.27,41.86
1778015679,8.00,12.75,8.75,22.51,40.24,15.20,57.03,22.45,41.77
1778015681,8.00,13.00,9.50,22.61,40.29,15.20,57.04,22.76,41.71
1778015682,7.94,13.50,9.50,22.28,40.25,15.16,57.06,22.32,41.63
1778015684,7.94,13.50,9.25,22.61,40.31,15.19,57.06,22.06,41.55
1778015685,7.94,13.25,9.25,22.66,40.32,15.16,57.06,22.16,41.61
1778015687,7.94,13.25,9.00,22.38,40.24,15.27,57.10,22.45,41.69
1778015689,7.94,13.00,9.00,22.44,40.22,15.20,57.09,22.47,41.71
1778015690,7.94,13.25,9.00,22.48,40.20,15.23,57.12,22.44,41.78
1778015692,7.94,13.50,9.50,22.44,40.15,15.15,57.12,22.21,41.78
1778015693,7.94,13.00,9.25,22.58,40.11,15.27,57.17,22.05,41.73
1778015695,7.94,13.25,9.25,22.64,40.07,15.14,57.18,22.48,41.72
1778015697,7.88,13.25,9.00,22.59,40.02,15.32,57.19,22.72,41.69
1778015698,7.94,12.75,9.25,22.44,39.96,15.23,57.18,22.73,41.70
1778015700,7.88,13.25,9.00,22.48,39.97,15.29,57.19,22.12,41.62
1778015701,7.94,13.50,9.50,22.58,40.00,15.21,57.18,22.54,41.68
1778015703,8.00,13.50,9.00,22.64,40.02,15.22,57.17,22.04,41.65
1778015705,8.13,13.00,9.25,22.41,39.98,15.23,57.18,22.51,41.88
1778015706,8.13,13.50,9.50,22.43,40.01,15.31,57.20,22.51,42.09
1778015708,8.19,13.50,9.75,22.49,40.04,15.27,57.25,22.28,42.17
1778015709,8.19,13.75,9.50,22.55,40.05,15.13,57.28,22.59,42.31
1778015711,8.19,13.50,9.50,22.36,40.03,15.34,57.35,22.58,42.30
1778015713,8.13,13.25,9.00,22.48,40.09,15.41,57.41,22.20,42.11
1778015714,8.13,13.25,9.25,22.51,40.06,15.23,57.40,22.22,41.94
1778015716,8.13,13.50,9.75,22.47,40.00,15.37,57.44,22.12,41.75
1778015717,8.13,13.00,9.50,22.48,39.97,15.44,57.45,22.44,41.68
1778015719,8.06,13.50,9.25,22.41,39.91,15.24,57.41,22.24,41.57
1778015721,8.13,13.25,9.00,22.56,39.89,15.32,57.44,22.74,41.66
1778015722,8.06,13.00,9.00,22.66,39.89,15.36,57.44,22.20,41.62
1778015724,8.13,12.75,9.00,22.50,39.84,15.22,57.43,22.55,41.66
1778015725,8.06,13.50,9.50,22.48,39.80,15.39,57.44,22.29,41.59
1778015727,8.06,13.25,9.25,22.64,39.84,15.18,57.44,22.19,41.62
1778015729,8.13,13.75,9.25,22.53,39.85,15.25,57.46,22.07,41.71
1778015730,8.13,13.00,9.75,22.60,39.85,15.27,57.49,22.10,41.83
1778015732,8.19,13.50,9.50,22.54,39.85,15.34,57.50,22.05,41.90
1778015734,8.19,13.75,9.50,22.48,39.82,15.33,57.48,22.49,42.02
1778015735,8.13,13.50,9.00,22.58,39.84,15.37,57.49,22.47,41.97
1778015737,8.13,13.50,9.25,22.68,39.84,15.37,57.44,22.30,41.80
1778015738,8.06,13.25,9.25,22.41,39.78,15.41,57.42,22.51,41.68
1778015740,8.06,13.50,9.50,22.40,39.75,15.24,57.37,22.29,41.52
1778015742,8.00,13.00,9.25,22.57,39.74,15.24,57.33,22.53,41.43
1778015743,8.00,13.50,9.00,22.61,39.72,15.45,57.33,22.60,41.35
1778015745,8.00,13.00,9.50,22.66,39.73,15.37,57.25,22.52,41.26
1778015746,8.00,12.50,9.50,22.55,39.70,15.32,57.20,22.28,41.16
1778015748,7.94,12.75,9.25,22.66,39.71,15.24,57.14,22.72,41.21
1778015750,7.94,13.00,9.25,22.54,39.65,15.27,57.11,22.19,41.15
1778015751,7.88,13.25,8.75,22.71,39.72,15.29,57.10,22.49,41.25
1778015753,7.88,13.00,9.00,22.53,39.69,15.20,57.08,22.08,41.17
1778015754,7.88,12.50,9.25,22.53,39.70,15.25,57.05,22.16,41.19
1778015756,7.81,13.25,9.25,22.57,39.71,15.19,57.02,22.20,41.30
1778015758,7.88,13.00,9.25,22.65,39.73,15.19,57.00,22.83,41.55
1778015759,7.81,13.25,9.00,22.64,39.72,15.21,57.00,22.01,41.55
1778015761,7.81,13.25,9.00,22.66,39.71,15.31,57.00,22.63,41.73
1778015762,7.81,13.00,9.00,22.70,39.71,15.17,56.95,22.32,41.64
1778015764,7.81,13.50,9.50,22.63,39.67,15.33,57.01,22.35,41.57
1778015766,7.75,13.50,9.00,22.69,39.66,15.20,56.98,22.14,41.45
1778015767,7.75,13.25,8.75,22.48,39.61,15.21,56.99,22.26,41.44
1778015769,7.75,13.25,9.25,22.48,39.60,15.19,56.99,22.62,41.48
1778015770,7.75,13.50,9.00,22.53,39.58,15.20,57.01,22.19,41.42
1778015772,7.75,13.25,9.25,22.59,39.60,15.26,57.07,22.16,41.47
1778015774,7.75,13.00,9.25,22.42,39.62,15.15,57.05,22.63,41.67
1778015775,7.75,13.25,9.25,22.66,39.68,15.14,57.08,21.99,41.62
1778015777,7.69,13.50,9.00,22.60,39.72,15.26,57.10,22.58,41.68
1778015778,7.75,13.25,9.25,22.56,39.72,15.25,57.13,22.12,41.56
1778015780,7.75,13.25,9.25,22.74,39.74,15.28,57.14,22.31,41.49
1778015782,7.75,13.25,9.25,22.52,39.67,15.16,57.13,21.96,41.38
1778015783,7.75,13.00,9.25,22.48,39.63,15.23,57.15,22.46,41.38
1778015785,7.69,13.25,9.00,22.59,39.64,15.21,57.15,22.66,41.38
1778015787,7.69,13.00,9.25,22.59,39.62,15.04,57.16,21.89,41.34
1778015788,7.69,12.50,8.75,22.77,39.61,15.13,57.20,22.23,41.54
1778015790,7.75,13.25,9.25,22.43,39.59,15.07,57.26,22.12,41.58
1778015791,7.75,13.25,9.25,22.60,39.66,15.23,57.33,22.40,41.69
1778015793,7.69,13.25,9.25,22.55,39.67,15.05,57.36,22.24,41.81
1778015795,7.69,13.00,8.50,22.51,39.72,15.20,57.44,22.35,41.98
1778015796,7.69,12.75,9.50,22.74,39.74,15.24,57.49,22.34,42.08
1778015798,7.69,13.25,9.50,22.54,39.71,15.20,57.52,22.23,42.13
1778015799,7.69,13.50,9.00,22.44,39.69,15.16,57.57,22.10,42.06
1778015801,7.75,13.25,9.75,22.44,39.66,15.05,57.62,22.47,42.05
1778015803,7.69,13.25,9.50,22.68,39.69,15.22,57.71,22.12,41.95
1778015804,7.75,13.25,9.50,22.66,39.67,15.02,57.73,22.59,42.02
1778015806,7.75,13.50,9.50,22.60,39.67,15.11,57.79,22.38,42.04
1778015807,7.75,13.00,9.25,22.60,39.68,15.17,57.84,22.26,42.13
1778015809,7.75,13.25,8.75,22.62,39.69,15.11,57.85,22.09,42.24
1778015811,7.75,13.25,9.50,22.48,39.64,15.14,57.86,22.04,42.35
1778015812,7.69,13.00,8.75,22.51,39.64,15.19,57.90,21.76,42.25
1778015814,7.69,13.00,9.25,22.50,39.60,15.17,57.90,22.67,42.34
1778015815,7.75,13.25,9.00,22.73,39.62,15.25,57.90,22.31,42.24
1778015817,7.69,13.50,9.00,22.51,39.56,15.10,57.86,21.68,42.12
1778015819,7.63,12.75,9.25,22.69,39.57,15.30,57.89,21.73,42.17
1778015820,7.69,13.25,9.25,22.53,39.52,15.24,57.87,22.28,42.29
1778015822,7.75,13.50,9.25,22.57,39.51,15.15,57.85,22.24,42.23
1778015823,7.69,12.75,8.75,22.51,39.50,15.19,57.84,22.07,42.20
1778015825,7.69,13.25,9.00,22.48,39.50,15.24,57.84,21.80,42.21
1778015827,7.75,13.00,9.25,22.71,39.50,15.26,57.83,22.41,42.32
1778015828,7.75,13.25,8.50,22.38,39.50,15.17,57.80,22.22,42.35
1778015830,7.75,13.50,9.25,22.49,39.55,15.23,57.82,21.86,42.42
1778015832,7.75,13.50,9.50,22.44,39.55,15.10,57.79,22.46,42.54
1778015833,7.75,13.50,9.00,22.44,39.57,15.22,57.83,22.36,42.53
1778015835,7.75,13.50,9.25,22.71,39.63,15.15,57.77,22.55,42.52
1778015836,7.75,13.00,9.50,22.59,39.58,15.14,57.76,22.27,42.39
1778015838,7.75,12.75,8.75,22.58,39.61,15.13,57.73,22.38,42.34
1778015840,7.75,13.00,9.25,22.62,39.66,15.16,57.71,22.29,42.28
1778015841,7.75,13.25,9.25,22.67,39.65,15.10,57.69,22.16,42.23
1778015843,7.81,13.00,9.25,22.43,39.62,15.32,57.68,22.52,42.35
1778015844,7.75,13.50,9.25,22.76,39.68,15.17,57.63,21.93,42.24
1778015846,7.81,13.00,9.25,22.56,39.69,15.13,57.56,22.34,42.29
1778015848,7.75,13.50,9.25,22.48,39.71,15.18,57.54,22.40,42.30
1778015849,7.81,13.50,9.50,22.48,39.71,15.10,57.47,22.17,42.29
1778015851,7.81,13.25,9.50,22.59,39.75,15.22,57.47,22.34,42.40
1778015852,7.88,13.50,9.50,22.56,39.78,15.22,57.47,22.29,42.56
1778015854,7.94,13.50,9.25,22.40,39.79,15.18,57.48,22.29,42.76
1778015856,8.00,13.50,9.50,22.44,39.82,15.14,57.50,22.29,42.95
1778015857,8.00,13.50,9.25,22.42,39.83,15.20,57.52,22.08,43.07
1778015859,8.06,13.75,9.50,22.48,39.85,15.18,57.55,22.42,43.23
1778015860,8.00,13.25,9.75,22.55,39.91,15.29,57.59,22.41,43.26
1778015862,8.00,13.50,9.50,22.51,39.95,15.16,57.59,22.66,43.28
1778015864,7.94,13.50,9.50,22.44,39.93,15.15,57.58,21.73,43.06
1778015865,8.00,13.50,9.50,22.53,39.89,15.17,57.59,22.40,43.05
1778015867,7.94,13.25,9.75,22.48,39.88,15.15,57.57,22.38,42.91
1778015868,8.00,13.50,9.50,22.46,39.88,15.30,57.58,22.40,42.83
1778015870,8.00,13.50,9.75,22.64,39.94,15.27,57.58,22.29,42.69
1778015872,8.00,13.50,9.50,22.44,39.89,15.28,57.56,21.54,42.46
1778015873,8.00,13.50,9.50,22.46,39.91,15.17,57.55,21.87,42.42
1778015875,7.94,13.50,9.50,22.38,39.85,15.19,57.55,22.00,42.36
1778015876,7.94,13.25,9.75,22.44,39.84,15.17,57.55,22.26,42.33
1778015878,7.94,13.75,9.50,22.43,39.83,15.19,57.55,22.04,42.26
1778015880,8.00,13.75,9.50,22.65,39.88,15.26,57.57,22.16,42.28
1778015881,7.94,13.50,9.25,22.46,39.86,15.26,57.61,22.24,42.35
1778015883,7.94,13.00,9.50,22.45,39.85,15.24,57.61,22.27,42.46
1778015885,7.94,13.50,8.75,22.70,39.87,15.43,57.63,22.34,42.49
1778015886,7.94,13.50,9.25,22.44,39.80,15.28,57.56,22.16,42.42
1778015888,7.94,13.50,9.00,22.57,39.83,15.25,57.52,21.75,42.31
1778015889,7.94,13.25,9.00,22.48,39.80,15.37,57.50,22.06,42.35
1778015891,7.94,13.25,8.75,22.48,39.84,15.26,57.45,22.18,42.42
1778015893,7.88,12.75,9.25,22.54,39.84,15.39,57.43,21.93,42.48
1778015894,7.88,13.50,9.50,22.43,39.81,15.30,57.42,22.27,42.64
1778015896,7.88,13.50,9.50,22.42,39.83,15.28,57.39,22.20,42.69
1778015897,7.88,13.25,9.25,22.52,39.91,15.34,57.39,22.12,42.73
1778015899,7.88,13.25,9.50,22.45,39.90,15.25,57.39,22.98,42.82
1778015901,7.88,12.75,9.50,22.33,39.88,15.15,57.36,22.01,42.62
1778015902,7.88,13.25,9.50,22.44,39.88,15.30,57.40,21.67,42.51
1778015904,7.88,13.25,9.75,22.45,39.90,15.23,57.41,21.84,42.53
1778015905,7.81,13.25,9.25,22.40,39.87,15.29,57.40,22.08,42.69
1778015907,7.81,13.50,9.00,22.62,39.95,15.40,57.42,22.24,42.75
1778015909,7.81,13.00,9.25,22.57,39.97,15.14,57.39,22.51,42.75
1778015910,7.88,13.50,9.75,22.30,39.95,15.27,57.41,22.02,42.69
1778015912,7.88,13.50,9.25,22.29,39.95,15.10,57.40,22.23,42.77
1778015913,7.88,13.50,9.25,22.28,39.96,15.18,57.41,21.54,42.77
1778015915,7.94,13.50,10.00,22.54,40.01,15.19,57.44,21.55,42.92
1778015917,7.94,13.25,9.75,22.53,40.04,15.25,57.46,22.34,43.23
1778015918,7.94,13.25,10.00,22.38,40.07,15.22,57.48,21.86,43.33
1778015920,8.00,13.25,9.75,22.30,40.08,15.26,57.52,22.24,43.55
1778015921,8.00,13.75,9.25,22.29,40.09,15.27,57.56,22.15,43.68
1778015923,8.00,13.00,9.50,22.22,40.12,15.21,57.57,21.84,43.74
1778015925,8.06,13.75,9.75,22.57,40.22,15.20,57.59,21.79,43.70
1778015926,8.00,13.25,9.75,22.36,40.24,15.30,57.62,22.14,43.63
1778015928,8.00,13.75,9.25,22.49,40.31,15.19,57.62,21.60,43.35
1778015929,8.00,13.75,9.75,22.45,40.36,15.49,57.68,21.60,43.20
1778015931,8.00,13.75,9.25,22.38,40.36,15.28,57.64,21.99,43.09
1778015933,8.00,13.50,9.50,22.34,40.31,15.30,57.64,22.09,43.00
1778015934,8.00,13.50,9.25,22.34,40.22,15.19,57.59,21.58,42.84
1778015936,8.00,13.75,9.75,22.59,40.22,15.44,57.61,22.23,42.88
1778015938,7.94,13.50,9.75,22.64,40.18,15.35,57.56,21.57,42.71
1778015939,8.00,13.50,9.50,22.46,40.11,15.35,57.50,21.84,42.69
1778015941,8.06,13.25,8.75,22.51,40.06,15.38,57.46,22.34,42.72
1778015942,8.00,12.75,9.75,22.45,40.01,15.37,57.43,21.96,42.62
1778015944,8.00,12.75,9.75,22.55,39.99,15.27,57.36,21.78,42.60
1778015946,8.00,13.50,9.50,22.44,39.99,15.22,57.29,21.60,42.56
1778015947,8.00,13.25,8.75,22.64,40.01,15.18,57.24,21.74,42.56
1778015949,7.94,13.25,9.25,22.62,40.03,15.27,57.22,22.24,42.59
1778015950,7.94,13.25,9.75,22.40,40.02,15.26,57.17,22.08,42.57
1778015952,7.88,13.25,9.25,22.45,40.07,15.17,57.10,22.42,42.66
1778015954,7.94,13.25,9.25,22.37,40.04,15.27,57.06,22.15,42.70
1778015955,7.81,13.25,9.25,22.44,40.04,15.25,56.99,22.27,42.83
1778015957,7.81,13.50,9.25,22.64,40.05,15.19,56.94,22.03,42.87
1778015958,7.88,13.25,9.50,22.48,40.00,15.13,56.89,21.76,42.88
1778015960,7.75,12.75,9.50,22.45,40.04,15.24,56.88,22.16,42.94
1778015962,7.75,13.25,9.00,22.42,40.05,15.13,56.83,22.67,42.99
1778015963,7.75,13.50,9.25,22.44,40.08,15.18,56.84,21.57,42.85
1778015965,7.75,13.00,9.00,22.54,40.13,15.11,56.84,22.49,43.06
1778015966,7.75,13.25,9.25,22.64,40.18,15.11,56.84,21.53,42.94
1778015968,7.69,13.50,9.25,22.62,40.25,15.26,56.88,21.57,42.96
1778015970,7.69,13.50,9.50,22.31,40.20,15.10,56.89,21.97,42.91
1778015971,7.69,13.50,9.75,22.53,40.26,15.16,56.96,22.12,42.82
1778015973,7.69,13.25,9.50,22.33,40.28,15.17,57.03,21.76,42.66
1778015974,7.69,13.50,9.50,22.39,40.32,15.26,57.10,21.80,42.63
1778015976,7.69,13.50,9.50,22.27,40.29,15.19,57.15,21.92,42.71
1778015978,7.69,13.50,9.75,22.28,40.25,15.22,57.21,21.76,42.79
1778015979,7.63,13.25,9.50,22.46,40.24,15.26,57.28,21.61,42.72
1778015981,7.69,12.75,9.25,22.64,40.21,15.14,57.31,22.66,42.85
1778015982,7.69,13.50,9.25,22.41,40.11,15.06,57.36,22.01,42.78
1778015984,7.69,13.25,9.50,22.53,40.09,15.12,57.43,22.61,42.86
1778015986,7.69,13.25,9.50,22.48,40.04,15.12,57.47,22.39,42.79
1778015987,7.75,13.50,9.50,22.48,40.05,15.19,57.57,22.05,42.76
1778015989,7.75,13.25,9.50,22.47,40.03,15.20,57.62,22.13,42.78
1778015991,7.75,13.50,9.75,22.42,40.01,15.16,57.63,22.02,42.74
1778015992,7.75,13.50,9.50,22.41,40.02,15.24,57.70,21.96,42.70
1778015994,7.75,13.50,9.50,22.39,40.00,15.24,57.74,22.40,42.75
1778015995,7.75,13.25,8.75,22.48,39.99,15.14,57.75,21.74,42.66
1778015997,7.81,13.50,9.75,22.57,40.02,15.21,57.79,21.91,42.72
1778015999,7.81,13.25,9.75,22.32,39.97,15.26,57.81,21.87,42.72
1778016000,7.81,13.75,9.50,22.44,39.97,15.26,57.83,22.06,42.75
1778016002,7.88,13.50,9.75,22.26,39.93,15.18,57.82,22.15,42.72
1778016003,7.88,13.00,9.75,22.58,39.97,15.10,57.82,21.44,42.60
1778016005,7.88,13.50,9.50,22.65,40.00,15.15,57.82,21.78,42.66
1778016007,7.81,12.50,9.50,22.48,39.98,15.21,57.85,21.77,42.65
1778016008,7.81,13.25,9.25,22.42,39.98,15.22,57.84,22.10,42.71
1778016010,7.88,13.25,9.00,22.43,39.99,15.19,57.81,21.87,42.70
1778016011,7.81,13.50,9.50,22.35,39.99,15.12,57.76,21.73,42.70
1778016013,7.81,13.00,9.50,22.49,40.05,15.13,57.69,22.05,42.81
1778016015,7.81,13.00,9.00,22.55,40.02,15.25,57.68,22.24,42.91
1778016016,7.81,12.75,9.50,22.47,40.01,15.30,57.63,21.32,42.78
1778016018,7.81,13.25,9.50,22.29,39.96,15.18,57.56,21.91,42.81
1778016019,7.81,13.25,9.50,22.22,39.94,15.24,57.51,22.10,42.80
1778016021,7.81,13.00,8.50,22.42,39.95,15.23,57.42,21.23,42.64
1778016023,7.81,13.25,9.00,22.45,39.95,15.18,57.36,22.31,42.80
1778016024,7.75,13.25,9.50,22.56,39.98,15.15,57.31,21.65,42.65
1778016026,7.75,13.25,9.25,22.55,39.98,15.30,57.30,21.26,42.60
1778016027,7.81,13.25,9.25,22.38,39.96,15.19,57.26,21.92,42.77
1778016029,7.75,13.50,9.00,22.35,39.95,15.15,57.22,22.28,42.97
1778016031,7.75,13.50,9.50,22.34,39.95,15.22,57.21,21.83,43.09
1778016032,7.75,13.25,9.25,22.51,40.02,15.07,57.20,21.77,43.28
1778016034,7.81,13.25,9.75,22.59,40.05,15.13,57.20,21.77,43.44
1778016035,7.75,13.25,9.50,22.38,40.04,15.13,57.21,21.89,43.64
1778016037,7.75,13.50,9.50,22.48,40.07,15.13,57.25,21.26,43.64
1778016039,7.75,13.50,9.75,22.25,40.06,15.13,57.28,21.73,43.73
1778016040,7.81,13.50,9.75,22.45,40.13,15.24,57.32,21.68,43.64
1778016042,7.75,13.00,9.50,22.55,40.13,15.13,57.33,21.87,43.50
1778016044,7.75,13.50,9.75,22.68,40.13,15.13,57.35,21.81,43.41
1778016045,7.75,13.50,9.25,22.31,40.05,15.16,57.38,21.54,43.37
1778016047,7.75,13.50,9.50,22.27,40.02,15.15,57.39,21.86,43.42
1778016048,7.81,13.25,9.75,22.42,40.04,15.29,57.42,21.73,43.32
1778016050,7.75,13.25,9.25,22.36,40.00,15.13,57.43,21.77,43.35
1778016052,7.81,13.50,9.00,22.45,40.01,15.19,57.46,22.34,43.49
1778016053,7.75,13.25,9.50,22.60,40.00,15.22,57.49,21.71,43.32
1778016055,7.75,13.50,9.75,22.43,39.96,15.23,57.48,21.76,43.35
1778016056,7.75,12.75,9.50,22.24,39.93,15.15,57.49,21.76,43.40
1778016058,7.75,13.25,9.50,22.30,39.95,15.20,57.49,21.84,43.46
1778016060,7.75,13.00,9.50,22.27,39.94,15.16,57.48,21.25,43.44
1778016061,7.69,12.50,9.00,22.52,39.97,15.22,57.51,21.65,43.55
1778016063,7.75,13.00,9.00,22.43,39.94,15.39,57.53,21.75,43.65
1778016064,7.75,13.50,9.50,22.64,39.99,15.19,57.47,21.72,43.66
1778016066,7.75,13.25,9.50,22.29,39.94,15.24,57.46,21.34,43.59
1778016068,7.69,13.50,9.50,22.40,39.95,15.14,57.41,22.35,43.64
1778016069,7.75,12.75,9.25,22.37,39.93,15.31,57.43,21.83,43.51
1778016071,7.69,13.25,9.50,22.23,39.93,15.16,57.39,21.44,43.44
1778016072,7.69,13.00,9.50,22.51,39.97,15.30,57.40,21.65,43.45
1778016074,7.75,13.25,9.00,22.45,39.94,15.15,57.36,21.92,43.50
1778016076,7.69,13.50,9.50,22.62,39.97,15.27,57.38,21.69,43.51
1778016077,7.69,13.00,9.00,22.35,39.94,15.41,57.40,21.69,43.43
1778016079,7.69,13.25,9.50,22.33,39.93,15.17,57.36,21.27,43.33
1778016080,7.69,13.25,9.25,22.39,39.96,15.26,57.38,21.66,43.39
1778016082,7.69,13.25,9.00,22.52,39.99,15.34,57.36,21.64,43.45
1778016084,7.69,13.25,9.50,22.48,39.98,15.09,57.31,21.62,43.53
1778016085,7.69,13.50,9.50,22.52,39.99,15.23,57.33,22.18,43.63
1778016087,7.69,12.75,9.00,22.38,39.98,15.19,57.33,21.91,43.54
1778016088,7.69,13.50,9.50,22.45,40.04,15.20,57.33,21.57,43.48
1778016090,7.75,13.50,9.75,22.28,40.05,15.23,57.31,21.69,43.57
1778016092,7.69,13.50,9.75,22.38,40.13,15.20,57.28,21.65,43.61
1778016093,7.69,13.50,9.50,22.50,40.17,15.23,57.26,21.65,43.68
1778016095,7.69,12.75,9.75,22.40,40.16,15.13,57.22,21.64,43.73
1778016097,7.75,13.25,9.50,22.56,40.18,15.18,57.24,21.95,43.85
1778016098,7.75,13.50,9.25,22.49,40.18,15.08,57.21,21.33,43.74
1778016100,7.69,13.50,9.25,22.65,40.17,15.14,57.19,21.31,43.64
1778016101,7.75,13.50,9.50,22.38,40.08,15.28,57.19,21.58,43.55
1778016103,7.69,13.50,9.50,22.40,40.05,15.22,57.16,21.29,43.37
1778016105,7.69,13.75,9.75,22.36,40.00,15.21,57.16,21.73,43.32
1778016106,7.69,13.75,9.50,22.54,39.99,15.12,57.16,21.80,43.32
1778016108,7.69,13.75,9.25,22.70,40.00,15.15,57.19,21.69,43.38
1778016109,7.75,13.50,9.25,22.73,40.04,15.26,57.22,21.70,43.59
1778016111,7.75,14.00,9.25,22.23,40.02,15.15,57.26,21.62,43.76
1778016113,7.75,14.00,9.25,22.19,40.05,15.10,57.33,21.66,43.95
1778016114,7.81,13.00,9.50,22.31,40.13,15.25,57.42,21.47,44.09
1778016116,7.81,13.75,9.75,22.66,40.20,15.19,57.51,21.79,44.18
1778016117,7.88,13.75,9.75,22.24,40.14,15.34,57.63,21.58,44.00
1778016119,7.88,13.75,10.00,22.36,40.16,15.17,57.63,21.90,43.91
1778016121,7.88,13.25,9.75,22.38,40.17,15.22,57.69,21.75,43.82
1778016122,7.94,13.75,9.75,22.57,40.15,15.18,57.75,21.67,43.72
1778016124,7.94,13.75,9.50,22.25,40.06,15.23,57.81,21.34,43.63
1778016125,7.94,13.75,9.50,22.23,40.02,15.17,57.85,22.62,43.77
1778016127,7.94,13.25,9.50,22.58,40.05,15.23,57.91,21.75,43.67
1778016129,7.94,13.50,9.75,22.54,40.05,15.43,57.98,21.72,43.62
1778016130,7.94,13.75,9.75,22.40,39.98,15.20,57.95,21.76,43.58
1778016132,7.94,13.25,9.75,22.23,39.92,15.26,57.97,21.34,43.49
1778016133,8.00,13.50,9.75,22.19,39.93,15.30,57.98,22.16,43.61
1778016135,8.00,13.50,9.50,22.20,39.93,15.18,57.94,21.62,43.59
1778016137,7.94,13.50,9.75,22.44,39.94,15.26,57.92,21.72,43.60
1778016138,7.94,13.25,9.50,22.64,39.95,15.26,57.84,21.61,43.66
1778016140,8.00,13.25,9.00,22.44,39.92,15.38,57.83,22.01,43.72
1778016141,7.94,13.25,9.25,22.37,39.89,15.26,57.75,21.78,43.59
1778016143,8.00,13.25,9.25,22.26,39.85,15.15,57.67,21.48,43.45
1778016145,7.94,13.25,9.00,22.20,39.87,15.17,57.62,21.62,43.41
1778016146,7.94,13.25,9.50,22.30,39.89,15.23,57.56,21.56,43.38
1778016148,7.88,13.25,9.25,22.39,39.89,15.25,57.49,21.26,43.43
1778016150,7.94,13.25,9.00,22.38,39.87,15.23,57.41,22.49,43.69
1778016151,7.88,13.50,8.50,22.47,39.88,15.15,57.36,21.27,43.50
1778016153,7.88,13.00,9.00,22.33,39.86,15.36,57.35,21.98,43.60
1778016154,7.81,13.50,9.25,22.38,39.89,15.13,57.26,21.71,43.52
1778016156,7.81,13.25,9.00,22.38,39.89,15.23,57.23,21.84,43.55
1778016158,7.81,12.75,8.75,22.26,39.88,15.15,57.18,21.91,43.50
1778016159,7.81,13.50,9.25,22.51,39.91,15.27,57.15,21.65,43.44
1778016161,7.75,13.50,9.25,22.52,39.87,15.23,57.13,21.22,43.28
1778016162,7.69,13.50,9.25,22.38,39.85,15.39,57.12,22.01,43.43
1778016164,7.75,13.50,8.75,22.24,39.86,15.18,57.07,21.63,43.48
1778016166,7.69,12.75,9.25,22.39,39.85,15.24,57.08,21.40,43.50
1778016167,7.63,13.25,8.75,22.44,39.86,15.22,57.10,21.69,43.51
1778016169,7.63,13.00,9.25,22.31,39.83,15.21,57.09,21.44,43.51
1778016170,7.63,13.00,9.25,22.55,39.86,15.30,57.11,22.00,43.67
1778016172,7.63,13.00,9.00,22.27,39.81,15.22,57.10,21.78,43.76
1778016174,7.63,13.25,9.50,22.30,39.81,15.23,57.09,21.89,43.84
1778016175,7.63,13.00,9.50,22.25,39.80,15.20,57.09,21.44,43.81
1778016177,7.63,13.50,9.25,22.20,39.80,15.26,57.10,21.47,43.75
1778016178,7.63,12.75,9.00,22.31,39.80,15.23,57.09,21.80,43.74
1778016180,7.63,13.00,9.25,22.23,39.80,15.20,57.10,21.62,43.73
1778016182,7.56,13.25,9.00,22.39,39.84,15.22,57.09,21.47,43.77
1778016183,7.63,12.50,9.00,22.52,39.86,15.26,57.08,21.41,43.79
1778016185,7.63,13.25,9.50,22.30,39.84,15.27,57.10,21.62,43.75
1778016186,7.63,13.25,9.50,22.29,39.83,15.23,57.09,21.14,43.65
1778016188,7.56,13.00,9.00,22.37,39.84,15.26,57.13,21.39,43.78
1778016190,7.56,13.50,9.25,22.44,39.86,15.19,57.09,21.16,43.85
1778016191,7.50,12.75,9.00,22.27,39.87,15.23,57.11,21.70,44.01
1778016193,7.56,13.00,8.75,22.37,39.91,15.17,57.09,21.68,44.06
1778016194,7.56,13.25,9.25,22.44,39.94,15.22,57.07,21.73,44.12
1778016196,7.56,13.00,9.50,22.42,39.98,15.17,57.07,21.39,44.07
1778016198,7.56,13.25,9.00,22.43,39.98,15.19,57.08,21.81,44.10
1778016199,7.56,13.25,9.25,22.48,40.01,15.23,57.08,21.60,44.00
1778016201,7.56,13.25,9.25,22.42,40.02,15.21,57.10,21.39,43.94
1778016203,7.50,13.25,9.25,22.67,40.06,15.25,57.10,21.58,43.97
1778016204,7.50,13.50,9.25,22.32,40.01,15.17,57.10,21.68,44.03
1778016206,7.50,13.50,9.25,22.42,40.05,15.22,57.13,21.41,43.99
1778016207,7.50,13.25,9.25,22.53,40.08,15.12,57.15,21.37,44.06
1778016209,7.50,13.25,9.00,22.53,40.13,15.22,57.18,21.42,44.13
1778016211,7.56,13.25,9.00,22.38,40.12,15.27,57.20,21.63,44.24
1778016212,7.50,13.00,9.25,22.65,40.16,15.30,57.20,21.69,44.28
1778016214,7.50,13.25,9.25,22.44,40.14,15.22,57.22,21.84,44.29
1778016215,7.50,13.25,9.50,22.64,40.21,15.18,57.22,21.55,44.20
1778016217,7.44,13.00,9.25,22.29,40.16,15.24,57.24,21.32,44.18
1778016219,7.50,13.50,9.25,22.48,40.22,15.15,57.23,21.46,44.24
1778016220,7.56,13.50,9.50,22.68,40.26,15.14,57.25,21.46,44.24
1778016222,7.56,13.25,9.50,22.34,40.23,15.15,57.27,21.87,44.29
1778016223,7.50,12.75,9.00,22.65,40.28,15.27,57.33,21.57,44.17
1778016225,7.56,13.25,9.00,22.47,40.25,15.11,57.33,21.30,44.05
1778016227,7.50,13.50,9.25,22.57,40.29,15.21,57.38,21.72,44.03
1778016228,7.56,13.25,9.25,22.20,40.22,15.15,57.38,21.41,43.97
1778016230,7.50,13.25,9.00,22.62,40.28,15.15,57.39,21.47,43.96
1778016231,7.56,13.25,9.25,22.37,40.24,15.18,57.43,21.35,43.92
1778016233,7.56,13.50,9.50,22.36,40.23,15.15,57.45,21.56,43.89
1778016235,7.56,13.50,9.25,22.58,40.25,15.32,57.48,21.87,43.90
1778016236,7.56,13.50,9.50,22.23,40.18,15.45,57.51,21.85,43.90
1778016238,7.63,13.50,9.00,22.39,40.20,15.28,57.48,21.39,43.92
1778016239,7.63,13.25,9.25,22.35,40.20,15.32,57.49,21.48,44.05
1778016241,7.63,13.50,9.00,22.34,40.21,15.29,57.48,21.51,44.07
1778016243,7.63,13.25,9.00,22.23,40.18,15.38,57.53,21.58,43.97
1778016244,7.63,13.25,9.25,22.53,40.24,15.37,57.56,21.87,44.00
1778016246,7.69,13.00,9.00,22.54,40.26,15.48,57.56,21.22,43.95
1778016247,7.69,13.25,9.50,22.55,40.27,15.41,57.50,21.37,43.99
1778016249,7.69,13.25,9.00,22.46,40.29,15.45,57.46,21.64,44.07
1778016251,7.69,13.00,9.25,22.36,40.30,15.51,57.40,21.41,44.04
1778016252,7.69,12.75,9.25,22.34,40.33,15.38,57.30,21.85,44.07
1778016254,7.69,13.50,9.25,22.52,40.37,15.36,57.24,21.80,44.02
1778016256,7.69,13.50,9.25,22.37,40.39,15.37,57.22,21.37,44.05
1778016257,7.63,13.50,9.25,22.04,40.33,15.37,57.20,21.39,44.03
1778016259,7.69,13.50,9.00,22.38,40.41,15.39,57.17,21.20,43.94
1778016260,7.69,13.00,9.00,22.45,40.42,15.32,57.12,21.69,43.97
1778016262,7.75,13.25,9.00,22.12,40.37,15.40,57.13,21.16,43.89
1778016264,7.69,13.00,9.50,22.51,40.42,15.35,57.12,21.50,43.91
1778016265,7.69,12.75,9.25,22.16,40.35,15.35,57.12,21.56,43.95
1778016267,7.69,12.25,9.50,22.12,40.38,15.23,57.12,21.28,44.00
1778016268,7.69,13.50,9.50,22.37,40.44,15.22,57.13,21.40,44.06
1778016270,7.69,13.00,9.25,22.37,40.44,15.28,57.13,21.23,44.05
1778016272,7.69,13.50,9.25,22.49,40.49,15.21,57.11,21.30,44.00
1778016273,7.69,13.50,9.00,22.33,40.46,15.28,57.16,21.75,44.04
1778016275,7.69,13.50,9.25,22.45,40.48,15.24,57.18,21.65,44.08
1778016276,7.75,13.25,9.00,22.29,40.46,15.22,57.22,21.56,44.09
1778016278,7.75,13.00,9.00,22.08,40.44,15.14,57.21,21.61,44.18
1778016280,7.69,13.50,9.00,22.14,40.47,15.30,57.25,21.95,44.23
1778016281,7.63,13.50,9.50,22.33,40.52,15.16,57.22,21.23,44.15
1778016283,7.63,13.50,9.25,22.48,40.54,15.21,57.21,21.60,44.31
1778016284,7.63,13.25,9.25,22.23,40.53,15.22,57.23,21.75,44.41
1778016286,7.63,13.25,9.25,22.23,40.53,15.19,57.21,21.13,44.36
1778016288,7.63,13.50,9.25,22.14,40.53,15.22,57.22,21.35,44.39
1778016289,7.63,13.00,9.00,22.17,40.54,15.16,57.22,21.21,44.41
1778016291,7.63,13.00,9.00,22.06,40.53,15.20,57.21,21.09,44.32
1778016292,7.63,13.25,9.25,22.24,40.60,15.15,57.18,21.60,44.29
1778016294,7.63,13.25,8.75,22.22,40.61,15.23,57.20,21.61,44.18
1778016296,7.63,13.00,9.25,22.29,40.61,15.14,57.17,21.32,44.18
1778016297,7.69,13.50,9.00,22.13,40.60,15.12,57.19,21.33,44.22
1778016299,7.63,13.50,9.25,21.99,40.58,15.22,57.23,21.13,44.17
1778016300,7.63,13.25,9.75,21.96,40.58,15.09,57.24,21.91,44.33
1778016302,7.63,13.25,9.25,22.10,40.63,15.13,57.31,21.19,44.33
1778016304,7.69,13.25,9.25,22.15,40.67,15.28,57.40,21.65,44.60
1778016305,7.69,13.50,9.50,22.10,40.67,15.15,57.42,21.30,44.53
1778016307,7.69,13.25,9.75,22.12,40.65,15.16,57.44,21.73,44.53
1778016309,7.69,13.50,9.50,22.21,40.69,15.25,57.46,21.41,44.39
1778016310,7.69,13.25,9.00,21.99,40.65,15.23,57.50,21.16,44.36
1778016312,7.75,13.50,9.25,22.38,40.71,15.12,57.50,21.44,44.42
1778016313,7.75,13.25,9.50,22.05,40.69,15.22,57.54,21.09,44.45
1778016315,7.75,13.25,9.50,22.23,40.70,15.30,57.59,21.41,44.53
1778016317,7.75,13.00,9.75,22.39,40.72,15.16,57.60,21.45,44.54
1778016318,7.75,14.00,9.00,22.19,40.69,15.12,57.63,21.21,44.54
1778016320,7.75,13.25,9.25,22.07,40.67,15.19,57.71,21.86,44.69
1778016321,7.75,13.50,9.75,22.02,40.69,15.22,57.76,21.12,44.62
1778016323,7.75,13.25,9.25,22.18,40.72,15.06,57.79,21.34,44.73
1778016325,7.88,13.25,9.50,22.22,40.73,15.13,57.84,21.60,44.73
1778016326,7.81,13.75,9.50,22.50,40.81,15.30,57.89,21.44,44.72
1778016328,7.81,13.50,9.25,22.02,40.73,15.22,57.90,21.07,44.63
1778016329,7.88,13.00,9.25,22.47,40.80,15.10,57.90,21.30,44.65
1778016331,7.81,13.25,9.25,22.23,40.77,15.23,57.91,21.72,44.64
1778016333,7.81,13.00,9.50,22.05,40.73,15.12,57.86,21.65,44.62
1778016334,7.81,13.75,8.75,22.23,40.77,15.15,57.85,21.21,44.53
1778016336,7.81,13.25,9.00,22.29,40.77,15.30,57.82,21.53,44.56
1778016337,7.81,13.75,9.00,22.32,40.79,15.18,57.75,21.13,44.58
1778016339,7.81,13.25,9.50,22.43,40.83,15.13,57.73,21.22,44.67
1778016341,7.81,13.50,9.50,21.99,40.75,15.19,57.73,21.37,44.63
1778016342,7.81,13.50,9.00,22.10,40.75,15.15,57.69,21.33,44.53
1778016344,7.75,13.00,9.50,22.16,40.78,15.22,57.67,21.46,44.46
1778016345,7.81,13.00,9.25,22.23,40.78,15.17,57.61,21.53,44.48
1778016347,7.81,13.50,9.00,22.44,40.78,15.34,57.61,21.15,44.42
1778016349,7.81,13.25,9.50,22.13,40.71,15.13,57.55,21.23,44.34
1778016350,7.81,13.25,9.50,22.05,40.68,15.14,57.53,21.35,44.36
1778016352,7.75,13.00,9.00,22.16,40.69,15.16,57.52,21.02,44.36
1778016354,7.75,13.25,9.00,22.13,40.69,15.20,57.56,21.40,44.47
1778016355,7.81,13.25,8.75,22.28,40.74,15.25,57.59,21.57,44.54
1778016357,7.81,13.25,9.50,22.45,40.81,15.13,57.59,21.12,44.43
1778016358,7.81,13.75,9.00,22.05,40.76,15.20,57.60,21.17,44.45
1778016360,7.81,13.25,9.75,22.10,40.78,15.11,57.61,21.18,44.48
1778016362,7.81,13.50,9.00,22.14,40.79,15.19,57.63,21.77,44.57
1778016363,7.75,13.75,9.00,22.49,40.84,15.07,57.65,21.00,44.45
1778016365,7.75,13.75,9.00,22.37,40.84,15.15,57.67,21.00,44.42
1778016366,7.75,13.50,8.75,22.16,40.82,15.26,57.67,21.26,44.39
1778016368,7.75,13.50,8.75,22.10,40.82,15.18,57.63,21.41,44.45
1778016370,7.75,13.75,9.00,22.12,40.86,15.19,57.61,21.20,44.44
1778016371,7.69,13.00,9.50,22.28,40.89,15.24,57.62,21.45,44.57
1778016373,7.75,13.25,8.75,22.08,40.87,15.12,57.56,21.15,44.58
1778016374,7.81,13.25,9.50,22.41,40.91,15.19,57.56,21.35,44.71
1778016376,7.75,13.50,8.50,22.53,40.92,15.15,57.53,21.34,44.79
1778016378,7.75,13.75,9.00,22.29,40.89,15.15,57.53,21.13,44.82
1778016379,7.75,13.75,8.75,22.43,40.90,15.08,57.52,21.10,44.73
1778016381,7.75,13.50,9.50,22.38,40.88,15.19,57.54,21.28,44.64
1778016382,7.75,13.50,9.25,22.29,40.85,15.12,57.54,21.41,44.58
1778016384,7.75,13.50,9.25,22.34,40.83,15.19,57.56,21.19,44.48
1778016386,7.75,13.50,9.25,22.12,40.78,15.21,57.61,21.39,44.51
1778016387,7.75,13.50,9.50,22.08,40.79,15.23,57.64,20.96,44.48
1778016389,7.81,13.75,9.75,22.08,40.86,15.31,57.68,21.09,44.66
1778016390,7.81,13.75,9.25,22.10,40.93,15.13,57.66,21.18,44.90
1778016392,7.75,13.75,9.75,22.41,41.01,15.19,57.65,21.17,45.11
1778016394,7.81,13.75,9.25,22.13,40.95,15.19,57.65,21.75,45.31
1778016395,7.88,13.75,9.75,22.25,40.96,15.19,57.66,21.13,45.23
1778016397,7.81,13.75,9.50,22.23,40.95,15.20,57.68,21.41,45.27
1778016398,7.88,13.75,9.00,22.13,41.00,15.15,57.68,20.98,45.23
1778016400,7.88,13.50,9.00,22.23,41.04,15.23,57.71,21.15,45.24
1778016402,7.88,13.50,9.50,22.19,41.01,15.20,57.72,21.30,45.14
1778016403,7.81,13.50,9.25,22.08,40.98,15.14,57.70,21.56,45.11
1778016405,7.88,13.75,9.25,22.52,41.02,15.22,57.69,20.94,45.01
1778016406,7.88,13.25,9.50,22.02,40.92,15.15,57.64,21.27,45.07
1778016408,7.88,13.50,9.50,22.35,40.96,15.21,57.63,21.41,45.03
1778016410,7.81,13.75,9.00,22.19,40.93,15.19,57.61,21.15,44.91
1778016411,7.88,13.50,9.50,22.16,40.88,15.21,57.57,21.51,44.88
1778016413,7.75,13.25,9.50,22.08,40.86,15.16,57.52,21.12,44.81
1778016415,7.75,13.00,9.25,22.39,40.90,15.15,57.50,20.98,44.88
1778016416,7.75,13.50,9.50,22.33,40.91,15.27,57.48,21.51,45.05
1778016418,7.81,13.75,9.50,22.17,40.90,15.45,57.51,21.43,45.06
1778016419,7.75,13.50,9.50,22.43,40.96,15.20,57.45,21.09,44.93
1778016421,7.75,13.25,9.25,22.33,40.95,15.19,57.43,21.16,44.93
1778016423,7.75,13.00,9.50,21.99,40.91,15.23,57.41,21.33,44.88
1778016424,7.75,13.00,9.25,22.11,40.91,15.18,57.40,20.88,44.84
1778016426,7.75,13.75,9.50,22.40,41.01,15.30,57.42,21.26,44.95
1778016427,7.69,13.25,9.25,22.57,41.02,15.29,57.42,21.11,44.92
1778016429,7.75,13.00,8.75,22.01,40.93,15.16,57.41,21.44,44.90
1778016431,7.75,13.75,9.50,21.99,40.89,15.22,57.39,21.30,44.81
1778016432,7.75,13.50,9.25,22.11,40.84,15.16,57.39,20.90,44.73
1778016434,7.75,12.75,9.00,22.12,40.83,15.28,57.41,21.32,44.82
1778016435,7.69,13.25,9.00,22.07,40.79,15.13,57.37,21.34,44.86
1778016437,7.75,13.50,9.50,22.27,40.83,15.19,57.36,21.09,44.89
1778016439,7.75,13.25,9.50,22.07,40.81,15.22,57.33,21.49,44.96
1778016440,7.75,13.00,8.75,22.25,40.84,15.22,57.31,21.14,44.84
1778016442,7.75,13.50,9.50,21.96,40.82,15.31,57.30,21.58,44.92
1778016443,7.75,13.50,9.75,22.09,40.84,15.22,57.23,21.26,44.83
1778016445,7.75,13.00,9.50,22.03,40.87,15.19,57.20,21.03,44.75
1778016447,7.75,13.50,9.25,22.28,40.90,15.24,57.18,21.46,44.83
1778016448,7.75,13.50,9.00,22.16,40.93,15.30,57.18,21.19,44.90
1778016450,7.75,13.75,9.25,22.21,41.05,15.19,57.16,21.30,45.07
1778016451,7.75,13.25,9.50,22.12,41.11,15.15,57.16,21.26,45.12
1778016453,7.81,13.50,9.50,21.99,41.10,15.22,57.17,20.88,44.99
1778016455,7.75,13.50,9.50,22.42,41.15,15.20,57.18,21.30,44.97
1778016456,7.81,13.25,9.50,22.08,41.10,15.23,57.17,21.39,44.93
1778016458,7.81,13.50,9.50,22.10,41.07,15.16,57.16,21.12,44.80
1778016460,7.81,13.00,9.75,22.18,41.07,15.21,57.19,21.76,44.82
1778016461,7.75,13.25,9.00,22.05,41.01,15.30,57.20,21.29,44.79
1778016463,7.81,13.25,9.50,22.44,41.01,15.30,57.19,21.25,44.85
1778016464,7.75,13.50,9.25,22.01,40.92,15.30,57.19,20.98,44.84
1778016466,7.75,13.50,9.00,22.48,40.96,15.19,57.16,20.91,44.83
1778016468,7.81,13.50,9.25,22.11,40.90,15.22,57.17,21.25,44.90
1778016469,7.75,13.50,9.75,22.16,40.92,15.19,57.18,21.13,44.90
1778016471,7.75,13.75,9.50,22.19,40.92,15.28,57.21,21.14,44.89
1778016472,7.75,13.25,9.25,22.36,40.97,15.21,57.23,21.53,44.84
1778016474,7.81,13.50,9.75,22.06,40.94,15.19,57.26,21.59,44.75
1778016476,7.81,13.75,9.25,22.48,41.02,15.25,57.30,21.44,44.70
1778016477,7.81,13.75,9.00,22.05,40.95,15.15,57.33,21.00,44.74
1778016479,7.88,13.50,9.00,22.00,41.00,15.31,57.41,21.25,44.97
1778016480,7.94,13.50,9.25,22.05,41.05,15.22,57.46,21.02,45.15
1778016482,7.88,13.50,9.25,22.08,41.09,15.22,57.51,21.28,45.29
1778016484,7.94,13.75,9.25,22.19,41.13,15.12,57.55,21.11,45.22
1778016485,7.94,13.75,9.75,22.35,41.16,15.30,57.60,21.26,45.12
1778016487,7.94,13.50,9.25,22.02,41.09,15.15,57.61,20.95,44.99
1778016488,7.94,13.50,9.75,22.01,41.08,15.28,57.65,21.37,44.98
1778016490,7.94,13.50,9.75,21.98,41.09,15.30,57.69,21.48,44.98
1778016492,7.94,13.50,9.75,22.44,41.15,15.31,57.72,21.16,44.91
1778016493,7.94,14.00,9.75,22.30,41.11,15.31,57.73,21.19,44.84
1778016495,7.94,13.75,9.75,22.01,41.04,15.26,57.74,21.12,44.70
1778016496,8.00,13.50,9.75,22.24,41.08,15.19,57.72,21.15,44.61
1778016498,7.94,13.25,9.75,21.96,40.98,15.30,57.73,21.39,44.55
1778016500,7.94,13.75,9.00,22.48,41.06,15.20,57.71,21.28,44.49
1778016501,7.94,13.50,9.50,22.23,41.01,15.23,57.68,21.23,44.43
1778016503,8.00,13.25,9.75,22.16,41.01,15.18,57.65,21.21,44.39
1778016504,7.94,13.50,9.50,22.17,41.01,15.16,57.62,21.05,44.35
1778016506,7.94,13.25,9.75,22.03,40.97,15.22,57.61,21.18,44.35
1778016508,7.94,13.75,10.00,22.12,40.98,15.25,57.60,21.23,44.35
1778016509,8.00,13.25,9.75,22.08,40.96,15.19,57.59,21.52,44.46
1778016511,7.94,13.00,9.75,21.92,40.96,15.37,57.62,21.16,44.59
1778016513,7.94,13.75,10.00,22.11,41.00,15.16,57.56,21.23,44.61
1778016514,7.94,13.50,9.50,22.18,41.02,15.22,57.53,21.37,44.62
1778016516,7.94,13.50,9.75,22.24,41.01,15.23,57.49,21.15,44.59
1778016517,7.88,13.75,9.75,22.44,41.02,15.43,57.51,21.31,44.70
1778016519,7.88,13.75,9.25,22.34,40.97,15.26,57.42,21.60,44.72
1778016521,7.94,13.75,9.50,22.35,40.97,15.16,57.36,21.35,44.61
1778016522,7.88,14.00,9.50,22.33,40.97,15.28,57.38,21.28,44.68
1778016524,7.88,13.25,9.75,22.24,40.96,15.14,57.39,21.05,44.74
1778016525,7.94,13.75,9.75,22.16,40.94,15.42,57.44,21.19,44.83
1778016527,7.94,13.25,9.25,22.12,40.95,15.22,57.41,21.27,44.92
1778016529,7.94,14.00,9.75,22.35,40.98,15.43,57.45,21.13,45.06
1778016530,7.94,13.75,9.25,22.23,41.05,15.20,57.45,21.12,45.27
1778016532,7.94,13.50,9.50,21.99,41.07,15.23,57.49,21.66,45.53
1778016533,8.00,13.75,9.75,22.30,41.14,15.19,57.53,21.72,45.52
1778016535,8.00,13.75,9.75,22.13,41.08,15.19,57.56,21.15,45.25
1778016537,8.00,13.50,9.50,22.15,41.03,15.34,57.62,21.02,45.07
1778016538,8.00,13.50,9.50,22.37,41.01,15.32,57.61,21.39,44.98
1778016540,8.00,13.75,9.75,22.08,40.90,15.13,57.60,21.26,44.85
1778016541,8.00,14.00,10.00,22.41,40.94,15.39,57.66,21.23,44.87
1778016543,8.00,14.00,9.50,22.45,41.01,15.24,57.64,21.27,44.99
1778016545,8.00,13.75,9.50,22.43,41.09,15.16,57.64,21.98,45.22
1778016546,8.06,14.00,9.75,22.06,41.06,15.25,57.69,21.13,45.20
1778016548,8.06,13.75,10.00,22.17,41.11,15.14,57.66,21.74,45.44
1778016549,8.06,13.50,9.75,22.12,41.11,15.20,57.66,21.12,45.36
1778016551,8.06,13.75,9.75,22.07,41.05,15.16,57.61,21.64,45.35
1778016553,8.00,13.75,9.50,22.19,41.01,15.22,57.58,21.63,45.23
1778016554,8.06,13.75,9.50,22.11,40.91,15.21,57.52,21.29,45.10
1778016556,8.06,13.50,9.50,22.16,40.84,15.15,57.47,21.19,44.95
1778016557,8.00,13.75,9.25,21.97,40.79,15.23,57.42,21.05,44.86
1778016559,8.00,13.50,9.25,22.39,40.76,15.35,57.39,21.05,44.76
1778016561,8.00,13.25,9.00,22.08,40.70,15.26,57.30,21.30,44.68
1778016562,8.00,13.75,9.50,21.96,40.68,15.37,57.28,21.73,44.75
1778016564,8.06,13.50,9.75,22.11,40.73,15.36,57.25,21.38,44.78
1778016566,8.06,13.75,9.50,22.07,40.76,15.37,57.24,21.22,44.90
1778016567,8.06,13.50,9.75,22.39,40.80,15.31,57.22,21.36,45.04
1778016569,8.06,13.25,9.25,22.15,40.78,15.39,57.22,21.74,45.18
1778016570,8.00,13.50,9.50,22.29,40.78,15.23,57.18,21.52,45.10
1778016572,8.00,13.50,9.00,22.07,40.76,15.28,57.17,22.19,45.07
1778016574,8.00,13.50,9.50,22.05,40.78,15.24,57.14,21.11,44.83
1778016575,8.00,13.50,8.75,22.12,40.81,15.26,57.09,21.15,44.77
1778016577,8.00,13.25,9.50,22.49,40.85,15.13,57.02,21.37,44.71
1778016578,7.94,13.50,9.50,22.16,40.75,15.10,56.95,21.13,44.68
1778016580,7.94,13.75,9.25,22.05,40.69,15.22,56.95,21.53,44.77
1778016582,7.88,13.25,9.00,22.63,40.76,15.20,56.92,21.21,44.74
1778016583,7.81,13.50,9.25,22.50,40.70,15.17,56.92,21.84,44.90
1778016585,7.81,13.75,9.00,22.12,40.62,15.15,56.89,21.09,44.69
1778016586,7.81,13.50,9.25,22.11,40.58,15.14,56.91,21.86,44.75
1778016588,7.81,13.00,9.25,22.16,40.62,15.08,56.90,21.15,44.61
1778016590,7.75,13.50,9.00,22.15,40.62,15.06,56.91,21.22,44.52
1778016591,7.75,13.50,9.50,22.55,40.66,15.19,56.96,21.41,44.51
1778016593,7.75,13.25,9.50,22.34,40.66,15.13,57.02,21.76,44.64
1778016594,7.75,13.25,9.50,22.13,40.62,15.21,57.10,21.09,44.54
1778016596,7.75,13.00,9.25,22.15,40.61,15.22,57.16,21.25,44.57
1778016598,7.75,13.50,9.25,22.20,40.60,15.20,57.18,21.95,44.63
1778016599,7.69,13.75,9.50,22.07,40.55,15.30,57.20,21.17,44.49
1778016601,7.75,13.25,9.75,22.12,40.56,15.26,57.23,21.05,44.54
1778016602,7.75,13.50,9.50,22.04,40.52,15.22,57.24,21.19,44.63
1778016604,7.75,13.25,8.75,22.12,40.54,15.12,57.22,21.09,44.54
1778016606,7.75,13.50,8.75,22.06,40.56,15.13,57.23,21.26,44.48
1778016607,7.75,13.50,9.50,22.05,40.59,15.29,57.25,21.52,44.50
1778016609,7.75,13.50,9.00,22.23,40.60,15.19,57.24,21.63,44.46
1778016610,7.88,13.25,9.25,22.06,40.59,15.19,57.25,21.02,44.34
1778016612,7.94,13.50,9.00,22.12,40.61,15.15,57.27,21.77,44.46
1778016614,8.00,13.75,9.50,22.15,40.68,15.22,57.28,21.49,44.55
1778016615,8.06,13.25,9.00,22.03,40.68,15.26,57.35,21.46,44.74
1778016617,8.13,13.50,9.50,22.16,40.70,15.20,57.40,21.45,44.93
1778016619,8.13,13.25,9.25,22.18,40.76,15.23,57.43,21.44,45.03
1778016620,8.13,13.50,9.75,22.16,40.83,15.14,57.42,21.43,44.95
1778016622,8.06,13.75,9.75,22.10,40.83,15.17,57.40,21.58,44.79
1778016623,8.06,13.75,9.50,22.06,40.85,15.24,57.39,21.77,44.66
1778016625,8.06,13.75,9.75,22.38,40.90,15.29,57.36,21.31,44.56
1778016627,8.13,13.50,9.75,22.32,40.92,15.28,57.32,21.28,44.69
1778016628,8.13,13.50,9.50,22.07,40.90,15.13,57.27,21.31,44.82
1778016630,8.19,13.75,9.50,22.16,40.95,15.28,57.27,21.23,44.93
1778016631,8.19,13.50,9.25,21.97,40.95,15.12,57.22,21.60,45.05
1778016633,8.13,13.75,9.00,22.29,41.01,15.47,57.26,21.74,45.04
1778016635,8.13,13.25,9.50,22.41,40.98,15.28,57.21,21.81,44.96
1778016636,8.06,13.50,9.50,22.05,40.85,15.19,57.17,21.38,44.82
1778016638,8.06,13.25,8.75,22.04,40.78,15.32,57.19,21.75,44.86
1778016639,8.00,13.50,9.25,22.22,40.73,15.15,57.13,21.36,44.75
1778016641,7.94,13.50,9.25,22.16,40.69,15.23,57.11,21.27,44.69
1778016643,7.88,13.25,9.25,22.40,40.69,15.23,57.08,21.36,44.62
1778016644,7.94,13.25,8.50,22.10,40.61,15.24,57.05,21.22,44.58
1778016646,7.88,13.25,9.50,22.15,40.61,15.26,57.02,21.45,44.63
1778016647,7.88,13.25,8.50,22.02,40.60,15.19,57.01,21.66,44.62
1778016649,7.81,13.50,9.25,22.26,40.64,15.30,57.04,21.25,44.50
1778016651,7.81,13.50,9.50,22.42,40.63,15.25,57.02,21.88,44.59
1778016652,7.81,13.50,9.50,22.01,40.60,15.24,56.98,21.76,44.50
1778016654,7.75,13.50,8.50,22.11,40.61,15.19,56.94,21.29,44.32
1778016655,7.75,13.50,9.50,22.16,40.60,15.17,56.95,20.94,44.22
1778016657,7.75,13.50,9.25,22.45,40.67,15.18,56.93,21.20,44.26
1778016659,7.75,13.50,9.00,22.41,40.66,15.26,56.95,21.40,44.32
1778016660,7.75,13.25,9.25,22.19,40.61,15.25,56.96,21.34,44.28
1778016662,7.75,13.50,9.25,22.15,40.60,15.18,56.95,21.78,44.32
1778016663,7.75,13.00,8.50,22.09,40.57,15.29,56.99,21.48,44.23
1778016665,7.75,13.25,9.25,22.01,40.51,15.24,56.98,21.37,44.28
1778016667,7.75,13.50,9.25,22.09,40.51,15.23,57.00,21.71,44.43
1778016668,7.75,13.50,9.25,22.14,40.51,15.22,57.03,21.91,44.46
1778016670,7.75,13.00,9.00,22.16,40.49,15.24,57.07,21.20,44.37
1778016672,7.75,13.25,9.50,22.06,40.51,15.15,57.07,21.37,44.44
1778016673,7.69,13.00,9.25,22.12,40.54,15.32,57.11,21.34,44.41
1778016675,7.75,13.50,9.00,22.24,40.57,15.19,57.11,21.46,44.34
1778016676,7.75,13.25,9.50,22.01,40.51,15.26,57.13,21.61,44.28
1778016678,7.75,13.50,9.25,22.42,40.56,15.19,57.18,21.74,44.26
1778016680,7.75,13.75,9.25,22.34,40.55,15.19,57.20,21.34,44.16
1778016681,7.75,13.00,9.50,22.01,40.52,15.29,57.24,21.37,44.16
1778016683,7.75,13.50,9.25,22.14,40.52,15.13,57.27,21.66,44.29
1778016684,7.81,13.50,9.25,22.17,40.55,15.22,57.34,21.21,44.33
1778016686,7.75,13.25,9.50,22.25,40.56,15.19,57.35,21.29,44.44
1778016688,7.75,13.50,9.00,22.05,40.52,15.18,57.40,21.79,44.59
1778016689,7.75,13.00,9.25,22.19,40.54,15.07,57.43,21.17,44.57
1778016691,7.75,13.25,9.00,22.16,40.52,15.24,57.49,21.35,44.66
1778016692,7.75,13.50,9.50,22.24,40.51,15.28,57.54,21.25,44.67
1778016694,7.75,13.25,9.50,22.16,40.52,15.27,57.55,21.37,44.68
1778016696,7.75,13.25,9.50,22.48,40.56,15.17,57.54,21.16,44.60
1778016697,7.75,13.50,9.00,22.07,40.51,15.14,57.55,21.31,44.57
1778016699,7.75,13.25,9.50,22.19,40.51,15.27,57.58,21.26,44.57
1778016700,7.75,13.25,9.50,22.14,40.49,15.31,57.61,21.52,44.60
1778016702,7.75,13.25,9.25,22.08,40.45,15.33,57.63,21.13,44.54
1778016704,7.81,13.25,9.25,22.05,40.43,15.22,57.60,21.83,44.59
1778016705,7.81,13.50,9.25,22.04,40.44,15.18,57.58,20.89,44.42
1778016707,7.81,13.00,9.25,22.08,40.44,15.30,57.59,21.37,44.57
1778016708,7.81,13.50,9.50,22.20,40.49,15.15,57.53,21.85,44.70
1778016710,7.81,13.25,9.00,22.08,40.47,15.37,57.52,21.49,44.65
1778016712,7.75,13.50,9.25,22.16,40.52,15.16,57.48,21.14,44.60
1778016713,7.81,13.00,9.25,22.05,40.55,15.09,57.46,21.26,44.58
1778016715,7.81,13.25,9.25,21.97,40.56,15.22,57.48,21.80,44.57
1778016716,7.81,13.50,9.25,22.30,40.64,15.10,57.42,21.15,44.35
1778016718,7.81,13.00,9.25,22.08,40.63,15.06,57.39,21.44,44.42
1778016720,7.81,13.75,9.75,22.12,40.64,15.14,57.41,21.39,44.53
1778016721,7.81,13.75,9.25,22.24,40.67,15.10,57.38,21.44,44.60
1778016723,7.81,13.25,9.25,22.26,40.75,15.18,57.39,21.49,44.62
1778016725,7.88,13.75,9.50,22.05,40.79,15.26,57.41,21.15,44.66
1778016726,7.88,13.75,9.25,22.19,40.84,15.07,57.38,21.78,44.85
1778016728,7.94,13.50,10.00,22.17,40.87,15.08,57.40,21.21,44.88
1778016729,7.94,13.50,9.50,22.40,40.94,15.25,57.42,21.17,44.97
1778016731,7.94,13.75,9.50,22.19,40.97,15.15,57.41,21.34,45.06
1778016733,7.94,13.75,9.00,22.43,41.08,15.15,57.42,21.76,45.09
1778016734,7.94,13.25,9.75,22.32,41.10,15.19,57.45,21.37,44.86
1778016736,7.94,13.50,9.50,22.47,41.11,15.23,57.48,21.24,44.74
1778016737,7.94,13.75,9.50,22.08,41.04,15.21,57.51,21.34,44.74
1778016739,8.00,13.75,9.75,22.21,41.01,15.05,57.50,21.27,44.77
1778016741,8.06,13.75,9.75,22.48,40.99,15.33,57.57,21.30,44.91
1778016742,8.19,14.00,9.75,22.29,40.93,15.20,57.58,21.91,45.14
1778016744,8.25,13.50,9.75,21.95,40.87,15.18,57.60,21.52,45.18
1778016745,8.25,13.50,9.75,22.29,40.92,15.28,57.64,21.35,45.25
1778016747,8.25,13.75,9.75,22.06,40.92,15.18,57.63,21.49,45.30
1778016749,8.25,13.50,9.75,22.04,40.94,15.21,57.63,21.73,45.32
1778016750,8.38,13.75,9.75,22.42,40.99,15.19,57.66,21.70,45.31
1778016752,8.44,14.00,10.00,22.04,40.97,15.32,57.71,21.76,45.38
1778016753,8.44,13.75,9.50,22.40,41.02,15.19,57.74,22.01,45.53
1778016755,8.44,13.75,9.25,22.16,41.01,15.34,57.81,22.09,45.49
1778016757,8.56,13.75,10.00,22.07,40.99,15.40,57.86,21.73,45.31
1778016758,8.56,13.75,9.50,22.20,41.02,15.19,57.83,21.64,45.28
1778016760,8.56,14.00,10.00,22.12,40.99,15.36,57.87,21.65,45.30
1778016761,8.50,13.50,9.75,22.12,40.98,15.34,57.85,21.14,45.13
1778016763,8.50,13.75,9.50,22.12,41.04,15.19,57.80,21.92,45.09
1778016765,8.44,14.00,9.50,22.38,41.12,15.27,57.79,21.53,44.85
1778016766,8.44,13.75,9.25,21.96,41.03,15.41,57.77,21.50,44.82
1778016768,8.44,13.25,9.25,22.19,40.99,15.38,57.72,21.61,44.79
1778016769,8.38,14.00,10.00,22.29,40.97,15.28,57.66,21.59,44.67
1778016771,8.38,13.50,9.75,22.47,40.95,15.33,57.60,21.52,44.50
1778016773,8.31,13.25,9.75,22.41,40.94,15.22,57.54,21.81,44.37
1778016774,8.31,13.75,9.25,22.16,40.94,15.22,57.48,21.19,44.15
1778016776,8.25,13.75,9.50,22.12,40.91,15.21,57.43,21.86,44.12
1778016778,8.25,13.75,9.50,22.47,40.98,15.17,57.39,21.49,43.95
1778016779,8.19,13.75,9.75,22.11,40.90,15.37,57.39,21.92,43.96
1778016781,8.25,13.25,9.75,22.27,40.88,15.35,57.34,21.58,43.87
1778016782,8.25,13.75,9.50,22.19,40.81,15.32,57.32,21.55,43.93
1778016784,8.19,13.50,9.50,22.31,40.78,15.36,57.31,21.47,44.00
1778016786,8.13,13.50,9.50,22.40,40.78,15.39,57.29,21.19,43.88
1778016787,8.13,13.50,9.50,22.31,40.81,15.19,57.21,22.16,43.97
1778016789,8.06,13.00,9.00,22.16,40.87,15.28,57.19,21.61,43.78
1778016790,8.13,13.50,9.25,22.23,40.89,15.13,57.11,21.75,43.69
1778016792,8.00,13.50,9.00,22.27,40.89,15.25,57.12,21.51,43.55
1778016794,8.00,13.25,9.25,22.40,40.90,15.20,57.07,22.01,43.64
1778016795,8.00,13.25,9.00,22.36,40.92,15.17,57.03,21.37,43.49
1778016797,7.94,13.50,8.75,22.34,40.91,15.23,57.04,21.78,43.49
1778016798,7.94,13.75,9.25,22.31,40.82,15.16,57.02,21.65,43.43
1778016800,7.88,13.00,9.25,22.59,40.79,15.11,56.98,21.23,43.43
1778016802,7.88,13.50,9.25,22.55,40.72,15.14,56.97,21.65,43.58
1778016803,7.88,13.50,9.25,22.51,40.65,15.16,56.96,21.68,43.71
1778016805,7.81,13.00,9.25,22.20,40.56,15.12,56.95,21.57,43.73
1778016806,7.81,13.25,8.75,22.63,40.56,15.23,56.96,21.95,43.82
1778016808,7.81,13.25,8.75,22.55,40.51,15.17,56.94,21.69,43.79
1778016810,7.75,13.50,9.25,22.32,40.43,15.18,56.93,21.95,43.88
1778016811,7.75,13.00,9.25,22.02,40.36,15.14,56.90,21.24,43.74
1778016813,7.75,13.00,9.00,22.52,40.42,15.14,56.89,21.53,43.73
1778016814,7.69,13.25,9.25,22.33,40.37,15.10,56.86,21.61,43.79
1778016816,7.69,13.50,9.25,22.62,40.41,15.06,56.87,21.55,43.81
1778016818,7.63,13.50,9.25,22.62,40.43,15.22,56.90,21.71,43.80
1778016819,7.69,13.00,9.25,22.43,40.43,15.07,56.89,21.69,43.84
1778016821,7.69,13.50,9.50,22.27,40.45,15.11,56.94,21.41,43.94
1778016822,7.75,13.50,9.25,22.53,40.54,15.14,57.01,21.41,44.09
1778016824,7.81,13.50,9.00,22.23,40.56,15.15,57.10,21.48,44.28
1778016826,7.88,13.75,9.75,22.44,40.67,15.13,57.14,21.26,44.37
1778016827,7.88,13.75,9.50,22.43,40.75,15.09,57.21,22.01,44.59
1778016829,7.88,13.75,9.75,22.16,40.82,15.21,57.31,21.23,44.44
1778016831,7.88,13.50,9.50,22.29,40.87,15.11,57.41,21.41,44.39
1778016832,7.88,13.50,9.00,22.05,40.82,15.15,57.48,21.95,44.41
1778016834,7.94,13.50,9.00,22.15,40.76,15.18,57.55,21.24,44.21
1778016835,7.88,13.75,9.50,22.42,40.73,15.21,57.60,21.67,44.17
1778016837,7.88,13.50,9.00,22.33,40.66,15.12,57.61,22.03,44.14
1778016839,7.88,13.25,9.00,22.33,40.62,15.25,57.67,21.59,44.07
1778016840,7.88,13.00,9.00,22.57,40.63,15.30,57.70,21.56,44.06
1778016842,7.88,13.50,9.00,22.16,40.57,15.19,57.70,21.51,44.03
1778016843,7.88,13.50,9.25,22.29,40.58,15.18,57.71,21.37,43.87
1778016845,7.88,13.25,9.25,22.38,40.53,15.14,57.70,21.61,43.84
1778016847,7.88,13.50,9.00,22.56,40.57,15.18,57.69,21.69,43.78
1778016848,7.94,12.75,9.50,22.29,40.54,15.26,57.70,21.48,43.74
1778016850,7.88,13.50,9.50,22.38,40.53,15.22,57.68,21.62,43.80
1778016851,7.88,13.25,9.25,22.51,40.59,15.30,57.68,21.62,43.90
1778016853,7.94,13.50,9.25,22.51,40.58,15.15,57.66,21.71,43.94
1778016855,7.88,13.25,9.00,22.19,40.52,15.29,57.66,21.37,43.84
1778016856,7.88,13.50,9.00,22.32,40.52,15.15,57.62,21.37,43.84
1778016858,7.88,13.25,9.00,22.40,40.55,15.18,57.59,21.74,43.92
1778016859,7.88,13.25,8.75,22.51,40.55,15.23,57.59,21.40,43.81
1778016861,7.88,13.25,9.00,22.54,40.56,15.20,57.58,21.44,43.70
1778016863,7.88,13.00,9.50,22.56,40.55,15.21,57.55,21.51,43.66
1778016864,7.88,13.50,9.50,22.40,40.55,15.23,57.52,21.17,43.65
1778016866,7.94,13.50,9.00,22.62,40.56,15.30,57.50,22.01,43.81
1778016867,7.88,12.75,9.50,22.65,40.55,15.20,57.50,21.89,43.89
1778016869,7.88,12.75,9.00,22.23,40.47,15.13,57.47,21.60,43.88
1778016871,7.88,12.50,9.25,22.37,40.47,15.15,57.47,21.67,43.80
1778016872,7.81,12.50,9.25,22.48,40.47,15.30,57.45,21.59,43.78
1778016874,7.88,12.50,9.00,22.55,40.47,15.30,57.38,21.41,43.79
1778016875,7.81,11.75,9.25,22.31,40.40,15.19,57.33,21.69,43.86
1778016877,7.81,12.25,8.75,22.62,40.44,15.44,57.32,21.67,43.78
1778016879,7.88,12.00,9.00,22.48,40.41,15.19,57.27,21.91,43.79
1778016880,7.81,12.00,8.75,22.62,40.41,15.17,57.22,21.36,43.62
1778016882,7.81,12.25,8.75,22.51,40.39,15.23,57.20,21.38,43.58
1778016884,7.81,12.00,9.25,22.25,40.38,15.30,57.17,21.86,43.64
1778016885,7.81,11.75,9.25,22.55,40.45,15.21,57.13,21.48,43.60
1778016887,7.81,12.00,9.00,22.56,40.48,15.13,57.09,21.50,43.75
1778016888,7.81,12.00,9.25,22.34,40.43,15.31,57.12,21.37,43.85
1778016890,7.81,11.50,9.00,22.62,40.45,15.30,57.12,21.41,43.95
1778016892,7.81,11.75,9.00,22.58,40.43,15.21,57.08,21.41,44.04
1778016893,7.75,12.00,9.25,22.23,40.37,15.19,57.06,21.66,44.08
1778016895,7.88,11.75,9.00,22.39,40.42,15.15,57.04,21.91,44.11
1778016896,7.75,11.75,9.00,22.57,40.45,15.16,57.05,21.63,44.00
1778016898,7.81,12.00,8.75,22.55,40.48,15.20,57.08,21.61,43.88
1778016900,7.81,11.75,9.00,22.40,40.48,15.23,57.11,21.63,43.89
1778016901,7.81,12.00,9.00,22.59,40.50,15.15,57.11,21.13,43.80
1778016903,7.81,12.00,9.00,22.55,40.51,15.17,57.13,21.92,43.98
1778016904,7.75,12.00,8.75,22.47,40.50,15.30,57.18,21.54,43.90
1778016906,7.81,11.75,9.00,22.39,40.48,15.21,57.18,21.88,43.86
1778016908,7.81,11.75,9.25,22.61,40.52,15.11,57.18,21.77,43.82
1778016909,7.75,12.00,8.75,22.60,40.54,15.20,57.21,21.35,43.81
1778016911,7.81,12.00,8.50,22.39,40.50,15.10,57.20,21.46,43.94
1778016912,7.81,12.00,9.00,22.55,40.54,15.05,57.23,21.38,43.92
1778016914,7.75,11.25,8.75,22.65,40.54,15.12,57.26,21.83,43.91
1778016916,7.75,12.00,8.75,22.35,40.50,15.11,57.26,21.46,43.86
1778016917,7.75,11.75,9.00,22.21,40.48,15.14,57.27,21.55,43.83
1778016919,7.75,12.25,8.75,22.55,40.53,15.05,57.26,21.35,43.72
1778016920,7.75,12.00,9.00,22.66,40.55,15.09,57.24,21.80,43.71
1778016922,7.75,11.75,8.75,22.38,40.51,15.07,57.22,21.41,43.58
1778016924,7.75,12.00,9.00,22.38,40.49,15.10,57.23,21.49,43.54
1778016925,7.69,12.50,9.00,22.35,40.47,15.10,57.22,21.55,43.53
1778016927,7.69,12.25,8.75,22.60,40.48,15.01,57.24,21.87,43.56
1778016928,7.75,12.25,9.25,22.47,40.47,15.05,57.27,21.63,43.59
1778016930,7.81,12.25,9.25,22.28,40.46,15.17,57.34,22.11,43.92
1778016932,7.81,12.00,9.50,22.28,40.53,15.15,57.37,21.45,44.16
1778016933,7.88,12.25,9.00,22.20,40.58,15.12,57.41,21.51,44.45
1778016935,7.88,12.75,9.50,22.12,40.64,15.10,57.46,21.88,44.78
1778016937,7.94,12.25,9.50,22.17,40.72,15.17,57.51,21.58,44.93
1778016938,8.00,12.75,9.75,22.21,40.80,15.24,57.60,21.39,45.01
1778016940,8.00,12.50,9.50,22.37,40.86,15.12,57.63,21.41,45.11
1778016941,8.06,12.50,9.75,22.29,40.86,15.30,57.75,21.54,45.21
1778016943,8.06,12.25,9.25,22.19,40.89,15.10,57.82,21.86,45.29
1778016945,8.13,12.25,9.50,22.05,40.92,15.21,57.89,21.76,45.26
1778016946,8.06,11.50,9.75,22.16,40.95,15.13,57.91,21.55,45.17
1778016948,8.06,12.00,9.75,22.48,41.01,15.17,57.95,21.90,45.09
1778016949,8.06,11.75,9.25,22.15,41.00,15.05,57.95,21.53,44.90
1778016951,8.13,11.50,9.00,22.12,41.00,15.22,57.98,21.63,44.73
1778016953,8.13,11.25,9.50,22.15,40.95,15.24,58.00,21.44,44.53
1778016954,8.13,0.00,7.50,22.31,40.93,15.23,57.95,21.46,44.34
1778016956,8.06,0.00,7.75,22.05,40.82,15.24,57.90,21.45,44.17
1778016957,8.06,0.00,7.75,22.03,40.77,15.12,57.82,21.87,44.08
1778016959,8.06,0.00,8.00,22.12,40.76,15.23,57.78,21.37,43.93
1778016961,8.06,6.75,9.00,22.27,40.74,15.15,57.72,21.58,43.89
1778016962,8.06,4.25,8.50,22.49,40.74,15.25,57.67,21.52,43.88
1778016964,8.06,4.50,8.25,22.32,40.70,15.22,57.58,21.95,43.88
1778016965,8.00,0.00,7.50,22.56,40.71,15.22,57.53,21.67,43.73
1778016967,8.00,0.00,7.75,22.49,40.70,15.23,57.49,21.54,43.76
1778016969,8.00,4.75,8.50,22.18,40.64,15.15,57.41,21.65,43.90
1778016970,8.00,6.25,8.75,22.12,40.58,15.26,57.42,22.09,44.07
1778016972,7.94,6.50,9.00,22.32,40.56,15.31,57.40,21.45,43.98
1778016973,7.94,7.00,8.50,22.25,40.53,15.12,57.32,21.30,43.88
1778016975,7.94,6.25,8.50,22.12,40.50,15.14,57.30,21.46,43.83
1778016977,7.94,6.75,9.00,22.42,40.54,15.26,57.31,22.11,43.95
1778016978,7.94,7.50,8.75,22.42,40.52,15.08,57.28,21.79,44.00
1778016980,7.94,0.00,8.00,22.52,40.53,15.11,57.30,21.61,44.02
1778016981,7.88,0.00,8.00,22.28,40.47,15.25,57.32,21.26,44.03
1778016983,7.88,7.25,9.25,22.46,40.50,15.23,57.32,21.29,43.90
1778016985,7.94,7.50,8.50,22.33,40.52,15.03,57.30,21.30,43.83
1778016986,7.94,7.25,8.75,22.47,40.55,15.11,57.33,21.83,43.84
1778016988,7.94,7.25,8.50,22.29,40.51,15.20,57.38,21.86,43.79
1778016989,7.94,7.50,8.75,22.53,40.56,15.07,57.38,21.83,43.76
1778016991,7.88,6.50,9.25,22.19,40.51,15.13,57.43,21.82,43.79
1778016993,7.88,6.50,9.00,22.51,40.55,15.26,57.48,21.33,43.72
1778016994,7.88,6.25,8.75,22.24,40.55,15.09,57.50,21.76,43.83
1778016996,7.81,6.50,9.25,22.37,40.58,15.20,57.53,21.53,43.94
1778016998,7.88,6.25,8.75,22.08,40.55,15.28,57.56,21.65,43.95
1778016999,7.81,6.00,9.25,22.48,40.64,15.08,57.53,21.34,43.83
1778017001,7.88,5.75,8.50,22.26,40.62,15.15,57.54,21.30,43.75
1778017002,7.88,6.00,8.75,22.47,40.66,15.13,57.55,21.30,43.74
1778017004,7.88,6.50,8.75,22.22,40.61,15.18,57.58,21.44,43.81
1778017006,7.88,6.75,8.75,22.48,40.67,15.15,57.59,21.50,43.83
1778017007,7.88,6.75,8.50,22.16,40.59,15.18,57.60,21.23,43.77
1778017009,7.81,2.25,7.75,22.31,40.62,15.10,57.60,21.70,43.80
1778017010,7.81,10.75,9.00,22.03,40.58,15.21,57.61,21.63,43.78
1778017012,7.81,10.00,9.25,22.62,40.69,15.10,57.59,21.72,43.77
1778017014,7.81,10.25,9.25,22.28,40.67,15.13,57.61,21.35,43.73
1778017015,7.81,10.25,9.00,22.32,40.68,15.18,57.63,21.31,43.83
1778017017,7.81,10.25,9.25,22.25,40.64,15.12,57.62,21.39,43.92
1778017018,7.81,10.50,9.00,22.12,40.61,15.15,57.62,21.56,43.93
1778017020,7.81,0.00,8.00,22.53,40.68,15.06,57.64,21.19,43.88
1778017022,7.81,5.50,8.75,22.10,40.65,15.23,57.68,21.80,44.11
1778017023,7.81,3.75,8.25,22.40,40.77,15.22,57.74,21.55,44.27
1778017025,7.88,0.00,6.75,22.64,40.88,15.14,57.77,21.15,44.39
1778017026,7.88,0.00,6.75,22.38,40.93,15.09,57.80,21.38,44.58
1778017028,7.88,0.00,7.25,22.20,40.90,15.19,57.86,21.25,44.54
1778017030,7.88,2.75,8.50,22.37,40.89,15.22,57.91,21.67,44.52
1778017031,7.94,6.75,9.00,22.16,40.80,15.11,57.95,21.62,44.41
1778017033,7.94,5.25,8.00,22.41,40.82,15.19,57.98,21.55,44.35
1778017034,8.00,6.50,9.00,22.28,40.80,15.22,58.00,21.76,44.42
1778017036,8.00,7.00,9.25,22.57,40.83,15.19,57.98,21.58,44.50
1778017038,8.00,7.25,8.75,22.25,40.79,15.15,57.97,21.36,44.54
1778017039,8.00,7.75,9.25,22.16,40.81,15.34,57.98,21.39,44.63
1778017041,8.06,6.75,8.75,22.28,40.84,15.30,57.97,21.05,44.65
1778017042,8.06,6.00,8.25,22.25,40.84,15.28,57.94,21.73,44.78
1778017044,8.06,6.75,9.25,22.37,40.87,15.22,57.85,21.77,44.76
1778017046,8.06,6.50,8.50,22.22,40.86,15.23,57.83,21.42,44.70
1778017047,8.06,2.00,8.50,22.39,40.89,15.19,57.76,21.76,44.73
1778017049,8.06,1.25,8.25,22.28,40.82,15.19,57.70,21.81,44.65
1778017050,8.06,1.75,7.50,22.05,40.75,15.14,57.62,21.36,44.47
1778017052,8.00,1.25,7.75,22.41,40.78,15.33,57.59,22.23,44.53
1778017054,8.00,7.00,8.75,22.44,40.74,15.29,57.51,21.81,44.43
1778017055,8.00,7.00,8.75,22.55,40.73,15.18,57.44,21.92,44.34
1778017057,8.00,6.75,8.75,22.29,40.66,15.26,57.38,21.38,44.15
1778017059,7.94,7.25,9.25,22.46,40.66,15.15,57.32,21.44,44.07
1778017060,7.94,0.00,8.50,22.54,40.66,15.30,57.31,21.61,44.06
1778017062,8.00,6.50,9.00,22.23,40.60,15.28,57.28,21.39,44.01
1778017063,8.00,7.00,9.00,22.13,40.58,15.13,57.26,21.13,44.14
1778017065,8.00,6.75,9.50,22.29,40.61,15.11,57.26,21.80,44.43
1778017067,8.06,6.75,9.25,22.44,40.63,15.26,57.31,21.32,44.56
1778017068,8.06,6.50,9.00,22.16,40.61,15.20,57.35,21.75,44.75
1778017070,8.00,6.50,8.75,22.42,40.65,15.20,57.37,21.91,44.85
1778017071,8.13,8.25,9.25,22.60,40.68,15.21,57.39,21.86,44.81
1778017073,8.06,7.50,9.25,22.48,40.65,15.22,57.40,21.45,44.64
1778017075,8.06,7.25,9.00,22.48,40.62,15.26,57.42,21.75,44.64
1778017076,8.06,7.25,8.50,22.29,40.59,15.18,57.45,21.34,44.54
1778017078,8.13,7.25,9.25,22.61,40.65,15.13,57.46,21.68,44.53
1778017079,8.13,6.75,9.25,22.53,40.62,15.32,57.50,21.63,44.47
1778017081,8.13,7.25,8.75,22.40,40.61,15.19,57.49,21.36,44.38
1778017083,8.13,7.00,8.25,22.54,40.63,15.20,57.47,21.35,44.37
1778017084,8.06,7.50,8.75,22.18,40.56,15.15,57.46,21.78,44.32
1778017086,8.13,11.50,9.25,22.14,40.56,15.25,57.48,21.49,44.14
1778017087,8.00,11.50,9.25,22.25,40.58,15.11,57.44,21.59,44.05
1778017089,8.06,11.50,9.25,22.50,40.62,15.22,57.42,21.13,43.95
1778017091,8.06,11.50,9.25,22.50,40.62,15.13,57.36,21.38,43.91
1778017092,8.06,11.50,9.00,22.38,40.63,15.12,57.32,21.34,43.83
1778017094,8.06,11.75,9.25,22.22,40.59,15.21,57.30,21.35,43.80
1778017095,8.00,11.50,9.50,22.51,40.62,15.28,57.30,21.44,43.81
1778017097,8.06,11.50,9.50,22.21,40.58,15.11,57.28,21.37,43.78
1778017099,7.94,10.75,9.00,22.05,40.53,15.15,57.29,21.72,43.80
1778017100,8.00,11.75,9.25,22.48,40.59,15.23,57.31,21.65,43.77
1778017102,8.00,11.50,9.25,22.50,40.57,15.17,57.32,21.68,43.75
1778017103,8.00,11.75,9.25,22.31,40.53,15.07,57.31,21.41,43.64
1778017105,8.00,11.50,9.50,22.38,40.52,15.17,57.33,21.58,43.64
1778017107,8.00,11.25,9.25,22.58,40.54,15.05,57.33,21.59,43.62
1778017108,7.94,11.50,9.25,22.32,40.48,15.24,57.37,21.71,43.67
1778017110,7.94,11.50,9.25,22.63,40.52,15.07,57.35,21.54,43.78
1778017112,8.00,11.50,9.50,22.34,40.50,15.21,57.39,21.45,44.00
1778017113,8.00,11.50,9.50,22.48,40.56,15.26,57.41,21.46,44.17
1778017115,7.94,11.25,9.00,22.16,40.62,15.13,57.40,21.86,44.37
1778017116,7.94,11.25,9.25,22.34,40.72,15.21,57.43,21.27,44.34
1778017118,7.94,11.25,9.50,22.47,40.76,15.08,57.40,21.89,44.35
1778017120,7.94,11.50,9.00,22.63,40.76,15.15,57.41,21.65,44.17
1778017121,7.94,11.25,9.25,22.12,40.65,15.18,57.43,21.29,43.98
1778017123,8.00,11.25,9.25,22.53,40.67,15.06,57.39,21.65,43.93
1778017124,8.00,11.25,9.00,22.44,40.62,15.11,57.40,22.08,43.90
1778017126,8.00,11.25,9.00,22.48,40.59,15.13,57.40,21.57,43.74
1778017128,7.94,11.00,8.50,22.53,40.58,15.11,57.39,21.35,43.62
1778017129,8.00,11.25,9.25,22.03,40.49,15.18,57.36,21.06,43.51
1778017131,7.94,11.50,9.00,22.43,40.54,15.22,57.31,21.63,43.55
1778017132,7.94,11.25,8.25,22.43,40.54,15.17,57.26,21.63,43.48
1778017134,7.88,11.50,9.25,22.39,40.53,15.09,57.22,21.37,43.38
1778017136,7.94,11.50,9.00,22.48,40.52,15.11,57.20,21.35,43.35
1778017137,7.94,11.50,9.25,22.51,40.52,15.10,57.17,21.73,43.42
1778017139,7.88,11.50,8.75,22.05,40.42,15.15,57.16,21.85,43.48
1778017140,7.88,11.25,9.00,22.59,40.47,15.15,57.16,21.62,43.53
1778017142,7.88,11.75,9.25,22.51,40.42,15.10,57.16,21.67,43.61
1778017144,7.88,11.50,9.00,22.55,40.40,15.19,57.19,21.40,43.57
1778017145,7.88,11.75,9.25,22.23,40.35,15.20,57.26,21.80,43.65
1778017147,7.88,11.75,9.25,22.55,40.38,15.18,57.31,21.57,43.59
1778017148,7.88,11.75,8.75,22.81,40.42,15.30,57.38,21.40,43.56
1778017150,7.88,11.75,9.25,22.48,40.33,15.18,57.42,21.32,43.58
1778017152,7.88,11.75,9.25,22.19,40.29,15.30,57.49,21.59,43.67
1778017153,7.88,11.50,8.75,22.38,40.33,15.21,57.53,21.58,43.77
1778017155,7.94,11.75,9.00,22.55,40.43,15.13,57.55,21.67,43.97
1778017156,7.94,11.75,9.50,22.26,40.46,15.10,57.62,21.84,44.17
1778017158,7.94,12.00,9.25,22.56,40.61,15.30,57.72,21.34,44.26
1778017160,7.94,11.50,9.50,22.59,40.66,15.22,57.74,21.36,44.42
1778017161,8.00,11.75,9.50,22.45,40.67,15.15,57.79,21.84,44.61
1778017163,8.00,11.75,9.00,22.31,40.74,15.15,57.87,21.34,44.61
1778017165,8.06,12.00,9.25,22.55,40.79,15.15,57.91,21.38,44.68
1778017166,8.06,11.75,9.00,22.60,40.81,15.17,57.95,21.16,44.63
1778017168,8.06,11.00,9.00,22.32,40.75,15.10,57.94,21.34,44.64
1778017169,8.06,11.50,9.25,22.55,40.78,15.20,57.97,21.52,44.57
1778017171,8.00,11.75,9.25,22.59,40.71,15.11,57.92,21.44,44.43
1778017173,8.00,11.75,9.00,22.41,40.62,15.23,57.91,21.30,44.35
1778017174,8.00,11.25,9.00,22.62,40.58,15.26,57.86,21.33,44.29
1778017176,8.00,11.50,8.75,22.63,40.55,15.22,57.79,21.37,44.17
1778017177,8.00,11.50,9.00,22.62,40.52,15.14,57.71,21.59,44.13
1778017179,8.00,11.50,9.00,22.04,40.41,15.16,57.66,21.61,44.21
1778017181,7.94,12.00,9.00,22.65,40.50,15.30,57.63,21.76,44.32
1778017182,8.00,11.75,9.00,22.44,40.43,15.19,57.52,21.66,44.28
1778017184,8.00,11.75,9.25,22.40,40.42,15.20,57.48,21.65,44.17
1778017185,7.94,12.25,9.25,22.34,40.42,15.17,57.46,21.44,44.01
1778017187,7.94,12.00,9.00,22.56,40.44,15.11,57.43,21.72,43.96
1778017189,7.94,12.00,9.50,22.37,40.40,15.23,57.45,21.79,43.90
1778017190,7.94,11.75,9.00,22.38,40.40,15.20,57.48,21.84,43.87
1778017192,7.94,11.25,9.25,22.51,40.40,15.19,57.47,21.34,43.82
1778017193,7.94,11.50,9.25,22.62,40.48,15.24,57.50,21.37,43.94
1778017195,7.94,11.25,9.25,22.55,40.51,15.20,57.50,21.06,44.10
1778017197,8.00,11.75,9.25,22.58,40.59,15.09,57.50,21.76,44.39
1778017198,8.00,11.50,9.25,22.60,40.64,15.18,57.56,21.57,44.47
1778017200,8.00,11.00,8.75,22.11,40.59,15.22,57.60,21.34,44.43
1778017201,8.00,10.75,9.00,22.64,40.65,15.14,57.59,21.82,44.37
1778017203,8.00,11.50,9.00,22.55,40.59,15.12,57.60,21.27,44.13
1778017205,8.00,0.00,7.75,22.45,40.54,15.27,57.65,21.30,44.02
1778017206,8.00,7.50,8.25,22.58,40.50,15.38,57.65,21.37,43.98
1778017208,8.00,6.50,9.00,22.43,40.46,15.32,57.60,21.54,43.97
1778017209,7.94,5.75,9.00,22.27,40.44,15.23,57.52,21.44,44.05
1778017211,8.00,5.50,9.00,22.29,40.49,15.22,57.49,21.41,44.24
1778017213,8.00,4.75,9.00,22.34,40.53,15.13,57.47,21.87,44.49
1778017214,8.00,3.75,8.75,22.32,40.55,15.14,57.47,21.71,44.64
1778017216,8.00,1.25,8.25,22.55,40.61,15.18,57.46,21.40,44.71
1778017217,8.00,0.00,6.50,22.70,40.65,15.11,57.47,21.15,44.66
1778017219,7.94,5.25,8.75,22.62,40.63,15.14,57.49,21.45,44.60
1778017221,8.00,4.50,8.75,22.28,40.58,15.20,57.50,21.34,44.53
1778017222,8.00,6.75,9.25,22.48,40.58,15.29,57.51,21.21,44.53
1778017224,8.00,8.25,9.00,22.61,40.59,15.11,57.46,21.17,44.50
1778017226,7.94,8.00,8.75,22.66,40.56,15.20,57.46,21.34,44.46
1778017227,7.94,7.75,9.00,22.65,40.56,15.19,57.45,21.30,44.31
1778017229,8.00,7.50,9.00,22.31,40.51,15.11,57.40,21.56,44.21
1778017230,7.94,7.75,8.75,22.37,40.50,15.14,57.42,21.69,44.14
1778017232,7.94,8.50,9.00,22.37,40.52,15.22,57.43,21.84,44.12
1778017234,7.94,8.00,9.00,22.61,40.55,15.19,57.42,21.73,44.02
1778017235,7.94,7.75,8.75,22.59,40.53,15.15,57.41,21.45,44.00
1778017237,7.94,8.50,9.00,22.38,40.48,15.37,57.48,21.37,44.05
1778017238,7.94,8.00,9.25,22.48,40.50,15.25,57.46,21.51,44.05
1778017240,7.88,8.00,9.00,22.62,40.50,15.13,57.44,21.56,43.99
1778017242,7.88,11.25,9.25,22.48,40.48,15.22,57.43,21.52,43.99
1778017243,7.88,11.25,9.25,22.32,40.46,15.23,57.43,21.71,44.04
1778017245,7.88,11.00,8.75,22.75,40.54,15.15,57.42,21.85,44.12
1778017246,7.88,11.50,9.00,22.44,40.45,15.22,57.40,21.83,44.23
1778017248,7.88,11.50,9.25,22.38,40.40,15.21,57.38,21.28,44.28
1778017250,7.88,11.75,8.75,22.58,40.43,15.22,57.33,21.41,44.40
1778017251,7.81,11.75,9.25,22.55,40.42,15.27,57.31,21.58,44.52
1778017253,7.81,11.25,9.25,22.53,40.41,15.37,57.30,21.29,44.50
1778017254,7.81,11.75,9.25,22.42,40.39,15.36,57.27,21.71,44.45
1778017256,7.81,10.75,8.75,22.45,40.38,15.38,57.25,21.81,44.45
1778017258,7.75,10.50,9.25,22.54,40.37,15.31,57.19,21.34,44.32
1778017259,7.75,6.25,8.25,22.27,40.34,15.28,57.16,21.26,44.22
1778017261,7.75,7.50,9.00,22.62,40.41,15.30,57.10,21.53,44.23
1778017262,7.75,0.00,6.75,22.45,40.38,15.26,57.05,21.40,44.19
1778017264,7.75,0.00,6.75,22.25,40.37,15.26,56.99,21.71,44.20
1778017266,7.81,0.00,6.50,22.48,40.40,15.24,56.95,21.89,44.17
1778017267,7.81,5.75,8.75,22.54,40.42,15.13,56.89,21.25,44.03
1778017269,7.88,0.00,7.75,22.34,40.42,15.23,56.92,21.20,44.12
1778017270,7.88,0.00,6.50,22.25,40.47,15.29,56.93,21.44,44.39
1778017272,7.94,6.00,9.00,22.19,40.52,15.20,56.91,21.55,44.69
1778017274,8.00,6.00,9.00,22.01,40.52,15.22,56.95,21.58,44.95
1778017275,8.06,0.00,7.25,22.31,40.62,15.25,57.02,21.90,45.22
1778017277,8.19,5.75,8.50,22.16,40.67,15.25,57.04,21.81,45.36
1778017279,8.25,0.00,7.00,22.34,40.75,15.29,57.09,21.57,45.45
1778017280,8.25,0.00,8.50,22.27,40.80,15.24,57.12,21.35,45.48
1778017282,8.19,1.50,8.50,22.52,40.93,15.31,57.18,21.44,45.49
1778017283,8.25,3.75,8.50,22.12,40.91,15.26,57.21,21.55,45.47
1778017285,8.31,8.25,9.50,22.15,40.98,15.34,57.26,21.45,45.43
1778017287,8.31,7.50,9.25,22.16,40.98,15.23,57.26,21.69,45.40
1778017288,8.31,7.75,9.00,22.16,41.01,15.23,57.27,21.38,45.25
1778017290,8.25,7.00,9.25,22.18,41.04,15.33,57.29,21.44,45.06
1778017291,8.19,7.50,9.00,22.20,41.05,15.25,57.27,21.60,44.82
1778017293,8.19,7.50,8.75,22.19,41.01,15.29,57.27,21.74,44.60
1778017295,8.13,7.25,8.75,22.35,41.00,15.32,57.28,21.79,44.44
1778017296,8.13,7.25,8.75,22.33,40.96,15.19,57.24,21.88,44.43
1778017298,8.06,7.50,9.00,22.38,40.97,15.19,57.24,21.15,44.20
1778017299,8.00,0.00,8.25,22.66,40.99,15.13,57.21,21.49,44.11
1778017301,8.00,0.00,8.50,22.62,40.95,15.20,57.22,21.55,44.01
1778017303,8.00,7.25,9.25,22.55,40.89,15.19,57.23,21.72,43.89
1778017304,8.00,7.50,8.75,22.49,40.86,15.21,57.23,21.37,43.85
1778017306,7.94,7.25,8.50,22.44,40.83,15.36,57.29,21.66,43.91
1778017307,7.94,7.75,9.25,22.42,40.80,15.18,57.27,21.63,43.94
1778017309,7.94,8.50,9.50,22.43,40.77,15.20,57.30,21.35,43.96
1778017311,7.94,8.00,8.50,22.22,40.67,15.20,57.34,21.33,43.94
1778017312,7.88,8.50,8.50,22.31,40.61,15.31,57.40,21.73,44.00
1778017314,7.94,8.50,9.00,22.14,40.54,15.41,57.44,21.87,43.97
1778017315,7.88,8.50,9.00,22.59,40.57,15.41,57.44,21.73,43.94
1778017317,7.88,8.50,9.00,22.37,40.49,15.35,57.39,21.50,43.84
1778017319,7.88,8.50,8.75,22.04,40.41,15.30,57.33,21.65,43.83
1778017320,7.88,9.00,8.75,22.55,40.48,15.40,57.29,21.55,43.81
1778017322,7.88,8.25,9.00,22.52,40.45,15.28,57.26,21.65,43.89
1778017323,7.88,8.50,8.50,22.51,40.48,15.26,57.24,21.49,43.96
1778017325,7.88,8.25,8.75,22.30,40.49,15.23,57.22,21.97,44.14
1778017327,7.88,11.50,8.75,22.62,40.55,15.32,57.21,21.55,44.13
1778017328,7.88,11.75,9.25,22.59,40.52,15.15,57.18,21.40,44.04
1778017330,7.88,11.25,8.75,22.33,40.51,15.35,57.18,22.22,44.04
1778017331,7.88,11.50,9.25,22.55,40.52,15.20,57.13,21.59,43.80
1778017333,7.88,11.25,8.25,22.64,40.54,15.16,57.09,21.41,43.67
1778017335,7.81,11.25,9.25,22.54,40.51,15.21,57.08,21.64,43.64
1778017336,7.81,11.50,8.75,22.07,40.44,15.13,57.05,21.65,43.68
1778017338,7.94,11.00,9.00,22.31,40.49,15.22,57.07,21.69,43.82
1778017339,8.00,11.75,8.50,22.53,40.55,15.21,57.08,21.52,43.95
1778017341,8.00,11.50,9.50,22.24,40.56,15.18,57.11,21.65,44.13
1778017343,8.00,11.50,9.50,22.55,40.60,15.25,57.17,21.96,44.32
1778017344,8.00,11.25,8.75,22.37,40.62,15.19,57.16,21.92,44.30
1778017346,7.94,11.50,8.50,22.14,40.57,15.24,57.16,21.62,44.14
1778017348,7.94,11.50,9.25,22.46,40.59,15.23,57.15,21.63,43.99
1778017349,7.94,11.75,9.00,22.55,40.58,15.18,57.12,21.55,43.95
1778017351,7.88,11.25,9.25,22.35,40.53,15.21,57.09,21.41,43.97
1778017352,7.88,11.50,9.00,22.28,40.50,15.34,57.08,21.73,44.08
1778017354,7.81,11.50,9.25,22.31,40.47,15.15,57.01,21.69,43.99
1778017356,7.81,11.50,9.25,22.34,40.47,15.22,56.99,21.36,43.80
1778017357,7.81,11.25,8.50,22.59,40.47,15.16,56.94,21.91,43.87
1778017359,7.75,11.25,8.50,22.55,40.45,15.15,56.93,21.69,43.83
1778017360,7.75,11.75,8.75,22.56,40.45,15.20,56.93,21.44,43.70
1778017362,7.75,11.00,8.75,22.63,40.43,15.11,56.91,21.85,43.77
1778017364,7.75,11.50,8.75,22.35,40.38,15.16,56.93,22.11,43.91
1778017365,7.69,11.50,8.75,22.29,40.45,15.12,56.93,21.91,43.95
1778017367,7.69,11.50,9.00,22.56,40.53,15.11,56.98,21.66,44.00
1778017368,7.69,11.00,8.50,22.41,40.56,15.16,57.02,21.38,43.97
1778017370,7.69,11.25,9.00,22.62,40.58,15.23,57.06,21.22,43.86
1778017372,7.69,11.50,9.00,22.53,40.52,15.25,57.12,21.88,43.87
1778017373,7.63,11.25,9.00,22.09,40.43,15.18,57.14,21.89,43.84
1778017375,7.63,11.25,9.00,22.55,40.48,15.05,57.16,21.53,43.75
1778017376,7.63,11.00,8.75,22.53,40.47,15.14,57.22,21.38,43.79
1778017378,7.63,11.50,9.00,22.54,40.47,15.13,57.26,21.62,43.96
1778017380,7.63,11.00,8.50,22.53,40.46,15.09,57.31,21.58,44.06
1778017381,7.63,11.50,9.00,22.20,40.39,15.15,57.39,22.01,44.16
1778017383,7.63,11.50,9.00,22.62,40.44,15.10,57.41,21.61,44.10
1778017384,7.63,11.25,9.25,22.48,40.42,15.15,57.46,21.42,44.06
1778017386,7.63,11.25,9.00,22.03,40.36,15.08,57.49,21.49,44.04
1778017388,7.69,11.75,8.50,22.21,40.39,15.05,57.50,21.12,44.01
1778017389,7.63,10.75,9.00,22.62,40.46,15.23,57.58,21.58,44.12
1778017391,7.63,11.25,9.00,22.38,40.43,15.06,57.57,22.08,44.10
1778017393,7.63,11.50,9.00,22.63,40.48,15.07,57.61,21.44,43.91
1778017394,7.69,11.00,9.00,22.60,40.46,15.02,57.60,21.43,43.85
1778017396,7.69,11.75,8.75,22.21,40.37,15.02,57.65,21.07,43.74
1778017397,7.69,11.25,9.25,22.44,40.38,15.04,57.69,21.62,43.83
1778017399,7.69,11.00,9.25,22.36,40.38,15.11,57.72,21.99,43.80
1778017401,7.75,11.25,8.25,22.55,40.44,15.11,57.75,21.52,43.69
1778017402,7.75,11.25,8.75,22.54,40.42,15.14,57.77,21.76,43.70
1778017404,7.63,11.25,8.50,22.23,40.38,15.20,57.80,21.54,43.66
1778017405,7.69,11.25,8.75,22.58,40.42,15.01,57.79,21.31,43.69
1778017407,7.75,11.00,9.00,22.31,40.38,15.10,57.80,21.74,43.88
1778017409,7.69,11.00,8.75,22.44,40.39,15.05,57.81,21.11,43.95
1778017410,7.75,11.50,8.50,22.37,40.37,15.11,57.82,21.56,44.20
1778017412,7.75,11.00,8.75,22.10,40.33,15.20,57.84,21.58,44.34
1778017413,7.69,11.00,8.75,22.38,40.34,15.13,57.82,21.26,44.42
1778017415,7.75,11.00,9.00,22.51,40.35,15.10,57.80,21.35,44.43
1778017417,7.81,12.00,9.25,22.15,40.31,15.06,57.77,21.37,44.46
1778017418,7.94,11.00,9.25,22.38,40.41,15.15,57.76,21.39,44.60
1778017420,7.94,11.50,8.50,22.08,40.43,15.06,57.73,21.48,44.79
1778017421,8.00,11.75,9.00,22.39,40.53,15.05,57.71,21.36,44.88
1778017423,7.94,11.75,9.00,22.08,40.51,15.05,57.68,21.41,44.82
1778017425,7.94,11.75,9.25,22.23,40.49,15.14,57.71,21.25,44.70
1778017426,7.94,11.50,8.75,22.06,40.44,15.15,57.70,21.39,44.63
1778017428,7.88,11.25,9.00,22.10,40.41,15.23,57.67,21.60,44.49
1778017429,7.81,11.75,8.75,22.08,40.40,15.21,57.61,21.55,44.39
1778017431,7.88,11.75,9.00,22.08,40.39,15.17,57.56,21.08,44.29
1778017433,7.81,11.50,8.75,22.07,40.39,15.08,57.48,21.55,44.39
1778017434,7.81,11.50,8.50,22.24,40.42,15.19,57.44,21.37,44.43
1778017436,7.75,11.75,8.75,22.20,40.41,15.09,57.37,21.40,44.50
1778017437,7.69,11.50,8.50,22.15,40.43,15.15,57.36,21.23,44.53
1778017439,7.63,11.75,9.00,22.32,40.46,15.07,57.33,21.26,44.55
1778017441,7.63,11.75,9.00,22.04,40.44,15.18,57.33,21.40,44.54
1778017442,7.63,11.75,8.75,22.12,40.46,15.04,57.30,21.51,44.54
1778017444,7.63,11.75,9.00,22.05,40.47,15.14,57.30,21.20,44.44
1778017446,7.63,11.75,9.00,22.16,40.54,15.05,57.27,21.39,44.44
1778017447,7.63,11.50,8.50,22.06,40.55,15.14,57.28,21.76,44.44
1778017449,7.63,11.50,8.75,22.23,40.59,15.04,57.28,21.45,44.35
1778017450,7.63,11.50,8.25,22.08,40.58,15.13,57.31,21.65,44.30
1778017452,7.63,11.50,8.75,22.25,40.60,15.02,57.28,21.46,44.23
1778017454,7.69,11.50,8.75,22.00,40.56,15.19,57.33,21.38,44.22
1778017455,7.63,11.75,8.50,22.07,40.59,15.17,57.34,21.33,44.27
1778017457,7.63,11.75,9.00,22.27,40.63,15.04,57.34,21.72,44.44
1778017458,7.56,11.75,8.75,22.08,40.60,15.17,57.39,21.44,44.46
1778017460,7.63,12.00,8.75,22.04,40.58,15.12,57.38,21.37,44.51
1778017462,7.63,11.75,9.00,22.49,40.67,15.20,57.38,21.09,44.55
1778017463,7.56,11.00,8.50,22.31,40.67,15.22,57.35,21.63,44.76
1778017465,7.63,11.50,9.00,22.48,40.72,15.03,57.29,21.15,44.76
1778017466,7.56,11.25,9.25,22.13,40.68,15.06,57.30,21.13,44.84
1778017468,7.56,11.25,8.00,22.19,40.71,15.05,57.29,21.44,44.95
1778017470,7.56,11.50,9.00,22.06,40.74,15.09,57.30,21.44,44.90
1778017471,7.50,11.50,9.00,22.10,40.76,15.00,57.29,20.94,44.77
1778017473,7.56,11.50,8.75,22.37,40.84,15.07,57.34,21.52,44.76
1778017474,7.56,11.50,8.50,22.24,40.83,15.04,57.34,21.47,44.72
1778017476,7.56,11.25,8.75,22.23,40.85,15.07,57.40,21.67,44.83
1778017478,7.63,11.00,8.75,22.03,40.84,15.20,57.45,21.72,44.93
1778017479,7.56,11.50,9.25,22.06,40.89,15.15,57.50,21.20,44.81
1778017481,7.63,11.25,8.75,22.11,40.90,15.00,57.51,21.16,44.72
1778017482,7.63,11.50,9.00,22.24,40.94,15.09,57.58,21.34,44.72
1778017484,7.63,11.25,9.00,22.00,40.91,15.21,57.64,21.33,44.70
1778017486,7.69,11.25,8.75,22.23,40.94,15.13,57.66,21.68,44.75
1778017487,7.63,11.25,8.75,22.13,40.91,15.09,57.67,21.44,44.75
1778017489,7.69,11.25,9.00,22.35,40.93,15.09,57.68,21.57,44.75
1778017490,7.69,11.75,9.00,22.32,40.95,15.16,57.68,21.34,44.62
1778017492,7.69,11.25,9.00,22.02,40.90,15.15,57.68,21.78,44.61
1778017494,7.69,11.50,9.00,22.51,40.96,15.15,57.69,21.29,44.45
1778017495,7.69,11.25,9.00,22.08,40.92,15.13,57.67,21.09,44.46
1778017497,7.69,11.50,9.50,22.29,40.99,15.03,57.65,21.17,44.48
1778017499,7.69,11.50,8.75,22.23,41.03,15.15,57.67,21.58,44.56
1778017500,7.75,11.25,9.50,21.97,41.03,15.00,57.68,21.65,44.65
1778017502,7.75,11.75,8.75,21.95,41.06,15.04,57.72,21.20,44.71
1778017503,7.69,11.75,9.00,22.14,41.12,15.07,57.76,21.35,44.83
1778017505,7.75,11.75,9.25,22.34,41.23,15.04,57.79,21.13,44.89
1778017507,7.75,11.75,9.00,22.27,41.20,15.04,57.80,21.02,44.85
1778017508,7.75,11.50,9.25,22.08,41.17,15.15,57.87,21.32,44.81
1778017510,7.75,11.50,8.75,22.01,41.13,15.15,57.91,21.53,44.73
1778017511,7.81,11.50,8.75,21.95,41.06,15.21,57.92,21.28,44.63
1778017513,7.75,11.25,9.00,22.30,41.10,15.16,57.91,21.29,44.58
1778017515,7.81,11.75,9.25,22.06,41.04,15.16,57.87,21.39,44.47
1778017516,7.75,11.75,9.00,22.19,41.04,15.21,57.84,20.98,44.32
1778017518,7.81,11.50,8.75,22.19,41.01,15.24,57.79,21.37,44.37
1778017519,7.75,11.75,9.00,21.97,40.97,15.28,57.73,21.40,44.33
1778017521,7.75,11.75,9.25,22.44,41.05,15.01,57.61,20.90,44.28
1778017523,7.75,11.50,9.00,22.02,41.00,15.10,57.57,21.51,44.51
1778017524,7.69,11.25,9.25,21.99,41.00,15.17,57.55,21.19,44.59
1778017526,7.69,11.50,9.00,21.97,40.98,15.08,57.53,21.89,44.75
1778017527,7.75,11.75,8.75,21.95,40.99,15.17,57.53,21.23,44.59
1778017529,7.69,12.00,8.75,22.08,41.01,15.24,57.52,21.15,44.52
1778017531,7.69,11.75,8.75,22.12,41.01,15.03,57.47,21.05,44.46
1778017532,7.69,11.50,8.50,21.96,40.99,15.03,57.44,21.13,44.47
1778017534,7.69,11.75,9.00,21.97,41.03,15.18,57.48,21.13,44.45
1778017535,7.69,11.25,9.00,21.91,41.02,15.15,57.47,21.26,44.47
1778017537,7.75,11.50,9.00,21.99,41.02,15.19,57.48,21.27,44.51
1778017539,7.69,11.75,9.25,22.05,41.02,15.26,57.53,20.91,44.47
1778017540,7.69,11.75,9.50,22.45,41.08,15.08,57.52,21.13,44.53
1778017542,7.75,12.00,9.00,22.11,41.01,15.20,57.54,21.63,44.64
1778017543,7.75,12.00,9.25,22.05,41.03,15.20,57.57,21.28,44.72
1778017545,7.75,12.00,9.50,21.99,41.06,15.15,57.57,21.48,44.87
1778017547,7.81,12.00,9.25,21.96,41.09,15.11,57.58,21.65,45.00
1778017548,7.81,12.00,9.25,22.01,41.10,15.20,57.59,21.16,44.99
1778017550,7.81,12.00,9.50,22.38,41.18,15.14,57.59,21.19,45.03
1778017552,7.81,12.25,9.25,22.07,41.13,15.17,57.58,21.08,45.02
1778017553,7.81,12.00,8.75,22.07,41.16,15.11,57.57,21.58,45.03
1778017555,7.88,12.00,8.75,21.91,41.14,15.15,57.61,21.11,44.83
1778017556,7.81,12.25,9.00,22.30,41.20,15.09,57.60,21.03,44.67
1778017558,7.81,12.00,9.00,22.13,41.15,15.08,57.60,21.52,44.64
1778017560,7.81,12.00,9.00,22.04,41.14,15.15,57.62,21.51,44.57
1778017561,7.75,12.25,9.75,21.96,41.14,15.05,57.60,21.22,44.56
1778017563,7.81,12.00,9.25,22.12,41.18,15.13,57.64,21.27,44.68
1778017564,7.75,12.00,9.50,22.04,41.22,15.20,57.66,21.26,44.72
1778017566,7.75,12.25,9.25,21.88,41.19,15.20,57.66,20.95,44.62
1778017568,7.75,12.00,9.00,21.99,41.19,15.12,57.65,21.42,44.61
1778017569,7.69,11.75,9.25,21.97,41.19,15.15,57.65,21.04,44.47
1778017571,7.75,11.75,9.25,22.10,41.17,15.11,57.64,21.52,44.49
1778017572,7.75,11.75,8.75,22.10,41.19,15.15,57.65,21.54,44.46
1778017574,7.75,12.00,9.25,21.98,41.18,15.17,57.64,20.91,44.34
1778017576,7.81,12.25,9.25,22.04,41.17,15.12,57.62,21.14,44.43
1778017577,7.75,11.75,9.25,22.07,41.20,15.06,57.61,21.57,44.62
1778017579,7.75,11.75,9.25,22.10,41.23,15.13,57.65,21.40,44.60
1778017580,7.75,11.75,9.00,22.12,41.24,15.19,57.65,21.22,44.53
1778017582,7.75,11.50,9.00,21.97,41.20,15.25,57.67,20.99,44.41
1778017584,7.75,11.75,9.50,21.97,41.16,15.22,57.65,21.36,44.42
1778017585,7.75,11.75,9.25,21.80,41.12,15.04,57.61,21.45,44.51
1778017587,7.75,12.00,9.25,22.00,41.22,15.12,57.62,21.19,44.63
1778017588,7.75,11.50,9.50,22.00,41.28,15.08,57.61,21.54,44.86
1778017590,7.75,12.00,9.25,21.91,41.31,15.13,57.62,21.63,45.04
1778017592,7.75,11.25,9.25,22.15,41.38,15.15,57.63,20.92,44.99
1778017593,7.81,12.00,8.75,21.80,41.34,15.10,57.65,21.22,45.06
1778017595,7.81,11.00,9.25,22.10,41.37,15.15,57.69,21.40,45.05
1778017596,7.81,0.00,8.25,22.01,41.31,15.13,57.69,21.12,44.93
1778017598,7.81,0.00,8.50,22.01,41.28,15.05,57.68,21.11,44.79
1778017600,7.75,0.00,7.75,22.18,41.28,15.12,57.67,21.09,44.72
1778017601,7.75,0.00,8.25,21.95,41.23,15.07,57.63,21.30,44.71
1778017603,7.81,0.00,8.50,22.27,41.28,15.03,57.60,20.90,44.65
1778017605,7.81,0.00,8.50,21.90,41.28,14.98,57.58,21.01,44.73
1778017606,7.81,0.00,9.00,22.18,41.32,15.11,57.62,21.44,44.95
1778017608,7.75,0.00,8.75,21.95,41.30,15.11,57.65,21.37,44.96
1778017609,7.81,0.00,8.75,22.00,41.28,15.07,57.68,21.47,44.89
1778017611,7.75,0.00,9.00,21.89,41.26,15.19,57.69,21.14,44.71
1778017613,7.81,0.00,9.00,21.95,41.27,15.03,57.68,21.56,44.66
1778017614,7.75,0.00,8.75,22.21,41.32,15.18,57.73,20.75,44.49
1778017616,7.81,0.00,8.75,22.03,41.33,15.04,57.72,21.64,44.69
1778017617,7.81,0.00,9.00,21.87,41.28,15.03,57.73,21.19,44.66
1778017619,7.75,9.75,9.25,22.08,41.29,15.06,57.76,21.44,44.76
1778017621,7.81,10.00,8.50,22.43,41.34,14.98,57.75,20.99,44.71
1778017622,7.81,10.50,9.00,21.99,41.28,14.96,57.76,21.02,44.68
1778017624,7.75,10.50,9.00,21.98,41.29,15.05,57.78,21.76,44.72
1778017625,7.75,10.50,9.25,21.93,41.28,15.11,57.77,21.05,44.64
1778017627,7.75,11.00,9.00,22.07,41.35,15.12,57.76,21.42,44.73
1778017629,7.75,10.75,9.25,21.91,41.33,15.01,57.72,21.16,44.73
1778017630,7.75,10.00,9.50,22.13,41.39,15.00,57.73,21.07,44.72
1778017632,7.75,10.50,9.00,22.44,41.51,15.09,57.74,21.42,44.78
1778017633,7.75,10.75,9.25,22.05,41.55,15.00,57.73,21.10,44.76
1778017635,7.75,11.25,9.00,22.00,41.60,14.98,57.73,21.55,44.89
1778017637,7.75,10.75,9.00,21.85,41.61,15.08,57.76,21.33,44.90
1778017638,7.75,11.00,9.00,21.96,41.63,14.92,57.71,21.07,44.89
1778017640,7.75,10.75,9.25,21.85,41.63,14.98,57.72,21.20,44.93
1778017641,7.75,10.50,9.00,21.98,41.68,14.94,57.70,20.91,44.90
1778017643,7.75,10.50,9.00,21.91,41.66,14.95,57.68,21.19,44.98
1778017645,7.75,11.00,9.00,22.18,41.65,15.04,57.70,21.77,45.05
1778017646,7.75,11.00,9.25,22.05,41.55,14.94,57.66,21.51,44.92
1778017648,7.75,10.50,9.00,22.11,41.50,15.03,57.65,21.20,44.74
1778017649,7.75,10.75,9.00,21.88,41.40,15.03,57.64,20.98,44.57
1778017651,7.69,10.50,9.00,22.03,41.35,15.03,57.62,21.37,44.53
1778017653,7.69,10.25,9.00,22.42,41.32,15.04,57.60,20.99,44.41
1778017654,7.69,11.00,9.00,22.13,41.21,15.09,57.57,20.91,44.37
1778017656,7.63,10.75,9.00,21.93,41.11,15.03,57.54,21.57,44.39
1778017658,7.63,10.25,9.25,22.08,41.11,15.05,57.54,21.62,44.35
1778017659,7.63,10.50,9.00,22.04,41.07,15.19,57.54,21.13,44.26
1778017661,7.63,11.50,8.50,22.14,41.06,15.04,57.50,21.26,44.30
1778017662,7.63,11.50,9.00,22.08,41.05,15.07,57.50,21.26,44.37
1778017664,7.63,11.50,9.25,22.07,41.10,15.09,57.52,21.44,44.52
1778017666,7.63,11.25,9.25,21.99,41.15,15.14,57.54,21.23,44.61
1778017667,7.69,11.25,9.25,22.08,41.20,15.15,57.57,21.05,44.65
1778017669,7.69,11.50,9.00,22.16,41.20,15.15,57.62,21.36,44.69
1778017670,7.63,11.50,8.75,22.07,41.16,15.11,57.63,21.19,44.61
1778017672,7.69,11.50,9.25,21.99,41.10,15.05,57.67,20.98,44.52
1778017674,7.69,11.00,8.75,22.06,41.08,15.15,57.71,20.97,44.50
1778017675,7.69,11.50,9.00,22.12,41.07,15.09,57.74,21.26,44.59
1778017677,7.69,11.50,9.25,22.01,41.05,15.09,57.75,21.55,44.66
1778017678,7.69,10.75,8.50,22.00,41.04,15.14,57.76,21.24,44.65
1778017680,7.69,11.25,8.25,21.87,41.03,14.98,57.73,21.08,44.73
1778017682,7.63,11.00,9.00,22.14,41.07,15.06,57.75,21.32,44.92
1778017683,7.69,10.25,9.00,21.97,41.07,15.03,57.74,21.50,45.06
1778017685,7.63,8.50,8.75,22.12,41.07,15.12,57.75,21.23,44.95
1778017686,7.63,0.00,8.00,21.91,41.05,15.10,57.76,21.13,44.91
1778017688,7.63,7.75,8.75,21.97,41.06,15.14,57.76,21.62,45.06
1778017690,7.63,7.25,8.75,21.95,41.09,15.13,57.75,21.05,45.00
1778017691,7.63,6.50,8.75,21.96,41.10,15.09,57.74,21.02,44.97
1778017693,7.63,7.00,8.25,22.01,41.15,15.09,57.74,21.09,44.93
1778017694,7.69,6.75,8.00,21.87,41.14,15.14,57.76,21.21,44.84
1778017696,7.63,6.75,8.50,22.04,41.19,15.13,57.75,21.32,44.74
1778017698,7.69,7.00,9.00,22.15,41.18,15.08,57.73,21.02,44.66
1778017699,7.69,7.25,8.25,22.16,41.23,15.12,57.74,21.30,44.82
1778017701,7.69,7.00,9.00,21.95,41.22,14.94,57.73,21.25,44.94
1778017702,7.69,7.00,9.00,21.92,41.24,15.07,57.77,21.23,44.98
1778017704,7.69,5.00,8.75,21.95,41.23,15.03,57.78,21.02,45.03
1778017706,7.69,5.00,8.75,21.97,41.25,15.13,57.81,21.19,45.14
1778017707,7.69,0.00,7.00,21.95,41.25,15.09,57.80,21.25,45.24
1778017709,7.63,7.00,8.50,22.25,41.29,15.09,57.83,21.21,45.30
1778017710,7.63,7.25,8.75,21.87,41.22,15.05,57.82,21.44,45.38
1778017712,7.63,7.50,8.75,21.88,41.22,15.02,57.81,21.35,45.44
1778017714,7.63,7.25,8.50,22.23,41.29,15.11,57.83,21.03,45.37
1778017715,7.63,7.75,8.00,21.94,41.25,14.93,57.80,21.22,45.28
1778017717,7.63,7.75,8.50,22.06,41.30,15.02,57.81,21.19,45.17
1778017719,7.63,7.00,9.00,21.92,41.28,15.05,57.83,21.07,45.13
1778017720,7.69,7.50,8.50,21.93,41.32,15.03,57.82,20.99,45.20
1778017722,7.63,8.00,9.00,22.04,41.40,15.10,57.84,20.91,45.32
1778017723,7.69,7.50,9.00,21.87,41.45,14.98,57.84,21.05,45.47
1778017725,7.69,7.75,9.25,21.91,41.52,15.00,57.89,21.28,45.53
1778017727,7.69,8.00,8.75,21.89,41.55,15.12,57.92,21.22,45.48
1778017728,7.69,7.00,9.00,21.87,41.51,15.15,57.94,21.30,45.38
1778017730,7.69,7.50,8.50,21.96,41.48,15.08,57.91,21.27,45.25
1778017731,7.69,7.25,8.75,21.89,41.44,15.06,57.90,21.23,45.23
1778017733,7.69,4.25,8.25,21.95,41.44,15.06,57.89,21.37,45.23
1778017735,7.63,0.00,7.75,21.91,41.41,15.06,57.89,21.30,45.27
1778017736,7.69,8.25,8.75,22.02,41.43,15.10,57.89,21.09,45.29
1778017738,7.69,6.00,8.25,21.78,41.39,15.09,57.89,21.30,45.37
1778017739,7.69,5.75,9.00,21.80,41.41,15.11,57.89,21.21,45.37
1778017741,7.75,0.00,6.50,21.91,41.46,15.10,57.87,21.02,45.43
1778017743,7.81,0.00,7.25,21.89,41.50,15.00,57.88,21.35,45.61
1778017744,7.88,6.50,8.25,21.77,41.52,15.13,57.92,21.30,45.77
1778017746,7.94,7.00,9.00,22.01,41.59,15.13,57.95,21.35,45.93
1778017747,8.00,0.00,7.50,21.93,41.62,15.11,57.96,21.10,46.02
1778017749,8.06,0.00,7.25,21.92,41.67,15.19,57.99,21.05,46.12
1778017751,8.06,0.00,7.25,21.74,41.69,15.19,58.01,21.25,46.21
1778017752,8.13,0.00,4.00,21.87,41.77,15.13,57.97,21.04,46.25
1778017754,8.13,7.50,9.25,21.83,41.82,15.06,57.99,21.05,46.29
1778017755,8.06,7.25,9.25,21.80,41.87,15.15,58.00,21.01,46.25
1778017757,8.06,4.50,8.50,21.87,41.90,15.19,58.04,21.44,46.21
1778017759,8.06,8.00,9.50,21.77,41.91,14.98,57.99,21.31,45.95
1778017760,8.00,8.00,9.25,21.77,41.87,15.05,58.00,21.51,45.73
1778017762,8.00,7.25,9.25,21.89,41.86,15.01,57.98,21.44,45.53
1778017763,8.00,6.50,9.00,21.89,41.82,15.13,57.97,21.09,45.42
1778017765,7.94,7.00,8.50,21.84,41.79,15.13,57.94,21.19,45.42
1778017767,7.94,6.75,8.75,21.79,41.72,15.05,57.90,21.65,45.49
1778017768,7.94,7.00,8.25,21.79,41.70,15.12,57.90,21.12,45.40
1778017770,7.88,6.75,9.00,21.76,41.67,15.05,57.88,21.60,45.47
1778017771,7.94,6.75,8.75,21.89,41.67,15.19,57.88,21.72,45.46
1778017773,7.88,6.25,8.75,22.00,41.66,15.07,57.82,21.16,45.29
1778017775,7.88,7.00,8.75,21.86,41.64,15.08,57.79,21.03,45.27
1778017776,7.81,7.00,8.50,21.95,41.66,15.11,57.75,21.20,45.33
1778017778,7.88,6.75,8.75,22.01,41.66,15.06,57.71,21.14,45.25
1778017780,7.81,7.00,8.75,21.87,41.63,15.09,57.69,21.19,45.11
1778017781,7.75,6.75,9.25,21.89,41.63,15.14,57.69,21.09,45.01
1778017783,7.75,7.00,8.50,21.94,41.67,15.19,57.69,21.64,45.09
1778017784,7.75,6.50,9.00,21.87,41.66,14.98,57.64,21.41,45.12
1778017786,7.75,6.50,8.25,21.78,41.63,15.00,57.65,21.22,45.12
1778017788,7.69,7.25,8.50,21.92,41.66,15.05,57.68,21.19,45.17
1778017789,7.69,7.75,8.75,21.90,41.63,15.13,57.68,21.92,45.30
1778017791,7.69,7.25,9.00,21.83,41.61,14.94,57.63,21.09,45.02
1778017792,7.69,11.00,9.00,21.90,41.61,14.97,57.61,21.30,44.96
1778017794,7.69,10.75,8.75,21.86,41.63,15.03,57.62,21.26,44.93
1778017796,7.75,10.75,9.25,21.86,41.66,15.04,57.64,21.26,45.00
1778017797,7.69,11.25,9.00,21.78,41.68,15.05,57.68,21.62,45.14
1778017799,7.63,11.00,9.00,21.95,41.71,14.95,57.67,21.20,45.16
1778017800,7.69,11.25,9.00,21.80,41.68,15.02,57.69,21.26,45.22
1778017802,7.69,11.25,9.25,21.78,41.70,15.03,57.71,21.41,45.28
1778017804,7.63,11.00,9.25,21.87,41.77,15.03,57.74,21.22,45.30
1778017805,7.69,11.50,9.25,21.78,41.82,15.05,57.75,21.76,45.43
1778017807,7.69,11.25,9.25,21.93,41.93,15.10,57.78,21.34,45.33
1778017808,7.69,11.50,9.25,21.81,41.89,15.05,57.79,21.59,45.27
1778017810,7.75,11.50,9.00,21.78,41.84,15.10,57.80,21.42,45.11
1778017812,7.69,11.25,9.25,21.83,41.79,15.13,57.81,21.30,45.01
1778017813,7.69,11.00,9.00,21.85,41.72,15.07,57.77,21.52,45.03
1778017815,7.63,11.50,9.00,21.91,41.67,14.99,57.73,21.76,45.09
1778017816,7.63,11.25,9.25,21.76,41.65,15.14,57.71,21.55,45.02
1778017818,7.63,11.00,9.00,21.85,41.63,15.10,57.69,21.44,44.84
1778017820,7.63,11.00,8.75,21.73,41.57,15.13,57.66,21.23,44.65
1778017821,7.63,10.50,9.00,21.84,41.58,15.19,57.64,21.58,44.58
1778017823,7.63,11.25,8.75,21.84,41.54,15.31,57.62,21.21,44.42
1778017824,7.63,11.25,8.50,21.80,41.54,15.25,57.61,21.32,44.48
1778017826,7.69,11.50,8.75,21.99,41.55,15.29,57.59,21.65,44.53
1778017828,7.69,11.50,9.25,21.82,41.53,15.13,57.56,21.06,44.49
1778017829,7.69,11.25,8.75,21.74,41.56,15.19,57.55,21.67,44.73
1778017831,7.81,11.00,8.75,21.73,41.60,15.19,57.56,21.19,44.81
1778017832,7.81,11.00,9.25,21.80,41.68,15.22,57.54,21.23,45.06
1778017834,7.88,11.00,9.00,21.73,41.72,15.18,57.47,21.54,45.32
1778017836,8.00,11.00,9.50,21.71,41.78,15.27,57.46,21.47,45.46
1778017837,8.00,11.00,8.75,21.92,41.84,15.16,57.41,21.62,45.62
1778017839,8.13,11.50,9.50,21.84,41.88,15.31,57.41,21.87,45.75
1778017841,8.13,11.50,9.75,21.69,41.89,15.28,57.39,21.08,45.66
1778017842,8.19,11.50,9.50,21.76,41.91,15.36,57.40,21.80,45.80
1778017844,8.19,11.25,9.25,21.73,41.92,15.24,57.37,21.85,45.80
1778017845,8.19,11.50,9.25,21.84,41.97,15.12,57.33,21.31,45.63
1778017847,8.13,11.00,9.25,21.91,41.97,15.23,57.32,21.89,45.50
1778017849,8.06,11.50,9.25,21.76,41.95,15.13,57.29,21.36,45.17
1778017850,8.00,11.50,8.75,21.79,41.90,15.15,57.27,21.89,45.02
1778017852,8.00,11.25,9.25,21.71,41.85,15.17,57.26,21.37,44.76
1778017853,7.94,11.25,9.25,21.74,41.83,15.23,57.25,21.65,44.66
1778017855,7.94,11.00,9.00,21.81,41.81,15.19,57.22,21.87,44.55
1778017857,7.88,11.00,9.25,21.87,41.80,15.22,57.20,21.84,44.39
1778017858,7.88,11.50,8.75,21.84,41.80,15.22,57.17,21.73,44.23
1778017860,7.81,11.25,9.00,21.83,41.80,15.21,57.17,21.37,44.06
1778017861,7.81,11.25,8.75,21.73,41.75,15.20,57.11,21.52,44.05
1778017863,7.75,11.00,9.00,21.85,41.75,15.15,57.08,21.77,44.17
1778017865,7.69,11.50,9.00,21.75,41.71,15.15,57.08,21.30,44.05
1778017866,7.69,11.25,9.00,21.87,41.71,15.19,57.12,21.95,44.09
1778017868,7.69,11.00,8.75,21.81,41.68,15.30,57.16,21.51,43.96
1778017869,7.69,11.25,9.25,21.87,41.65,15.20,57.13,21.45,43.93
1778017871,7.69,11.25,8.50,21.80,41.60,15.14,57.11,21.84,44.00
1778017873,7.69,11.00,9.25,21.94,41.63,15.17,57.13,21.83,44.05
1778017874,7.69,11.25,9.00,21.86,41.65,15.17,57.17,21.54,44.14
1778017876,7.69,11.00,8.75,21.80,41.71,15.16,57.18,21.60,44.29
1778017877,7.75,11.50,9.00,21.79,41.75,15.23,57.23,21.37,44.40
1778017879,7.69,11.50,8.75,21.88,41.82,15.18,57.24,21.52,44.50
1778017881,7.75,11.25,9.25,21.72,41.78,15.22,57.27,21.85,44.53
1778017882,7.69,11.25,9.25,21.84,41.77,15.15,57.30,21.48,44.40
1778017884,7.69,11.25,8.50,21.82,41.72,15.16,57.31,21.32,44.39
1778017885,7.69,10.25,9.00,21.89,41.69,15.20,57.33,21.96,44.55
1778017887,7.69,10.75,9.25,21.81,41.65,15.10,57.32,21.44,44.51
1778017889,7.63,11.00,9.00,21.72,41.60,15.38,57.37,21.72,44.54
1778017890,7.69,11.25,8.75,21.97,41.61,15.22,57.30,21.82,44.49
1778017892,7.69,10.75,8.50,21.86,41.56,15.07,57.25,21.82,44.32
1778017894,7.63,11.50,9.00,21.80,41.51,15.19,57.25,21.22,44.13
1778017895,7.63,11.00,9.25,21.80,41.51,15.23,57.23,21.55,44.12
1778017897,7.56,10.75,8.75,21.81,41.49,15.19,57.23,21.73,44.20
1778017898,7.63,11.25,9.00,21.74,41.45,15.12,57.24,21.40,44.25
1778017900,7.63,11.25,9.00,21.74,41.47,15.15,57.26,21.59,44.26
1778017902,7.63,11.00,9.25,21.69,41.47,15.18,57.29,21.65,44.23
1778017903,7.63,11.25,9.00,21.80,41.51,15.13,57.29,21.26,44.15
1778017905,7.63,11.25,9.00,21.80,41.59,15.12,57.28,21.44,44.25
1778017906,7.63,10.75,8.75,21.87,41.61,15.11,57.28,21.34,44.21
1778017908,7.63,0.50,7.75,21.73,41.57,15.09,57.30,21.78,44.20
1778017910,7.63,0.00,7.50,21.80,41.59,15.11,57.28,21.19,44.03
1778017911,7.63,0.00,8.25,21.81,41.57,15.17,57.29,21.62,44.16
1778017913,7.63,10.50,9.25,21.90,41.58,15.18,57.27,21.84,44.20
1778017914,7.56,0.00,8.75,21.82,41.57,15.13,57.24,21.38,44.07
1778017916,7.56,10.50,9.00,21.76,41.57,15.26,57.25,21.37,44.04
1778017918,7.56,10.25,9.25,21.69,41.57,15.13,57.25,21.60,44.12
1778017919,7.56,11.00,8.75,21.79,41.60,15.07,57.25,21.86,44.18
1778017921,7.63,10.75,8.75,21.76,41.56,15.18,57.31,21.65,44.18
1778017922,7.63,0.00,8.75,21.79,41.57,15.06,57.32,21.09,44.07
1778017924,7.63,0.00,7.75,21.97,41.59,15.12,57.33,21.88,44.16
1778017926,7.63,0.00,8.25,21.87,41.58,15.13,57.35,21.22,44.11
1778017927,7.69,10.25,9.00,21.77,41.58,15.13,57.35,21.73,44.19
1778017929,7.63,10.25,8.75,21.96,41.62,15.08,57.35,21.45,44.14
1778017930,7.63,9.75,8.50,21.84,41.59,15.17,57.36,21.30,44.17
1778017932,7.63,10.00,8.75,21.76,41.57,15.02,57.32,21.39,44.24
1778017934,7.63,9.50,8.75,21.83,41.56,15.11,57.33,21.97,44.30
1778017935,7.63,9.50,8.75,21.78,41.57,15.06,57.30,21.34,44.19
1778017937,7.63,9.25,8.75,21.87,41.59,15.05,57.27,21.83,44.32
1778017938,7.56,9.50,8.75,21.84,41.60,15.15,57.31,21.65,44.29
1778017940,7.56,9.00,9.25,21.87,41.61,15.04,57.29,21.76,44.31
1778017942,7.56,9.50,8.25,21.85,41.58,15.22,57.31,21.25,44.32
1778017943,7.50,9.75,9.00,21.96,41.62,14.99,57.26,21.23,44.33
1778017945,7.50,9.50,9.00,21.75,41.62,15.17,57.27,21.15,44.29
1778017947,7.50,0.00,8.00,21.97,41.66,15.09,57.25,21.09,44.29
1778017948,7.56,0.00,8.75,21.73,41.63,15.22,57.29,21.07,44.29
1778017950,7.63,10.00,9.00,21.74,41.68,14.97,57.26,21.44,44.46
1778017951,7.56,9.50,8.25,21.87,41.74,15.05,57.30,21.21,44.56
1778017953,7.63,10.00,9.00,21.96,41.81,14.98,57.31,21.13,44.71
1778017955,7.63,10.25,9.00,21.79,41.79,15.05,57.36,21.84,44.96
1778017956,7.63,9.50,9.00,21.82,41.84,15.02,57.35,21.62,44.98
1778017958,7.56,9.25,9.00,21.95,41.85,15.11,57.39,21.70,44.96
1778017959,7.56,10.00,9.25,21.71,41.76,15.10,57.42,21.83,44.86
1778017961,7.56,9.75,9.25,21.95,41.74,15.09,57.43,21.39,44.71
1778017963,7.63,10.25,9.25,21.70,41.71,15.07,57.41,21.27,44.73
1778017964,7.63,10.00,9.00,21.87,41.77,15.13,57.42,21.34,44.88
1778017966,7.69,10.50,9.00,21.74,41.79,15.10,57.41,21.48,45.13
1778017967,7.75,10.25,8.75,21.65,41.80,15.04,57.41,21.87,45.41
1778017969,7.75,10.00,9.00,21.75,41.81,14.99,57.42,21.23,45.51
1778017971,7.81,10.00,9.50,21.73,41.85,15.09,57.45,21.54,45.66
1778017972,7.75,10.25,9.25,21.83,41.89,15.21,57.49,21.60,45.62
1778017974,7.75,10.25,9.00,21.84,41.90,15.09,57.49,21.54,45.43
1778017975,7.75,10.25,9.00,21.83,41.89,15.19,57.54,21.79,45.43
1778017977,7.75,11.50,9.25,21.78,41.91,15.11,57.56,21.31,45.37
1778017979,7.75,11.50,9.25,21.80,41.98,15.09,57.58,21.53,45.40
1778017980,7.75,10.75,9.25,21.79,42.01,15.13,57.61,21.32,45.34
1778017982,7.75,11.50,9.00,21.79,42.03,15.13,57.64,21.35,45.30
1778017983,7.75,11.75,9.25,21.87,42.04,15.17,57.69,21.41,45.28
1778017985,7.75,11.25,9.25,21.91,42.01,15.21,57.73,21.38,45.16
1778017987,7.81,11.50,9.25,21.76,41.92,15.05,57.74,21.37,44.97
1778017988,7.75,11.25,9.25,21.77,41.87,15.19,57.76,21.37,44.82
1778017990,7.81,11.00,9.00,21.89,41.85,15.24,57.78,21.48,44.77
1778017991,7.88,11.25,9.50,21.65,41.80,15.11,57.75,21.35,44.76
1778017993,7.88,11.00,9.00,21.87,41.81,15.12,57.77,21.36,44.80
1778017995,7.88,11.50,9.00,21.81,41.80,15.17,57.80,21.44,44.82
1778017996,7.94,11.25,9.00,21.83,41.78,15.21,57.84,21.38,44.76
1778017998,7.88,11.25,9.00,21.87,41.75,15.18,57.88,21.91,44.79
1778018000,7.88,11.00,9.50,21.80,41.73,15.13,57.90,21.33,44.73
1778018001,7.88,11.50,9.00,21.84,41.75,15.17,57.92,21.42,44.71
1778018003,7.88,11.25,9.00,21.80,41.75,15.20,57.94,21.58,44.67
1778018004,7.88,11.25,9.00,21.81,41.72,15.25,57.93,21.84,44.66
1778018006,7.88,10.75,9.00,21.87,41.74,15.31,57.92,21.97,44.62
1778018008,7.88,10.75,9.25,21.86,41.75,15.05,57.81,21.98,44.53
1778018009,7.88,11.00,9.25,21.86,41.77,15.22,57.83,21.73,44.43
1778018011,7.88,10.75,9.00,21.78,41.77,15.22,57.78,21.45,44.36
1778018012,7.88,11.50,9.00,21.83,41.77,15.21,57.75,21.70,44.30
1778018014,7.81,11.25,8.50,21.89,41.75,15.06,57.68,21.50,44.21
1778018016,7.81,10.75,9.25,21.85,41.74,15.13,57.63,21.29,44.14
1778018017,7.81,11.25,8.75,21.76,41.71,15.10,57.62,21.83,44.20
1778018019,7.75,10.75,9.00,21.80,41.68,15.18,57.58,21.68,44.12
1778018020,7.75,11.25,9.00,21.92,41.68,15.10,57.51,21.40,44.15
1778018022,7.69,11.00,8.75,21.78,41.64,15.12,57.47,21.21,44.22
1778018024,7.75,10.75,9.00,21.74,41.64,15.16,57.42,21.13,44.24
1778018025,7.75,11.50,8.75,21.97,41.67,15.12,57.38,21.25,44.18
1778018027,7.75,11.00,9.25,21.84,41.65,15.19,57.34,21.46,44.14
1778018028,7.69,11.00,8.50,21.80,41.61,15.26,57.34,21.88,44.18
1778018030,7.69,10.75,8.75,21.98,41.65,15.10,57.26,21.22,44.04
1778018032,7.69,10.75,9.00,21.97,41.61,15.19,57.29,21.34,44.00
1778018033,7.69,11.25,9.00,21.84,41.57,15.20,57.30,21.56,43.98
1778018035,7.69,11.25,9.00,21.74,41.57,15.15,57.29,21.70,44.07
1778018036,7.69,11.25,8.75,21.68,41.60,15.22,57.31,21.76,44.27
1778018038,7.69,11.00,8.75,21.86,41.66,15.10,57.30,21.77,44.48
1778018040,7.63,11.25,9.25,21.85,41.69,15.06,57.32,21.37,44.57
1778018041,7.69,11.50,9.00,21.86,41.71,15.13,57.34,21.35,44.70
1778018043,7.63,11.25,9.25,21.87,41.71,15.12,57.33,21.78,44.80
1778018044,7.69,11.00,9.50,21.82,41.73,15.09,57.33,21.44,44.73
1778018046,7.69,11.25,9.25,21.65,41.72,15.06,57.35,21.79,44.80
1778018048,7.75,11.50,9.00,21.77,41.80,15.30,57.43,21.82,44.88
1778018049,7.75,11.50,8.75,21.81,41.83,15.11,57.45,21.61,44.91
1778018051,7.75,11.50,9.25,21.81,41.83,15.16,57.49,21.86,45.00
1778018053,7.75,11.50,9.25,21.87,41.83,15.14,57.51,21.23,44.85
1778018054,7.75,11.25,8.75,21.85,41.81,15.19,57.56,21.76,44.80
1778018056,7.69,11.50,9.25,21.81,41.82,15.15,57.57,21.30,44.61
1778018057,7.69,11.25,9.25,21.81,41.80,15.20,57.60,21.36,44.54
1778018059,7.69,11.25,9.00,21.65,41.75,15.15,57.59,21.18,44.45
1778018061,7.81,11.25,9.25,21.81,41.77,15.11,57.61,21.46,44.54
1778018062,7.81,11.25,9.50,21.80,41.79,15.15,57.67,21.40,44.65
1778018064,7.88,11.00,9.50,21.81,41.76,15.12,57.70,21.39,44.73
1778018065,7.88,11.50,9.00,21.75,41.76,15.20,57.77,21.80,44.89
1778018067,7.94,11.50,9.25,21.87,41.79,15.18,57.77,21.37,44.90
1778018069,8.00,11.25,9.25,21.82,41.79,15.19,57.75,21.33,44.86
1778018070,8.00,11.00,9.00,21.93,41.85,15.23,57.79,21.19,44.89
1778018072,7.94,11.25,9.00,21.85,41.86,15.19,57.79,21.19,44.98
1778018073,8.00,11.25,9.25,21.73,41.84,15.13,57.78,21.80,45.16
1778018075,8.00,11.50,9.00,21.89,41.92,15.11,57.77,21.22,45.03
1778018077,8.00,11.25,9.25,21.89,41.97,15.19,57.78,21.69,45.08
1778018078,7.94,11.25,9.25,21.76,41.98,15.22,57.78,21.40,45.00
1778018080,7.94,11.50,9.50,21.86,42.01,15.09,57.71,21.50,44.86
1778018081,7.94,11.50,9.25,21.92,42.00,15.22,57.69,21.40,44.62
1778018083,7.88,11.25,8.75,21.68,41.90,15.09,57.63,21.42,44.43
1778018085,7.88,11.50,9.25,21.87,41.86,15.19,57.63,21.81,44.32
1778018086,7.88,11.00,8.50,21.96,41.82,15.08,57.58,21.81,44.22
1778018088,7.81,11.25,9.00,21.83,41.75,15.21,57.56,21.20,44.06
1778018089,7.75,10.75,9.00,21.74,41.73,15.20,57.50,21.40,44.09
1778018091,7.69,11.50,9.00,21.97,41.79,15.15,57.44,21.84,44.21
1778018093,7.75,10.50,9.00,21.92,41.75,15.12,57.40,21.31,44.18
1778018094,7.69,10.75,9.00,21.70,41.68,15.09,57.37,21.55,44.18
1778018096,7.69,10.75,9.00,21.99,41.68,15.14,57.36,21.32,44.17
1778018097,7.69,10.75,8.75,21.76,41.62,15.05,57.29,21.59,44.31
1778018099,7.69,11.25,8.75,21.87,41.60,15.05,57.25,21.87,44.42
1778018101,7.75,11.00,9.00,21.86,41.58,15.02,57.18,21.91,44.45
1778018102,7.81,11.00,9.00,21.82,41.59,15.14,57.17,21.41,44.51
1778018104,7.88,11.25,9.00,21.93,41.63,15.17,57.18,21.40,44.74
1778018106,7.94,11.00,9.00,21.84,41.67,15.11,57.18,21.44,44.96
1778018107,7.88,11.25,9.00,21.83,41.72,14.99,57.18,21.77,45.19
1778018109,7.94,11.25,9.25,21.72,41.73,15.09,57.21,21.55,45.26
1778018110,7.88,11.00,9.00,21.77,41.78,15.06,57.23,21.50,45.26
1778018112,7.88,11.00,9.00,21.81,41.82,15.22,57.31,21.60,45.26
1778018114,7.81,11.00,9.25,21.94,41.88,15.05,57.32,21.12,45.01
1778018115,7.75,11.25,9.00,21.85,41.95,15.20,57.39,21.38,44.84
1778018117,7.81,11.00,8.75,21.89,42.03,15.11,57.36,21.72,44.73
1778018118,7.75,11.00,8.75,21.81,42.01,15.12,57.38,21.19,44.59
1778018120,7.69,11.00,9.25,21.74,41.95,15.18,57.42,21.91,44.66
1778018122,7.75,10.50,8.50,21.88,41.92,15.09,57.42,21.65,44.52
1778018123,7.75,11.00,9.25,21.92,41.89,15.10,57.44,21.55,44.41
1778018125,7.75,11.00,9.00,21.92,41.85,15.17,57.45,21.19,44.23
1778018126,7.75,10.75,9.25,21.87,41.79,15.10,57.45,21.73,44.23
1778018128,7.75,11.00,9.25,21.83,41.77,15.19,57.47,21.39,44.11
1778018130,7.75,10.75,9.00,21.81,41.76,15.03,57.44,21.51,44.05
1778018131,7.69,10.50,9.00,21.94,41.78,15.09,57.45,21.89,44.14
1778018133,7.69,11.25,8.75,21.76,41.76,15.13,57.43,22.10,44.20
1778018134,7.69,10.75,9.00,21.72,41.73,15.02,57.40,21.39,43.98
1778018136,7.69,10.75,9.00,21.80,41.72,15.13,57.40,21.73,43.95
1778018138,7.63,10.75,8.75,21.78,41.71,15.10,57.37,22.18,44.03
1778018139,7.63,11.00,9.00,21.78,41.70,15.21,57.36,21.80,44.07
1778018141,7.63,11.00,9.00,21.70,41.73,15.17,57.31,21.37,44.15
1778018142,7.69,11.00,8.75,21.87,41.76,15.18,57.31,21.38,44.29
1778018144,7.69,11.25,9.00,21.95,41.81,15.08,57.29,21.84,44.47
1778018146,7.63,11.25,9.25,21.90,41.81,15.09,57.24,21.81,44.53
1778018147,7.69,11.25,9.25,21.86,41.82,15.11,57.22,21.67,44.57
1778018149,7.69,10.75,9.00,21.96,41.85,15.19,57.19,21.67,44.55
1778018150,7.63,11.25,9.00,22.02,41.87,15.22,57.17,21.80,44.49
1778018152,7.63,10.75,9.00,21.80,41.80,15.22,57.15,21.55,44.37
1778018154,7.63,11.25,8.50,21.89,41.81,15.10,57.11,21.38,44.26
1778018155,7.56,11.00,8.75,21.73,41.72,15.19,57.12,21.85,44.25
1778018157,7.56,11.25,9.00,21.98,41.70,15.15,57.11,21.42,44.11
1778018159,7.56,10.75,9.00,21.87,41.63,15.10,57.08,21.85,44.14
1778018160,7.56,11.00,8.50,21.86,41.59,15.19,57.08,21.58,44.07
1778018162,7.56,11.00,8.50,21.78,41.56,15.13,57.10,21.41,43.99
1778018163,7.56,11.25,8.00,21.76,41.53,15.17,57.08,21.69,44.05
1778018165,7.56,11.50,9.00,21.91,41.58,15.19,57.09,21.40,44.00
1778018167,7.56,11.25,8.75,21.85,41.56,15.20,57.10,21.49,43.95
1778018168,7.56,11.25,9.25,21.89,41.55,15.10,57.08,21.34,43.86
1778018170,7.50,11.00,9.25,21.93,41.52,15.13,57.13,21.78,43.85
1778018171,7.56,10.75,8.75,21.87,41.49,15.17,57.18,21.39,43.86
1778018173,7.56,10.75,8.50,21.83,41.50,15.13,57.15,21.84,44.06
1778018175,7.56,11.00,9.00,21.88,41.49,15.05,57.16,22.01,44.21
1778018176,7.50,11.25,8.75,22.01,41.50,15.12,57.19,21.80,44.27
1778018178,7.50,10.50,8.75,21.96,41.48,15.12,57.21,21.24,44.23
1778018179,7.56,11.00,9.00,21.91,41.49,15.14,57.24,21.85,44.26
1778018181,7.56,11.00,9.00,21.91,41.48,15.16,57.28,21.13,44.08
1778018183,7.56,10.75,8.75,21.99,41.52,15.00,57.28,21.32,44.17
1778018184,7.56,10.75,8.75,21.91,41.47,15.00,57.31,21.66,44.31
1778018186,7.56,11.00,8.50,21.87,41.45,15.11,57.34,21.30,44.32
1778018187,7.56,11.25,8.75,21.90,41.45,15.15,57.34,21.13,44.34
1778018189,7.56,10.75,9.25,21.81,41.43,15.10,57.37,21.34,44.34
1778018191,7.50,11.25,9.00,21.84,41.44,15.12,57.39,21.15,44.23
1778018192,7.56,10.75,9.00,21.95,41.50,15.09,57.40,21.33,44.20
1778018194,7.56,11.25,9.00,21.87,41.50,15.11,57.44,21.15,44.22
1778018195,7.63,11.00,9.25,21.98,41.61,15.09,57.46,21.77,44.40
1778018197,7.63,11.25,9.00,21.84,41.64,15.12,57.48,21.39,44.45
1778018199,7.63,11.25,9.25,21.80,41.66,15.13,57.52,21.66,44.59
1778018200,7.63,10.75,8.75,22.08,41.70,15.21,57.57,21.87,44.65
1778018202,7.63,11.25,9.00,21.80,41.61,15.04,57.56,21.42,44.48
1778018203,7.56,11.00,9.25,21.83,41.59,14.95,57.56,21.54,44.35
1778018205,7.56,10.50,8.75,21.98,41.60,15.05,57.60,21.30,44.15
1778018207,7.63,11.00,8.75,21.78,41.52,15.15,57.63,21.36,44.07
1778018208,7.56,11.00,9.00,21.89,41.53,14.94,57.59,21.85,44.12
1778018210,7.63,11.00,9.00,21.88,41.54,15.06,57.61,21.63,44.04
1778018212,7.56,11.00,9.00,21.82,41.50,15.05,57.62,21.24,44.05
1778018213,7.56,10.75,9.00,21.85,41.48,15.08,57.63,21.82,44.13
1778018215,7.56,11.00,9.25,21.92,41.49,15.10,57.66,21.98,44.15
1778018216,7.56,11.00,8.75,21.87,41.47,15.11,57.70,21.05,43.99
1778018218,7.56,11.00,8.75,21.80,41.46,15.13,57.72,21.45,44.12
1778018220,7.56,11.00,8.50,21.82,41.45,15.13,57.73,21.17,44.09
1778018221,7.56,11.00,8.25,21.87,41.45,15.15,57.72,21.86,44.25
1778018223,7.56,11.00,9.00,22.01,41.44,15.09,57.66,21.46,44.25
1778018224,7.56,11.00,9.00,21.99,41.45,15.19,57.63,21.69,44.20
1778018226,7.56,11.00,8.75,21.80,41.42,15.06,57.58,21.28,44.04
1778018228,7.56,10.75,8.75,21.89,41.43,15.27,57.61,21.46,43.99
1778018229,7.56,11.25,8.50,21.88,41.43,15.12,57.56,21.30,43.94
1778018231,7.50,11.00,8.50,21.90,41.45,15.10,57.57,21.33,43.92
1778018232,7.56,10.75,8.75,21.79,41.46,15.10,57.59,21.56,43.96
1778018234,7.50,11.00,9.25,21.86,41.48,15.16,57.61,21.17,43.88
1778018236,7.56,11.00,9.50,21.88,41.50,15.26,57.62,21.73,44.00
1778018237,7.63,11.00,9.25,21.94,41.57,15.10,57.59,21.44,44.15
1778018239,7.69,11.00,8.75,21.76,41.56,15.25,57.62,21.71,44.50
1778018240,7.75,11.00,8.25,21.96,41.62,15.16,57.60,21.30,44.64
1778018242,7.75,11.25,8.75,21.94,41.64,15.06,57.58,21.38,44.78
1778018244,7.69,11.25,8.75,21.87,41.64,15.18,57.56,21.30,44.86
1778018245,7.75,11.25,8.75,21.80,41.66,15.31,57.60,21.26,44.92
1778018247,7.69,11.25,9.25,21.94,41.73,15.13,57.53,21.41,44.99
1778018248,7.75,11.25,8.50,21.88,41.70,15.15,57.50,21.48,44.98
1778018250,7.69,11.00,8.50,21.72,41.66,15.20,57.49,21.82,44.89
1778018252,7.69,10.75,8.50,21.78,41.63,15.31,57.50,21.35,44.66
1778018253,7.69,11.00,9.00,21.85,41.58,15.18,57.43,21.34,44.57
1778018255,7.63,11.00,9.25,22.12,41.59,15.24,57.41,21.55,44.45
1778018256,7.69,11.00,9.00,22.01,41.53,15.13,57.34,21.68,44.32
1778018258,7.63,11.00,8.50,21.91,41.51,15.19,57.36,21.19,44.16
1778018260,7.63,11.25,9.00,21.78,41.47,15.16,57.37,21.11,44.13
1778018261,7.63,10.25,9.00,21.79,41.46,15.31,57.37,21.27,44.14
1778018263,7.63,11.00,9.00,21.95,41.48,15.38,57.35,21.27,44.13
1778018265,7.63,10.75,9.00,21.74,41.44,15.22,57.26,21.49,44.15
1778018266,7.63,10.75,9.00,21.80,41.43,15.34,57.22,20.96,44.06
1778018268,7.63,10.50,8.00,21.88,41.41,15.22,57.17,21.78,44.23
1778018269,7.63,11.00,8.50,21.93,41.42,15.16,57.13,21.44,44.20
1778018271,7.63,10.75,9.00,21.90,41.44,15.18,57.13,21.04,44.19
1778018273,7.56,11.00,9.00,21.75,41.42,15.20,57.09,20.98,44.18
1778018274,7.56,11.25,9.00,21.83,41.45,15.16,57.06,21.73,44.27
1778018276,7.56,11.00,9.00,21.72,41.46,15.26,57.04,21.25,44.21
1778018277,7.56,10.75,9.00,21.84,41.48,15.27,57.04,21.13,44.21
1778018279,7.56,11.00,9.00,21.91,41.50,15.14,56.98,21.92,44.35
1778018281,7.56,10.75,9.00,21.76,41.49,15.15,56.98,21.12,44.30
1778018282,7.56,10.75,9.00,21.68,41.47,15.12,56.96,21.45,44.39
1778018284,7.63,11.00,8.75,21.85,41.50,15.13,56.95,21.29,44.34
1778018285,7.56,11.00,9.00,21.75,41.48,15.22,57.02,21.29,44.30
1778018287,7.56,11.00,8.50,21.73,41.50,15.19,57.04,21.57,44.33
1778018289,7.63,11.00,8.50,21.76,41.50,15.17,57.03,21.39,44.27
1778018290,7.56,11.00,9.00,21.97,41.53,15.20,57.04,21.60,44.29
1778018292,7.56,11.00,8.75,21.91,41.52,15.22,57.03,21.30,44.27
1778018293,7.63,11.00,9.00,21.88,41.51,15.16,57.02,21.42,44.31
1778018295,7.63,10.50,8.75,21.79,41.51,15.13,56.99,21.79,44.37
1778018297,7.63,10.75,9.00,21.77,41.52,15.19,57.00,21.39,44.34
1778018298,7.63,11.00,9.25,21.85,41.58,15.22,56.99,21.44,44.45
1778018300,7.56,11.00,8.75,21.91,41.63,15.27,57.00,21.08,44.51
1778018301,7.63,11.00,9.00,22.05,41.69,15.11,57.01,21.29,44.68
1778018303,7.56,11.25,8.75,21.69,41.68,15.17,57.03,21.38,44.78
1778018305,7.63,11.00,8.75,21.73,41.71,15.30,57.09,21.30,44.87
1778018306,7.75,11.25,8.75,21.84,41.72,15.31,57.13,21.23,44.99
1778018308,7.81,11.25,9.00,21.87,41.75,15.23,57.15,21.29,45.19
1778018309,7.94,11.00,9.25,21.80,41.75,15.19,57.19,21.65,45.46
1778018311,8.00,10.50,9.50,21.72,41.76,15.26,57.22,21.24,45.61
1778018313,8.06,10.75,9.25,21.83,41.82,15.13,57.21,21.44,45.84
1778018314,8.13,11.00,9.50,22.01,41.88,15.22,57.25,21.37,45.90
1778018316,8.19,11.00,9.00,21.83,41.88,15.26,57.29,21.41,45.82
1778018318,8.13,11.25,9.50,21.80,41.92,15.26,57.26,21.44,45.62
1778018319,8.06,10.50,9.25,21.79,41.90,15.19,57.26,21.04,45.37
1778018321,8.06,11.00,9.25,21.87,41.90,15.29,57.24,21.23,45.20
1778018322,8.06,11.00,8.75,21.83,41.85,15.22,57.21,21.82,45.14
1778018324,8.00,11.00,8.75,21.87,41.84,15.23,57.15,21.38,45.00
1778018326,8.00,10.75,8.75,21.87,41.84,15.26,57.13,21.65,44.94
1778018327,7.94,11.00,8.75,21.85,41.83,15.21,57.08,21.38,44.81
1778018329,7.94,10.75,8.75,21.78,41.81,15.22,57.04,21.52,44.82
1778018330,7.88,10.75,9.00,21.88,41.81,15.28,57.04,21.10,44.81
1778018332,7.88,11.00,8.50,21.96,41.81,15.17,56.98,21.31,44.83
1778018334,7.81,11.00,9.00,21.83,41.80,15.13,56.96,21.38,44.81
1778018335,7.81,10.75,9.00,21.74,41.79,15.18,56.93,20.98,44.69
1778018337,7.75,11.00,9.00,21.87,41.80,15.18,56.89,21.23,44.63
1778018338,7.75,10.75,8.75,21.84,41.79,15.07,56.84,21.23,44.56
1778018340,7.69,10.75,9.00,21.81,41.77,15.12,56.83,21.26,44.50
1778018342,7.69,10.50,8.50,21.82,41.76,15.15,56.85,21.08,44.36
1778018343,7.69,11.00,8.75,21.88,41.79,15.15,56.87,21.30,44.32
1778018345,7.69,10.75,8.75,21.74,41.77,15.19,56.87,21.96,44.32
1778018346,7.63,10.75,8.75,21.80,41.78,15.18,56.88,21.02,44.09
1778018348,7.63,10.50,9.00,21.79,41.77,15.23,56.89,21.46,44.09
1778018350,7.63,10.50,9.00,21.81,41.77,15.13,56.88,21.51,44.05
1778018351,7.63,11.00,9.00,21.83,41.75,15.16,56.90,21.34,44.05
1778018353,7.63,10.75,8.75,21.75,41.73,15.15,56.88,21.65,44.12
1778018354,7.63,10.75,8.50,21.84,41.74,15.15,56.86,21.72,44.12
1778018356,7.56,10.75,8.75,21.85,41.72,15.09,56.80,21.44,44.04
1778018358,7.56,11.00,9.00,21.81,41.69,15.02,56.73,21.41,44.01
1778018359,7.50,10.75,9.00,21.83,41.68,15.04,56.69,21.40,44.00
1778018361,7.56,11.00,8.25,21.65,41.63,15.13,56.67,21.25,43.98
1778018362,7.50,10.75,8.50,21.80,41.63,15.22,56.65,21.61,44.01
1778018364,7.50,10.25,8.00,21.78,41.63,15.09,56.63,21.51,43.97
1778018366,7.50,10.25,9.00,21.87,41.67,15.11,56.65,21.05,43.93
1778018367,7.50,10.75,8.50,21.81,41.67,15.21,56.67,21.26,44.02
1778018369,7.44,10.75,8.50,21.69,41.66,15.02,56.63,21.78,44.13
1778018371,7.44,10.75,9.00,21.86,41.70,15.15,56.65,21.14,44.07
1778018372,7.44,10.75,8.75,21.73,41.68,15.19,56.65,21.53,44.26
1778018374,7.44,11.00,8.50,21.82,41.69,15.14,56.64,21.26,44.23
1778018375,7.44,10.75,8.25,21.73,41.69,14.98,56.64,21.05,44.19
1778018377,7.44,11.00,9.00,21.69,41.69,15.15,56.72,21.67,44.27
1778018379,7.44,10.75,8.75,21.77,41.71,15.05,56.75,20.94,44.10
1778018380,7.44,10.50,9.00,21.83,41.73,15.05,56.78,20.98,44.08
1778018382,7.44,10.50,8.50,21.80,41.72,15.00,56.79,21.52,44.19
1778018383,7.44,10.75,9.00,21.77,41.74,15.08,56.85,21.48,44.28
1778018385,7.44,10.50,8.75,21.73,41.73,15.07,56.87,21.19,44.34
1778018387,7.44,11.25,9.00,21.92,41.75,15.10,56.90,21.15,44.36
1778018388,7.50,11.00,8.75,21.61,41.72,15.12,56.94,21.33,44.43
1778018390,7.50,10.50,8.75,21.71,41.73,15.09,56.98,21.34,44.51
1778018391,7.50,10.75,8.75,21.69,41.72,15.12,57.00,21.28,44.53
1778018393,7.50,10.75,8.75,21.84,41.74,15.13,57.04,21.07,44.57
1778018395,7.44,10.75,8.50,21.82,41.73,15.14,57.06,21.19,44.61
1778018396,7.50,10.75,8.75,21.74,41.73,15.13,57.08,21.62,44.66
1778018398,7.50,11.00,9.25,21.66,41.68,15.23,57.10,21.28,44.61
1778018399,7.50,10.00,9.00,21.71,41.72,15.17,57.12,21.42,44.66
1778018401,7.50,11.00,8.75,21.84,41.74,15.05,57.08,21.30,44.74
1778018403,7.50,10.75,9.00,21.66,41.72,15.15,57.12,21.50,44.88
1778018404,7.50,10.75,8.75,21.48,41.73,15.16,57.16,21.11,44.92
1778018406,7.50,10.75,9.00,21.78,41.80,15.20,57.19,21.33,44.98
1778018407,7.50,10.75,8.50,21.87,41.82,15.05,57.18,21.23,44.99
1778018409,7.50,10.75,9.00,21.62,41.76,15.09,57.21,21.16,45.02
1778018411,7.50,11.00,9.00,21.78,41.78,15.15,57.23,21.29,45.11
1778018412,7.56,10.75,8.50,21.74,41.77,15.15,57.25,21.37,45.14
1778018414,7.56,11.25,8.50,21.79,41.79,15.14,57.24,21.12,45.05
1778018416,7.50,10.75,8.50,21.79,41.80,15.00,57.23,21.30,45.08
1778018417,7.50,10.50,9.00,21.73,41.79,15.16,57.26,21.12,45.11
1778018419,7.50,10.50,8.50,21.73,41.83,15.02,57.24,21.29,45.12
1778018420,7.50,10.50,8.50,21.68,41.84,15.00,57.27,20.98,45.04
1778018422,7.56,10.25,8.25,21.66,41.88,15.09,57.32,20.98,45.02
1778018424,7.50,10.50,9.00,21.78,41.90,15.15,57.32,21.19,45.06
1778018425,7.50,11.25,9.00,21.75,41.90,15.03,57.31,20.83,45.04
1778018427,7.50,11.00,8.50,21.49,41.87,15.14,57.33,21.39,45.17
1778018428,7.56,11.00,8.50,21.70,41.94,15.06,57.36,21.38,45.13
1778018430,7.50,11.00,9.25,21.81,42.01,15.12,57.37,21.38,45.20
1778018432,7.50,11.00,8.50,21.82,42.07,15.11,57.39,21.35,45.29
1778018433,7.50,10.75,9.00,21.78,42.11,15.10,57.38,21.02,45.33
1778018435,7.50,11.00,9.00,21.73,42.10,15.09,57.38,21.05,45.34
1778018436,7.50,11.00,8.75,21.79,42.10,15.12,57.39,21.30,45.38
1778018438,7.56,10.75,8.75,21.72,42.05,15.05,57.36,21.31,45.36
1778018440,7.63,11.00,9.25,21.54,42.07,15.05,57.37,20.94,45.46
1778018441,7.69,10.75,9.00,21.58,42.11,15.08,57.38,21.09,45.70
1778018443,7.75,10.50,8.75,21.63,42.15,15.17,57.46,21.26,45.93
1778018444,7.81,10.50,9.25,21.73,42.22,15.02,57.47,20.88,46.03
1778018446,7.81,11.00,9.00,21.55,42.24,15.04,57.53,21.33,46.20
1778018448,7.81,11.25,9.00,21.69,42.26,15.17,57.59,21.60,46.30
1778018449,7.81,11.25,9.00,21.53,42.23,15.19,57.61,21.23,46.12
1778018451,7.75,10.75,9.00,21.54,42.23,15.23,57.64,21.19,45.99
1778018452,7.75,10.50,9.25,21.45,42.19,15.06,57.64,21.24,45.91
1778018454,7.75,11.00,9.00,21.64,42.18,15.19,57.67,21.26,45.84
1778018456,7.75,11.00,9.25,21.55,42.16,15.18,57.62,21.14,45.70
1778018457,7.69,11.00,8.75,21.67,42.18,15.16,57.60,21.20,45.63
1778018459,7.75,11.25,9.00,21.58,42.14,15.13,57.57,21.62,45.62
1778018460,7.69,10.75,8.50,21.86,42.15,15.23,57.55,21.06,45.36
1778018462,7.69,11.00,9.00,21.78,42.13,15.13,57.47,21.24,45.27
1778018464,7.69,11.25,8.50,21.58,42.06,15.26,57.45,21.01,45.12
1778018465,7.69,10.50,8.50,21.53,42.02,15.24,57.40,21.06,45.08
1778018467,7.69,10.75,9.00,21.76,42.03,15.14,57.34,20.94,45.10
1778018468,7.63,11.00,9.00,21.79,42.01,15.13,57.28,20.99,45.12
1778018470,7.63,11.00,9.25,21.54,41.96,15.19,57.24,21.51,45.17
1778018472,7.69,10.75,9.00,21.69,41.99,15.15,57.19,21.41,45.08
1778018473,7.63,11.00,8.75,21.67,41.98,15.14,57.15,21.14,45.02
1778018475,7.56,10.50,9.00,21.79,42.01,15.14,57.11,21.13,44.99
1778018477,7.63,10.50,8.75,21.78,42.02,15.27,57.10,21.33,44.92
1778018478,7.56,10.75,8.75,21.76,42.05,15.29,57.09,20.93,44.92
1778018480,7.63,10.50,9.00,21.52,42.03,15.17,57.05,20.80,45.04
1778018481,7.56,10.50,9.25,21.61,42.08,15.24,57.06,21.10,45.19
1778018483,7.56,10.25,8.75,21.73,42.11,15.21,57.04,20.94,45.20
1778018485,7.56,10.75,8.75,21.74,42.11,15.15,57.06,20.89,45.15
1778018486,7.56,11.00,8.25,21.62,42.11,15.11,57.06,20.72,45.06
1778018488,7.56,11.25,9.00,21.55,42.10,15.13,57.07,20.94,45.01
1778018489,7.56,11.00,9.00,21.54,42.11,15.20,57.09,20.75,44.88
1778018491,7.56,10.75,9.00,21.66,42.14,15.23,57.08,21.09,44.87
1778018493,7.56,10.50,9.00,21.76,42.17,15.09,57.06,21.31,44.89
1778018494,7.56,9.75,9.00,21.78,42.20,15.23,57.07,21.19,44.87
1778018496,7.50,10.75,9.00,21.49,42.15,15.14,57.03,20.99,44.94
1778018497,7.56,10.75,8.75,21.78,42.18,15.15,57.03,21.40,45.16
1778018499,7.50,10.75,8.50,21.78,42.20,15.00,57.00,20.83,45.20
1778018501,7.50,10.75,9.00,21.75,42.21,15.12,56.99,20.97,45.29
1778018502,7.50,10.75,9.00,21.56,42.19,15.18,57.00,21.13,45.37
1778018504,7.44,10.75,8.50,21.55,42.18,15.12,56.96,20.73,45.37
1778018505,7.44,10.75,8.75,21.58,42.15,15.05,56.95,21.31,45.52
1778018507,7.44,11.00,8.75,21.77,42.20,15.11,56.98,21.03,45.54
1778018509,7.38,10.75,8.25,21.56,42.17,15.09,56.97,21.22,45.60
1778018510,7.38,10.25,9.00,21.51,42.15,15.10,57.01,21.09,45.56
1778018512,7.38,10.75,9.00,21.79,42.19,15.13,57.01,21.01,45.47
1778018513,7.44,10.75,8.50,21.78,42.16,15.15,57.05,21.33,45.46
1778018515,7.50,11.25,9.00,21.55,42.12,15.21,57.10,21.26,45.54
1778018517,7.63,11.00,9.00,21.57,42.11,15.21,57.12,21.04,45.69
1778018518,7.69,11.00,8.75,21.75,42.15,15.23,57.14,20.87,45.77
1778018520,7.69,10.75,9.00,21.47,42.16,15.24,57.15,21.34,45.91
1778018521,7.63,10.50,9.25,21.72,42.24,15.21,57.20,21.34,45.84
1778018523,7.63,10.50,8.75,21.60,42.22,15.18,57.16,20.96,45.64
1778018525,7.63,10.25,9.25,21.48,42.22,15.13,57.17,21.10,45.55
1778018526,7.56,10.75,8.50,21.81,42.28,15.16,57.16,20.97,45.48
1778018528,7.63,10.50,9.00,21.34,42.20,15.27,57.16,20.87,45.41
1778018530,7.63,11.25,9.00,21.62,42.23,15.24,57.12,21.22,45.42
1778018531,7.63,11.25,9.00,21.48,42.20,15.19,57.08,20.90,45.32
1778018533,7.50,11.00,9.00,21.48,42.20,15.14,57.08,21.17,45.33
1778018534,7.56,10.75,8.50,21.81,42.26,15.19,57.09,20.99,45.30
1778018536,7.56,11.25,9.00,21.72,42.26,15.21,57.07,20.83,45.32
1778018538,7.56,11.25,8.50,21.77,42.26,15.23,57.04,20.72,45.29
1778018539,7.56,10.75,9.00,21.33,42.18,15.18,57.03,20.91,45.28
1778018541,7.56,10.75,9.25,21.62,42.21,15.23,57.01,21.12,45.28
1778018542,7.56,10.25,9.00,21.78,42.24,15.20,57.03,21.02,45.21
1778018544,7.56,10.00,8.50,21.69,42.21,15.12,57.03,21.40,45.26
1778018546,7.63,10.50,8.50,21.44,42.14,15.27,57.08,21.02,45.30
1778018547,7.63,11.00,9.25,21.62,42.14,15.18,57.04,21.00,45.36
1778018549,7.63,11.00,9.25,21.61,42.13,15.22,57.02,21.03,45.33
1778018550,7.56,10.75,8.50,21.56,42.11,15.13,56.96,21.08,45.34
1778018552,7.63,10.75,9.00,21.55,42.11,15.28,56.97,21.39,45.45
1778018554,7.63,10.50,9.00,21.44,42.09,15.13,56.91,20.87,45.42
1778018555,7.69,11.00,8.75,21.44,42.12,15.26,56.94,21.01,45.37
1778018557,7.63,10.75,9.00,21.78,42.17,15.18,56.96,20.98,45.30
1778018558,7.69,10.75,8.75,21.65,42.15,15.13,56.91,20.98,45.31
1778018560,7.63,10.75,9.00,21.63,42.15,15.25,56.92,21.30,45.30
1778018562,7.69,10.75,8.75,21.32,42.12,15.19,56.91,21.20,45.27
1778018563,7.69,10.25,8.50,21.62,42.18,15.30,56.91,21.03,45.27
1778018565,7.75,10.75,8.50,21.78,42.24,15.26,56.91,21.02,45.38
1778018566,7.88,11.00,9.25,21.54,42.25,15.25,56.89,21.27,45.59
1778018568,7.94,10.50,9.25,21.60,42.29,15.22,56.90,21.27,45.77
1778018570,8.00,11.00,9.00,21.60,42.33,15.28,56.93,21.28,45.91
1778018571,8.06,11.25,9.25,21.41,42.31,15.28,56.94,21.38,46.05
1778018573,8.13,11.00,8.75,21.57,42.36,15.28,56.94,20.83,46.07
1778018574,8.13,11.00,8.50,21.53,42.38,15.24,56.93,20.63,46.14
1778018576,8.13,11.00,9.25,21.47,42.38,15.25,56.92,21.17,46.26
1778018578,8.13,11.00,9.25,21.52,42.43,15.32,56.94,20.74,46.07
1778018579,8.06,11.25,9.25,21.36,42.45,15.19,56.93,21.17,45.94
1778018581,8.06,11.00,9.25,21.76,42.48,15.20,56.91,21.03,45.79
1778018583,8.13,11.25,9.50,21.51,42.48,15.19,56.89,21.30,45.76
1778018584,8.13,10.50,8.75,21.65,42.50,15.18,56.90,21.10,45.76
1778018586,8.06,10.75,9.25,21.94,42.55,15.21,56.92,21.06,45.80
1778018587,8.06,11.25,9.25,21.52,42.51,15.16,56.90,21.40,45.84
1778018589,8.00,11.00,9.25,21.69,42.55,15.18,56.90,21.14,45.75
1778018591,8.00,11.25,8.75,21.41,42.48,15.19,56.89,21.34,45.80
1778018592,8.00,11.00,8.50,21.65,42.50,15.15,56.90,20.99,45.73
1778018594,8.00,10.50,8.75,21.61,42.46,15.26,56.92,21.05,45.66
1778018595,8.00,11.00,8.50,21.55,42.41,15.16,56.86,21.13,45.58
1778018597,8.00,10.75,9.00,21.56,42.42,15.14,56.85,21.26,45.45
1778018599,8.00,10.75,8.75,21.41,42.42,15.13,56.80,21.05,45.29
1778018600,7.94,11.25,9.00,21.61,42.44,15.24,56.84,21.30,45.27
1778018602,7.94,11.00,9.00,21.37,42.37,15.19,56.85,21.45,45.20
1778018603,7.88,10.75,8.50,21.64,42.38,15.15,56.84,21.05,45.04
1778018605,7.88,11.00,8.50,21.69,42.38,15.25,56.85,21.20,45.06
1778018607,7.81,10.75,8.75,21.58,42.37,15.10,56.82,21.36,45.08
1778018608,7.81,11.25,9.25,21.60,42.35,15.20,56.83,21.38,45.03
1778018610,7.81,11.00,8.75,21.63,42.38,15.15,56.80,21.06,44.90
1778018611,7.81,10.75,9.00,21.41,42.36,15.32,56.84,21.24,44.84
1778018613,7.81,11.00,8.75,21.52,42.37,15.13,56.81,21.62,44.85
1778018615,7.75,11.00,9.00,21.47,42.33,15.14,56.81,21.14,44.73
1778018616,7.75,10.75,9.00,21.73,42.34,15.17,56.81,21.19,44.77
1778018618,7.75,10.50,9.00,21.65,42.27,15.13,56.83,21.33,44.83
1778018619,7.75,10.75,9.00,21.32,42.20,15.15,56.84,21.24,44.78
1778018621,7.69,11.00,9.00,21.67,42.25,15.15,56.85,21.20,44.80
1778018623,7.75,11.00,9.00,21.39,42.22,15.15,56.88,21.29,44.87
1778018624,7.69,10.75,9.00,21.76,42.30,15.20,56.91,20.95,44.78
1778018626,7.69,11.00,8.75,21.62,42.28,15.17,56.92,21.26,44.75
1778018628,7.75,11.25,9.00,21.63,42.27,15.16,56.94,21.28,44.74
1778018629,7.69,10.75,9.00,21.73,42.28,15.15,56.93,21.02,44.76
1778018631,7.75,10.50,9.00,21.64,42.28,15.19,56.93,20.99,44.72
1778018632,7.69,11.00,9.00,21.48,42.24,15.19,56.94,21.30,44.73
1778018634,7.69,10.75,9.00,21.65,42.27,15.14,56.94,21.54,44.77
1778018636,7.69,10.75,8.50,21.57,42.26,15.24,56.92,21.53,44.89
1778018637,7.69,11.00,9.00,21.68,42.28,15.15,56.90,21.27,44.95
1778018639,7.63,11.00,9.00,21.44,42.23,15.10,56.87,21.34,44.93
1778018640,7.69,11.00,9.00,21.32,42.22,15.28,56.90,21.20,44.87
1778018642,7.63,11.00,9.00,21.46,42.24,15.12,56.86,21.23,44.85
1778018644,7.63,10.75,8.75,21.62,42.27,15.19,56.89,21.05,44.89
1778018645,7.63,10.75,8.25,21.66,42.29,15.12,56.88,20.96,44.93
1778018647,7.63,10.50,8.75,21.63,42.25,15.20,56.86,20.98,44.99
1778018648,7.56,10.75,8.75,21.48,42.21,15.19,56.85,20.96,44.92
1778018650,7.56,11.00,8.75,21.55,42.21,15.19,56.85,21.26,44.85
1778018652,7.56,11.00,8.50,21.37,42.16,15.15,56.85,20.96,44.79
1778018653,7.56,10.25,8.50,21.57,42.17,15.18,56.86,21.02,44.91
1778018655,7.56,10.00,8.50,21.33,42.14,15.16,56.87,21.02,44.90
1778018656,7.56,10.50,9.00,21.43,42.16,15.21,56.87,21.16,44.87
1778018658,7.56,11.00,9.00,21.68,42.21,15.22,56.87,21.43,44.83
1778018660,7.63,11.00,8.75,21.71,42.21,15.11,56.86,20.96,44.77
1778018661,7.75,11.00,9.25,21.53,42.19,15.06,56.88,20.98,44.92
1778018663,7.75,11.00,9.00,21.55,42.21,15.16,56.90,20.78,45.09
1778018664,7.88,11.00,9.00,21.62,42.24,15.10,56.92,21.52,45.46
1778018666,7.94,11.00,9.00,21.39,42.28,15.19,56.97,21.01,45.63
1778018668,8.00,11.00,8.75,21.55,42.40,15.20,56.98,21.08,45.82
1778018669,8.13,11.00,9.00,21.62,42.48,15.12,56.98,21.15,45.95
1778018671,8.13,11.00,9.50,21.72,42.54,15.13,57.01,21.29,46.08
1778018672,8.19,11.00,9.25,21.26,42.52,15.20,57.08,21.53,46.17
1778018674,8.25,10.75,8.75,21.41,42.62,15.19,57.11,21.09,46.11
1778018676,8.19,11.25,8.75,21.43,42.69,15.06,57.12,21.46,46.11
1778018677,8.19,11.00,9.25,21.50,42.70,15.07,57.15,21.45,45.88
1778018679,8.13,11.00,9.00,21.66,42.73,15.23,57.20,21.42,45.54
1778018681,8.06,10.75,9.00,21.41,42.65,15.21,57.22,21.26,45.30
1778018682,8.06,11.00,9.00,21.69,42.64,15.16,57.24,21.41,45.21
1778018684,8.06,10.75,8.75,21.69,42.60,15.01,57.22,21.17,45.04
1778018685,8.00,11.00,9.00,21.54,42.55,15.09,57.22,21.14,44.89
1778018687,7.94,11.00,9.00,21.31,42.48,15.20,57.21,21.15,44.77
1778018689,7.94,11.25,8.75,21.61,42.49,15.08,57.17,21.73,44.78
1778018690,7.94,11.25,9.25,21.65,42.53,15.15,57.15,21.46,44.71
1778018692,7.94,11.25,8.75,21.21,42.46,15.12,57.16,21.32,44.70
1778018693,7.94,11.25,9.25,21.73,42.56,15.08,57.16,21.42,44.80
1778018695,7.88,10.75,9.25,21.67,42.58,15.20,57.18,21.15,44.79
1778018697,7.88,10.75,8.75,21.83,42.62,15.13,57.15,21.13,44.68
1778018698,7.88,10.75,8.50,21.51,42.54,15.13,57.18,21.39,44.63
1778018700,7.88,10.75,9.00,21.65,42.52,15.23,57.18,20.96,44.52
1778018701,7.81,11.00,8.50,21.67,42.49,15.22,57.18,21.67,44.62
1778018703,7.81,10.50,8.75,21.30,42.39,15.22,57.12,21.07,44.52
1778018705,7.75,10.25,8.75,21.61,42.41,15.23,57.08,21.45,44.52
1778018706,7.81,10.75,8.75,21.53,42.36,15.20,57.04,21.70,44.48
1778018708,7.75,11.00,8.25,21.52,42.34,15.09,57.00,21.21,44.38
1778018709,7.75,10.75,8.50,21.53,42.33,15.16,56.96,21.78,44.57
1778018711,7.75,10.75,7.75,21.70,42.35,15.16,56.96,21.07,44.57
1778018713,7.69,10.25,8.25,21.65,42.36,15.03,56.94,21.37,44.71
1778018714,7.69,10.25,8.50,21.64,42.38,15.03,56.96,21.21,44.71
1778018716,7.69,10.75,8.75,21.56,42.37,15.12,56.94,21.11,44.64
1778018717,7.69,10.75,9.25,21.69,42.38,15.04,56.96,21.29,44.62
1778018719,7.69,10.75,8.50,21.53,42.35,15.20,57.00,21.04,44.53
1778018721,7.69,10.75,9.00,21.67,42.42,15.10,57.00,21.38,44.65
1778018722,7.69,10.75,9.25,21.32,42.39,15.10,57.02,21.26,44.72
1778018724,7.69,11.00,8.25,21.58,42.46,15.19,57.08,21.56,44.78
1778018725,7.69,11.00,8.75,21.69,42.45,15.18,57.11,21.48,44.75
1778018727,7.75,11.00,9.25,21.69,42.42,15.05,57.13,21.30,44.65
1778018729,7.69,11.00,9.00,21.67,42.41,15.10,57.16,21.13,44.58
1778018730,7.69,11.00,9.00,21.26,42.38,15.15,57.20,21.40,44.63
1778018732,7.69,10.75,8.75,21.63,42.42,15.01,57.20,21.20,44.64
1778018734,7.81,11.25,9.25,21.45,42.41,15.11,57.25,21.35,44.75
1778018735,7.81,11.00,9.25,21.16,42.40,15.23,57.30,21.13,44.91
1778018737,7.88,11.00,9.25,21.67,42.52,15.11,57.32,21.23,45.07
1778018738,7.94,11.25,9.00,21.47,42.54,15.19,57.39,21.22,45.17
1778018740,7.94,11.25,9.50,21.66,42.62,15.17,57.42,21.87,45.29
1778018742,7.94,11.00,9.00,21.51,42.63,15.07,57.40,21.29,45.04
1778018743,7.94,10.75,8.50,21.48,42.64,15.19,57.45,21.35,44.91
1778018745,8.00,10.50,9.50,21.58,42.64,15.14,57.44,21.48,44.82
1778018746,7.94,11.00,8.75,21.48,42.59,15.10,57.45,21.59,44.73
1778018748,7.94,11.00,9.00,21.47,42.55,15.05,57.44,21.34,44.64
1778018750,8.00,10.75,9.00,21.46,42.50,15.20,57.47,21.15,44.62
1778018751,8.00,11.00,9.00,21.67,42.52,15.16,57.44,21.10,44.63
1778018753,7.88,10.75,8.25,21.47,42.45,15.12,57.40,21.07,44.67
1778018754,7.88,11.00,9.00,21.31,42.41,15.19,57.38,21.35,44.73
1778018756,7.88,11.00,8.50,21.16,42.38,15.18,57.32,21.06,44.66
1778018758,7.88,10.50,8.50,21.32,42.39,14.94,57.24,21.64,44.64
1778018759,7.81,10.75,8.50,21.46,42.39,15.10,57.23,21.26,44.59
1778018761,7.81,10.50,8.75,21.76,42.43,15.00,57.19,21.34,44.64
1778018762,7.81,10.75,8.00,21.58,42.42,15.02,57.15,21.15,44.69
1778018764,7.81,10.75,8.75,21.56,42.42,15.03,57.13,21.63,44.80
1778018766,7.81,10.75,8.25,21.48,42.42,15.09,57.12,21.62,44.77
1778018767,7.81,10.50,8.50,21.37,42.40,15.14,57.13,21.57,44.64
1778018769,7.75,11.00,8.75,21.37,42.39,15.00,57.09,21.23,44.57
1778018770,7.69,11.00,8.50,21.30,42.39,15.08,57.10,21.56,44.71
1778018772,7.75,10.50,8.75,21.62,42.46,15.05,57.09,21.28,44.72
1778018774,7.69,10.75,8.75,21.55,42.41,14.99,57.09,21.29,44.70
1778018775,7.69,10.75,8.50,21.58,42.40,15.17,57.13,21.68,44.70
1778018777,7.75,10.50,9.00,21.48,42.37,14.99,57.11,21.39,44.67
1778018778,7.63,10.50,8.50,21.57,42.37,15.06,57.14,21.37,44.76
1778018780,7.69,10.75,9.00,21.62,42.35,14.94,57.11,21.19,44.82
1778018782,7.63,10.75,8.50,21.59,42.34,14.97,57.13,21.33,44.91
1778018783,7.63,11.00,8.75,21.69,42.34,15.06,57.14,21.05,44.92
1778018785,7.63,10.75,8.50,21.45,42.33,14.95,57.15,21.27,44.94
1778018787,7.63,10.75,9.00,21.65,42.38,14.95,57.17,21.07,44.91
1778018788,7.69,11.00,8.75,21.56,42.41,14.94,57.18,21.16,44.87
1778018790,7.63,11.00,8.50,21.64,42.46,15.02,57.22,21.66,44.91
1778018791,7.69,11.00,8.25,21.37,42.47,14.95,57.25,21.09,44.90
1778018793,7.75,11.00,8.75,21.51,42.54,15.08,57.29,20.91,45.02
1778018795,7.81,11.00,9.00,21.62,42.60,14.98,57.32,20.97,45.17
1778018796,7.88,10.75,8.75,21.58,42.60,15.09,57.34,21.53,45.33
1778018798,7.81,11.00,9.00,21.58,42.64,15.13,57.36,20.87,45.20
1778018799,7.88,10.75,9.00,21.65,42.60,15.05,57.35,20.94,45.13
1778018801,7.81,10.75,9.00,21.48,42.51,15.04,57.37,20.94,44.98
1778018803,7.81,10.50,9.00,21.63,42.51,15.09,57.40,20.94,44.84
1778018804,7.81,10.75,9.00,21.67,42.48,15.08,57.43,21.33,44.82
1778018806,7.75,10.75,9.00,21.56,42.46,15.11,57.42,21.36,44.84
1778018807,7.81,10.75,9.00,21.46,42.42,15.13,57.41,21.14,44.77
1778018809,7.81,10.75,8.50,21.56,42.42,15.20,57.41,21.30,44.74
1778018811,7.88,11.00,9.00,21.52,42.39,15.21,57.40,21.35,44.76
1778018812,7.94,10.75,9.00,21.46,42.44,15.10,57.37,21.76,44.98
1778018814,7.94,11.00,9.25,21.55,42.50,15.12,57.34,20.96,45.05
1778018815,7.94,11.00,9.00,21.61,42.56,15.12,57.34,21.73,45.33
1778018817,7.94,11.25,9.25,21.61,42.56,15.15,57.34,21.28,45.26
1778018819,7.94,11.00,8.50,21.73,42.57,15.20,57.36,21.02,45.17
1778018820,7.94,10.25,8.25,21.73,42.52,15.33,57.35,20.96,45.20
1778018822,7.94,11.00,8.50,21.52,42.44,15.23,57.31,20.99,45.19
1778018823,7.88,10.75,9.00,21.25,42.38,15.10,57.27,21.15,45.14
1778018825,7.88,10.25,9.00,21.64,42.42,15.23,57.27,21.15,45.17
1778018827,7.81,11.00,9.25,21.58,42.40,15.23,57.25,21.34,45.18
1778018828,7.81,10.75,8.25,21.69,42.41,15.23,57.26,21.13,45.09
1778018830,7.88,10.25,8.50,21.39,42.37,15.26,57.27,21.33,45.06
1778018831,7.81,11.25,9.00,21.55,42.45,15.12,57.20,21.06,45.01
1778018833,7.81,11.00,8.50,21.60,42.47,15.15,57.20,21.27,45.00
1778018835,7.81,11.00,9.00,21.44,42.42,15.13,57.17,21.59,44.94
1778018836,7.81,11.00,9.00,21.71,42.48,15.19,57.15,21.25,44.81
1778018838,7.81,11.00,8.75,21.32,42.39,15.05,57.11,21.34,44.77
1778018840,7.75,10.75,8.25,21.51,42.41,15.11,57.12,21.02,44.70
1778018841,7.75,10.75,9.00,21.36,42.37,15.14,57.08,21.04,44.71
1778018843,7.75,11.00,8.75,21.72,42.41,15.13,57.06,21.24,44.79
1778018844,7.75,11.00,8.75,21.27,42.33,15.11,57.04,21.56,44.95
1778018846,7.81,11.00,9.00,21.70,42.41,15.20,57.06,21.16,45.02
1778018848,7.81,11.25,9.00,21.42,42.36,15.13,57.07,21.35,45.16
1778018849,7.81,11.00,9.00,21.65,42.38,15.13,57.05,21.05,45.21
1778018851,7.81,10.75,9.00,21.88,42.43,15.22,57.08,21.11,45.30
1778018852,7.88,11.00,9.25,21.55,42.37,15.14,57.08,21.23,45.35
1778018854,7.81,10.75,9.00,21.53,42.35,15.15,57.08,21.29,45.34
1778018856,7.81,11.00,8.75,21.54,42.34,15.22,57.08,21.62,45.33
1778018857,7.75,11.00,8.75,21.56,42.33,15.07,57.06,21.33,45.15
1778018859,7.88,11.00,9.00,21.63,42.36,15.18,57.07,20.90,44.96
1778018860,7.75,10.50,8.75,21.26,42.32,15.15,57.07,21.02,44.86
1778018862,7.81,11.00,8.00,21.65,42.37,15.12,57.05,21.30,44.81
1778018864,7.81,11.00,8.50,21.63,42.35,15.09,57.03,21.24,44.69
1778018865,7.75,11.00,8.75,21.54,42.31,15.15,57.04,21.05,44.56
1778018867,7.75,10.50,8.50,21.39,42.25,15.20,57.02,21.13,44.50
1778018868,7.81,11.00,9.00,21.63,42.29,15.16,57.04,21.31,44.50
1778018870,7.75,11.00,8.75,21.32,42.24,15.21,57.04,21.16,44.45
1778018872,7.75,11.00,8.75,21.65,42.30,15.22,57.02,20.90,44.46
1778018873,7.81,11.25,8.75,21.73,42.36,15.19,57.00,21.32,44.64
1778018875,7.81,11.00,9.25,21.73,42.39,15.14,56.99,21.19,44.73
1778018876,7.81,11.00,9.00,21.41,42.43,15.12,56.96,21.32,44.85
1778018878,7.81,11.00,8.75,21.65,42.52,15.07,56.93,21.39,44.99
1778018880,7.81,11.25,8.50,21.61,42.56,15.11,56.94,21.23,45.06
1778018881,7.81,11.00,9.00,21.69,42.57,15.13,56.93,21.32,45.11
1778018883,7.81,11.00,9.00,21.43,42.50,15.16,56.94,21.26,45.01
1778018884,7.88,11.00,8.75,21.63,42.49,15.24,56.94,21.02,44.95
1778018886,7.88,10.75,9.00,21.58,42.46,15.15,56.91,21.05,45.06
1778018888,7.88,10.75,9.00,21.57,42.47,15.23,56.96,21.09,45.19
1778018889,7.88,11.25,8.75,21.60,42.50,15.18,56.95,21.15,45.26
1778018891,7.88,11.25,9.00,21.52,42.47,15.22,56.96,21.52,45.26
1778018893,7.88,11.00,9.00,21.37,42.40,15.15,56.96,21.47,45.22
1778018894,7.88,11.25,9.25,21.37,42.37,15.15,56.97,20.94,45.05
1778018896,7.88,10.75,8.75,21.27,42.33,15.25,56.97,21.26,45.02
1778018897,7.94,10.75,8.50,21.58,42.35,15.19,57.01,21.13,45.02
1778018899,7.94,11.25,9.00,21.59,42.32,15.23,56.98,21.33,45.15
1778018901,7.88,11.25,9.25,21.44,42.26,15.19,56.96,21.36,45.24
1778018902,7.94,11.00,8.75,21.32,42.25,15.22,56.95,21.28,45.27
1778018904,7.88,11.25,8.25,21.53,42.28,15.13,56.89,20.99,45.21
1778018905,7.94,10.75,9.00,21.62,42.31,15.10,56.87,21.42,45.24
1778018907,7.94,11.00,8.75,21.70,42.34,15.19,56.87,21.34,45.21
1778018909,8.00,10.75,9.00,21.64,42.35,15.15,56.84,20.87,45.15
1778018910,8.00,11.00,9.00,21.52,42.34,15.30,56.89,21.10,45.25
1778018912,8.06,11.25,9.00,21.37,42.32,15.22,56.87,21.05,45.41
1778018913,8.13,11.25,8.50,21.68,42.36,15.18,56.88,21.13,45.55
1778018915,8.06,11.25,8.75,21.54,42.34,15.16,56.87,20.93,45.53
1778018917,8.06,10.75,9.00,21.62,42.37,15.32,56.89,21.15,45.47
1778018918,8.06,11.25,8.75,21.67,42.38,15.08,56.83,21.07,45.43
1778018920,8.06,11.25,9.00,21.30,42.36,15.07,56.82,21.44,45.42
1778018921,8.13,11.50,8.50,21.32,42.37,15.15,56.80,20.76,45.31
1778018923,8.19,10.75,9.25,21.32,42.37,15.13,56.80,21.33,45.50
1778018925,8.13,11.00,9.00,21.50,42.44,15.20,56.83,21.04,45.59
1778018926,8.13,11.25,9.25,21.56,42.59,15.09,56.86,21.84,45.80
1778018928,8.13,11.25,9.25,21.30,42.62,15.11,56.88,21.31,45.69
1778018929,8.06,11.25,9.25,21.26,42.66,15.18,56.95,20.68,45.44
1778018931,8.13,11.50,9.00,21.47,42.73,15.15,56.98,21.26,45.41
1778018933,8.13,11.00,8.75,21.55,42.79,15.13,57.00,21.80,45.48
1778018934,8.13,10.75,9.25,21.57,42.75,15.21,57.07,21.32,45.40
1778018936,8.13,11.00,9.25,21.68,42.76,15.22,57.13,21.55,45.39
1778018937,8.13,11.00,8.75,21.68,42.77,15.20,57.15,21.41,45.29
1778018939,8.13,11.00,9.25,21.67,42.76,15.15,57.14,21.37,45.25
1778018941,8.06,11.25,9.00,21.46,42.71,15.22,57.17,21.39,45.18
1778018942,8.06,11.00,8.75,21.61,42.71,15.15,57.13,21.08,45.07
1778018944,8.00,11.50,8.75,21.63,42.66,15.09,57.08,21.92,45.13
1778018946,7.94,11.00,9.00,21.59,42.59,15.18,57.07,21.14,44.87
1778018947,7.94,11.00,8.50,21.25,42.51,15.13,57.01,21.26,44.80
1778018949,7.88,10.75,8.50,21.62,42.53,15.13,56.98,21.16,44.72
1778018950,7.88,10.75,8.25,21.37,42.45,15.15,56.96,21.38,44.73
1778018952,7.88,10.00,8.75,21.68,42.44,15.12,56.93,21.38,44.76
1778018954,7.81,10.75,9.00,21.54,42.41,15.14,56.91,21.09,44.71
1778018955,7.88,10.25,9.00,21.56,42.42,15.13,56.87,21.22,44.84
1778018957,7.94,10.50,9.00,21.69,42.45,15.19,56.89,21.52,45.05
1778018958,7.94,10.50,9.00,21.70,42.46,15.11,56.89,21.29,45.20
1778018960,8.00,10.75,8.75,21.73,42.48,15.16,56.91,21.23,45.38
1778018962,8.06,11.00,9.25,21.30,42.41,15.10,56.93,20.92,45.44
1778018963,8.06,10.75,9.00,21.35,42.45,15.12,56.92,21.39,45.57
1778018965,8.06,11.00,9.00,21.62,42.54,15.14,56.91,21.18,45.42
1778018966,8.00,10.75,8.75,21.31,42.50,15.15,56.91,20.98,45.31
1778018968,7.94,10.75,8.75,21.43,42.52,15.19,56.92,20.94,45.17
1778018970,7.94,10.50,9.25,21.48,42.51,15.16,56.91,21.20,45.12
1778018971,7.94,10.00,9.00,21.27,42.44,15.17,56.93,21.23,45.16
1778018973,7.81,10.50,8.75,21.26,42.44,15.18,56.95,21.19,45.16
1778018974,7.81,9.75,8.50,21.37,42.44,15.10,56.91,21.17,45.12
1778018976,7.81,9.50,8.50,21.65,42.44,15.17,56.96,21.37,45.02
1778018978,7.75,10.25,9.00,21.49,42.40,15.15,56.93,21.33,44.91
1778018979,7.75,10.25,8.75,21.70,42.44,15.13,56.92,21.30,44.90
1778018981,7.75,10.00,8.75,21.65,42.41,15.08,56.91,21.22,44.82
1778018982,7.75,10.25,8.25,21.36,42.35,15.19,56.94,21.16,44.74
1778018984,7.69,10.25,9.00,21.69,42.38,15.07,56.91,21.44,44.71
1778018986,7.63,10.25,8.50,21.56,42.33,15.15,56.90,21.26,44.59
1778018987,7.75,9.75,8.75,21.65,42.34,15.10,56.87,21.46,44.58
1778018989,7.75,10.00,8.50,21.48,42.34,15.19,56.90,21.79,44.71
1778018990,7.81,10.00,8.75,21.56,42.38,15.16,56.95,21.27,44.71
1778018992,7.81,10.25,8.50,21.48,42.40,15.09,56.95,21.21,44.73
1778018994,7.81,9.75,8.50,21.48,42.41,15.10,56.93,21.09,44.77
1778018995,7.81,10.25,8.50,21.75,42.44,15.10,56.90,21.19,44.77
1778018997,7.81,10.25,8.50,21.60,42.40,15.09,56.87,21.15,44.71
1778018999,7.81,9.50,9.00,21.62,42.39,15.11,56.85,21.08,44.73
1778019000,7.88,9.75,9.00,21.46,42.37,15.15,56.88,21.55,44.91
1778019002,7.94,10.25,9.00,21.46,42.37,15.12,56.86,21.80,45.08
1778019003,8.00,10.25,8.50,21.19,42.30,15.12,56.87,21.29,45.13
1778019005,8.00,10.25,9.00,21.51,42.36,15.10,56.85,21.22,45.19
1778019007,8.06,9.75,9.00,21.31,42.31,15.11,56.86,21.38,45.29
1778019008,7.94,10.00,8.75,21.30,42.32,15.15,56.86,21.39,45.25
1778019010,7.94,10.50,9.00,21.56,42.35,15.12,56.82,21.30,45.10
1778019011,7.94,10.50,9.00,21.65,42.36,15.11,56.82,21.15,45.02
1778019013,7.94,10.25,9.00,21.69,42.36,15.05,56.80,21.02,44.96
1778019015,7.88,10.25,9.00,21.68,42.34,15.13,56.82,21.48,44.97
1778019016,7.94,10.25,8.75,21.69,42.34,15.08,56.84,21.35,44.91
1778019018,7.94,10.00,9.00,21.30,42.29,15.10,56.82,21.73,44.92
1778019019,8.00,10.25,9.00,21.41,42.33,15.08,56.82,21.49,44.93
1778019021,8.06,9.50,9.00,21.69,42.39,15.09,56.84,21.24,45.00
1778019023,8.13,10.50,8.75,21.61,42.34,15.26,56.90,21.23,45.15
1778019024,8.19,10.00,8.75,21.41,42.31,15.13,56.89,21.38,45.28
1778019026,8.13,9.75,9.00,21.69,42.37,15.16,56.91,21.13,45.27
1778019027,8.13,10.25,9.00,21.56,42.39,15.11,56.91,21.91,45.31
1778019029,8.13,10.00,8.50,21.30,42.39,15.20,56.90,21.45,45.11
1778019031,8.13,10.25,9.25,21.19,42.42,15.13,56.86,21.17,44.96
1778019032,8.06,10.25,8.75,21.64,42.48,15.23,56.87,21.26,44.95
1778019034,8.06,10.50,8.75,21.60,42.45,15.13,56.85,21.26,44.93
1778019035,8.00,10.50,8.75,21.65,42.46,15.19,56.86,21.23,44.90
1778019037,8.00,10.25,8.00,21.62,42.44,15.14,56.82,21.52,44.80
1778019039,7.94,10.00,9.00,21.65,42.41,15.19,56.81,21.52,44.61
1778019040,7.94,10.00,9.00,21.65,42.39,15.17,56.77,21.55,44.46
1778019042,7.88,10.25,8.75,21.69,42.42,15.11,56.73,21.46,44.41
1778019043,7.81,9.75,9.00,21.51,42.42,15.15,56.74,21.73,44.41
1778019045,7.75,10.25,8.75,21.46,42.41,15.10,56.71,21.19,44.28
1778019047,7.81,10.00,8.75,21.70,42.44,15.09,56.70,21.15,44.29
1778019048,7.69,10.00,9.00,21.65,42.45,15.03,56.64,21.53,44.40
1778019050,7.69,9.75,8.25,21.61,42.45,15.11,56.64,21.19,44.34
1778019051,7.69,10.00,8.50,21.55,42.46,15.12,56.64,21.09,44.25
1778019053,7.69,9.75,8.50,21.55,42.46,15.19,56.66,21.42,44.28
1778019055,7.56,10.00,8.50,21.60,42.45,15.15,56.64,21.24,44.25
1778019056,7.63,9.75,8.50,21.55,42.49,15.00,56.59,21.81,44.38
1778019058,7.69,10.25,8.75,21.56,42.54,14.96,56.59,21.26,44.39
1778019060,7.75,9.75,8.75,21.52,42.56,15.02,56.63,21.33,44.52
1778019061,7.75,10.25,8.50,21.65,42.60,15.00,56.66,21.23,44.61
1778019063,7.81,9.75,8.75,21.58,42.58,15.06,56.71,21.21,44.63
1778019064,7.75,9.75,8.50,21.48,42.58,15.05,56.74,21.66,44.64
1778019066,7.69,10.25,8.75,21.46,42.53,15.16,56.77,21.11,44.61
1778019068,7.69,10.25,8.25,21.65,42.54,15.07,56.74,21.30,44.68
1778019069,7.63,10.00,8.75,21.58,42.49,15.06,56.73,21.16,44.70
1778019071,7.63,10.00,8.75,21.51,42.44,15.05,56.73,21.09,44.69
1778019072,7.56,10.25,8.50,21.68,42.42,14.99,56.71,21.58,44.78
1778019074,7.56,10.00,8.25,21.48,42.35,15.01,56.73,21.21,44.63
1778019076,7.56,10.25,8.50,21.55,42.34,15.03,56.75,21.06,44.53
1778019077,7.50,10.00,8.50,21.56,42.31,15.09,56.78,21.17,44.57
1778019079,7.50,9.75,8.75,21.35,42.25,15.12,56.83,21.09,44.52
1778019080,7.50,10.00,8.75,21.66,42.26,15.10,56.86,21.30,44.52
1778019082,7.50,10.25,8.75,21.63,42.24,15.07,56.89,21.76,44.57
1778019084,7.44,10.00,8.75,21.67,42.23,15.10,56.90,21.49,44.51
1778019085,7.50,9.50,8.50,21.56,42.20,15.09,56.92,21.22,44.36
1778019087,7.44,10.25,9.00,21.66,42.24,15.11,56.91,21.23,44.24
1778019088,7.44,10.00,9.00,21.69,42.24,15.16,56.92,21.81,44.36
1778019090,7.50,10.50,8.75,21.78,42.26,15.05,56.91,21.60,44.38
1778019092,7.44,10.25,8.75,21.65,42.27,15.05,56.92,21.39,44.46
1778019093,7.44,10.25,9.00,21.61,42.29,15.10,56.94,21.29,44.42
1778019095,7.44,10.25,8.25,21.32,42.25,15.08,56.97,21.52,44.53
1778019096,7.44,10.50,9.00,21.69,42.31,15.22,57.03,21.39,44.59
1778019098,7.38,10.25,9.00,21.64,42.31,15.12,57.06,21.44,44.69
1778019100,7.44,10.25,9.00,21.66,42.29,15.11,57.11,21.11,44.61
1778019101,7.44,10.50,8.25,21.74,42.29,15.23,57.16,21.30,44.64
1778019103,7.50,0.00,8.25,21.54,42.28,15.24,57.17,21.72,44.78
1778019104,7.44,0.00,8.50,21.41,42.24,15.26,57.17,21.68,44.84
1778019106,7.44,0.00,8.25,21.65,42.28,15.24,57.16,21.58,44.79
1778019108,7.50,0.00,8.75,21.67,42.30,15.23,57.19,21.13,44.72
1778019109,7.50,0.00,8.50,21.58,42.30,15.17,57.20,21.48,44.72
1778019111,7.50,0.00,8.25,21.58,42.34,15.12,57.20,21.70,44.73
1778019113,7.50,0.00,8.50,21.58,42.32,15.17,57.21,21.20,44.61
1778019114,7.50,0.00,8.50,21.55,42.32,15.19,57.21,21.49,44.64
1778019116,7.50,0.00,8.50,21.41,42.28,15.16,57.17,21.49,44.66
1778019117,7.50,0.00,8.25,21.69,42.31,15.24,57.20,21.13,44.61
1778019119,7.50,0.00,8.50,21.61,42.29,15.16,57.14,20.86,44.52
1778019121,7.50,9.25,8.75,21.75,42.33,15.19,57.10,21.69,44.54
1778019122,7.50,9.25,8.75,21.72,42.34,15.12,57.04,21.16,44.35
1778019124,7.50,10.00,9.00,21.61,42.35,15.15,57.01,21.33,44.25
1778019125,7.50,10.00,8.75,21.51,42.37,15.20,57.02,21.21,44.15
1778019127,7.50,10.00,8.75,21.61,42.38,15.22,57.00,21.22,44.10
1778019129,7.50,9.50,8.50,21.54,42.37,15.13,57.00,21.14,44.06
1778019130,7.50,10.00,8.50,21.37,42.33,15.14,56.97,21.49,44.21
1778019132,7.56,10.00,8.75,21.55,42.34,15.17,56.98,21.34,44.33
1778019133,7.50,10.25,8.75,21.60,42.35,15.13,56.95,20.98,44.35
1778019135,7.50,9.75,9.00,21.48,42.35,15.27,56.96,21.04,44.35
1778019137,7.50,10.00,8.50,21.62,42.39,15.13,56.92,21.84,44.46
1778019138,7.50,10.25,8.75,21.55,42.35,15.17,56.93,21.28,44.44
1778019140,7.50,8.75,8.75,21.40,42.30,15.22,56.91,21.37,44.58
1778019141,7.50,9.00,8.75,21.60,42.32,15.15,56.85,21.34,44.64
1778019143,7.50,9.75,8.50,21.57,42.32,15.16,56.82,21.21,44.68
1778019145,7.44,9.50,8.50,21.52,42.33,15.15,56.82,21.76,44.79
1778019146,7.56,9.75,8.75,21.69,42.36,15.05,56.79,21.26,44.63
1778019148,7.50,9.75,8.75,21.46,42.34,15.05,56.78,21.49,44.69
1778019149,7.50,9.75,8.75,21.50,42.37,15.12,56.85,21.30,44.64
1778019151,7.56,10.00,9.00,21.37,42.37,15.06,56.88,21.31,44.71
1778019153,7.56,10.00,9.00,21.58,42.47,15.16,56.93,20.61,44.80
1778019154,7.56,10.50,8.50,21.69,42.53,15.13,56.96,21.22,45.05
1778019156,7.56,10.50,9.00,21.68,42.58,15.16,56.98,21.06,45.20
1778019157,7.69,10.25,9.25,21.78,42.62,15.23,57.03,20.91,45.37
1778019159,7.75,11.50,9.25,21.42,42.62,15.23,57.08,21.37,45.59
1778019161,7.88,12.25,9.00,21.65,42.69,15.12,57.06,21.22,45.68
1778019162,7.81,12.00,8.75,21.65,42.74,15.18,57.10,21.15,45.78
1778019164,7.94,12.00,9.25,21.54,42.74,15.25,57.12,21.34,45.92
1778019166,8.00,11.75,9.50,21.55,42.77,15.23,57.12,21.26,45.97
1778019167,8.00,12.00,9.00,21.49,42.78,15.20,57.14,21.34,46.04
1778019169,7.94,12.25,9.00,21.26,42.74,15.21,57.15,21.26,46.03
1778019170,7.94,11.75,9.00,21.47,42.76,15.05,57.11,21.37,45.99
1778019172,7.88,11.50,9.25,21.52,42.81,15.16,57.09,21.41,45.92
1778019174,7.88,11.75,9.25,21.47,42.81,15.22,57.07,21.02,45.71
1778019175,7.81,11.50,9.25,21.41,42.80,15.26,57.07,21.09,45.51
1778019177,7.81,11.50,9.00,21.23,42.71,15.22,57.04,21.19,45.31
1778019178,7.81,11.25,8.75,21.22,42.69,15.18,57.03,21.23,45.20
1778019180,7.75,11.50,9.00,21.27,42.66,15.20,57.01,21.35,45.06
1778019182,7.75,11.50,9.00,21.41,42.63,15.06,56.97,21.17,44.92
1778019183,7.75,11.50,8.50,21.54,42.61,15.06,56.93,20.90,44.83
1778019185,7.75,11.75,9.00,21.22,42.53,15.17,56.95,21.55,44.91
1778019186,7.69,12.00,9.00,21.52,42.63,15.09,56.93,21.37,44.86
1778019188,7.69,11.25,8.50,21.60,42.63,15.13,56.93,21.52,44.82
1778019190,7.63,11.75,9.00,21.69,42.62,15.13,56.93,21.12,44.67
1778019191,7.69,11.50,8.75,21.30,42.56,15.12,56.92,20.97,44.55
1778019193,7.63,11.50,9.00,21.78,42.63,15.15,56.94,21.12,44.52
1778019194,7.63,12.00,9.00,21.58,42.65,15.13,56.90,21.44,44.64
1778019196,7.63,12.00,9.00,21.54,42.66,15.18,56.88,21.24,44.73
1778019198,7.69,11.75,9.25,21.47,42.68,15.13,56.89,20.86,44.83
1778019199,7.81,11.75,9.00,21.64,42.67,15.13,56.89,21.20,45.02
1778019201,7.88,11.75,9.00,21.25,42.63,15.21,56.92,21.84,45.25
1778019202,7.94,12.00,9.25,21.47,42.64,15.17,56.92,21.44,45.32
1778019204,8.00,11.75,9.00,21.72,42.68,15.18,56.93,21.65,45.51
1778019206,8.06,12.25,8.75,21.41,42.63,15.16,56.96,21.48,45.61
1778019207,8.00,11.75,8.75,21.21,42.64,15.19,56.98,21.29,45.67
1778019209,8.00,11.50,9.00,21.41,42.72,15.13,56.98,21.43,45.54
1778019210,7.94,11.50,9.25,21.64,42.86,15.13,56.96,21.41,45.31
1778019212,7.94,12.25,9.25,21.23,42.89,15.10,56.95,21.54,45.15
1778019214,7.94,12.00,9.25,21.36,42.97,15.13,56.96,21.67,45.03
1778019215,7.94,12.00,9.25,21.42,43.01,15.13,56.96,21.26,44.94
1778019217,8.00,11.50,9.25,21.51,43.01,15.24,57.02,21.19,45.01
1778019219,8.13,11.75,9.00,21.47,42.95,15.13,57.05,21.13,45.13
1778019220,8.13,12.00,8.75,21.47,42.92,15.23,57.13,21.16,45.24
1778019222,8.13,12.50,9.00,21.56,42.93,15.17,57.16,21.81,45.40
1778019223,8.13,11.50,9.25,21.42,42.92,15.18,57.16,21.76,45.35
1778019225,8.06,11.75,9.25,21.65,42.97,15.21,57.19,21.48,45.17
1778019227,8.06,11.75,8.75,21.22,42.88,15.11,57.17,21.06,45.01
1778019228,8.00,11.50,9.00,21.25,42.82,15.08,57.15,21.27,44.96
1778019230,8.00,12.00,9.00,21.62,42.85,15.24,57.16,21.24,44.79
1778019231,7.94,12.25,9.25,21.40,42.78,15.15,57.17,21.26,44.65
1778019233,7.94,12.00,9.00,21.69,42.82,15.22,57.15,21.45,44.61
1778019235,7.88,12.00,8.75,21.35,42.73,15.21,57.15,21.36,44.46
1778019236,7.88,11.75,9.25,21.41,42.71,15.17,57.11,21.31,44.34
1778019238,7.88,12.00,9.00,21.61,42.72,15.23,57.13,20.98,44.26
1778019239,7.88,12.25,9.00,21.69,42.70,15.18,57.09,21.09,44.23
1778019241,7.81,11.50,9.00,21.44,42.63,15.18,57.07,21.38,44.27
1778019243,7.81,11.75,8.75,21.55,42.60,15.19,57.06,21.43,44.33
1778019244,7.75,12.00,9.00,21.26,42.54,15.17,57.04,21.12,44.28
1778019246,7.75,11.50,8.75,21.58,42.55,15.15,57.02,21.22,44.39
1778019247,7.75,11.75,8.50,21.58,42.51,15.17,56.99,21.46,44.48
1778019249,7.75,11.75,9.00,21.41,42.44,15.18,56.96,21.02,44.32
1778019251,7.75,11.75,9.00,21.42,42.44,15.16,56.93,21.14,44.25
1778019252,7.75,11.75,9.00,21.65,42.51,15.15,56.95,20.98,44.26
1778019254,7.69,11.75,9.00,21.51,42.53,15.15,56.93,21.50,44.37
1778019255,7.69,12.00,9.00,21.22,42.48,15.10,56.90,21.95,44.45
1778019257,7.69,11.25,9.00,21.59,42.55,15.13,56.89,21.12,44.45
1778019259,7.69,11.75,9.00,21.42,42.51,15.13,56.87,21.21,44.56
1778019260,7.69,11.75,8.50,21.37,42.53,15.09,56.88,21.64,44.68
1778019262,7.69,11.50,8.75,21.69,42.57,15.07,56.87,21.40,44.58
1778019263,7.69,11.50,8.75,21.30,42.51,15.09,56.87,21.66,44.59
1778019265,7.63,11.75,8.75,21.51,42.55,15.17,56.87,21.15,44.48
1778019267,7.63,12.00,9.00,21.36,42.52,15.10,56.87,21.44,44.49
1778019268,7.63,11.50,8.50,21.23,42.50,15.13,56.88,21.30,44.39
1778019270,7.63,11.50,8.75,21.32,42.51,15.09,56.88,21.30,44.35
1778019272,7.56,11.75,8.75,21.49,42.52,15.11,56.87,21.20,44.35
1778019273,7.56,11.75,9.00,21.61,42.53,15.11,56.87,21.23,44.42
1778019275,7.56,11.75,8.75,21.65,42.53,15.07,56.86,21.11,44.44
1778019276,7.56,11.25,8.75,21.68,42.49,15.12,56.86,21.19,44.39
1778019278,7.56,11.50,8.75,21.52,42.43,15.03,56.84,21.40,44.39
1778019280,7.56,11.50,8.00,21.37,42.39,15.03,56.85,21.50,44.43
1778019281,7.56,11.75,8.50,21.62,42.42,15.05,56.87,21.19,44.45
1778019283,7.50,11.50,8.75,21.58,42.43,15.19,56.90,21.30,44.60
1778019284,7.56,11.50,8.50,21.22,42.39,15.08,56.90,21.29,44.71
1778019286,7.50,11.50,8.75,21.58,42.47,15.13,56.90,21.15,44.75
1778019288,7.50,11.50,9.00,21.69,42.51,15.19,56.94,21.28,44.67
1778019289,7.50,11.25,8.75,21.74,42.54,15.15,56.95,21.36,44.63
1778019291,7.50,11.50,8.25,21.24,42.46,15.14,56.96,21.17,44.68
1778019292,7.50,11.50,9.00,21.64,42.54,15.13,56.96,21.37,44.73
1778019294,7.50,11.25,8.75,21.52,42.54,15.12,56.93,21.47,44.80
1778019296,7.50,11.25,8.75,21.36,42.52,15.18,56.93,21.41,44.87
1778019297,7.50,11.75,8.75,21.69,42.57,15.15,56.92,21.57,44.93
1778019299,7.50,11.75,9.00,21.56,42.56,15.14,56.91,21.14,44.78
1778019300,7.50,11.50,8.25,21.45,42.53,15.10,56.90,21.51,44.74
1778019302,7.50,11.50,8.50,21.26,42.50,15.15,56.93,20.98,44.60
1778019304,7.56,11.50,9.00,21.48,42.51,15.16,56.96,21.02,44.54
1778019305,7.56,11.50,9.00,21.61,42.53,15.13,56.98,21.05,44.54
1778019307,7.56,11.75,8.75,21.37,42.50,15.19,56.98,21.80,44.63
1778019308,7.50,12.00,8.50,21.30,42.52,15.15,56.96,21.12,44.52
1778019310,7.56,11.50,9.00,21.60,42.56,15.23,56.93,21.02,44.52
1778019312,7.56,12.25,9.00,21.36,42.55,15.13,56.91,21.29,44.62
1778019313,7.56,11.25,9.00,21.55,42.61,15.19,56.92,21.05,44.74
1778019315,7.63,11.75,9.25,21.56,42.68,15.12,56.94,21.44,45.01
1778019316,7.69,11.75,9.00,21.13,42.61,15.19,57.02,21.34,45.17
1778019318,7.69,12.00,9.00,21.47,42.70,15.23,57.06,21.05,45.28
1778019320,7.69,11.75,9.00,21.35,42.71,15.17,57.03,21.27,45.42
1778019321,7.69,11.75,9.00,21.13,42.72,15.18,57.03,21.76,45.44
1778019323,7.69,11.50,9.00,21.68,42.80,15.17,57.04,21.17,45.29
1778019325,7.63,11.25,9.00,21.64,42.76,15.21,57.08,20.94,45.18
1778019326,7.69,11.75,8.75,21.29,42.70,15.15,57.08,21.30,45.13
1778019328,7.69,11.75,9.00,21.55,42.74,15.33,57.12,21.26,44.99
1778019329,7.63,11.50,9.00,21.46,42.73,15.21,57.07,21.69,45.06
1778019331,7.69,11.75,8.50,21.62,42.79,15.17,57.04,21.46,45.02
1778019333,7.69,12.00,9.00,21.26,42.75,15.21,57.03,21.15,45.00
1778019334,7.69,11.75,8.25,21.22,42.77,15.11,56.99,21.41,45.18
1778019336,7.63,11.75,8.75,21.60,42.85,15.19,56.98,21.02,45.13
1778019337,7.69,11.75,8.25,21.30,42.80,15.19,56.97,21.25,45.19
1778019339,7.69,12.00,9.00,21.47,42.81,15.14,56.94,21.09,45.10
1778019341,7.63,12.00,9.00,21.47,42.81,15.23,56.93,21.30,45.13
1778019342,7.63,11.25,8.75,21.21,42.73,15.14,56.87,20.98,45.08
1778019344,7.63,11.50,8.50,21.36,42.73,15.11,56.84,21.37,45.20
1778019345,7.63,11.50,8.75,21.42,42.73,15.16,56.82,20.90,45.21
1778019347,7.56,11.50,8.75,21.21,42.70,15.13,56.79,21.47,45.37
1778019349,7.56,11.25,8.75,21.11,42.67,15.13,56.79,21.49,45.43
1778019350,7.56,12.00,8.75,21.30,42.69,15.15,56.77,21.25,45.32
1778019352,7.56,11.50,8.50,21.41,42.73,15.11,56.73,20.91,45.25
1778019353,7.56,11.50,9.00,21.64,42.76,15.13,56.69,21.35,45.30
1778019355,7.56,11.00,8.50,21.60,42.77,15.10,56.70,21.22,45.32
1778019357,7.56,11.75,8.25,21.26,42.77,15.04,56.72,21.49,45.42
1778019358,7.56,11.50,8.75,21.37,42.79,15.15,56.74,21.14,45.36
1778019360,7.56,11.75,8.50,21.22,42.75,15.05,56.70,21.10,45.26
1778019361,7.56,11.50,8.75,21.26,42.76,15.05,56.67,21.19,45.17
1778019363,7.56,11.50,8.75,21.67,42.78,15.06,56.67,21.50,45.06
1778019365,7.50,11.50,8.75,21.63,42.76,15.21,56.70,20.99,44.93
1778019366,7.50,11.50,8.75,21.69,42.74,15.26,56.71,21.50,45.00
1778019368,7.50,11.75,9.00,21.41,42.69,15.21,56.73,21.13,44.96
1778019369,7.50,11.75,8.75,21.59,42.73,15.18,56.71,20.98,45.03
1778019371,7.50,11.75,8.75,21.73,42.75,15.17,56.72,21.16,45.12
1778019373,7.50,11.75,8.50,21.46,42.70,15.05,56.71,21.01,45.08
1778019374,7.50,11.50,8.50,21.16,42.65,15.12,56.73,21.05,45.02
1778019376,7.44,11.75,8.75,21.46,42.69,15.17,56.75,20.53,44.88
1778019378,7.50,11.50,8.75,21.35,42.63,15.09,56.76,21.02,44.97
1778019379,7.50,11.75,8.50,21.41,42.66,15.11,56.75,21.14,45.00
1778019381,7.50,11.50,8.50,21.26,42.62,15.15,56.79,20.87,44.88
1778019382,7.56,11.75,8.25,21.68,42.66,15.04,56.76,21.59,44.94
1778019384,7.50,11.75,9.00,21.47,42.61,15.06,56.77,21.23,44.87
1778019386,7.56,11.50,8.75,21.19,42.60,15.11,56.79,21.49,45.00
1778019387,7.56,11.50,8.75,21.59,42.65,15.22,56.83,21.15,45.01
1778019389,7.50,12.00,9.00,21.30,42.62,15.09,56.86,20.86,44.96
1778019390,7.50,11.75,9.00,21.64,42.69,15.22,56.91,20.81,44.97
1778019392,7.50,11.75,8.75,21.37,42.65,15.12,56.93,20.81,44.94
1778019394,7.50,11.50,8.50,21.68,42.69,15.13,56.96,21.04,44.92
1778019395,7.56,11.50,9.00,21.31,42.62,15.18,56.94,20.94,44.91
1778019397,7.50,11.25,8.75,21.46,42.64,15.26,56.94,20.81,44.87
1778019398,7.50,11.75,9.00,21.46,42.63,15.13,56.90,20.89,44.88
1778019400,7.50,11.25,8.75,21.41,42.65,15.13,56.88,20.97,44.96
1778019402,7.50,11.75,9.00,21.30,42.63,15.09,56.85,20.87,45.08
1778019403,7.56,11.00,8.50,21.41,42.66,15.13,56.85,20.94,45.22
1778019405,7.56,11.25,8.75,21.55,42.70,15.14,56.86,21.28,45.42
1778019406,7.56,11.50,9.00,21.41,42.66,15.15,56.89,21.30,45.50
1778019408,7.56,11.25,8.25,21.30,42.65,15.13,56.87,21.11,45.37
1778019410,7.56,11.50,9.00,21.46,42.70,15.12,56.84,20.87,45.33
1778019411,7.56,11.25,8.25,21.26,42.67,15.18,56.84,20.83,45.39
1778019413,7.56,11.00,9.00,21.19,42.69,15.16,56.84,20.65,45.41
1778019414,7.56,11.50,9.00,21.70,42.80,15.13,56.84,21.23,45.38
1778019416,7.50,11.50,9.00,21.25,42.74,15.16,56.83,21.52,45.44
1778019418,7.50,11.50,8.50,21.54,42.79,15.13,56.79,20.98,45.32
1778019419,7.56,11.50,8.50,21.36,42.78,15.17,56.76,20.97,45.25
1778019421,7.50,12.00,8.75,21.58,42.80,15.12,56.71,21.00,45.20
1778019422,7.50,11.50,9.00,21.62,42.80,15.10,56.66,21.21,45.19
1778019424,7.50,11.00,9.00,21.58,42.79,15.13,56.65,21.00,45.10
1778019426,7.50,11.75,8.50,21.23,42.71,15.10,56.62,21.30,45.11
1778019427,7.50,11.50,8.50,21.15,42.71,14.98,56.58,20.87,45.05
1778019429,7.50,11.75,8.75,21.12,42.72,15.06,56.59,21.01,45.15
1778019431,7.50,11.75,8.75,21.71,42.80,15.15,56.64,20.93,45.13
1778019432,7.50,11.75,9.00,21.58,42.79,14.99,56.62,21.23,45.26
1778019434,7.44,11.50,8.50,21.35,42.75,15.06,56.64,20.92,45.28
1778019435,7.44,11.75,8.75,21.50,42.79,15.08,56.64,20.88,45.27
1778019437,7.44,11.50,9.00,21.50,42.82,14.99,56.65,21.19,45.28
1778019439,7.38,11.50,9.00,21.34,42.82,15.08,56.70,20.84,45.26
1778019440,7.38,11.75,9.00,21.23,42.80,15.07,56.73,21.22,45.27
1778019442,7.38,11.50,9.25,21.34,42.84,15.06,56.77,21.55,45.26
1778019443,7.38,11.50,8.75,21.68,42.91,15.02,56.78,21.02,45.19
1778019445,7.38,11.75,8.25,21.65,42.91,15.12,56.86,20.74,45.12
1778019447,7.38,11.50,8.75,21.28,42.85,15.06,56.90,20.88,45.13
1778019448,7.38,11.75,8.50,21.34,42.86,15.13,56.97,20.98,45.22
1778019450,7.44,11.25,8.50,21.27,42.86,15.06,56.98,21.16,45.27
1778019451,7.31,11.75,8.50,21.37,42.87,15.15,56.99,20.89,45.19
1778019453,7.38,11.50,9.00,21.11,42.85,15.22,57.03,20.94,45.18
1778019455,7.38,11.50,9.00,21.11,42.86,15.20,57.04,21.54,45.36
1778019456,7.44,12.00,8.75,21.45,42.90,15.09,57.00,20.94,45.35
1778019458,7.38,11.25,8.50,21.57,42.93,15.11,57.02,20.83,45.35
1778019459,7.38,11.25,8.50,21.39,42.91,14.98,57.01,20.95,45.47
1778019461,7.38,11.75,8.75,21.17,42.86,15.13,57.03,21.16,45.57
1778019463,7.38,11.50,9.00,21.41,42.88,15.11,57.03,20.85,45.46
1778019464,7.38,11.75,8.50,21.56,42.90,15.16,57.07,20.86,45.49
1778019466,7.38,11.50,8.75,21.41,42.91,15.23,57.11,20.66,45.56
1778019467,7.38,11.75,9.00,21.52,42.93,15.12,57.10,20.90,45.68
1778019469,7.38,11.50,8.50,21.53,42.92,15.11,57.09,20.76,45.64
1778019471,7.38,11.75,9.00,21.23,42.85,15.22,57.11,20.80,45.61
1778019472,7.38,11.50,8.75,21.31,42.85,15.13,57.10,21.06,45.61
1778019474,7.38,11.50,9.00,21.15,42.83,15.15,57.11,21.24,45.61
1778019475,7.44,11.75,8.75,21.27,42.85,15.19,57.13,20.94,45.51
1778019477,7.38,10.75,8.50,21.62,42.88,15.22,57.12,21.21,45.46
1778019479,7.38,11.75,8.50,21.34,42.80,15.19,57.09,20.87,45.32
1778019480,7.44,11.50,8.75,21.26,42.79,15.15,57.07,20.80,45.33
1778019482,7.44,12.00,8.50,21.37,42.83,15.15,57.02,20.97,45.52
1778019484,7.44,11.50,8.75,21.23,42.87,15.09,56.99,20.84,45.67
1778019485,7.50,11.75,9.00,21.18,42.94,15.10,57.00,20.90,45.90
1778019487,7.50,11.75,9.00,21.21,43.00,15.16,57.02,20.91,46.00
1778019488,7.50,12.00,9.25,21.13,43.05,15.13,57.02,20.99,46.06
1778019490,7.50,12.00,9.25,21.26,43.12,15.15,57.04,20.96,46.05
1778019492,7.50,11.50,8.75,21.55,43.15,15.15,57.04,20.91,45.98
1778019493,7.56,11.75,8.50,21.30,43.11,15.19,57.06,21.38,45.99
1778019495,7.50,11.25,9.00,21.20,43.10,15.11,57.02,21.19,45.91
1778019496,7.50,11.75,9.00,21.31,43.09,15.12,56.99,21.05,45.74
1778019498,7.50,12.00,8.75,21.26,43.04,15.11,56.98,20.98,45.56
1778019500,7.50,11.50,8.75,21.63,43.07,15.12,56.96,20.80,45.40
1778019501,7.50,11.50,9.00,21.46,43.01,15.17,56.99,20.73,45.26
1778019503,7.44,11.50,8.50,21.41,42.98,15.12,56.97,21.05,45.22
1778019504,7.38,11.50,9.00,21.41,42.95,15.19,56.96,21.12,45.22
1778019506,7.38,11.75,8.50,21.26,42.91,15.19,56.95,20.65,45.18
1778019508,7.38,11.75,8.00,21.55,42.92,15.05,56.91,20.62,45.22
1778019509,7.38,11.50,8.75,21.30,42.89,15.09,56.89,20.76,45.30
1778019511,7.38,11.25,8.50,21.20,42.87,15.09,56.89,20.89,45.34
1778019512,7.38,11.50,8.75,21.52,42.91,15.08,56.91,21.24,45.38
1778019514,7.38,12.00,8.75,21.21,42.87,15.13,56.91,20.80,45.39
1778019516,7.44,11.75,9.00,21.37,42.94,15.11,56.93,20.70,45.54
1778019517,7.44,11.50,8.75,21.41,42.99,15.17,56.99,20.86,45.74
1778019519,7.50,11.75,8.50,21.58,43.05,15.15,57.04,20.99,45.88
1778019520,7.44,11.75,9.00,21.44,43.02,15.08,57.06,20.95,45.99
1778019522,7.44,12.00,9.25,21.34,43.01,15.19,57.12,20.92,46.02
1778019524,7.50,11.75,9.00,21.17,42.96,15.22,57.17,20.74,45.91
1778019525,7.50,12.00,9.25,21.05,42.91,15.22,57.20,20.87,45.85
1778019527,7.50,11.75,9.00,21.27,42.93,15.34,57.25,20.66,45.70
1778019528,7.56,11.75,8.75,21.15,42.92,15.19,57.24,20.89,45.60
1778019530,7.56,11.75,9.00,21.40,42.98,15.26,57.23,20.42,45.45
1778019532,7.56,11.75,9.00,21.05,42.98,15.18,57.21,20.66,45.39
1778019533,7.56,11.75,8.50,21.05,42.98,15.23,57.21,20.81,45.36
1778019535,7.56,11.50,8.75,21.41,43.01,15.30,57.19,20.91,45.38
1778019537,7.56,11.75,8.75,21.48,43.00,15.17,57.12,21.09,45.34
1778019538,7.56,11.50,8.75,21.07,42.94,15.22,57.08,21.47,45.33
1778019540,7.56,12.00,8.75,21.21,42.95,15.09,57.04,20.89,45.21
1778019541,7.56,11.75,9.00,21.48,42.99,15.10,57.01,20.32,45.14
1778019543,7.56,11.75,9.00,21.16,42.95,15.09,56.98,20.48,45.17
1778019545,7.56,11.50,8.75,21.51,43.00,15.21,56.98,21.26,45.28
1778019546,7.50,11.75,8.75,21.26,42.94,15.15,56.95,21.45,45.44
1778019548,7.56,11.75,9.00,21.43,42.95,15.12,56.97,20.96,45.50
1778019549,7.56,12.00,8.50,21.44,42.95,15.17,56.98,20.69,45.61
1778019551,7.56,11.75,8.75,21.28,42.91,15.15,56.94,21.05,45.80
1778019553,7.56,11.50,8.50,21.29,42.91,15.11,56.90,21.13,45.87
1778019554,7.50,11.75,8.25,21.30,42.91,15.13,56.85,20.62,45.83
1778019556,7.50,11.25,9.00,21.15,42.89,15.13,56.83,21.04,45.84
1778019557,7.50,11.75,9.00,21.05,42.87,15.05,56.81,21.18,45.76
1778019559,7.50,11.75,8.50,21.41,42.92,15.13,56.82,20.59,45.58
1778019561,7.50,11.75,8.50,21.17,42.89,15.12,56.83,21.15,45.61
1778019562,7.50,11.50,9.00,21.32,42.93,15.06,56.83,20.66,45.49
1778019564,7.50,11.25,9.00,21.29,42.92,15.17,56.87,20.66,45.49
1778019565,7.50,11.50,8.75,21.09,42.87,15.15,56.87,21.05,45.57
1778019567,7.50,11.75,8.75,21.16,42.87,15.11,56.89,20.74,45.52
1778019569,7.50,12.00,9.00,21.30,42.90,15.23,56.92,20.66,45.50
1778019570,7.50,11.25,9.00,21.20,42.91,15.22,56.92,20.57,45.52
1778019572,7.50,11.50,9.00,21.49,43.00,15.15,56.94,20.86,45.67
1778019573,7.56,12.00,8.75,21.37,43.03,15.15,56.94,20.79,45.86
1778019575,7.63,11.50,9.00,21.48,43.08,15.15,56.96,20.98,46.08
1778019577,7.56,11.75,9.00,21.15,43.05,15.22,57.01,20.37,46.15
1778019578,7.56,12.00,9.00,21.13,43.07,15.13,57.02,20.79,46.32
1778019580,7.56,11.50,8.75,21.49,43.11,15.22,57.06,20.33,46.27
1778019581,7.63,11.25,8.50,21.41,43.07,15.23,57.08,20.34,46.13
1778019583,7.69,11.75,9.00,21.32,43.05,15.16,57.09,20.59,45.98
1778019585,7.69,11.50,9.00,21.42,43.07,15.19,57.09,20.84,45.88
1778019586,7.63,12.00,9.25,21.35,43.07,15.26,57.10,20.73,45.90
1778019588,7.63,12.00,9.00,21.48,43.12,15.15,57.09,20.65,45.84
1778019590,7.63,12.00,8.75,21.00,43.04,15.11,57.07,20.22,45.66
1778019591,7.56,11.75,9.00,21.13,43.03,15.15,57.08,20.62,45.62
1778019593,7.63,11.75,9.25,21.42,43.06,15.14,57.09,20.64,45.55
1778019594,7.63,11.00,8.25,21.36,43.04,15.21,57.10,20.96,45.64
1778019596,7.63,11.75,9.00,21.15,42.99,15.15,57.07,21.45,45.80
1778019598,7.63,11.75,8.50,20.98,42.95,15.11,57.04,20.75,45.72
1778019599,7.69,11.50,8.75,20.98,42.96,15.22,57.04,20.51,45.75
1778019601,7.69,12.00,8.75,21.24,43.03,15.28,57.04,20.16,45.78
1778019602,7.63,11.75,8.75,21.34,43.03,15.17,57.00,20.72,45.84
1778019604,7.69,11.25,9.00,21.02,43.00,15.07,56.97,20.80,45.79
1778019606,7.63,11.75,9.00,21.22,43.03,15.14,56.98,20.59,45.71
1778019607,7.63,12.00,8.75,21.20,43.08,15.20,56.95,20.57,45.76
1778019609,7.63,11.75,8.75,21.08,43.09,15.08,56.92,20.36,45.76
1778019610,7.63,11.50,8.75,21.13,43.09,15.11,56.92,20.69,45.79
1778019612,7.63,11.50,8.50,21.47,43.13,15.20,56.95,21.01,45.90
1778019614,7.63,11.25,9.00,21.16,43.08,15.23,56.96,20.85,45.99
1778019615,7.63,11.75,9.00,21.63,43.12,15.05,56.92,20.73,45.97
1778019617,7.63,11.50,8.50,21.13,43.03,15.10,56.90,20.62,45.91
1778019618,7.63,11.25,8.50,21.14,43.02,15.19,56.91,21.34,45.92
1778019620,7.63,11.75,8.50,21.28,43.07,15.13,56.86,20.73,45.90
1778019622,7.63,12.00,8.50,20.99,43.09,15.09,56.87,20.70,46.09
1778019623,7.63,11.75,8.75,21.39,43.19,15.10,56.89,21.05,46.35
1778019625,7.63,11.25,8.75,21.00,43.18,15.26,56.92,20.82,46.39
1778019626,7.69,11.75,9.00,21.40,43.24,15.13,56.91,20.58,46.22
1778019628,7.63,11.75,9.00,21.01,43.16,15.14,56.91,20.48,46.12
1778019630,7.63,12.00,9.00,21.13,43.17,15.13,56.90,21.11,46.09
1778019631,7.63,11.50,9.00,21.25,43.19,15.11,56.87,20.94,45.94
1778019633,7.69,11.50,9.00,21.09,43.20,15.16,56.87,21.37,45.95
1778019635,7.69,12.00,8.75,21.46,43.29,15.11,56.85,21.05,45.88
1778019636,7.63,12.00,8.75,21.42,43.33,15.13,56.84,20.83,45.88
1778019638,7.63,12.00,8.50,21.33,43.37,15.10,56.81,20.55,45.95
1778019639,7.63,11.75,9.00,21.67,43.45,15.09,56.79,21.05,46.11
1778019641,7.63,11.25,9.25,21.02,43.36,15.19,56.79,20.79,46.08
1778019643,7.56,12.00,9.00,21.17,43.36,15.11,56.75,20.37,46.03
1778019644,7.63,11.75,8.75,21.30,43.38,15.11,56.72,20.66,46.12
1778019646,7.56,11.75,8.75,21.41,43.37,15.08,56.75,21.05,46.16
1778019647,7.63,11.75,8.50,21.04,43.30,15.09,56.74,20.66,46.10
1778019649,7.63,12.00,9.25,21.04,43.28,15.11,56.74,20.54,46.10
1778019651,7.63,12.00,8.50,21.37,43.36,15.10,56.74,20.85,46.18
1778019652,7.69,12.00,8.75,21.28,43.33,15.12,56.73,20.73,46.09
1778019654,7.63,12.00,9.00,21.39,43.30,15.28,56.75,20.58,45.98
1778019655,7.63,11.25,9.00,20.98,43.19,15.10,56.71,20.91,45.89
1778019657,7.56,11.75,8.50,21.16,43.17,15.28,56.74,20.70,45.78
1778019659,7.69,11.75,8.75,21.34,43.17,15.12,56.70,21.23,45.86
1778019660,7.69,12.00,9.00,21.25,43.15,15.29,56.75,20.67,45.86
1778019662,7.63,12.00,9.25,21.11,43.11,15.09,56.70,20.69,45.98
1778019663,7.75,11.75,9.25,21.19,43.15,15.20,56.73,21.02,46.19
1778019665,7.69,12.00,8.75,21.57,43.21,15.20,56.72,20.80,46.21
1778019667,7.75,11.75,9.00,21.44,43.17,15.26,56.77,21.09,46.25
1778019668,7.75,11.75,9.00,21.09,43.12,15.13,56.77,21.13,46.20
1778019670,7.75,11.75,9.00,21.06,43.12,15.25,56.76,21.73,46.19
1778019671,7.69,12.00,8.75,21.43,43.18,15.07,56.71,20.51,45.97
1778019673,7.75,12.00,8.50,20.96,43.08,15.23,56.73,20.89,46.01
1778019675,7.75,11.75,8.75,21.34,43.14,15.04,56.68,20.95,45.92
1778019676,7.69,12.25,8.75,21.22,43.13,15.32,56.73,20.51,45.75
1778019678,7.69,12.00,9.00,21.07,43.10,15.23,56.72,20.76,45.78
1778019679,7.69,11.75,8.50,20.91,43.08,15.21,56.75,20.83,45.85
1778019681,7.75,12.00,8.25,21.44,43.19,15.20,56.74,20.66,45.91
1778019683,7.69,11.50,9.00,21.45,43.22,15.10,56.73,21.14,45.92
1778019684,7.69,11.75,9.00,21.06,43.12,15.13,56.73,20.84,45.77
1778019686,7.69,11.25,9.00,21.44,43.17,15.09,56.71,20.63,45.64
1778019688,7.69,11.50,9.00,20.87,43.07,15.18,56.68,20.62,45.56
1778019689,7.63,11.75,9.25,21.42,43.16,15.17,56.62,20.98,45.52
1778019691,7.63,11.75,9.00,21.06,43.11,15.36,56.64,21.41,45.50
1778019692,7.69,11.50,8.75,20.83,43.09,15.21,56.60,21.03,45.40
1778019694,7.63,11.25,8.75,20.94,43.08,15.09,56.56,20.71,45.31
1778019696,7.63,11.75,8.75,20.91,43.05,15.11,56.52,20.85,45.34
1778019697,7.56,11.50,9.00,21.33,43.14,15.09,56.51,20.83,45.46
1778019699,7.63,11.75,9.00,20.97,43.10,15.11,56.55,20.33,45.46
1778019700,7.63,11.50,8.75,21.58,43.19,15.13,56.58,20.59,45.52
1778019702,7.63,11.50,8.50,21.00,43.07,15.09,56.59,20.42,45.47
1778019704,7.63,12.00,9.00,21.36,43.11,15.20,56.64,20.63,45.51
1778019705,7.56,11.50,9.00,21.09,43.07,15.05,56.62,20.61,45.47
1778019707,7.56,12.00,9.00,20.98,43.05,15.05,56.63,21.09,45.50
1778019708,7.63,11.50,9.00,20.91,43.03,15.03,56.64,20.72,45.42
1778019710,7.63,11.75,8.75,21.44,43.09,15.13,56.67,20.62,45.32
1778019712,7.63,12.00,8.50,21.08,43.04,15.13,56.68,21.15,45.33
1778019713,7.63,11.50,8.75,21.01,43.01,15.04,56.70,21.10,45.27
1778019715,7.63,11.25,8.75,21.30,43.05,15.15,56.73,20.87,45.20
1778019716,7.63,12.00,9.00,21.44,43.07,15.06,56.71,21.10,45.25
1778019718,7.63,11.25,8.00,21.13,43.03,14.97,56.70,20.76,45.25
1778019720,7.63,11.75,8.50,21.32,43.07,15.13,56.70,21.63,45.44
1778019721,7.56,11.50,8.75,21.05,43.04,15.00,56.66,20.65,45.32
1778019723,7.56,11.75,8.75,20.95,43.02,15.09,56.67,20.54,45.29
1778019724,7.56,11.50,8.50,21.19,43.06,15.18,56.69,20.60,45.34
1778019726,7.56,11.00,8.75,21.45,43.12,14.96,56.68,21.00,45.46
1778019728,7.56,11.25,8.50,21.41,43.13,15.06,56.67,20.62,45.42
1778019729,7.56,11.75,8.75,21.08,43.09,15.02,56.65,21.23,45.55
1778019731,7.56,11.50,8.75,21.02,43.12,14.98,56.65,20.70,45.55
1778019732,7.63,11.25,8.75,21.09,43.15,14.99,56.65,20.72,45.70
1778019734,7.63,11.75,8.50,20.91,43.12,15.00,56.68,20.91,45.90
1778019736,7.63,11.75,8.50,21.12,43.17,15.00,56.70,20.85,46.06
1778019737,7.75,11.25,9.00,21.00,43.20,15.02,56.70,21.09,46.26
1778019739,7.75,11.25,9.00,21.02,43.25,14.94,56.69,20.80,46.34
1778019741,7.81,11.50,8.75,21.19,43.32,15.00,56.70,20.59,46.45
1778019742,7.88,1.75,8.75,20.84,43.31,15.15,56.78,20.75,46.65
1778019744,7.88,11.25,9.25,20.93,43.34,14.98,56.79,21.03,46.82
1778019745,7.94,11.50,9.25,20.94,43.32,15.06,56.84,20.94,46.87
1778019747,7.94,11.50,9.00,21.00,43.34,15.13,56.87,20.94,46.95
1778019749,7.94,11.25,9.25,21.12,43.36,15.12,56.90,21.12,47.06
1778019750,8.00,11.25,8.75,20.93,43.35,15.12,56.95,20.63,47.02
1778019752,8.00,11.75,9.00,20.98,43.37,15.13,56.97,20.95,47.01
1778019753,8.00,11.75,9.00,20.88,43.36,15.21,57.02,20.76,46.95
1778019755,8.00,11.25,9.25,21.03,43.40,15.11,57.01,20.50,46.78
1778019757,8.06,11.25,9.25,20.89,43.39,15.15,57.05,21.67,46.87
1778019758,8.00,11.50,8.75,20.96,43.40,15.15,57.09,21.14,46.80
1778019760,8.00,11.75,9.00,20.95,43.41,15.11,57.14,21.44,46.74
1778019761,7.94,11.75,9.25,21.27,43.48,15.08,57.13,21.06,46.49
1778019763,7.94,11.50,8.75,20.79,43.47,15.28,57.16,20.70,46.24
1778019765,7.88,11.50,9.00,21.21,43.56,15.17,57.16,20.86,46.07
1778019766,7.81,12.00,9.00,20.96,43.49,15.02,57.13,21.07,45.99
1778019768,7.81,11.50,9.00,21.09,43.48,15.11,57.15,21.50,45.90
1778019769,7.81,11.75,9.25,21.16,43.50,15.07,57.15,20.78,45.63
1778019771,7.81,11.50,9.25,21.08,43.47,15.11,57.13,20.75,45.51
1778019773,7.75,12.25,9.00,21.30,43.50,15.20,57.15,21.13,45.50
1778019774,7.75,11.50,9.00,21.25,43.43,15.19,57.13,20.71,45.47
1778019776,7.75,11.50,9.00,21.02,43.35,15.06,57.10,20.42,45.52
1778019777,7.69,11.75,9.25,21.11,43.32,15.04,57.04,20.66,45.65
1778019779,7.69,11.75,9.25,20.80,43.22,15.19,57.05,20.94,45.70
1778019781,7.69,11.75,9.00,21.19,43.28,15.05,56.99,20.75,45.69
1778019782,7.69,12.00,8.50,21.34,43.27,15.06,56.99,20.59,45.78
1778019784,7.69,11.50,9.00,21.03,43.24,15.07,57.00,21.19,46.03
1778019785,7.69,11.75,9.25,21.17,43.24,15.09,56.99,20.44,45.98
1778019787,7.63,11.75,8.75,20.94,43.21,15.10,56.99,20.72,46.01
1778019789,7.63,11.75,8.75,20.93,43.21,15.11,57.01,20.78,45.95
1778019790,7.63,11.75,9.00,20.79,43.18,14.97,57.00,20.87,45.92
1778019792,7.63,12.00,9.25,21.31,43.23,15.05,57.02,21.10,45.95
1778019794,7.63,11.25,9.00,21.28,43.21,15.15,57.06,20.98,45.86
1778019795,7.56,11.50,8.50,20.89,43.12,15.06,57.04,20.96,45.84
1778019797,7.56,11.50,9.00,21.44,43.21,15.04,57.06,20.74,45.71
1778019798,7.56,11.50,9.00,20.81,43.16,15.02,57.07,20.75,45.66
1778019800,7.56,11.75,8.75,21.30,43.25,15.05,57.08,20.84,45.68
1778019802,7.56,11.50,9.00,21.17,43.24,14.95,57.08,21.20,45.74
1778019803,7.56,11.50,8.75,21.26,43.26,15.08,57.12,20.83,45.68
1778019805,7.56,11.50,9.25,21.35,43.26,15.05,57.15,21.15,45.69
1778019806,7.56,11.75,9.00,20.93,43.16,15.01,57.15,20.59,45.55
1778019808,7.56,11.25,9.00,21.08,43.16,15.00,57.16,20.45,45.46
1778019810,7.50,11.50,8.25,21.14,43.16,14.93,57.15,20.94,45.53
1778019811,7.56,11.50,8.50,21.15,43.16,14.96,57.15,21.22,45.64
1778019813,7.56,11.50,9.00,21.22,43.17,14.98,57.13,20.94,45.68
1778019814,7.56,11.50,8.50,21.43,43.19,14.91,57.12,20.83,45.74
1778019816,7.50,11.50,8.50,21.26,43.16,14.98,57.13,21.07,45.86
1778019818,7.50,11.50,8.50,20.94,43.12,14.87,57.14,21.42,45.98
1778019819,7.50,11.50,8.50,21.27,43.16,14.93,57.17,20.72,45.81
1778019821,7.44,11.50,8.75,20.98,43.09,15.06,57.23,20.69,45.75
1778019822,7.44,11.50,9.00,21.26,43.12,15.01,57.27,20.62,45.69
1778019824,7.44,11.25,8.75,21.07,43.09,14.91,57.24,21.21,45.68
1778019826,7.44,10.50,8.50,21.39,43.11,14.99,57.23,20.44,45.46
1778019827,7.38,11.25,8.50,21.33,43.11,14.96,57.22,20.76,45.44
1778019829,7.38,11.25,8.75,21.08,43.05,14.88,57.18,20.63,45.49
1778019830,7.38,10.75,9.00,21.21,43.04,14.91,57.18,20.50,45.50
1778019832,7.38,11.25,9.00,21.32,43.06,14.94,57.16,20.62,45.49
1778019834,7.50,11.50,9.00,21.18,43.04,14.97,57.16,21.57,45.68
1778019835,7.56,10.50,8.75,21.11,43.04,15.11,57.19,21.32,45.84
1778019837,7.63,11.00,8.75,20.96,43.03,15.04,57.22,21.21,46.08
1778019838,7.69,10.50,8.50,20.83,43.04,15.17,57.28,20.65,46.23
1778019840,7.75,11.00,9.00,21.34,43.13,15.05,57.27,20.65,46.42
1778019842,7.75,10.75,9.00,21.06,43.10,15.13,57.30,21.21,46.63
1778019843,7.75,10.50,8.75,20.83,43.10,15.07,57.29,20.75,46.59
1778019845,7.75,10.75,9.00,21.44,43.23,15.09,57.27,20.80,46.58
1778019847,7.69,10.00,8.50,20.84,43.15,14.98,57.25,20.59,46.49
1778019848,7.63,0.00,7.50,21.32,43.24,15.06,57.25,21.14,46.41
1778019850,7.63,0.00,7.00,21.06,43.28,14.95,57.26,20.87,46.20
1778019851,7.56,7.50,8.75,21.43,43.38,14.91,57.26,21.02,46.19
1778019853,7.56,6.00,8.25,20.80,43.28,14.93,57.29,20.76,46.11
1778019855,7.56,7.00,8.50,21.13,43.31,14.87,57.27,20.59,46.03
1778019856,7.50,6.25,8.50,21.13,43.28,14.90,57.27,20.78,45.97
1778019858,7.50,6.50,7.75,21.09,43.24,14.89,57.27,21.14,45.91
1778019859,7.50,6.25,7.75,21.19,43.21,14.91,57.26,21.27,45.82
1778019861,7.50,9.00,8.75,20.87,43.09,14.95,57.25,20.77,45.77
1778019863,7.44,8.25,8.25,21.39,43.15,15.00,57.29,21.11,45.88
1778019864,7.44,7.25,8.00,21.09,43.06,14.97,57.27,20.56,45.85
1778019866,7.38,8.75,8.50,21.19,43.03,14.87,57.22,20.32,45.88
1778019867,7.44,6.00,8.25,20.87,42.98,14.87,57.20,20.91,46.03
1778019869,7.44,6.00,8.00,21.05,43.02,15.03,57.25,21.08,46.10
1778019871,7.38,0.00,7.00,21.17,43.00,14.94,57.20,20.70,46.07
1778019872,7.38,0.00,8.00,20.97,42.96,15.06,57.22,20.50,46.04
1778019874,7.38,6.00,8.25,21.08,42.97,14.93,57.18,20.58,45.96
1778019875,7.38,7.75,8.50,21.07,42.99,15.06,57.21,20.85,45.84
1778019877,7.38,6.75,8.50,20.99,43.01,14.95,57.19,21.44,45.82
1778019879,7.38,6.75,8.00,20.95,43.02,15.00,57.19,20.66,45.64
1778019880,7.38,0.00,7.25,21.37,43.07,15.03,57.19,20.67,45.57
1778019882,7.38,7.75,8.50,21.19,43.05,14.99,57.19,21.05,45.55
1778019883,7.38,7.50,7.75,21.21,43.08,15.05,57.16,21.05,45.51
1778019885,7.38,7.00,8.50,20.94,43.06,15.13,57.14,20.89,45.51
1778019887,7.31,8.25,8.50,21.13,43.09,15.02,57.08,21.02,45.49
1778019888,7.31,5.75,8.50,21.06,43.09,15.08,57.07,20.53,45.41
1778019890,7.38,7.25,8.50,20.93,43.05,15.03,57.08,21.16,45.61
1778019891,7.38,6.75,8.00,20.86,43.00,14.97,57.06,20.51,45.60
1778019893,7.38,6.50,8.00,21.26,43.06,15.09,57.05,20.48,45.58
1778019895,7.31,2.75,8.25,21.39,43.07,15.02,57.03,20.64,45.65
1778019896,7.31,0.00,5.75,20.97,43.04,15.02,57.03,20.66,45.65
1778019898,7.38,0.00,6.25,21.49,43.15,14.91,57.00,21.03,45.77
1778019899,7.38,7.25,8.00,20.88,43.07,14.95,57.03,20.62,45.80
1778019901,7.38,7.50,8.75,20.92,43.09,14.96,57.07,21.11,45.96
1778019903,7.38,9.25,8.75,20.94,43.09,14.95,57.11,20.72,45.96
1778019904,7.38,8.75,8.75,20.98,43.09,14.94,57.16,20.58,46.01
1778019906,7.38,8.25,8.75,21.37,43.16,14.92,57.21,20.69,46.07
1778019908,7.31,3.25,8.25,21.14,43.11,14.98,57.26,21.07,46.10
1778019909,7.38,3.50,8.00,21.02,43.09,14.94,57.27,20.61,45.99
1778019911,7.38,0.00,6.25,21.05,43.10,14.91,57.24,20.70,45.94
1778019912,7.38,0.00,7.50,21.29,43.16,14.89,57.25,20.65,45.86
1778019914,7.38,8.25,8.75,21.15,43.12,14.89,57.28,21.04,45.90
1778019916,7.38,8.75,8.75,20.96,43.09,15.04,57.33,20.58,45.75
1778019917,7.38,7.50,8.25,21.33,43.17,14.86,57.29,21.02,45.77
1778019919,7.38,7.75,8.50,20.94,43.14,15.02,57.33,20.85,45.80
1778019920,7.38,8.75,8.75,21.32,43.21,14.98,57.33,21.10,45.83
1778019922,7.31,9.00,8.50,21.11,43.18,15.00,57.34,20.63,45.68
1778019924,7.31,8.50,8.25,21.06,43.15,15.05,57.39,20.48,45.57
1778019925,7.38,8.75,8.50,21.26,43.15,15.00,57.38,20.95,45.56
1778019927,7.31,8.50,8.25,20.97,43.12,15.02,57.39,21.07,45.52
1778019928,7.31,8.25,8.75,21.11,43.14,15.10,57.36,20.66,45.42
1778019930,7.31,6.25,8.50,21.12,43.14,15.19,57.34,20.80,45.41
1778019932,7.38,6.50,8.75,21.22,43.18,15.04,57.27,21.15,45.44
1778019933,7.31,7.25,8.25,20.93,43.13,15.09,57.25,21.19,45.40
1778019935,7.38,8.75,8.75,21.17,43.17,15.07,57.25,20.61,45.30
1778019936,7.38,7.50,8.75,21.01,43.16,15.20,57.27,20.75,45.41
1778019938,7.50,8.75,9.00,20.99,43.22,15.01,57.21,21.15,45.72
1778019940,7.56,11.50,9.00,21.02,43.32,14.99,57.20,21.37,46.02
1778019941,7.56,11.75,9.25,21.12,43.38,15.10,57.26,20.84,46.16
1778019943,7.69,11.50,8.75,20.93,43.40,15.19,57.27,20.99,46.40
1778019944,7.69,11.50,9.00,20.87,43.45,15.09,57.27,20.57,46.52
1778019946,7.69,11.50,9.00,21.05,43.54,15.11,57.25,20.94,46.70
1778019948,7.75,11.75,9.00,20.93,43.56,15.09,57.24,20.33,46.68
1778019949,7.69,11.75,8.50,20.98,43.61,15.15,57.21,20.65,46.67
1778019951,7.63,11.50,9.00,20.94,43.59,15.14,57.19,20.58,46.50
1778019952,7.56,11.50,8.75,21.18,43.58,15.23,57.18,20.75,46.40
1778019954,7.50,11.00,8.75,21.01,43.47,15.17,57.14,20.70,46.19
1778019956,7.50,11.50,8.75,20.94,43.41,15.09,57.12,20.74,46.03
1778019957,7.44,11.50,8.75,21.19,43.40,15.22,57.07,21.03,46.06
1778019959,7.44,11.00,8.75,21.07,43.34,15.06,57.00,21.04,46.06
1778019960,7.44,11.00,8.75,21.02,43.29,15.13,56.95,20.87,46.06
1778019962,7.44,11.50,8.50,20.97,43.28,15.08,56.88,20.64,46.07
1778019964,7.38,11.50,8.75,21.18,43.33,15.12,56.83,21.31,46.18
1778019965,7.38,11.50,8.75,21.20,43.36,15.13,56.77,21.26,46.19
1778019967,7.31,11.50,8.75,21.14,43.33,15.21,56.75,20.87,46.18
1778019969,7.38,11.50,9.00,20.96,43.29,15.13,56.70,21.07,46.14
1778019970,7.31,11.00,8.50,21.17,43.29,15.21,56.70,21.28,46.15
1778019972,7.31,11.50,8.50,21.02,43.27,15.06,56.61,21.01,46.01
1778019973,7.31,11.50,8.25,21.07,43.25,15.08,56.59,20.92,45.91
1778019975,7.31,11.25,8.50,21.16,43.29,15.05,56.56,21.09,45.83
1778019977,7.31,11.00,9.00,20.98,43.27,15.19,56.57,20.92,45.83
1778019978,7.31,11.25,8.50,21.02,43.28,14.94,56.53,20.86,45.84
1778019980,7.31,11.00,8.75,20.96,43.29,15.09,56.58,21.37,45.99
1778019981,7.31,11.00,8.75,21.00,43.32,15.10,56.58,21.05,46.06
1778019983,7.31,11.50,8.75,21.17,43.35,15.04,56.62,20.85,46.03
1778019985,7.38,11.25,9.00,21.20,43.35,15.19,56.70,20.94,46.05
1778019986,7.31,11.25,8.75,21.11,43.33,15.05,56.70,20.57,45.96
1778019988,7.38,11.50,8.75,21.08,43.33,14.95,56.73,20.79,46.01
1778019989,7.38,11.50,8.00,21.02,43.30,15.09,56.78,20.65,45.94
1778019991,7.38,11.50,8.75,21.07,43.29,15.01,56.79,20.54,45.84
1778019993,7.38,11.50,8.75,20.94,43.28,15.02,56.81,20.90,45.88
1778019994,7.38,11.75,8.50,21.02,43.30,15.03,56.82,20.66,45.83
1778019996,7.31,11.00,8.75,21.13,43.33,15.06,56.86,20.70,45.86
1778019997,7.38,11.50,9.00,21.02,43.34,15.14,56.88,20.77,45.91
1778019999,7.38,11.25,8.75,21.07,43.37,15.03,56.89,21.09,45.96
1778020001,7.31,11.25,8.75,21.10,43.38,15.09,56.92,20.66,45.95
1778020002,7.38,11.25,8.25,21.02,43.34,15.09,56.92,20.76,46.01
1778020004,7.31,11.25,8.50,21.27,43.36,15.05,56.93,20.61,45.91
1778020005,7.31,11.50,8.75,20.95,43.29,15.13,56.91,21.02,45.96
1778020007,7.38,11.75,8.75,21.15,43.31,15.02,56.87,20.87,45.88
1778020009,7.31,11.75,9.00,21.07,43.32,15.09,56.87,21.06,45.92
1778020010,7.38,11.50,8.75,21.02,43.33,15.07,56.86,21.25,45.97
1778020012,7.38,11.50,8.75,21.06,43.37,15.04,56.83,20.66,45.98
1778020013,7.31,11.50,8.50,20.98,43.38,15.06,56.83,20.62,46.04
1778020015,7.31,11.50,9.00,20.98,43.39,15.03,56.81,20.83,46.07
1778020017,7.31,11.50,9.00,20.95,43.40,15.02,56.80,21.08,46.06
1778020018,7.25,11.00,8.25,20.81,43.38,15.00,56.80,20.99,45.97
1778020020,7.31,11.25,8.75,20.91,43.39,15.04,56.79,20.27,45.80
1778020022,7.31,10.75,8.50,20.98,43.42,14.97,56.77,20.87,45.95
1778020023,7.31,11.50,8.50,21.04,43.43,14.94,56.78,20.57,45.92
1778020025,7.25,11.50,8.75,21.06,43.44,14.99,56.85,20.51,45.98
1778020026,7.25,11.50,8.75,20.94,43.41,15.03,56.87,20.90,46.02
1778020028,7.25,11.50,8.75,20.95,43.40,15.05,56.89,20.94,45.97
1778020030,7.25,11.50,8.75,20.99,43.41,15.07,56.92,20.76,45.90
1778020031,7.25,11.50,8.50,21.02,43.40,15.03,56.92,20.81,45.85
1778020033,7.25,11.50,8.50,21.00,43.37,15.06,56.94,20.29,45.69
1778020034,7.31,11.25,8.50,20.98,43.35,15.06,56.94,20.78,45.70
1778020036,7.31,11.00,8.75,21.00,43.34,15.12,56.94,20.38,45.55
1778020038,7.25,10.75,9.00,20.93,43.31,15.15,56.99,20.84,45.55
1778020039,7.31,11.50,8.50,21.13,43.30,15.14,56.97,20.60,45.51
1778020041,7.31,11.25,8.50,21.03,43.28,15.06,56.94,20.65,45.56
1778020042,7.25,11.50,8.50,20.99,43.28,15.06,56.93,20.41,45.56
1778020044,7.31,10.75,9.00,20.93,43.29,15.03,56.93,20.98,45.65
1778020046,7.31,11.50,9.00,20.92,43.31,15.14,56.93,20.51,45.58
1778020047,7.31,11.25,8.75,20.98,43.32,15.09,56.93,20.86,45.68
1778020049,7.31,11.50,8.75,20.99,43.34,15.02,56.91,20.73,45.65
1778020050,7.25,11.25,8.75,21.02,43.39,15.14,56.91,20.71,45.71
1778020052,7.25,11.00,8.75,20.97,43.41,15.05,56.84,20.82,45.87
1778020054,7.25,11.00,8.75,20.92,43.41,15.02,56.84,20.39,45.89
1778020055,7.31,11.00,8.50,20.93,43.44,15.12,56.82,20.70,45.96
1778020057,7.31,11.00,8.75,20.97,43.50,15.09,56.80,20.16,46.00
1778020058,7.31,11.25,8.25,20.92,43.49,15.04,56.80,20.41,46.12
1778020060,7.31,11.50,8.75,20.86,43.47,15.11,56.81,20.42,46.09
1778020062,7.38,11.50,8.25,21.27,43.50,15.06,56.79,20.50,46.16
1778020063,7.38,11.00,8.50,20.98,43.45,15.04,56.77,20.47,46.20
1778020065,7.38,11.50,8.75,21.03,43.47,15.05,56.78,20.66,46.31
1778020066,7.38,10.75,8.50,20.70,43.39,15.09,56.78,20.48,46.40
1778020068,7.38,11.50,8.75,21.10,43.44,15.10,56.75,20.48,46.53
1778020070,7.38,10.75,8.75,20.96,43.40,15.18,56.75,20.52,46.59
1778020071,7.38,11.00,8.75,20.94,43.42,15.17,56.75,20.83,46.63
1778020073,7.38,11.25,8.75,20.88,43.39,15.17,56.73,20.45,46.47
1778020075,7.38,11.00,9.00,21.26,43.47,15.20,56.72,20.20,46.28
1778020076,7.38,11.25,8.50,21.01,43.43,15.06,56.70,20.20,46.18
1778020078,7.38,11.75,8.75,20.88,43.46,15.04,56.68,20.50,46.23
1778020079,7.38,11.25,8.50,20.94,43.49,15.19,56.66,20.36,46.30
1778020081,7.31,11.50,8.50,21.08,43.57,15.00,56.61,20.48,46.44
1778020083,7.38,11.00,8.50,21.15,43.62,14.98,56.62,20.76,46.52
1778020084,7.38,11.50,8.75,20.94,43.61,14.98,56.63,20.48,46.43
1778020086,7.38,11.50,8.75,20.83,43.60,15.04,56.67,20.70,46.37
1778020087,7.38,11.25,8.50,21.30,43.64,14.97,56.66,20.71,46.27
1778020089,7.38,11.50,8.75,21.13,43.60,15.00,56.64,20.70,46.28
1778020091,7.31,11.75,8.75,21.04,43.55,14.97,56.60,20.49,46.22
1778020092,7.38,11.75,8.25,20.92,43.50,15.02,56.58,20.63,46.15
1778020094,7.38,11.25,8.75,21.12,43.51,14.91,56.57,20.85,46.19
1778020095,7.38,11.50,8.75,20.96,43.43,15.06,56.62,20.36,46.24
1778020097,7.38,11.25,8.50,21.02,43.41,15.04,56.63,20.46,46.38
1778020099,7.38,11.25,8.25,20.89,43.37,15.13,56.67,20.40,46.47
1778020100,7.44,11.00,8.75,20.98,43.37,14.99,56.67,20.56,46.52
1778020102,7.44,11.50,8.75,20.92,43.38,15.19,56.70,20.64,46.52
1778020103,7.38,11.25,8.50,20.94,43.37,15.03,56.67,20.80,46.53
1778020105,7.44,11.25,9.00,20.90,43.41,15.08,56.70,20.83,46.44
1778020107,7.44,11.25,8.50,20.87,43.44,15.05,56.72,20.83,46.36
1778020108,7.50,11.25,8.50,20.89,43.44,15.09,56.75,20.95,46.44
1778020110,7.44,11.50,8.00,21.06,43.52,15.08,56.75,20.59,46.44
1778020111,7.44,11.25,8.75,20.92,43.50,15.12,56.74,20.60,46.37
1778020113,7.44,11.50,8.50,20.93,43.50,15.15,56.76,20.84,46.31
1778020115,7.44,11.75,8.25,20.93,43.49,15.13,56.78,21.02,46.31
1778020116,7.44,11.50,8.25,20.95,43.52,15.23,56.76,21.13,46.34
1778020118,7.44,11.00,8.50,20.98,43.52,15.10,56.73,20.70,46.26
1778020119,7.44,11.00,9.00,20.94,43.53,15.23,56.73,20.70,46.25
1778020121,7.44,11.25,8.75,20.92,43.51,15.08,56.69,20.30,46.11
1778020123,7.38,11.25,8.75,20.71,43.47,15.26,56.70,20.72,46.18
1778020124,7.38,11.00,8.50,21.04,43.50,15.19,56.67,20.69,46.27
1778020126,7.38,11.50,8.75,20.98,43.48,15.19,56.62,20.61,46.27
1778020128,7.38,11.50,8.50,21.09,43.52,15.26,56.60,20.49,46.30
1778020129,7.44,11.25,9.00,20.89,43.53,15.25,56.59,20.61,46.38
1778020131,7.38,10.75,8.50,20.94,43.54,15.26,56.59,20.73,46.35
1778020132,7.31,11.00,9.00,21.28,43.61,15.15,56.61,20.60,46.27
1778020134,7.31,11.25,8.75,20.82,43.53,15.05,56.58,20.56,46.15
1778020136,7.38,11.50,8.75,20.86,43.51,15.19,56.61,20.87,46.17
1778020137,7.38,11.25,8.50,20.97,43.52,15.00,56.57,20.64,46.22
1778020139,7.38,11.50,9.00,21.06,43.50,15.10,56.56,20.69,46.31
1778020140,7.38,11.25,8.50,20.95,43.48,15.17,56.56,20.48,46.32
1778020142,7.38,11.25,8.50,20.84,43.45,15.12,56.56,20.37,46.32
1778020144,7.38,11.00,8.75,20.98,43.46,15.02,56.52,20.58,46.36
1778020145,7.38,10.75,8.50,21.17,43.50,15.05,56.53,20.59,46.44
1778020147,7.44,11.25,8.25,20.94,43.48,15.05,56.52,20.80,46.49
1778020148,7.38,11.50,8.50,20.87,43.46,15.08,56.54,20.48,46.42
1778020150,7.38,11.50,8.50,20.75,43.44,15.01,56.56,20.60,46.41
1778020152,7.44,11.75,8.50,21.13,43.49,15.09,56.60,20.70,46.41
1778020153,7.44,11.25,8.00,20.91,43.47,15.15,56.67,20.33,46.36
1778020155,7.44,11.25,8.75,20.86,43.46,15.07,56.71,20.53,46.31
1778020156,7.44,11.25,9.00,20.68,43.44,14.99,56.71,20.58,46.38
1778020158,7.50,11.50,9.00,20.80,43.50,15.03,56.70,20.48,46.57
1778020160,7.50,11.25,8.75,21.25,43.62,14.99,56.71,20.45,46.67
1778020161,7.50,11.00,8.75,20.80,43.56,15.04,56.73,20.73,46.77
1778020163,7.50,11.50,8.25,20.96,43.58,15.06,56.76,20.67,46.70
1778020164,7.50,11.50,8.75,21.24,43.63,15.09,56.79,20.47,46.53
1778020166,7.50,11.50,8.75,21.22,43.61,15.06,56.81,20.73,46.43
1778020168,7.50,11.25,9.00,20.87,43.58,15.15,56.81,20.23,46.23
1778020169,7.56,11.50,8.50,21.01,43.61,15.15,56.78,20.72,46.24
1778020171,7.50,11.50,8.75,20.84,43.57,15.09,56.76,20.47,46.24
1778020172,7.50,11.00,8.50,20.87,43.59,15.05,56.69,20.65,46.34
1778020174,7.50,11.25,8.25,20.72,43.58,15.02,56.62,20.21,46.36
1778020176,7.44,10.75,8.25,20.98,43.60,15.20,56.57,20.52,46.42
1778020177,7.44,11.25,8.75,20.76,43.57,15.13,56.50,20.80,46.47
1778020179,7.44,11.50,8.75,21.15,43.65,15.15,56.48,20.62,46.48
1778020181,7.38,11.25,8.75,21.09,43.65,15.19,56.46,20.66,46.62
1778020182,7.38,11.50,8.75,20.91,43.64,15.10,56.41,20.47,46.67
1778020184,7.38,11.50,8.25,20.87,43.65,15.16,56.43,20.59,46.70
1778020185,7.38,10.75,8.50,20.91,43.66,15.10,56.40,20.59,46.64
1778020187,7.38,11.25,8.50,20.78,43.66,15.14,56.44,20.52,46.60
1778020189,7.31,11.25,8.50,20.96,43.72,15.22,56.45,20.45,46.67
1778020190,7.38,11.25,8.25,20.84,43.71,14.95,56.44,20.59,46.74
1778020192,7.31,11.75,8.50,20.68,43.69,14.91,56.46,20.23,46.69
1778020193,7.31,10.75,8.75,20.97,43.71,14.88,56.48,20.64,46.72
1778020195,7.31,11.00,8.50,20.96,43.75,14.89,56.51,20.33,46.63
1778020197,7.31,11.25,8.50,20.76,43.76,14.99,56.55,20.48,46.71
1778020198,7.25,11.25,8.75,20.99,43.80,14.83,56.58,20.27,46.70
1778020200,7.25,11.50,8.50,20.75,43.77,14.89,56.63,20.35,46.77
1778020201,7.31,11.25,8.75,20.97,43.79,14.91,56.68,20.64,46.74
1778020203,7.25,11.75,8.75,20.96,43.79,14.90,56.75,20.66,46.66
1778020205,7.25,11.75,8.50,20.86,43.80,14.91,56.82,20.36,46.70
1778020206,7.31,11.75,8.75,20.86,43.88,14.98,56.92,20.65,46.96
1778020208,7.31,11.25,8.75,20.70,43.92,14.98,57.01,20.49,47.15
1778020209,7.38,11.50,9.25,20.80,44.00,15.01,57.08,20.48,47.28
1778020211,7.31,11.00,8.75,21.05,44.07,14.98,57.15,20.49,47.24
1778020213,7.38,11.75,8.75,21.15,44.10,14.98,57.25,20.71,47.08
1778020214,7.38,11.50,8.50,20.71,44.03,15.02,57.29,20.72,46.90
1778020216,7.38,11.25,9.00,20.55,44.02,15.13,57.32,20.40,46.79
1778020217,7.44,11.75,8.50,20.87,44.12,15.04,57.29,20.68,46.91
1778020219,7.44,11.75,9.00,20.66,44.13,15.24,57.34,20.42,46.99
1778020221,7.44,11.50,8.75,20.71,44.13,15.05,57.29,21.07,47.19
1778020222,7.38,12.00,9.00,20.60,44.14,15.17,57.29,20.55,47.19
1778020224,7.44,11.50,8.75,20.90,44.18,15.11,57.23,20.99,47.28
1778020226,7.50,13.25,9.00,20.84,44.14,15.19,57.20,20.91,47.17
1778020227,7.44,13.00,9.00,20.98,44.14,15.06,57.16,20.56,46.94
1778020229,7.44,12.50,9.00,20.74,44.08,15.02,57.10,20.56,46.76
1778020230,7.44,12.50,8.50,20.89,44.05,15.03,57.06,20.56,46.59
1778020232,7.44,13.25,8.50,20.91,43.99,15.10,57.02,20.79,46.50
1778020234,7.44,13.00,8.50,20.76,43.92,15.08,56.96,20.69,46.36
1778020235,7.44,12.75,8.75,20.95,43.90,15.19,56.95,20.14,46.30
1778020237,7.44,12.50,8.75,20.91,43.86,15.12,56.89,20.70,46.46
1778020238,7.44,13.00,8.75,20.86,43.82,15.05,56.86,20.49,46.50
1778020240,7.44,12.75,8.50,20.78,43.74,15.06,56.84,21.08,46.59
1778020242,7.44,13.00,8.50,20.79,43.71,15.04,56.82,20.11,46.43
1778020243,7.38,13.25,9.00,21.27,43.79,15.11,56.81,20.86,46.49
1778020245,7.44,12.50,8.75,20.87,43.73,15.10,56.83,20.47,46.43
1778020246,7.38,12.25,9.00,20.80,43.71,15.14,56.84,20.78,46.48
1778020248,7.38,12.75,8.50,20.95,43.74,15.08,56.81,20.50,46.52
1778020250,7.38,12.75,8.75,20.78,43.71,15.12,56.76,20.84,46.70
1778020251,7.38,12.50,8.50,20.83,43.72,15.07,56.73,20.48,46.73
1778020253,7.38,12.50,8.75,20.96,43.74,15.09,56.71,20.53,46.75
1778020254,7.38,13.00,8.75,20.83,43.73,15.15,56.68,20.90,46.72
1778020256,7.38,12.75,9.00,21.11,43.78,15.15,56.69,20.59,46.59
1778020258,7.44,13.25,8.75,20.85,43.74,15.30,56.67,20.19,46.40
1778020259,7.44,12.75,8.25,20.97,43.76,15.17,56.61,20.62,46.45
1778020261,7.50,12.75,8.75,21.03,43.77,15.18,56.60,20.12,46.45
1778020262,7.44,13.00,8.50,20.81,43.74,15.12,56.56,20.36,46.53
1778020264,7.44,12.50,9.00,20.82,43.71,15.22,56.58,20.65,46.55
1778020266,7.44,13.00,9.00,20.96,43.71,15.21,56.57,20.60,46.44
1778020267,7.44,13.00,8.75,20.91,43.70,15.20,56.52,20.57,46.41
1778020269,7.44,13.25,9.25,20.90,43.71,15.12,56.51,20.38,46.36
1778020270,7.44,13.00,8.50,20.85,43.76,15.12,56.50,20.80,46.40
1778020272,7.50,13.00,9.25,20.83,43.78,15.19,56.55,20.48,46.36
1778020274,7.44,12.50,8.75,20.85,43.77,15.15,56.57,20.50,46.42
1778020275,7.50,13.00,8.50,20.92,43.79,14.97,56.55,20.38,46.43
1778020277,7.44,13.00,9.00,20.78,43.80,15.20,56.59,20.61,46.52
1778020279,7.44,12.75,9.00,20.64,43.82,15.11,56.56,20.67,46.71
1778020280,7.56,12.50,9.00,20.90,43.93,15.07,56.56,20.16,46.86
1778020282,7.63,13.00,9.00,20.97,43.96,15.05,56.58,20.55,47.12
1778020283,7.63,11.50,9.00,20.80,44.00,15.00,56.57,20.61,47.31
1778020285,7.63,11.00,9.00,20.77,44.03,15.16,56.61,20.67,47.39
1778020287,7.63,11.50,9.00,20.80,44.04,15.07,56.63,20.16,47.19
1778020288,7.56,11.50,8.75,20.87,44.01,15.05,56.66,20.23,46.97
1778020290,7.63,11.50,8.75,20.93,44.00,14.95,56.67,20.49,46.90
1778020291,7.63,11.50,8.75,20.72,43.97,15.01,56.68,20.64,46.95
1778020293,7.63,11.00,9.00,20.58,43.97,15.03,56.68,20.55,47.01
1778020295,7.56,11.25,9.00,20.93,44.05,15.09,56.69,20.48,46.99
1778020296,7.56,11.00,8.50,20.83,44.04,15.09,56.72,20.35,46.99
1778020298,7.56,11.25,9.00,21.01,44.01,15.09,56.75,20.61,47.02
1778020299,7.56,11.50,8.50,20.73,43.94,15.19,56.76,20.54,46.91
1778020301,7.50,11.25,9.00,20.78,43.91,15.14,56.73,20.55,46.80
1778020303,7.50,10.75,8.50,20.96,43.94,15.21,56.72,20.31,46.78
1778020304,7.50,11.25,8.75,20.86,43.93,15.18,56.70,20.72,46.88
1778020306,7.50,11.25,9.00,20.84,43.89,15.08,56.64,20.47,46.83
1778020307,7.56,10.75,8.25,20.96,43.87,15.06,56.63,20.62,46.78
1778020309,7.44,10.25,8.25,20.84,43.82,15.05,56.60,20.67,46.82
1778020311,7.44,11.25,8.25,20.87,43.82,14.96,56.57,20.41,46.81
1778020312,7.44,11.50,9.00,20.69,43.78,15.12,56.57,20.69,46.79
1778020314,7.44,10.75,8.75,20.91,43.81,15.03,56.55,20.47,46.71
1778020315,7.44,11.25,8.75,20.82,43.79,15.11,56.59,20.65,46.70
1778020317,7.44,11.25,8.50,20.87,43.79,14.95,56.58,20.44,46.61
1778020319,7.44,10.75,9.00,20.91,43.77,14.96,56.60,20.92,46.61
1778020320,7.44,11.50,9.00,20.94,43.73,15.16,56.67,20.55,46.49
1778020322,7.44,11.25,8.25,20.87,43.71,15.07,56.69,20.36,46.43
1778020323,7.50,11.25,9.00,20.74,43.68,14.97,56.70,20.71,46.54
1778020325,7.56,11.50,8.50,20.86,43.74,15.03,56.75,20.59,46.67
1778020327,7.63,11.25,8.75,20.78,43.79,15.10,56.82,20.73,46.86
1778020328,7.69,10.50,8.75,20.81,43.84,15.15,56.89,20.51,47.03
1778020330,7.75,11.25,8.75,20.86,43.86,15.09,56.91,20.71,47.25
1778020332,7.88,11.25,9.00,20.80,43.87,15.06,56.95,20.91,47.47
1778020333,7.88,11.00,9.25,21.00,43.90,15.13,57.02,21.20,47.67
1778020335,7.94,11.00,9.00,20.79,43.87,15.09,57.07,20.83,47.67
1778020336,7.94,11.25,9.00,20.70,43.86,15.09,57.08,20.76,47.54
1778020338,7.88,11.25,9.00,20.66,43.84,15.13,57.10,20.32,47.34
1778020340,7.81,11.00,8.50,20.84,43.85,15.20,57.16,20.50,47.17
1778020341,7.81,11.25,9.00,20.80,43.83,15.15,57.16,20.25,46.93
1778020343,7.81,11.25,8.50,20.83,43.83,15.19,57.17,20.79,46.90
1778020344,7.75,11.25,9.00,20.81,43.82,15.33,57.20,20.60,46.74
1778020346,7.75,11.00,9.25,20.63,43.79,15.29,57.17,20.66,46.70
1778020348,7.69,11.25,9.00,20.94,43.83,15.15,57.11,20.70,46.63
1778020349,7.69,11.25,8.75,20.81,43.81,15.24,57.07,20.76,46.58
1778020351,7.63,11.25,8.75,20.84,43.83,15.18,57.02,20.41,46.51
1778020352,7.69,10.25,9.00,20.70,43.80,15.15,56.93,21.06,46.52
1778020354,7.63,11.25,8.25,20.83,43.81,15.15,56.86,20.72,46.44
1778020356,7.63,11.25,8.50,20.94,43.81,15.23,56.83,20.80,46.42
1778020357,7.56,11.25,8.50,20.89,43.80,15.09,56.74,20.81,46.37
1778020359,7.56,11.25,8.75,20.98,43.79,15.16,56.71,20.45,46.34
1778020360,7.56,11.25,8.25,20.74,43.74,15.02,56.63,20.44,46.38
1778020362,7.56,10.75,8.50,20.76,43.74,15.09,56.62,20.44,46.40
1778020364,7.56,11.00,8.75,20.96,43.76,15.26,56.61,20.51,46.46
1778020365,7.56,10.50,9.00,21.02,43.76,15.20,56.58,20.27,46.45
1778020367,7.50,11.50,8.50,20.76,43.69,15.19,56.55,20.29,46.52
1778020368,7.44,10.75,8.75,20.85,43.69,15.03,56.50,21.02,46.67
1778020370,7.50,10.50,8.25,20.79,43.65,15.23,56.56,20.66,46.57
1778020372,7.44,11.00,8.25,20.91,43.65,15.13,56.56,21.06,46.66
1778020373,7.44,11.50,8.00,20.94,43.66,15.19,56.60,20.60,46.63
1778020375,7.44,11.25,8.75,20.84,43.67,15.24,56.62,20.79,46.67
1778020376,7.44,10.75,8.75,21.22,43.70,15.09,56.63,20.49,46.67
1778020378,7.44,10.75,7.75,20.90,43.61,15.09,56.64,20.23,46.54
1778020380,7.38,11.00,8.25,20.86,43.59,15.18,56.64,20.66,46.48
1778020381,7.38,11.00,8.75,21.11,43.61,15.22,56.64,21.15,46.45
1778020383,7.44,11.50,8.25,21.15,43.60,15.30,56.63,20.78,46.43
1778020385,7.38,11.00,8.75,21.02,43.57,15.15,56.59,20.65,46.40
1778020386,7.38,11.25,8.75,20.86,43.55,15.22,56.56,20.60,46.32
1778020388,7.31,11.25,8.75,20.85,43.55,15.23,56.52,20.42,46.24
1778020389,7.31,10.50,8.75,21.00,43.58,15.15,56.48,20.66,46.20
1778020391,7.31,10.75,8.75,21.05,43.60,15.23,56.48,20.27,46.13
1778020393,7.31,11.00,8.75,20.87,43.56,15.18,56.41,20.62,46.20
1778020394,7.31,11.00,8.50,21.16,43.65,15.19,56.37,20.79,46.20
1778020396,7.31,11.25,8.75,20.89,43.63,15.23,56.33,20.19,46.02
1778020397,7.31,10.50,8.75,20.80,43.63,15.18,56.32,20.37,46.05
1778020399,7.31,11.25,8.75,20.86,43.65,15.25,56.32,20.48,46.08
1778020401,7.25,10.75,8.75,21.21,43.71,15.27,56.34,20.74,46.12
1778020402,7.25,11.25,8.75,20.80,43.65,15.23,56.32,20.49,46.14
1778020404,7.25,11.00,8.25,20.95,43.69,15.19,56.31,20.42,46.27
1778020405,7.25,10.75,8.75,20.90,43.67,15.13,56.33,20.52,46.27
1778020407,7.25,10.50,8.50,20.70,43.66,15.21,56.39,20.62,46.24
1778020409,7.25,10.50,8.75,21.00,43.70,15.23,56.41,20.41,46.16
1778020410,7.25,10.50,8.75,20.94,43.68,15.19,56.42,20.58,46.26
1778020412,7.25,10.75,8.75,20.79,43.65,15.09,56.41,20.87,46.36
1778020413,7.31,11.00,8.75,20.72,43.66,15.12,56.42,21.11,46.36
1778020415,7.25,10.25,8.75,20.94,43.73,15.16,56.38,20.55,46.23
1778020417,7.25,10.50,8.50,20.93,43.74,15.23,56.38,20.80,46.21
1778020418,7.19,10.75,8.75,20.87,43.74,15.23,56.36,20.45,46.17
1778020420,7.19,10.25,8.75,20.87,43.76,15.15,56.32,20.63,46.35
1778020421,7.19,11.25,8.25,20.94,43.78,15.10,56.29,20.19,46.41
1778020423,7.25,11.00,8.75,20.89,43.77,15.16,56.31,20.47,46.51
1778020425,7.19,11.00,8.75,20.94,43.79,15.05,56.29,21.11,46.68
1778020426,7.19,10.75,8.75,20.93,43.77,15.06,56.32,20.52,46.51
1778020428,7.25,11.25,8.50,20.91,43.79,15.08,56.37,21.09,46.46
1778020429,7.25,10.75,8.75,20.87,43.76,15.23,56.47,20.40,46.27
1778020431,7.19,11.25,8.25,20.73,43.74,15.02,56.52,20.72,46.30
1778020433,7.25,11.00,8.50,20.81,43.76,15.15,56.58,20.40,46.25
1778020434,7.31,11.00,8.75,20.86,43.76,15.20,56.58,20.64,46.25
1778020436,7.25,11.00,8.75,20.96,43.74,15.09,56.59,20.33,46.19
1778020438,7.25,11.00,8.75,20.79,43.69,15.03,56.57,20.37,46.27
1778020439,7.25,11.00,8.75,20.89,43.71,15.15,56.59,20.65,46.36
1778020441,7.31,11.00,8.50,20.81,43.70,14.93,56.58,20.58,46.50
1778020442,7.25,11.25,8.25,21.17,43.74,15.14,56.62,20.53,46.59
1778020444,7.25,11.25,9.00,20.98,43.72,15.11,56.64,20.70,46.69
1778020446,7.25,11.25,8.75,20.80,43.73,15.04,56.65,20.40,46.63
1778020447,7.25,11.00,8.25,20.79,43.73,15.03,56.66,20.87,46.65
1778020449,7.25,10.75,8.25,20.76,43.71,14.98,56.68,20.54,46.63
1778020450,7.25,10.25,8.75,20.88,43.72,15.02,56.76,20.59,46.67
1778020452,7.25,11.25,8.75,20.88,43.71,14.98,56.79,21.09,46.66
1778020454,7.25,10.75,8.25,20.75,43.71,14.98,56.80,20.33,46.56
1778020455,7.31,11.25,8.75,20.91,43.74,15.02,56.82,20.56,46.59
1778020457,7.25,11.00,8.75,20.84,43.74,15.01,56.84,20.46,46.55
1778020458,7.25,11.00,8.25,20.72,43.74,14.94,56.85,20.44,46.53
1778020460,7.25,11.00,8.25,20.69,43.76,14.95,56.84,20.87,46.59
1778020462,7.25,11.25,8.25,20.99,43.83,15.02,56.87,20.51,46.52
1778020463,7.31,11.00,8.75,20.80,43.80,15.06,56.90,20.79,46.58
1778020465,7.25,11.00,8.75,20.93,43.80,15.04,56.93,20.58,46.50
1778020466,7.31,11.25,8.75,20.97,43.80,15.16,56.97,20.45,46.54
1778020468,7.25,11.00,8.75,20.90,43.77,15.09,57.00,20.51,46.63
1778020470,7.25,10.75,8.75,20.83,43.76,15.15,57.01,20.69,46.76
1778020471,7.25,11.00,8.50,20.69,43.73,15.11,57.00,20.22,46.80
1778020473,7.19,10.75,8.75,20.98,43.75,15.06,56.98,20.33,46.82
1778020474,7.25,11.25,8.75,20.90,43.76,15.03,56.93,20.70,46.92
1778020476,7.25,11.00,8.75,21.12,43.83,15.05,56.88,20.40,46.89
1778020478,7.25,11.50,8.75,20.98,43.81,15.00,56.83,20.29,46.81
1778020479,7.25,11.50,8.50,20.83,43.77,15.05,56.83,20.72,46.87
1778020481,7.19,10.75,8.75,20.93,43.78,15.17,56.83,20.26,46.76
1778020482,7.25,11.00,9.00,20.83,43.76,15.02,56.77,20.78,46.76
1778020484,7.25,11.00,8.25,20.91,43.77,15.07,56.77,20.27,46.58
1778020486,7.25,11.00,8.75,20.98,43.78,14.94,56.74,20.85,46.61
1778020487,7.25,11.00,8.75,20.72,43.71,15.02,56.77,20.48,46.52
1778020489,7.25,10.75,8.00,20.94,43.74,15.10,56.79,20.45,46.54
1778020491,7.19,10.50,8.50,20.94,43.72,15.05,56.81,20.51,46.67
1778020492,7.25,11.00,8.50,20.76,43.66,14.98,56.82,20.60,46.74
1778020494,7.25,11.00,8.50,21.05,43.72,15.08,56.83,20.14,46.69
1778020495,7.25,11.00,8.75,20.89,43.70,15.11,56.81,20.12,46.72
1778020497,7.25,11.00,8.50,20.89,43.68,15.03,56.79,19.98,46.81
1778020499,7.25,11.00,8.50,20.83,43.71,15.08,56.79,20.34,46.99
1778020500,7.25,11.25,8.50,20.87,43.74,14.98,56.76,20.08,46.97
1778020502,7.19,11.25,8.50,20.84,43.75,15.11,56.79,20.40,46.99
1778020503,7.25,10.75,8.75,20.72,43.73,15.15,56.84,20.36,46.89
1778020505,7.25,10.50,8.25,20.84,43.74,15.02,56.79,20.37,46.80
1778020507,7.25,10.75,8.50,20.91,43.76,14.98,56.79,20.35,46.74
1778020508,7.25,10.50,9.00,20.99,43.76,15.04,56.80,20.40,46.70
1778020510,7.25,10.50,8.75,20.98,43.75,14.97,56.78,20.51,46.65
1778020511,7.25,11.25,8.75,20.72,43.73,15.00,56.77,20.15,46.65
1778020513,7.31,11.25,8.75,20.86,43.78,15.00,56.79,20.12,46.78
1778020515,7.31,11.25,8.75,20.91,43.85,14.98,56.78,20.59,47.08
1778020516,7.25,11.25,8.75,20.72,43.86,14.94,56.79,20.56,47.19
1778020518,7.25,11.25,9.00,20.56,43.83,15.05,56.85,20.55,47.17
1778020519,7.31,11.25,8.75,20.81,43.82,15.04,56.88,20.34,47.03
1778020521,7.25,11.50,8.75,20.85,43.78,15.03,56.91,20.72,46.92
1778020523,7.25,11.25,8.50,20.73,43.70,15.00,56.92,20.15,46.69
1778020524,7.25,10.50,8.75,20.82,43.66,15.07,56.96,20.50,46.76
1778020526,7.25,10.50,8.25,21.01,43.68,15.09,56.99,20.16,46.68
1778020527,7.31,11.25,8.50,20.83,43.64,15.09,57.03,20.19,46.68
1778020529,7.38,11.25,8.75,20.77,43.62,14.98,57.05,20.07,46.57
1778020531,7.31,11.25,8.25,20.84,43.64,15.13,57.09,20.08,46.55
1778020532,7.25,11.00,9.00,20.73,43.63,15.15,57.11,20.33,46.69
1778020534,7.31,11.25,8.75,20.85,43.67,15.15,57.17,20.27,46.83
1778020536,7.31,11.00,8.50,20.79,43.67,15.13,57.20,20.06,46.86
1778020537,7.31,11.00,8.75,20.82,43.72,15.13,57.23,20.29,46.88
1778020539,7.25,11.00,8.75,20.59,43.70,15.10,57.20,19.94,46.77
1778020540,7.38,11.00,8.75,20.78,43.76,15.26,57.22,20.42,46.82
1778020542,7.31,11.00,9.00,20.76,43.76,15.23,57.19,20.22,46.73
1778020544,7.31,10.75,8.75,20.75,43.79,15.16,57.16,20.23,46.66
1778020545,7.31,11.00,8.75,20.98,43.84,15.20,57.15,20.52,46.65
1778020547,7.31,11.00,8.75,20.98,43.84,15.23,57.12,20.16,46.62
1778020548,7.31,11.25,8.25,20.69,43.82,15.16,57.06,20.27,46.78
1778020550,7.38,10.50,8.75,20.76,43.84,15.15,56.95,19.98,46.89
1778020552,7.31,10.75,8.75,20.76,43.85,15.19,56.88,20.01,47.04
1778020553,7.31,11.00,8.50,20.73,43.82,15.07,56.82,20.17,47.15
1778020555,7.31,10.75,8.75,20.60,43.82,15.15,56.81,20.29,47.08
1778020556,7.31,10.75,8.75,20.95,43.87,15.22,56.77,20.17,46.91
1778020558,7.31,11.00,8.75,21.14,43.87,15.12,56.73,20.04,46.80
1778020560,7.31,10.50,8.50,20.82,43.81,15.10,56.68,20.29,46.93
1778020561,7.25,10.75,8.00,20.91,43.83,15.37,56.67,20.33,47.01
1778020563,7.25,11.25,8.25,21.11,43.84,15.06,56.58,20.04,47.01
1778020564,7.25,10.25,8.50,20.96,43.80,15.23,56.57,20.42,47.12
1778020566,7.31,11.00,8.00,20.66,43.73,15.17,56.51,20.01,47.10
1778020568,7.31,11.25,8.75,20.91,43.76,15.15,56.48,20.47,47.24
1778020569,7.25,10.75,8.00,20.99,43.79,15.28,56.48,20.08,47.24
1778020571,7.25,10.75,8.75,20.77,43.77,15.16,56.45,20.21,47.25
1778020572,7.25,11.00,8.75,20.71,43.79,15.15,56.45,20.17,47.16
1778020574,7.25,11.25,8.25,20.94,43.85,15.22,56.42,20.40,47.12
1778020576,7.25,10.25,8.00,20.76,43.82,15.24,56.39,20.05,47.04
1778020577,7.25,10.50,8.75,20.75,43.81,15.20,56.37,20.16,47.10
1778020579,7.25,11.00,8.75,20.69,43.77,15.17,56.31,20.16,47.16
1778020580,7.31,11.25,8.50,20.92,43.81,15.20,56.26,20.07,47.10
1778020582,7.19,11.25,8.00,20.91,43.83,15.23,56.21,20.37,47.20
1778020584,7.19,11.00,8.75,20.75,43.79,15.14,56.18,20.40,47.24
1778020585,7.19,11.00,8.50,20.66,43.79,15.19,56.21,20.53,47.29
1778020587,7.19,10.75,8.75,20.91,43.88,15.18,56.23,20.01,47.20
1778020589,7.19,11.50,8.50,20.71,43.91,15.05,56.23,20.05,47.18
1778020590,7.13,11.25,8.50,20.91,43.96,15.22,56.27,20.05,47.10
1778020592,7.19,10.75,8.50,20.87,43.98,15.18,56.29,20.31,47.08
1778020593,7.19,11.25,8.75,20.82,43.98,15.18,56.30,20.08,47.05
1778020595,7.19,11.00,8.75,20.71,43.98,15.11,56.29,20.02,46.97
1778020597,7.19,11.00,8.75,20.79,43.99,15.13,56.31,20.45,47.02
1778020598,7.19,10.75,8.50,20.76,43.97,15.04,56.30,20.67,47.11
1778020600,7.19,11.00,8.75,20.81,43.97,15.15,56.38,19.98,46.94
1778020601,7.19,10.75,8.75,20.93,44.00,15.12,56.39,19.87,46.84
1778020603,7.19,11.00,8.75,20.91,43.96,15.05,56.43,20.15,46.92
1778020605,7.19,11.25,8.75,20.68,43.92,15.23,56.50,20.12,46.98
1778020606,7.19,10.50,8.75,20.80,43.94,15.24,56.54,20.08,47.05
1778020608,7.19,11.00,8.75,20.64,43.94,14.91,56.47,20.16,47.07
1778020609,7.19,11.00,8.75,20.79,43.96,15.14,56.50,20.28,46.96
1778020611,7.25,11.00,9.00,20.80,43.96,15.13,56.50,20.19,46.84
1778020613,7.25,10.75,8.50,20.78,43.94,15.18,56.52,20.20,46.79
1778020614,7.25,11.00,8.50,20.80,43.94,15.07,56.50,20.51,46.78
1778020616,7.25,11.25,8.75,20.94,43.98,15.06,56.48,19.91,46.61
1778020617,7.25,10.75,9.00,20.98,44.04,15.16,56.53,20.11,46.59
1778020619,7.19,11.00,8.50,20.93,44.04,15.02,56.52,20.36,46.59
1778020621,7.13,10.50,8.75,20.83,44.05,15.08,56.53,20.14,46.53
1778020622,7.19,11.00,8.50,20.95,44.06,15.21,56.54,20.07,46.52
1778020624,7.19,11.00,9.00,20.80,44.02,15.09,56.54,20.38,46.54
1778020625,7.19,11.25,8.50,20.79,43.98,15.09,56.53,20.32,46.46
1778020627,7.19,11.00,8.00,20.88,44.00,15.23,56.55,20.30,46.39
1778020629,7.19,11.25,8.50,20.93,44.02,15.15,56.53,19.90,46.29
1778020630,7.19,10.75,8.75,20.76,43.97,14.97,56.49,20.29,46.32
1778020632,7.13,11.25,8.50,20.73,43.94,15.10,56.51,20.60,46.37
1778020633,7.19,10.75,8.00,20.91,43.90,15.06,56.46,20.26,46.33
1778020635,7.19,11.25,8.75,20.85,43.90,15.16,56.47,20.19,46.33
1778020637,7.19,11.25,8.50,20.76,43.90,15.20,56.48,19.91,46.31
1778020638,7.19,11.00,8.50,20.70,43.90,15.08,56.49,20.12,46.41
1778020640,7.19,11.00,9.00,20.89,43.95,15.13,56.52,20.20,46.45
1778020642,7.19,11.25,8.75,20.52,43.96,15.07,56.54,20.53,46.64
1778020643,7.19,11.25,8.50,20.61,44.05,15.20,56.58,20.64,46.80
1778020645,7.19,11.50,9.00,20.92,44.17,15.09,56.56,20.27,46.91
1778020646,7.19,11.50,9.00,20.83,44.23,15.23,56.63,20.16,47.05
1778020648,7.19,11.25,9.00,20.95,44.27,15.15,56.65,20.14,47.19
1778020650,7.19,10.75,9.00,20.76,44.25,15.02,56.67,20.29,47.22
1778020651,7.25,11.25,8.50,20.55,44.21,14.98,56.68,20.18,47.14
1778020653,7.25,11.25,9.00,20.69,44.23,15.16,56.73,20.16,47.17
1778020654,7.25,11.25,8.25,20.92,44.24,15.10,56.77,20.40,47.26
1778020656,7.25,11.25,8.25,20.98,44.21,15.09,56.78,20.55,47.23
1778020658,7.31,11.25,8.75,20.70,44.16,15.05,56.76,20.30,47.13
1778020659,7.38,11.00,9.25,20.93,44.18,15.05,56.80,20.22,47.21
1778020661,7.44,11.00,8.75,20.93,44.22,15.14,56.80,20.55,47.47
1778020662,7.56,11.50,9.00,20.71,44.21,15.30,56.83,20.30,47.64
1778020664,7.56,11.25,8.75,21.01,44.32,15.11,56.84,19.98,47.77
1778020666,7.56,11.25,8.75,20.85,44.34,15.12,56.86,20.72,48.01
1778020667,7.56,11.00,9.00,20.75,44.32,15.06,56.84,20.44,47.95
1778020669,7.56,11.50,8.50,20.75,44.31,15.07,56.85,20.40,47.77
1778020670,7.56,11.00,8.75,20.75,44.27,15.10,56.84,20.22,47.55
1778020672,7.50,11.25,8.00,20.76,44.24,15.10,56.85,20.39,47.55
1778020674,7.50,11.00,8.75,20.96,44.27,15.19,56.85,20.49,47.55
1778020675,7.44,11.25,9.00,20.86,44.23,15.13,56.81,20.31,47.42
1778020677,7.38,11.00,8.75,20.74,44.19,15.04,56.76,20.15,47.23
1778020678,7.38,11.25,8.75,20.86,44.19,15.09,56.71,20.05,47.19
1778020680,7.38,10.75,8.75,20.86,44.18,15.03,56.69,19.84,47.17
1778020682,7.38,11.00,9.00,20.73,44.15,14.98,56.66,20.29,47.19
1778020683,7.31,10.75,8.75,20.83,44.12,15.19,56.69,20.40,47.21
1778020685,7.38,11.00,8.75,20.89,44.11,15.09,56.71,20.82,47.15
1778020686,7.44,10.75,8.50,20.53,44.03,15.06,56.73,20.08,46.99
1778020688,7.38,10.25,8.25,20.76,44.03,15.05,56.77,20.39,47.07
1778020690,7.38,11.00,8.75,20.82,44.01,15.12,56.80,20.31,46.97
1778020691,7.38,11.00,8.25,20.86,44.03,15.05,56.83,20.61,46.95
1778020693,7.38,10.75,8.75,20.72,44.02,15.18,56.85,20.30,46.83
1778020695,7.38,10.75,9.00,20.80,44.05,15.15,56.83,20.12,46.67
1778020696,7.38,10.75,8.50,20.85,44.08,15.09,56.82,20.60,46.69
1778020698,7.38,11.00,8.50,20.76,44.07,15.10,56.76,20.45,46.58
1778020699,7.38,11.00,8.75,20.52,44.03,15.06,56.73,20.40,46.57
1778020701,7.44,11.00,9.00,20.64,44.03,15.04,56.70,20.16,46.56
1778020703,7.38,10.75,8.25,20.90,44.03,15.06,56.65,20.00,46.57
1778020704,7.38,11.00,8.75,20.76,43.97,15.21,56.63,20.53,46.68
1778020706,7.38,10.75,8.75,20.77,43.95,14.98,56.53,20.17,46.65
1778020707,7.31,11.00,8.50,20.71,43.94,15.16,56.52,20.15,46.65
1778020709,7.31,11.00,8.75,20.79,43.97,15.11,56.49,20.06,46.60
1778020711,7.31,10.75,8.75,20.89,43.98,15.10,56.48,20.27,46.57
1778020712,7.25,11.00,8.50,20.60,43.92,15.19,56.51,20.54,46.55
1778020714,7.31,11.25,8.25,20.70,43.93,15.03,56.48,20.23,46.41
1778020715,7.31,11.25,8.75,20.91,43.96,15.10,56.49,20.24,46.37
1778020717,7.25,11.25,8.75,20.72,43.94,15.19,56.54,20.17,46.31
1778020719,7.31,11.25,8.75,20.78,43.96,14.99,56.54,20.46,46.31
1778020720,7.31,11.25,8.50,20.72,43.95,15.11,56.60,20.29,46.29
1778020722,7.25,11.25,8.50,20.94,43.99,15.02,56.61,20.01,46.34
1778020723,7.25,11.25,8.75,20.84,43.95,15.15,56.65,20.36,46.48
1778020725,7.25,11.00,8.75,20.73,43.93,14.95,56.64,20.51,46.55
1778020727,7.31,10.75,8.75,20.91,43.96,14.94,56.64,20.00,46.56
1778020728,7.25,10.75,8.50,20.87,43.97,15.05,56.68,20.55,46.79
1778020730,7.38,10.00,8.50,20.80,43.96,15.15,56.73,20.19,46.78
1778020731,7.25,11.00,8.75,20.54,43.95,15.02,56.72,20.21,46.85
1778020733,7.25,10.50,8.75,20.77,43.97,15.09,56.74,20.13,46.81
1778020735,7.31,11.25,9.00,20.92,44.01,15.02,56.76,20.48,46.77
1778020736,7.25,10.50,8.50,20.86,44.02,15.13,56.78,19.95,46.59
1778020738,7.31,11.25,8.75,20.73,44.02,15.09,56.78,20.05,46.58
1778020739,7.25,11.25,8.50,20.93,44.05,15.04,56.79,20.14,46.55
1778020741,7.25,11.25,8.75,20.87,44.02,15.06,56.79,20.35,46.54
1778020743,7.25,11.25,8.75,20.53,43.96,15.14,56.79,20.27,46.49
1778020744,7.25,11.25,8.50,20.86,43.99,15.00,56.75,20.01,46.40
1778020746,7.25,10.75,8.50,20.95,44.00,15.03,56.74,20.02,46.49
1778020748,7.31,10.50,8.50,20.74,43.98,15.09,56.75,20.36,46.69
1778020749,7.25,11.25,8.75,20.87,44.00,15.10,56.77,20.27,46.81
1778020751,7.31,11.00,8.75,20.66,43.97,15.04,56.77,20.51,46.94
1778020752,7.31,11.00,8.50,20.85,44.00,15.04,56.78,20.33,46.84
1778020754,7.25,11.50,8.75,20.93,44.02,15.05,56.77,20.35,46.83
1778020756,7.31,11.25,8.75,20.65,43.97,15.21,56.81,20.05,46.92
1778020757,7.25,10.50,8.50,20.66,44.00,15.06,56.77,20.30,47.13
1778020759,7.25,10.75,8.50,20.87,44.03,15.05,56.76,19.97,47.13
1778020760,7.25,11.00,8.75,20.72,44.02,15.13,56.77,20.35,47.11
1778020762,7.25,10.75,8.75,20.79,44.02,15.04,56.74,20.33,47.01
1778020764,7.25,11.00,8.75,20.87,44.01,15.03,56.71,20.04,46.90
1778020765,7.25,10.75,8.25,20.73,43.98,15.06,56.73,20.34,46.93
1778020767,7.25,11.50,8.75,20.54,43.94,15.20,56.74,20.17,46.99
1778020768,7.25,11.00,8.75,20.76,43.96,15.06,56.71,20.21,47.06
1778020770,7.25,11.00,8.75,20.84,43.97,15.21,56.73,20.24,47.11
1778020772,7.25,10.75,8.75,20.88,43.99,15.14,56.71,20.59,47.08
1778020773,7.25,11.00,8.75,20.77,43.98,15.15,56.69,20.28,47.01
1778020775,7.25,10.75,8.50,20.47,43.96,15.17,56.68,20.72,47.07
1778020776,7.25,10.50,8.25,20.89,44.03,15.01,56.63,20.25,47.01
1778020778,7.25,11.25,8.50,20.91,44.04,15.08,56.63,20.48,47.10
1778020780,7.25,11.00,8.75,20.56,44.01,15.20,56.65,20.13,47.14
1778020781,7.25,11.00,7.75,20.61,44.01,14.98,56.65,20.27,47.21
1778020783,7.31,10.50,9.00,20.61,44.01,15.14,56.71,20.08,47.20
1778020784,7.31,11.00,9.00,20.66,44.08,15.07,56.72,20.48,47.43
1778020786,7.44,11.25,9.00,20.48,44.14,15.14,56.75,20.12,47.61
1778020788,7.44,10.50,8.75,20.91,44.29,14.98,56.72,20.23,47.86
1778020789,7.50,10.75,9.25,20.70,44.32,15.07,56.78,20.16,48.06
1778020791,7.63,11.00,9.00,20.75,44.37,15.00,56.80,20.60,48.33
1778020792,7.69,11.00,9.00,20.41,44.36,15.17,56.91,20.19,48.46
1778020794,7.75,11.00,8.75,20.76,44.48,15.15,56.98,20.19,48.58
1778020796,7.81,11.50,9.00,20.62,44.53,15.13,57.01,20.29,48.63
1778020797,7.81,11.25,8.75,20.78,44.61,15.13,57.05,20.33,48.60
1778020799,7.75,11.00,9.00,20.83,44.58,15.09,57.06,20.39,48.47
1778020801,7.81,11.25,9.25,20.37,44.50,15.23,57.08,20.19,48.20
1778020802,7.75,11.25,9.00,20.72,44.53,15.05,57.07,20.45,48.10
1778020804,7.69,11.25,9.00,20.79,44.50,15.02,57.06,20.08,47.92
1778020805,7.63,11.25,9.00,20.81,44.49,15.16,57.06,20.16,47.87
1778020807,7.63,11.25,9.00,20.80,44.47,15.12,57.02,20.08,47.74
1778020809,7.63,11.00,8.75,20.41,44.39,15.06,57.00,20.35,47.60
1778020810,7.56,11.25,9.00,20.85,44.44,14.98,56.95,20.39,47.46
1778020812,7.56,11.00,8.50,20.63,44.34,15.13,56.96,20.26,47.22
1778020813,7.56,11.50,8.25,20.85,44.35,15.15,56.94,20.85,47.16
1778020815,7.50,11.25,8.50,20.51,44.27,15.06,56.92,20.53,47.09
1778020817,7.50,11.00,8.75,20.36,44.25,15.11,56.90,20.31,47.11
1778020818,7.50,10.75,8.50,20.82,44.32,15.13,56.88,20.20,47.07
1778020820,7.44,11.25,8.50,20.96,44.32,15.05,56.86,20.37,47.02
1778020821,7.44,11.25,8.75,20.52,44.26,15.01,56.83,20.39,47.01
1778020823,7.44,11.00,8.50,20.54,44.29,15.04,56.85,20.17,47.06
1778020825,7.44,11.25,9.00,20.68,44.31,15.08,56.87,20.38,47.13
1778020826,7.44,10.75,9.00,20.66,44.32,15.03,56.87,20.39,47.05
1778020828,7.44,11.00,9.00,20.59,44.30,14.93,56.88,20.48,46.98
1778020829,7.44,11.00,9.00,20.49,44.29,15.07,56.92,20.51,47.01
1778020831,7.44,11.50,9.00,20.78,44.39,15.10,56.95,20.49,47.13
1778020833,7.50,11.50,9.25,20.47,44.37,15.09,57.00,20.53,47.26
1778020834,7.56,11.25,9.00,20.67,44.44,15.03,57.06,20.31,47.33
1778020836,7.63,11.50,8.50,20.46,44.43,15.16,57.13,20.37,47.52
1778020837,7.69,11.50,9.00,20.76,44.50,15.14,57.16,20.66,47.63
1778020839,7.63,11.00,8.75,20.90,44.52,15.16,57.17,20.02,47.45
1778020841,7.63,11.50,9.00,20.72,44.47,15.06,57.17,20.49,47.50
1778020842,7.63,11.25,8.75,20.59,44.40,15.04,57.18,20.41,47.40
1778020844,7.56,11.25,8.50,20.74,44.37,14.99,57.16,20.19,47.22
1778020846,7.56,11.00,9.00,20.82,44.37,15.12,57.14,20.62,47.21
1778020847,7.56,11.00,8.50,20.54,44.31,15.14,57.12,20.60,47.25
1778020849,7.56,10.75,8.75,20.64,44.32,15.15,57.09,20.59,47.30
1778020850,7.50,10.75,8.75,20.77,44.31,14.98,57.04,20.45,47.28
1778020852,7.44,11.00,8.75,20.49,44.28,14.94,57.03,20.27,47.27
1778020854,7.44,11.25,8.75,20.69,44.26,15.04,57.05,20.32,47.23
1778020855,7.44,11.25,8.75,20.80,44.26,15.07,57.06,20.23,47.14
1778020857,7.44,11.50,8.75,20.74,44.22,15.05,57.06,20.41,47.15
1778020858,7.44,11.50,8.75,20.60,44.19,15.02,57.05,20.44,47.15
1778020860,7.38,11.00,8.75,20.93,44.24,15.00,57.02,19.99,47.01
1778020862,7.44,11.25,8.75,20.97,44.23,15.15,57.06,20.41,46.99
1778020863,7.38,11.25,9.00,20.63,44.17,14.99,57.02,20.26,46.84
1778020865,7.31,11.00,8.75,20.62,44.15,14.94,56.99,20.63,46.78
1778020866,7.31,10.75,9.00,20.86,44.19,14.94,56.99,20.17,46.69
1778020868,7.31,11.00,8.75,20.88,44.25,14.85,56.96,20.40,46.76
1778020870,7.31,11.50,8.75,20.61,44.24,14.95,56.99,20.66,46.74
1778020871,7.31,10.75,8.75,21.02,44.30,14.88,57.03,20.33,46.58
1778020873,7.31,11.00,8.25,20.93,44.28,14.87,57.05,20.47,46.54
1778020874,7.31,11.25,8.75,20.86,44.26,14.98,57.09,20.41,46.53
1778020876,7.25,11.25,8.75,20.74,44.25,14.87,57.10,20.44,46.56
1778020878,7.25,11.25,8.50,20.73,44.21,14.94,57.14,20.42,46.57
1778020879,7.19,11.50,8.75,20.89,44.24,14.95,57.13,20.14,46.58
1778020881,7.25,10.75,8.25,20.70,44.16,14.91,57.12,20.31,46.55
1778020882,7.25,11.25,8.50,20.68,44.13,14.95,57.11,20.39,46.59
1778020884,7.25,11.50,8.50,20.87,44.16,14.98,57.11,20.51,46.67
1778020886,7.25,11.25,8.75,20.75,44.16,14.87,57.11,20.19,46.67
1778020887,7.25,11.50,8.75,20.51,44.14,14.92,57.12,20.55,46.85
1778020889,7.25,11.00,8.75,20.99,44.23,14.94,57.12,20.39,46.91
1778020890,7.25,11.25,8.75,20.99,44.26,14.87,57.13,20.38,46.93
1778020892,7.25,11.25,8.75,20.92,44.27,14.96,57.18,20.31,46.97
1778020894,7.25,11.50,8.75,20.80,44.27,14.91,57.16,20.59,47.08
1778020895,7.25,10.75,8.50,20.85,44.28,14.95,57.16,20.56,47.11
1778020897,7.25,10.75,8.75,20.86,44.28,14.89,57.14,20.48,47.04
1778020898,7.38,11.00,9.00,20.82,44.26,14.96,57.16,20.41,46.97
1778020900,7.38,10.50,8.75,20.73,44.27,14.94,57.16,20.30,46.95
1778020902,7.38,10.75,8.75,20.86,44.29,15.00,57.18,20.75,46.99
1778020903,7.44,11.50,8.75,20.81,44.32,14.94,57.18,20.41,46.90
1778020905,7.44,11.25,9.00,20.71,44.30,14.97,57.21,20.33,46.87
1778020907,7.44,11.25,9.25,20.73,44.32,15.05,57.23,20.62,46.84
1778020908,7.44,11.50,8.50,20.89,44.35,14.94,57.21,20.84,46.85
1778020910,7.44,11.25,8.75,20.80,44.36,15.16,57.23,20.13,46.76
1778020911,7.44,11.25,9.00,20.54,44.34,15.07,57.18,20.27,46.83
1778020913,7.44,11.25,8.50,20.82,44.40,15.08,57.15,21.06,47.02
1778020915,7.50,11.00,8.25,20.74,44.44,14.95,57.10,20.14,46.90
1778020916,7.50,11.00,8.75,20.87,44.49,15.04,57.04,20.70,47.01
1778020918,7.50,11.25,9.00,20.81,44.49,15.07,57.03,20.66,47.05
1778020919,7.56,10.75,8.75,20.86,44.49,15.06,56.97,20.51,47.05
1778020921,7.56,11.00,8.75,20.66,44.49,15.05,56.93,20.10,47.05
1778020923,7.56,10.75,9.00,20.49,44.46,15.08,56.90,20.54,47.17
1778020924,7.50,10.50,8.75,20.70,44.51,15.09,56.89,20.59,47.17
1778020926,7.50,11.25,8.75,20.50,44.47,15.05,56.88,20.44,47.06
1778020927,7.50,11.00,8.25,20.72,44.46,15.05,56.84,21.05,47.06
1778020929,7.44,10.75,8.75,20.55,44.39,15.01,56.81,20.46,47.01
1778020931,7.38,10.75,8.25,20.87,44.38,14.98,56.75,20.51,47.10
1778020932,7.38,11.00,8.75,20.90,44.32,14.91,56.68,20.17,47.03
1778020934,7.31,11.25,8.50,20.63,44.26,14.98,56.68,20.53,47.01
1778020935,7.25,10.25,8.75,20.85,44.26,14.92,56.65,20.46,46.90
1778020937,7.31,11.00,8.50,20.70,44.20,14.87,56.62,20.80,46.79
1778020939,7.25,11.00,8.50,20.79,44.19,14.94,56.65,20.56,46.65
1778020940,7.31,10.75,8.50,20.84,44.20,14.86,56.64,20.86,46.72
1778020942,7.25,11.25,9.00,20.85,44.21,14.91,56.69,20.56,46.73
1778020943,7.25,11.25,8.75,20.88,44.25,14.87,56.71,20.78,46.79
1778020945,7.19,11.25,9.00,20.91,44.28,14.94,56.76,20.49,46.79
1778020947,7.31,11.00,9.00,20.53,44.23,14.86,56.79,20.37,46.79
1778020948,7.31,10.75,8.75,20.91,44.27,15.05,56.87,20.70,46.79
1778020950,7.31,10.75,8.75,20.70,44.20,14.98,56.91,20.68,46.76
1778020951,7.38,11.25,9.00,20.88,44.20,15.02,56.97,20.60,46.75
1778020953,7.38,10.25,8.25,20.91,44.19,14.98,57.01,20.48,46.77
1778020955,7.38,11.25,8.75,20.89,44.19,15.01,57.05,20.62,46.83
1778020956,7.38,11.25,8.75,20.98,44.23,14.87,57.08,20.92,46.89
1778020958,7.38,11.00,9.00,20.94,44.21,14.92,57.10,20.44,46.79
1778020960,7.44,11.25,8.50,20.83,44.20,14.99,57.11,20.70,46.83
1778020961,7.44,11.25,8.75,20.86,44.21,14.95,57.12,20.70,46.91
1778020963,7.50,11.25,8.75,20.77,44.19,14.91,57.12,20.82,46.99
1778020964,7.63,11.00,8.75,20.87,44.23,14.99,57.14,20.64,47.08
1778020966,7.63,11.25,8.50,20.76,44.22,15.01,57.14,20.54,47.13
1778020968,7.75,11.00,8.75,20.84,44.24,15.06,57.18,20.35,47.19
1778020969,7.81,11.00,8.75,20.75,44.24,14.94,57.18,20.67,47.33
1778020971,7.81,10.75,9.00,20.94,44.24,15.13,57.20,20.64,47.40
1778020972,7.81,11.50,8.50,20.86,44.23,14.98,57.19,20.73,47.43
1778020974,7.75,11.50,9.00,20.94,44.26,15.10,57.18,20.59,47.33
1778020976,7.75,10.75,8.50,20.94,44.26,14.99,57.15,20.42,47.14
1778020977,7.69,10.75,8.75,20.86,44.21,14.94,57.13,20.44,46.91
1778020979,7.69,10.75,8.75,20.76,44.17,14.95,57.11,20.66,46.91
1778020980,7.63,10.50,8.75,21.04,44.20,15.02,57.11,20.49,46.89
1778020982,7.63,11.25,8.75,21.01,44.17,15.05,57.09,20.45,46.92
1778020984,7.63,11.25,8.75,20.94,44.17,15.14,57.10,20.05,46.89
1778020985,7.63,11.25,8.50,20.94,44.13,15.13,57.10,20.49,46.90
1778020987,7.56,11.00,8.75,20.86,44.13,15.05,57.10,20.56,46.87
1778020988,7.56,10.75,8.50,20.69,44.08,15.12,57.12,20.62,46.82
1778020990,7.50,11.25,8.75,20.77,44.08,15.05,57.11,20.76,46.69
1778020992,7.50,11.25,8.50,20.94,44.12,15.17,57.10,20.33,46.61
1778020993,7.44,11.00,8.75,20.93,44.12,15.14,57.06,20.20,46.61
1778020995,7.44,11.50,8.50,20.81,44.13,15.11,57.02,20.66,46.71
1778020996,7.44,10.50,8.75,20.80,44.14,15.10,57.00,20.32,46.67
1778020998,7.44,10.75,8.75,20.85,44.14,14.99,56.98,20.48,46.65
1778021000,7.44,11.50,9.00,20.81,44.14,15.05,56.97,20.53,46.62
1778021001,7.50,10.75,8.75,20.79,44.12,15.05,56.97,20.28,46.56
1778021003,7.50,11.25,8.50,20.76,44.14,15.05,56.95,20.59,46.65
1778021005,7.50,11.50,8.25,20.77,44.14,15.00,56.95,20.57,46.71
1778021006,7.50,11.00,9.00,20.99,44.21,15.05,56.95,20.63,46.75
1778021008,7.50,10.75,8.00,20.90,44.20,14.96,56.92,20.81,46.70
1778021009,7.50,11.50,9.00,20.76,44.17,15.03,56.93,20.47,46.47
1778021011,7.44,10.25,8.75,20.89,44.14,15.03,56.94,20.26,46.31
1778021013,7.50,11.25,8.75,20.83,44.08,14.91,56.91,20.62,46.25
1778021014,7.44,11.00,8.00,20.97,44.08,14.93,56.91,20.37,46.17
1778021016,7.44,11.25,8.25,20.72,44.03,14.99,56.92,20.44,46.17
1778021017,7.44,11.25,8.75,20.75,44.03,14.97,56.94,20.85,46.20
1778021019,7.44,11.00,8.75,20.98,44.01,14.96,56.92,20.32,46.03
1778021021,7.44,10.75,8.00,20.80,43.99,14.92,56.93,20.74,46.00
1778021022,7.44,11.00,8.75,20.78,43.99,14.99,56.95,20.37,45.87
1778021024,7.44,10.75,8.50,20.74,43.95,14.97,56.93,21.06,45.90
1778021025,7.44,10.25,8.75,20.90,43.98,14.91,56.92,20.74,45.81
1778021027,7.38,10.75,8.50,20.78,43.95,15.01,56.99,20.88,45.80
1778021029,7.44,10.50,8.75,20.91,43.94,15.06,57.02,20.70,45.74
1778021030,7.38,10.75,8.75,20.82,43.86,15.05,57.08,20.50,45.64
1778021032,7.44,10.75,8.75,20.87,43.81,14.94,57.08,20.32,45.54
1778021033,7.38,11.25,8.25,21.03,43.80,15.04,57.09,20.56,45.59
1778021035,7.44,11.00,8.25,20.84,43.77,15.03,57.05,20.42,45.66
1778021037,7.44,11.00,8.75,20.87,43.81,15.05,57.05,20.67,45.87
1778021038,7.50,10.75,8.75,20.81,43.85,14.97,57.03,20.82,46.09
1778021040,7.56,11.00,9.00,20.96,43.96,15.02,57.04,20.77,46.32
1778021041,7.69,10.75,8.50,20.94,44.01,14.93,57.02,20.53,46.45
1778021043,7.63,11.00,9.00,20.68,43.99,15.03,57.06,20.69,46.56
1778021045,7.63,11.00,8.75,20.67,44.05,15.02,57.09,20.64,46.58
1778021046,7.63,11.25,9.00,20.80,44.12,14.94,57.09,20.97,46.64
1778021048,7.56,11.00,8.50,20.94,44.15,15.05,57.13,20.64,46.56
1778021049,7.63,11.25,8.75,20.88,44.11,15.09,57.15,20.54,46.57
1778021051,7.56,11.00,8.75,20.87,44.06,15.16,57.17,20.19,46.55
1778021053,7.56,11.00,8.75,20.70,43.97,15.09,57.12,20.63,46.61
1778021054,7.56,11.00,8.75,20.98,43.98,14.94,57.07,20.34,46.45
1778021056,7.56,11.00,8.75,21.00,43.96,15.05,57.03,20.74,46.47
1778021058,7.63,11.25,8.25,20.83,43.94,15.05,56.98,20.24,46.45
1778021059,7.63,11.25,8.50,20.76,43.96,15.14,56.93,20.63,46.57
1778021061,7.56,11.00,8.50,20.72,43.99,15.05,56.91,20.73,46.64
1778021062,7.56,11.00,8.75,20.88,44.06,15.02,56.90,20.71,46.70
1778021064,7.56,11.00,8.75,20.62,44.09,15.12,56.88,20.51,46.71
1778021066,7.50,11.00,9.00,20.87,44.17,15.06,56.86,20.80,46.76
1778021067,7.50,11.00,8.75,20.89,44.22,15.12,56.86,20.27,46.59
1778021069,7.50,11.00,8.75,20.80,44.20,15.01,56.84,20.40,46.56
1778021070,7.44,11.00,8.75,20.70,44.12,15.02,56.83,20.51,46.57
1778021072,7.50,10.50,8.75,20.91,44.09,15.15,56.81,20.30,46.49
1778021074,7.50,11.00,9.00,20.87,44.04,15.04,56.77,20.42,46.43
1778021075,7.44,11.00,8.75,20.80,44.02,15.05,56.72,20.69,46.45
1778021077,7.44,10.75,8.75,20.68,44.01,15.02,56.68,20.67,46.50
1778021078,7.50,11.00,8.25,20.91,44.04,14.93,56.64,21.02,46.63
1778021080,7.50,10.75,8.75,20.80,44.03,15.01,56.66,20.52,46.54
1778021082,7.44,11.25,8.50,20.98,44.04,15.02,56.67,20.44,46.41
1778021083,7.44,11.00,8.25,20.74,43.94,14.93,56.68,20.72,46.34
1778021085,7.44,11.00,8.75,20.69,43.90,14.98,56.69,20.94,46.26
1778021086,7.38,10.75,8.75,21.02,43.89,15.05,56.75,20.79,46.15
1778021088,7.38,11.00,8.25,20.84,43.88,15.02,56.78,20.46,46.04
1778021090,7.38,11.00,9.00,20.98,43.87,15.05,56.79,20.27,45.94
1778021091,7.38,10.75,8.25,20.91,43.83,15.02,56.81,20.65,45.92
1778021093,7.44,10.50,8.50,20.62,43.76,14.99,56.82,20.32,45.79
1778021094,7.44,11.00,9.00,20.91,43.78,15.06,56.87,20.54,45.77
1778021096,7.44,11.00,8.75,20.94,43.78,15.05,56.91,20.49,45.79
1778021098,7.56,11.00,7.75,20.81,43.80,15.08,56.93,20.38,45.86
1778021099,7.69,11.00,8.25,20.76,43.85,15.09,56.97,20.66,46.09
1778021101,7.69,11.00,8.75,20.93,43.94,15.08,56.98,20.10,46.20
1778021102,7.75,10.75,9.00,20.86,44.00,15.09,56.98,20.89,46.47
1778021104,7.75,11.00,9.00,20.90,44.05,15.09,57.01,20.80,46.56
1778021106,7.69,10.75,9.00,20.91,44.16,15.20,57.05,20.75,46.63
1778021107,7.69,10.50,8.75,20.80,44.19,15.11,57.03,20.44,46.51
1778021109,7.81,11.00,9.00,21.05,44.25,15.10,57.03,20.60,46.45
1778021111,7.81,11.25,8.50,20.87,44.24,15.10,57.00,20.45,46.47
1778021112,7.88,10.75,9.25,20.86,44.23,15.05,56.97,20.90,46.62
1778021114,7.94,10.50,8.50,20.79,44.22,15.18,56.98,20.35,46.65
1778021115,7.94,10.50,8.50,20.82,44.24,15.09,56.96,20.89,46.86
1778021117,8.00,10.75,8.75,20.80,44.20,15.10,56.95,21.11,46.99
1778021119,8.00,10.75,9.25,20.85,44.15,15.11,56.93,21.01,47.03
1778021120,8.06,10.75,9.00,20.62,44.11,15.17,56.93,20.74,47.04
1778021122,8.06,11.25,8.50,21.05,44.26,15.11,56.88,20.50,46.98
1778021123,8.06,11.00,8.50,20.98,44.26,15.07,56.82,20.90,46.97
1778021125,8.00,10.75,8.25,20.86,44.22,15.13,56.76,20.94,46.91
1778021127,7.94,10.75,8.50,20.77,44.20,15.11,56.72,21.57,46.93
1778021128,7.88,10.75,9.00,20.69,44.16,15.02,56.68,21.02,46.68
1778021130,7.88,11.00,8.50,20.98,44.16,14.99,56.66,20.59,46.50
1778021131,7.81,10.75,8.75,20.91,44.08,15.12,56.67,20.73,46.33
1778021133,7.75,11.25,8.25,20.98,44.05,15.02,56.65,20.95,46.11
1778021135,7.69,11.00,9.00,20.80,43.99,14.96,56.63,20.64,45.90
1778021136,7.63,10.50,8.50,20.72,43.97,15.15,56.61,21.05,45.89
1778021138,7.69,11.00,8.50,21.04,43.99,15.21,56.57,20.95,45.84
1778021139,7.56,10.75,8.00,20.80,43.92,15.09,56.52,20.59,45.71
1778021141,7.56,11.00,8.25,20.92,43.89,15.05,56.52,20.65,45.67
1778021143,7.50,11.00,8.00,20.80,43.85,14.96,56.48,20.90,45.69
1778021144,7.44,11.00,8.75,20.69,43.80,15.15,56.46,21.04,45.80
1778021146,7.50,11.00,8.75,21.00,43.81,15.15,56.45,21.14,45.82
1778021147,7.44,10.75,8.75,20.76,43.71,15.19,56.45,20.73,45.64
1778021149,7.44,10.75,8.50,20.97,43.70,15.20,56.46,20.91,45.56
1778021151,7.44,11.00,8.50,20.71,43.61,15.15,56.45,20.96,45.52
1778021152,7.44,10.50,8.75,20.75,43.58,15.15,56.45,20.70,45.53
1778021154,7.44,11.00,8.50,20.87,43.59,15.18,56.46,20.66,45.68
1778021155,7.38,10.50,8.25,20.85,43.59,15.14,56.46,20.88,45.88
1778021157,7.31,10.75,8.75,20.80,43.59,15.20,56.46,20.78,46.01
1778021159,7.31,11.25,8.50,20.72,43.58,15.20,56.50,20.64,46.00
1778021160,7.38,11.00,8.25,20.85,43.62,15.09,56.50,20.67,45.92
1778021162,7.31,10.75,8.50,20.93,43.62,15.19,56.55,20.98,45.90
1778021164,7.31,10.50,8.25,20.76,43.59,14.99,56.54,21.16,45.92
1778021165,7.31,10.75,8.00,20.76,43.61,15.10,56.57,20.62,45.76
1778021167,7.31,10.75,8.50,20.94,43.67,14.98,56.56,21.35,45.79
1778021168,7.38,10.75,8.75,20.94,43.70,15.22,56.58,20.96,45.70
1778021170,7.31,10.75,8.50,20.62,43.67,15.05,56.57,21.14,45.78
1778021172,7.31,11.25,9.00,21.06,43.77,14.98,56.56,20.82,45.81
1778021173,7.31,10.75,8.75,20.88,43.76,15.05,56.62,20.80,45.86
1778021175,7.31,10.75,8.75,20.93,43.78,14.94,56.62,20.73,45.89
1778021176,7.38,10.75,8.25,20.55,43.77,15.04,56.65,20.58,45.93
1778021178,7.38,11.25,8.75,20.86,43.82,15.02,56.65,20.48,46.02
1778021180,7.44,11.25,8.50,20.80,43.86,15.22,56.72,21.05,46.23
1778021181,7.38,10.75,8.25,20.65,43.85,15.08,56.73,21.08,46.28
1778021183,7.44,10.75,8.50,20.82,43.88,15.04,56.75,20.95,46.22
1778021184,7.38,11.25,8.25,20.77,43.87,15.05,56.76,20.96,46.12
1778021186,7.44,10.50,8.75,20.76,43.81,15.19,56.77,20.76,46.04
1778021188,7.38,11.25,8.75,20.87,43.81,15.03,56.73,20.97,45.98
1778021189,7.38,11.00,8.50,20.83,43.81,15.08,56.76,20.53,45.86
1778021191,7.44,11.00,8.50,20.96,43.82,15.05,56.75,20.92,45.86
1778021192,7.44,10.50,8.50,20.88,43.80,15.22,56.76,20.69,45.73
1778021194,7.38,11.00,8.50,20.62,43.72,15.22,56.73,20.82,45.67
1778021196,7.38,10.75,8.50,20.80,43.73,15.26,56.68,20.65,45.55
1778021197,7.38,11.00,8.50,20.93,43.72,15.12,56.59,20.77,45.52
1778021199,7.38,11.00,8.50,20.63,43.67,15.22,56.53,20.76,45.60
1778021200,7.38,11.00,8.50,20.71,43.69,15.13,56.49,20.75,45.71
1778021202,7.38,11.00,8.50,20.77,43.68,15.15,56.46,20.36,45.67
1778021204,7.31,11.25,8.50,20.94,43.72,15.21,56.41,20.62,45.73
1778021205,7.31,11.00,8.50,21.26,43.82,15.16,56.39,20.83,45.70
1778021207,7.31,11.00,8.50,21.03,43.81,15.08,56.33,20.73,45.62
1778021208,7.31,10.75,8.75,20.81,43.78,15.22,56.32,20.68,45.59
1778021210,7.31,11.25,8.25,21.08,43.80,15.10,56.30,20.65,45.53
1778021212,7.31,10.75,8.25,20.91,43.74,15.12,56.31,20.72,45.60
1778021213,7.31,11.25,8.50,20.83,43.71,15.17,56.33,20.32,45.65
1778021215,7.31,11.00,8.75,20.84,43.68,15.06,56.33,20.60,45.80
1778021217,7.25,11.25,8.75,20.89,43.70,15.13,56.35,20.84,45.79
1778021218,7.25,10.75,8.75,20.72,43.66,15.23,56.37,20.61,45.65
1778021220,7.25,11.00,8.50,20.76,43.66,15.18,56.35,20.54,45.61
1778021221,7.25,11.25,8.25,20.94,43.71,15.06,56.33,20.53,45.69
1778021223,7.25,11.00,8.75,20.87,43.76,15.14,56.35,20.78,45.85
1778021225,7.25,11.00,8.50,20.80,43.74,15.05,56.33,20.77,45.87
1778021226,7.19,10.50,8.75,20.85,43.73,15.20,56.39,20.95,45.85
1778021228,7.25,11.00,8.75,20.88,43.73,15.13,56.39,20.42,45.64
1778021229,7.25,11.00,8.50,21.04,43.76,15.19,56.43,20.98,45.66
1778021231,7.25,11.25,8.75,20.93,43.71,15.11,56.43,20.71,45.67
1778021233,7.25,11.25,8.75,20.96,43.66,15.22,56.45,20.58,45.80
1778021234,7.25,11.25,8.75,20.94,43.65,15.24,56.48,20.70,45.87
1778021236,7.31,11.25,8.50,20.80,43.58,15.15,56.46,20.40,45.80
1778021237,7.25,11.00,8.50,20.64,43.58,15.21,56.47,20.74,45.84
1778021239,7.38,11.00,8.25,20.94,43.68,15.19,56.49,20.77,45.96
1778021241,7.25,11.25,8.75,21.19,43.77,15.23,56.49,20.50,46.04
1778021242,7.31,11.50,8.75,20.90,43.78,15.15,56.49,20.64,46.15
1778021244,7.25,11.25,8.00,20.62,43.74,15.15,56.48,20.32,46.15
1778021245,7.38,11.00,9.00,20.90,43.80,15.03,56.48,20.62,46.16
1778021247,7.38,11.25,8.75,21.34,43.88,15.22,56.55,20.49,46.05
1778021249,7.31,11.00,8.75,20.68,43.75,15.06,56.53,20.91,46.00
1778021250,7.31,11.00,8.75,20.71,43.76,15.09,56.56,20.32,45.80
1778021252,7.38,11.25,8.25,20.87,43.81,15.06,56.58,20.78,45.80
1778021253,7.31,10.75,8.75,20.77,43.79,15.01,56.56,20.36,45.68
1778021255,7.38,11.50,7.75,20.64,43.76,15.16,56.57,20.70,45.77
1778021257,7.38,11.00,8.25,20.96,43.78,15.03,56.55,20.84,45.94
1778021258,7.38,10.50,8.75,20.93,43.77,15.18,56.58,20.27,45.91
1778021260,7.38,11.00,8.75,20.87,43.76,15.21,56.60,20.71,45.98
1778021261,7.38,11.00,8.75,20.68,43.71,15.20,56.62,20.66,45.99
1778021263,7.31,11.00,8.75,20.91,43.78,15.19,56.60,20.27,45.88
1778021265,7.31,10.75,8.75,20.82,43.78,15.07,56.56,20.65,45.88
1778021266,7.31,11.00,8.50,20.80,43.77,15.18,56.57,20.70,45.92
1778021268,7.31,11.25,8.50,20.62,43.76,15.15,56.54,21.18,45.99
1778021270,7.31,11.00,8.75,20.76,43.77,15.16,56.55,20.55,45.85
1778021271,7.31,11.00,8.00,20.87,43.77,15.21,56.56,20.46,45.81
1778021273,7.31,11.00,8.50,20.91,43.76,15.23,56.57,20.65,45.93
1778021274,7.31,11.25,8.50,20.92,43.74,15.21,56.57,20.65,46.04
1778021276,7.31,11.25,8.50,20.55,43.68,15.02,56.55,21.05,46.14
1778021278,7.31,11.25,8.00,20.80,43.71,15.18,56.54,20.62,46.10
1778021279,7.31,10.25,8.50,20.92,43.73,15.19,56.54,20.20,46.03
1778021281,7.31,11.00,8.50,20.66,43.68,15.24,56.50,20.65,46.09
1778021282,7.31,11.00,8.25,20.67,43.67,15.23,56.46,20.63,46.08
1778021284,7.31,11.00,8.50,21.00,43.76,15.16,56.44,20.49,46.05
1778021286,7.31,11.00,8.50,20.97,43.73,15.13,56.44,20.46,46.13
1778021287,7.31,10.75,8.25,20.79,43.70,15.16,56.41,20.62,46.31
1778021289,7.31,10.75,8.00,20.68,43.70,15.20,56.40,21.00,46.47
1778021290,7.25,10.75,8.50,20.80,43.74,15.27,56.39,20.72,46.46
1778021292,7.25,10.75,8.25,20.81,43.76,15.14,56.32,20.41,46.40
1778021294,7.25,11.25,8.50,20.94,43.79,15.10,56.31,20.48,46.42
1778021295,7.25,11.00,8.50,20.65,43.76,15.11,56.32,20.72,46.41
1778021297,7.25,11.00,8.75,20.91,43.82,15.22,56.33,20.16,46.38
1778021298,7.25,10.75,8.50,20.77,43.81,15.14,56.31,20.69,46.45
1778021300,7.25,10.75,8.25,20.87,43.83,15.30,56.35,20.48,46.32
1778021302,7.25,11.25,8.50,20.83,43.81,15.12,56.32,20.63,46.26
1778021303,7.25,11.00,8.50,20.70,43.76,15.14,56.33,20.41,46.17
1778021305,7.19,11.00,8.50,20.98,43.82,15.09,56.30,20.36,46.08
1778021306,7.25,10.50,8.50,20.90,43.79,15.10,56.32,20.96,46.10
1778021308,7.25,11.00,8.25,20.87,43.78,15.22,56.38,20.86,46.00
1778021310,7.25,10.25,8.25,20.87,43.81,15.09,56.35,20.51,45.96
1778021311,7.19,10.75,8.50,20.80,43.80,15.09,56.33,20.73,46.06
1778021313,7.25,11.00,8.50,20.93,43.83,15.12,56.32,20.42,46.18
1778021314,7.19,10.75,8.25,20.76,43.81,15.10,56.33,20.44,46.23
1778021316,7.19,10.75,8.50,20.68,43.82,15.15,56.36,20.67,46.25
1778021318,7.19,11.00,8.25,20.55,43.79,15.20,56.34,20.23,46.17
1778021319,7.19,10.75,7.75,20.91,43.87,15.18,56.34,20.75,46.23
1778021321,7.25,10.50,8.25,20.71,43.86,15.03,56.36,20.59,46.16
1778021323,7.19,10.75,8.75,20.82,43.85,15.06,56.36,20.14,46.03
1778021324,7.13,11.00,8.50,20.58,43.79,15.08,56.33,20.50,46.14
1778021326,7.13,11.00,8.50,20.80,43.81,15.07,56.31,20.66,46.19
1778021327,7.13,10.25,8.75,20.85,43.84,15.00,56.29,20.62,46.19
1778021329,7.13,11.25,8.50,20.62,43.79,15.00,56.31,20.79,46.31
1778021331,7.13,11.25,8.50,20.81,43.81,14.99,56.30,20.40,46.34
1778021332,7.19,10.75,9.00,20.83,43.82,15.08,56.33,20.63,46.38
1778021334,7.13,11.25,8.50,20.74,43.78,15.07,56.34,20.33,46.35
1778021335,7.13,11.00,8.75,20.94,43.85,15.03,56.36,20.42,46.49
1778021337,7.19,11.25,8.75,20.74,43.89,14.94,56.37,20.70,46.68
1778021339,7.19,11.00,8.50,20.70,43.94,15.06,56.43,20.48,46.76
1778021340,7.19,11.25,8.75,20.87,44.05,15.09,56.47,20.74,46.94
1778021342,7.25,11.00,8.50,20.86,44.13,14.91,56.49,20.48,47.05
1778021343,7.25,11.50,8.75,20.80,44.18,14.94,56.53,20.58,47.17
1778021345,7.25,11.50,8.75,20.82,44.24,14.90,56.55,20.48,47.25
1778021347,7.25,11.50,8.75,20.77,44.26,15.03,56.57,20.57,47.29
1778021348,7.19,11.00,8.50,20.80,44.28,15.03,56.59,20.19,47.18
1778021350,7.25,11.00,8.75,20.74,44.29,15.06,56.63,20.44,47.13
1778021351,7.19,11.25,8.75,20.79,44.25,14.94,56.63,20.58,47.03
1778021353,7.25,11.00,8.50,20.84,44.19,14.91,56.64,20.69,46.91
1778021355,7.25,11.25,8.75,20.80,44.15,14.98,56.67,20.89,46.88
1778021356,7.31,11.25,8.75,20.71,44.16,15.10,56.70,20.59,46.82
1778021358,7.25,11.25,8.75,20.76,44.20,14.98,56.69,20.64,46.78
1778021359,7.25,11.00,9.00,20.74,44.24,14.95,56.72,20.21,46.58
1778021361,7.25,11.00,9.00,20.86,44.30,15.05,56.74,20.67,46.51
1778021363,7.25,11.00,8.75,20.83,44.38,15.00,56.76,20.41,46.42
1778021364,7.31,11.00,8.50,20.72,44.43,15.02,56.77,20.62,46.51
1778021366,7.38,11.25,8.25,20.53,44.46,15.09,56.78,20.63,46.65
1778021367,7.38,11.25,8.75,20.66,44.53,15.02,56.78,20.26,46.68
1778021369,7.38,11.25,9.00,20.57,44.52,15.05,56.80,20.77,46.71
1778021371,7.44,11.00,9.00,20.82,44.54,15.04,56.78,20.44,46.55
1778021372,7.38,11.00,8.75,20.92,44.49,15.06,56.79,21.00,46.56
1778021374,7.31,11.50,9.00,20.97,44.42,15.01,56.73,20.48,46.45
1778021376,7.31,11.25,8.75,20.88,44.33,15.03,56.68,20.27,46.41
1778021377,7.31,10.50,8.50,20.77,44.26,15.05,56.66,20.59,46.42
1778021379,7.31,11.25,8.25,20.93,44.23,14.95,56.59,20.72,46.47
1778021380,7.31,11.25,8.25,20.95,44.22,14.96,56.56,20.48,46.49
1778021382,7.44,11.00,9.00,20.83,44.18,15.05,56.55,20.71,46.67
1778021384,7.44,11.50,9.00,20.92,44.17,15.09,56.58,20.69,46.79
1778021385,7.44,10.75,9.00,20.86,44.12,15.17,56.59,20.61,46.90
1778021387,7.50,11.25,8.75,20.83,44.06,15.02,56.56,20.50,46.98
1778021388,7.50,11.00,8.75,20.94,44.06,14.96,56.55,20.15,46.98
1778021390,7.44,11.25,9.00,20.81,44.03,14.98,56.57,20.64,47.09
1778021392,7.44,10.50,8.75,21.02,44.04,14.90,56.59,20.44,47.00
1778021393,7.31,11.00,8.25,20.88,43.97,14.93,56.63,20.77,46.93
1778021395,7.38,11.50,8.75,20.91,43.98,15.10,56.68,20.65,46.78
1778021396,7.31,11.50,8.75,20.86,43.96,14.98,56.69,20.33,46.74
1778021398,7.31,11.25,8.75,20.59,43.92,14.97,56.70,20.63,46.85
1778021400,7.31,10.50,8.75,20.78,43.92,14.97,56.73,20.21,46.81
1778021401,7.31,11.00,8.75,20.88,43.95,15.02,56.78,20.19,46.68
1778021403,7.25,11.00,8.75,20.77,43.92,15.09,56.79,20.69,46.71
1778021404,7.31,11.25,8.75,20.78,43.90,15.09,56.83,20.62,46.66
1778021406,7.31,10.75,8.50,20.91,43.91,15.05,56.82,20.07,46.48
1778021408,7.31,10.50,8.75,20.81,43.93,15.00,56.78,20.89,46.59
1778021409,7.31,10.50,8.75,20.73,43.93,15.07,56.77,20.60,46.58
1778021411,7.38,10.50,8.50,20.88,43.99,14.99,56.76,20.86,46.63
1778021412,7.31,11.00,8.50,20.91,44.00,15.09,56.78,20.49,46.57
1778021414,7.31,11.25,8.75,20.72,43.96,15.01,56.72,20.58,46.59
1778021416,7.31,11.00,8.25,20.84,43.96,15.05,56.70,20.66,46.58
1778021417,7.31,10.75,8.50,20.59,43.90,15.10,56.65,20.44,46.56
1778021419,7.25,11.25,8.75,20.80,43.97,15.09,56.61,20.76,46.66
1778021420,7.31,11.25,8.50,20.88,43.99,15.09,56.54,20.38,46.57
1778021422,7.25,10.75,8.75,20.94,43.97,15.14,56.51,21.10,46.57
1778021424,7.25,11.00,8.75,20.58,43.89,15.08,56.48,20.11,46.34
1778021425,7.25,11.25,8.25,20.71,43.89,15.12,56.40,20.62,46.44
1778021427,7.25,11.25,8.25,20.80,43.86,15.13,56.36,20.66,46.50
1778021429,7.25,11.00,8.75,20.68,43.81,15.09,56.30,20.45,46.57
1778021430,7.19,10.75,8.00,20.89,43.84,15.19,56.26,20.75,46.75
1778021432,7.19,10.25,8.00,20.70,43.81,15.00,56.21,20.36,46.79
1778021433,7.19,11.00,8.75,20.76,43.83,15.05,56.19,20.49,46.92
1778021435,7.19,11.00,8.50,20.62,43.82,15.02,56.21,20.45,46.94
1778021437,7.19,11.00,8.75,20.90,43.87,15.10,56.25,20.58,46.90
1778021438,7.19,11.00,8.50,20.70,43.86,15.10,56.27,20.38,46.87
1778021440,7.13,10.75,8.50,20.90,43.85,15.09,56.32,20.22,46.85
1778021441,7.19,10.25,8.75,20.91,43.85,15.08,56.35,20.52,46.99
1778021443,7.19,10.75,8.25,20.77,43.81,15.10,56.35,20.46,46.99
1778021445,7.13,11.00,8.50,20.98,43.81,14.95,56.33,20.50,46.91
1778021446,7.13,11.00,8.75,20.95,43.79,14.91,56.30,20.37,46.77
1778021448,7.13,11.25,8.50,20.88,43.75,14.90,56.30,20.29,46.74
1778021449,7.13,11.00,8.50,20.81,43.73,14.90,56.31,20.32,46.75
1778021451,7.13,11.25,8.00,20.89,43.74,14.96,56.33,20.75,46.77
1778021453,7.13,10.75,8.50,20.78,43.70,14.89,56.35,20.26,46.56
1778021454,7.13,11.00,8.50,20.87,43.72,14.93,56.42,20.66,46.50
1778021456,7.13,11.00,8.25,20.96,43.74,14.80,56.43,20.31,46.37
1778021457,7.19,11.00,8.25,20.88,43.75,14.85,56.47,20.38,46.34
1778021459,7.13,10.50,8.50,20.73,43.76,14.94,56.52,20.91,46.48
1778021461,7.13,11.25,8.25,20.91,43.84,14.85,56.55,20.40,46.50
1778021462,7.19,10.75,8.50,20.80,43.85,14.82,56.59,20.54,46.63
1778021464,7.13,10.75,8.50,20.87,43.89,14.89,56.65,20.66,46.74
1778021465,7.19,10.75,8.75,20.78,43.89,14.97,56.74,20.40,46.69
1778021467,7.25,10.50,8.75,20.87,43.90,14.96,56.78,20.70,46.67
1778021469,7.25,11.25,8.50,20.53,43.84,14.91,56.78,20.48,46.56
1778021470,7.25,11.00,8.75,20.75,43.87,14.98,56.80,20.81,46.52
1778021472,7.31,10.75,8.75,20.90,43.87,14.94,56.82,20.39,46.32
1778021474,7.31,10.75,8.50,20.89,43.86,14.95,56.81,20.83,46.31
1778021475,7.25,11.00,8.50,20.59,43.77,14.96,56.78,20.40,46.25
1778021477,7.31,11.25,8.50,20.63,43.78,14.95,56.79,20.63,46.25
1778021478,7.31,11.00,8.25,20.91,43.83,15.03,56.84,20.18,46.15
1778021480,7.38,10.50,8.50,20.93,43.86,15.00,56.84,20.60,46.24
1778021482,7.38,11.00,8.75,20.51,43.81,15.01,56.85,20.78,46.43
1778021483,7.50,11.00,8.50,20.88,43.89,15.02,56.83,20.64,46.63
1778021485,7.56,11.00,8.75,20.81,43.94,15.02,56.82,20.24,46.79
1778021486,7.69,10.75,9.00,20.50,43.93,15.09,56.83,20.42,47.06
1778021488,7.69,11.00,8.75,20.85,44.06,15.02,56.82,20.59,47.24
1778021490,7.69,11.00,9.00,20.71,44.09,15.04,56.78,21.09,47.38
1778021491,7.69,10.75,8.25,20.85,44.16,15.07,56.76,20.23,47.08
1778021493,7.63,11.25,9.00,20.80,44.21,15.11,56.74,20.51,46.99
1778021494,7.63,10.75,8.25,20.43,44.14,15.04,56.70,20.81,46.94
1778021496,7.56,10.75,9.00,20.69,44.16,15.08,56.70,20.64,46.90
1778021498,7.56,10.75,8.75,20.82,44.17,14.96,56.67,20.62,46.85
1778021499,7.56,11.25,8.50,20.79,44.15,14.94,56.66,20.47,46.72
1778021501,7.50,10.50,8.25,20.55,44.08,14.96,56.68,20.51,46.64
1778021502,7.50,11.00,8.50,20.87,44.12,14.90,56.69,20.62,46.66
1778021504,7.50,11.00,8.75,20.51,44.02,14.96,56.72,20.59,46.68
1778021506,7.50,11.25,8.25,20.79,44.05,14.91,56.73,20.65,46.70
1778021507,7.44,10.75,8.75,20.52,43.99,14.96,56.74,20.37,46.62
1778021509,7.44,11.00,8.75,20.72,44.01,14.98,56.75,20.65,46.63
1778021510,7.44,11.00,8.50,20.79,44.04,15.00,56.75,20.32,46.56
1778021512,7.38,10.75,8.50,20.76,44.02,14.97,56.75,20.45,46.49
1778021514,7.38,10.75,8.50,20.92,44.03,14.97,56.74,20.89,46.60
1778021515,7.38,11.00,8.50,20.72,43.98,14.99,56.76,20.62,46.70
1778021517,7.38,10.75,8.25,20.72,43.96,14.93,56.77,20.33,46.76
1778021518,7.31,10.50,8.25,20.72,43.94,14.99,56.79,20.51,46.90
1778021520,7.31,11.00,8.50,20.54,43.93,14.99,56.78,20.38,46.94
1778021522,7.31,11.00,8.50,20.75,43.96,14.93,56.73,20.37,46.84
1778021523,7.25,11.00,8.50,20.64,43.96,14.90,56.69,20.59,46.72
1778021525,7.31,11.00,8.50,20.62,43.96,14.87,56.66,20.29,46.73
1778021527,7.25,10.50,8.00,20.87,44.00,14.90,56.64,20.19,46.78
1778021528,7.25,11.00,8.75,21.02,44.01,14.89,56.61,20.31,46.81
1778021530,7.19,11.25,8.25,20.80,43.96,14.86,56.59,20.16,46.76
1778021531,7.19,11.00,8.50,20.85,43.96,14.88,56.59,20.31,46.68
1778021533,7.19,11.00,8.25,20.55,43.90,14.91,56.61,20.56,46.59
1778021535,7.13,10.50,8.00,20.69,43.95,14.83,56.60,20.34,46.51
1778021536,7.25,10.75,8.50,20.88,44.04,14.89,56.64,20.27,46.58
1778021538,7.19,11.25,8.50,20.41,44.01,14.83,56.66,20.70,46.82
1778021539,7.25,11.00,8.50,20.66,44.09,14.88,56.70,20.26,46.92
1778021541,7.25,11.25,8.50,20.87,44.19,14.91,56.75,20.30,47.10
1778021543,7.25,11.25,8.75,20.42,44.20,14.87,56.77,20.08,47.14
1778021544,7.25,10.75,8.50,20.48,44.23,14.97,56.83,20.60,47.15
1778021546,7.25,10.75,8.75,20.62,44.24,15.01,56.89,20.28,47.00
1778021547,7.25,10.75,8.25,20.66,44.21,14.98,56.95,20.31,46.98
1778021549,7.25,11.50,8.75,20.45,44.15,15.12,57.00,20.47,46.98
1778021551,7.19,11.00,8.50,20.77,44.16,15.04,57.00,20.44,46.88
1778021552,7.19,11.25,8.50,20.79,44.12,15.04,57.02,20.33,46.77
1778021554,7.19,10.75,8.75,20.44,44.00,15.07,57.03,20.24,46.71
1778021555,7.19,11.00,8.50,20.79,44.06,15.06,57.00,20.47,46.68
1778021557,7.19,10.75,8.75,20.71,44.06,15.11,57.00,20.66,46.58
1778021559,7.25,10.25,8.75,20.82,44.08,14.97,56.94,20.57,46.49
1778021560,7.19,11.25,8.00,20.73,44.06,15.08,56.92,19.94,46.37
1778021562,7.25,11.00,8.00,20.40,43.98,15.12,56.90,20.62,46.54
1778021563,7.25,10.50,8.50,20.72,44.01,15.05,56.86,20.60,46.56
1778021565,7.19,11.00,8.00,20.80,44.05,15.03,56.84,20.45,46.47
1778021567,7.19,11.00,8.50,20.44,43.98,14.99,56.80,20.44,46.45
1778021568,7.19,10.75,8.25,20.76,44.04,15.11,56.80,20.38,46.44
1778021570,7.25,10.50,8.00,20.77,44.03,15.06,56.75,20.52,46.43
1778021571,7.19,10.50,8.25,20.57,44.01,15.05,56.71,20.07,46.36
1778021573,7.19,10.75,8.50,20.69,44.01,15.13,56.68,20.83,46.54
1778021575,7.19,10.50,8.50,20.45,43.99,14.99,56.61,20.28,46.56
1778021576,7.13,10.75,8.25,20.94,44.08,14.98,56.61,20.62,46.64
1778021578,7.13,10.50,8.50,20.60,44.04,14.94,56.55,20.58,46.70
1778021580,7.13,10.50,8.50,20.81,44.08,15.02,56.50,20.37,46.75
1778021581,7.13,10.25,8.00,20.39,44.04,15.05,56.47,20.29,46.76
1778021583,7.13,10.25,8.00,21.01,44.11,14.91,56.40,20.21,46.67
1778021584,7.06,10.75,8.50,20.53,44.03,15.11,56.40,20.12,46.59
1778021586,7.06,10.75,8.25,20.82,44.06,15.08,56.38,19.91,46.54
1778021588,7.06,11.00,8.75,20.89,44.04,14.99,56.35,20.37,46.52
1778021589,7.00,11.00,8.50,20.48,44.01,14.98,56.30,20.39,46.42
1778021591,7.06,10.75,8.75,20.84,44.05,14.90,56.26,20.60,46.33
1778021592,7.00,11.00,8.50,20.80,44.06,14.95,56.28,20.33,46.21
1778021594,7.06,10.75,8.50,20.69,44.04,15.02,56.32,20.22,46.10
1778021596,7.00,10.75,8.25,20.88,44.10,15.05,56.37,20.08,46.13
1778021597,7.00,10.75,8.50,20.41,44.03,14.87,56.37,20.36,46.27
1778021599,7.00,10.75,8.00,20.90,44.11,14.95,56.38,20.23,46.31
1778021600,7.00,10.75,7.75,20.67,44.08,14.81,56.39,20.45,46.45
1778021602,7.00,11.00,8.25,20.57,44.05,14.83,56.40,20.37,46.56
1778021604,7.00,10.50,8.50,20.62,44.04,14.99,56.43,20.20,46.50
1778021605,7.00,10.75,8.25,20.80,44.07,14.94,56.41,20.40,46.52
1778021607,7.06,10.75,8.75,20.51,44.04,14.79,56.41,20.54,46.52
1778021608,7.00,10.50,8.50,20.72,44.06,14.91,56.51,20.54,46.43
1778021610,7.00,10.75,8.25,20.59,44.05,14.96,56.62,20.36,46.37
1778021612,7.00,11.00,8.75,20.45,44.02,14.87,56.64,20.20,46.37
1778021613,7.00,10.50,8.50,20.35,44.02,14.95,56.71,20.19,46.48
1778021615,7.06,10.75,8.50,20.47,44.01,14.93,56.72,20.44,46.67
1778021616,7.00,10.75,8.00,20.57,43.99,14.91,56.73,20.29,46.78
1778021618,7.06,10.75,8.00,20.71,44.01,14.90,56.74,20.08,46.75
1778021620,7.06,10.50,8.25,20.74,44.02,14.98,56.79,20.29,46.71
1778021621,7.06,11.00,8.50,20.56,44.01,14.92,56.78,20.16,46.64
1778021623,7.06,11.00,8.50,20.67,44.06,15.02,56.77,20.11,46.58
1778021624,7.06,10.75,8.50,20.87,44.17,14.94,56.74,20.49,46.67
1778021626,7.00,10.50,8.75,20.79,44.20,14.95,56.74,20.26,46.67
1778021628,7.06,10.75,8.00,20.73,44.24,14.98,56.72,20.26,46.71
1778021629,7.00,11.00,8.50,20.70,44.27,15.03,56.71,20.25,46.76
1778021631,7.00,10.75,8.75,20.59,44.26,14.98,56.69,20.16,46.73
1778021633,7.06,10.75,8.50,20.61,44.24,14.94,56.69,20.10,46.77
1778021634,7.06,10.50,8.50,20.78,44.19,15.02,56.68,20.56,46.80
1778021636,7.00,11.00,8.25,20.75,44.16,15.03,56.67,20.21,46.70
1778021637,7.06,10.50,8.25,20.66,44.12,15.03,56.68,20.26,46.68
1778021639,7.06,10.50,8.50,20.39,44.07,14.99,56.68,20.47,46.55
1778021641,7.06,11.00,8.75,20.73,44.14,15.00,56.67,20.16,46.42
1778021642,7.13,10.50,8.75,20.70,44.18,15.03,56.65,20.21,46.50
1778021644,7.19,11.00,8.50,20.91,44.26,14.99,56.61,20.26,46.67
1778021645,7.25,11.00,8.75,20.74,44.30,15.15,56.59,20.22,46.86
1778021647,7.31,10.50,8.75,20.67,44.35,15.04,56.57,20.24,47.08
1778021649,7.44,10.75,8.75,20.62,44.39,15.04,56.57,20.32,47.29
1778021650,7.44,11.00,8.25,20.51,44.41,15.09,56.60,20.47,47.50
1778021652,7.38,10.75,8.50,20.41,44.42,15.05,56.59,20.64,47.61
1778021653,7.38,11.25,8.25,20.32,44.40,14.96,56.56,20.12,47.54
1778021655,7.31,11.00,8.25,20.70,44.43,15.00,56.53,20.37,47.45
1778021657,7.31,10.50,8.50,20.75,44.40,15.08,56.50,20.19,47.31
1778021658,7.31,11.00,8.50,20.74,44.37,15.16,56.49,20.33,47.24
1778021660,7.31,10.75,8.50,20.87,44.40,15.10,56.45,20.53,47.22
1778021661,7.31,11.50,8.25,20.29,44.37,15.15,56.44,20.38,47.23
1778021663,7.25,10.75,8.75,20.61,44.46,15.02,56.44,20.14,47.23
1778021665,7.25,10.50,8.50,20.34,44.47,15.09,56.46,20.07,47.11
1778021666,7.25,11.25,8.75,20.44,44.47,15.00,56.46,20.25,47.01
1778021668,7.25,10.75,8.75,20.48,44.43,15.00,56.48,20.23,46.90
1778021669,7.19,10.75,8.00,20.66,44.42,15.13,56.51,20.35,46.89
1778021671,7.19,11.00,8.50,20.81,44.43,15.08,56.57,20.78,47.03
1778021673,7.19,11.00,8.50,20.62,44.37,15.10,56.56,20.48,46.98
1778021674,7.25,10.75,8.00,20.50,44.35,15.15,56.56,20.17,46.86
1778021676,7.25,11.00,8.25,20.44,44.32,14.97,56.49,20.52,46.85
1778021677,7.25,10.75,8.75,20.40,44.35,15.09,56.48,20.29,46.79
1778021679,7.25,10.75,8.25,20.37,44.37,15.04,56.40,20.02,46.76
1778021681,7.25,10.50,8.50,20.43,44.41,15.14,56.39,20.29,46.83
1778021682,7.25,10.50,8.25,20.51,44.41,15.13,56.34,20.48,46.80
1778021684,7.25,10.50,8.75,20.76,44.45,15.11,56.30,20.18,46.68
1778021686,7.25,11.00,8.50,20.94,44.45,15.20,56.27,20.11,46.58
1778021687,7.25,11.00,8.50,20.72,44.39,15.03,56.21,20.36,46.53
1778021689,7.19,10.75,8.75,20.64,44.35,15.05,56.21,20.34,46.46
1778021690,7.19,11.00,8.50,20.47,44.31,15.02,56.20,19.97,46.34
1778021692,7.13,11.25,8.50,20.68,44.30,15.03,56.21,20.11,46.31
1778021694,7.19,11.25,8.50,20.66,44.31,15.09,56.21,20.32,46.34
1778021695,7.19,11.00,8.75,20.89,44.37,14.99,56.22,20.19,46.35
1778021697,7.19,11.50,8.75,20.63,44.34,15.07,56.25,20.31,46.42
1778021698,7.13,10.75,8.25,20.94,44.43,15.08,56.28,20.42,46.50
1778021700,7.13,11.25,8.25,20.48,44.35,15.08,56.34,20.42,46.60
1778021702,7.19,11.00,8.75,20.87,44.38,15.09,56.38,20.62,46.73
1778021703,7.19,10.25,8.50,20.73,44.30,15.19,56.42,19.85,46.68
1778021705,7.13,11.00,8.75,20.73,44.30,15.20,56.45,20.40,46.79
1778021706,7.19,10.50,8.75,20.61,44.25,15.08,56.44,20.15,46.70
1778021708,7.19,11.00,8.75,20.76,44.26,15.12,56.42,20.41,46.68
1778021710,7.25,10.75,8.25,20.98,44.27,15.21,56.46,20.59,46.70
1778021711,7.19,10.75,8.00,20.28,44.16,15.06,56.40,20.16,46.64
1778021713,7.19,10.75,8.25,20.55,44.19,15.04,56.37,20.19,46.65
1778021714,7.19,10.50,8.50,20.36,44.13,15.08,56.34,20.42,46.78
1778021716,7.19,11.00,8.50,20.33,44.13,15.13,56.34,20.24,46.79
1778021718,7.19,10.50,8.25,20.58,44.14,15.05,56.31,20.28,46.93
1778021719,7.19,10.25,8.50,20.40,44.12,15.02,56.28,19.99,46.94
1778021721,7.19,11.00,8.25,20.36,44.10,15.02,56.25,20.22,46.93
1778021722,7.13,10.75,8.50,20.36,44.08,15.08,56.24,20.37,46.95
1778021724,7.13,10.75,8.50,20.72,44.17,14.97,56.21,20.30,46.92
1778021726,7.13,10.75,8.50,20.50,44.18,14.92,56.20,20.13,46.89
1778021727,7.13,10.25,8.50,20.71,44.22,14.92,56.22,20.72,47.04
1778021729,7.13,10.75,8.50,20.74,44.25,14.95,56.23,20.76,47.08
1778021730,7.13,10.50,8.75,20.60,44.22,14.98,56.27,20.46,47.02
1778021732,7.13,11.00,8.75,20.45,44.15,14.93,56.26,20.27,46.89
1778021734,7.13,10.75,8.50,20.32,44.10,14.98,56.29,20.30,46.78
1778021735,7.13,10.50,8.00,20.72,44.16,14.85,56.30,20.11,46.65
1778021737,7.13,11.25,7.75,20.72,44.12,14.91,56.35,20.31,46.60
1778021739,7.13,10.75,8.25,20.66,44.09,14.97,56.36,20.72,46.58
1778021740,7.06,10.75,8.50,20.44,44.05,15.05,56.37,20.19,46.45
1778021742,7.13,10.75,8.25,20.64,44.08,14.78,56.39,20.40,46.42
1778021743,7.13,10.75,8.25,20.42,44.02,14.89,56.45,20.33,46.38
1778021745,7.13,11.00,8.00,20.37,44.01,14.98,56.49,20.35,46.35
1778021747,7.13,11.00,8.25,20.57,44.01,14.78,56.50,20.33,46.39
1778021748,7.13,10.75,8.50,20.70,44.03,14.87,56.55,20.29,46.38
1778021750,7.13,11.25,8.00,20.97,44.08,14.99,56.60,20.23,46.32
1778021751,7.13,10.75,8.25,20.62,44.01,14.85,56.62,20.58,46.36
1778021753,7.13,11.00,8.25,20.79,44.03,14.83,56.65,20.29,46.33
1778021755,7.13,10.75,8.50,20.95,44.05,14.91,56.68,19.97,46.24
1778021756,7.13,11.00,8.50,20.72,44.00,14.95,56.71,20.00,46.32
1778021758,7.13,10.75,8.75,20.76,44.02,14.83,56.68,20.50,46.45
1778021759,7.13,11.00,8.50,20.97,44.06,14.90,56.66,20.41,46.47
1778021761,7.13,10.75,8.25,20.52,44.01,14.96,56.68,20.27,46.46
1778021763,7.13,10.75,8.25,20.29,44.00,14.93,56.67,20.29,46.44
1778021764,7.13,10.75,8.00,20.92,44.09,14.89,56.66,19.89,46.35
1778021766,7.13,10.25,8.25,20.98,44.13,14.86,56.64,20.12,46.37
1778021767,7.13,10.75,8.50,20.47,44.04,14.94,56.62,20.40,46.49
1778021769,7.13,10.50,8.50,20.67,44.08,14.92,56.56,20.01,46.43
1778021771,7.06,10.25,8.25,20.94,44.13,14.96,56.53,20.25,46.45
1778021772,7.13,10.50,7.50,20.44,44.07,14.83,56.48,20.29,46.41
1778021774,7.06,10.75,8.00,20.87,44.13,14.94,56.46,19.97,46.34
1778021775,7.13,10.75,8.25,20.97,44.15,14.75,56.40,20.21,46.42
1778021777,7.06,11.00,8.25,20.49,44.12,15.00,56.41,20.14,46.53
1778021779,7.13,11.00,8.75,20.50,44.16,14.94,56.45,20.47,46.79
1778021780,7.13,10.75,8.25,20.69,44.23,14.89,56.46,20.10,46.87
1778021782,7.13,10.75,8.00,20.56,44.22,15.06,56.54,20.25,46.96
1778021784,7.06,10.75,8.50,20.40,44.19,14.80,56.51,20.19,46.90
1778021785,7.06,11.00,8.50,20.49,44.21,14.94,56.57,20.68,46.96
1778021787,7.06,10.75,8.00,20.48,44.21,14.83,56.56,19.97,46.84
1778021788,7.13,10.75,8.25,20.91,44.25,14.90,56.59,20.16,46.94
1778021790,7.13,10.75,8.00,20.52,44.19,14.97,56.63,20.16,47.03
1778021792,7.13,11.00,8.50,20.62,44.24,14.89,56.64,19.93,47.08
1778021793,7.06,11.00,8.25,20.31,44.24,14.91,56.64,20.08,47.17
1778021795,7.06,10.75,8.25,20.55,44.30,14.94,56.65,20.37,47.16
1778021796,7.06,11.00,8.50,20.84,44.33,14.94,56.67,20.53,47.04
1778021798,7.06,11.00,8.50,20.54,44.27,14.91,56.66,20.27,46.84
1778021800,7.06,11.25,8.75,20.71,44.31,14.91,56.67,20.40,46.70
1778021801,7.00,10.50,8.50,20.49,44.26,14.94,56.70,20.34,46.53
1778021803,7.06,11.00,8.25,20.71,44.30,14.94,56.70,20.12,46.45
1778021804,7.06,10.75,8.25,20.38,44.28,14.92,56.68,20.66,46.62
1778021806,7.06,10.75,8.50,20.51,44.35,14.97,56.67,20.46,46.67
1778021808,7.06,10.75,8.25,20.44,44.35,14.91,56.64,20.66,46.76
1778021809,7.06,10.75,8.75,20.94,44.41,14.91,56.64,20.63,46.78
1778021811,7.06,11.00,8.50,20.48,44.30,14.96,56.64,20.38,46.72
1778021812,7.06,11.00,8.25,20.48,44.26,14.84,56.62,20.12,46.59
1778021814,7.06,10.75,8.50,20.45,44.22,14.83,56.61,20.55,46.66
1778021816,7.06,10.75,8.50,20.38,44.25,14.78,56.61,20.49,46.73
1778021817,7.13,10.75,8.50,20.51,44.30,14.83,56.65,20.30,46.87
1778021819,7.19,10.75,8.50,20.36,44.33,14.78,56.65,20.01,47.04
1778021820,7.19,10.75,8.75,20.35,44.34,14.96,56.73,20.19,47.25
1778021822,7.19,11.00,8.00,20.55,44.43,14.89,56.75,20.12,47.38
1778021824,7.19,11.00,8.50,20.25,44.40,14.88,56.75,20.66,47.46
1778021825,7.19,11.25,8.50,20.76,44.50,15.00,56.80,20.05,47.30
1778021827,7.19,10.50,8.75,20.48,44.44,14.88,56.79,20.36,47.27
1778021828,7.13,10.50,8.50,20.38,44.41,14.87,56.83,20.10,47.12
1778021830,7.13,11.00,8.75,20.91,44.47,14.94,56.85,19.99,46.99
1778021832,7.13,11.00,8.25,20.47,44.40,14.98,56.90,20.33,47.06
1778021833,7.06,10.50,8.75,20.24,44.36,15.00,56.93,19.97,46.99
1778021835,7.06,11.00,8.50,20.41,44.38,14.90,56.92,19.94,47.00
1778021837,7.13,11.00,8.25,20.49,44.41,14.94,56.95,20.41,47.01
1778021838,7.13,11.00,8.25,20.42,44.40,14.95,56.96,19.88,46.85
1778021840,7.13,11.00,8.50,20.37,44.38,14.87,56.96,20.70,46.90
1778021841,7.13,11.00,8.25,20.71,44.43,14.94,56.96,20.61,46.82
1778021843,7.13,10.75,8.50,20.57,44.39,15.01,56.92,20.69,46.83
1778021845,7.06,10.50,8.00,20.80,44.45,14.94,56.89,19.80,46.70
1778021846,7.13,11.00,8.75,20.37,44.38,14.83,56.87,20.57,46.84
1778021848,7.13,10.75,8.25,20.57,44.42,14.92,56.86,20.33,46.79
1778021849,7.13,10.75,8.25,20.44,44.43,14.91,56.88,20.26,46.80
1778021851,7.13,11.25,8.00,20.72,44.48,14.99,56.91,20.13,46.79
1778021853,7.13,10.50,8.50,20.61,44.45,14.98,56.90,20.27,46.80
1778021854,7.06,10.75,8.50,20.42,44.40,14.93,56.90,20.02,46.81
1778021856,7.06,10.50,8.50,20.37,44.37,14.90,56.90,20.47,46.84
1778021857,7.06,11.00,8.25,20.38,44.37,15.02,56.91,20.48,46.74
1778021859,7.00,11.00,8.50,20.59,44.40,14.93,56.86,20.00,46.59
1778021861,7.06,10.50,8.25,20.34,44.36,15.13,56.88,19.94,46.48
1778021862,7.06,10.25,8.25,20.49,44.37,15.04,56.87,20.00,46.47
1778021864,7.06,10.75,8.50,20.58,44.36,14.98,56.84,20.51,46.66
1778021865,7.00,11.25,8.25,20.76,44.37,14.98,56.80,20.54,46.68
1778021867,7.06,10.75,8.25,20.46,44.34,14.99,56.77,20.37,46.65
1778021869,7.06,10.75,8.50,20.51,44.35,14.93,56.72,20.10,46.63
1778021870,7.06,10.75,8.25,20.71,44.36,14.94,56.68,19.97,46.66
1778021872,7.00,11.00,8.50,20.52,44.37,14.98,56.64,20.12,46.70
1778021873,7.06,11.25,7.75,20.58,44.39,14.87,56.57,20.19,46.72
1778021875,7.06,11.00,8.50,20.75,44.43,14.85,56.55,19.96,46.68
1778021877,7.06,11.00,8.50,20.46,44.41,14.92,56.55,19.99,46.78
1778021878,7.06,10.75,8.50,20.39,44.40,14.99,56.57,20.15,46.89
1778021880,7.00,10.50,8.00,20.44,44.41,14.82,56.56,20.42,46.98
1778021881,7.00,10.75,8.25,20.36,44.42,14.87,56.59,19.97,47.00
1778021883,7.00,10.75,8.25,20.47,44.45,14.76,56.60,20.12,47.14
1778021885,7.00,11.00,8.25,20.62,44.48,14.80,56.66,20.68,47.26
1778021886,7.06,10.50,8.50,20.31,44.45,14.87,56.73,20.55,47.26
1778021888,7.06,10.75,8.50,20.24,44.42,14.80,56.75,20.54,47.29
1778021890,7.06,10.50,8.50,20.55,44.46,14.90,56.79,20.05,47.34
1778021891,7.06,10.75,8.00,20.89,44.50,14.88,56.83,20.01,47.42
1778021893,7.00,11.00,8.50,20.28,44.39,14.91,56.87,20.01,47.45
1778021894,7.06,11.00,8.75,20.29,44.37,14.88,56.87,20.09,47.45
1778021896,7.00,11.00,8.50,20.53,44.39,14.88,56.83,19.94,47.47
1778021898,7.00,10.75,8.50,20.32,44.36,14.89,56.85,20.14,47.46
1778021899,7.00,10.75,8.00,20.53,44.37,14.94,56.84,20.05,47.30
1778021901,7.00,11.00,8.50,20.18,44.33,14.93,56.83,20.27,47.24
1778021902,7.06,10.50,8.75,20.25,44.38,14.88,56.82,20.26,47.30
1778021904,7.13,10.50,8.75,20.29,44.46,14.88,56.83,20.08,47.43
1778021906,7.06,11.00,8.50,20.17,44.52,14.85,56.82,20.11,47.56
1778021907,7.06,10.75,8.50,20.21,44.57,14.81,56.81,19.97,47.62
1778021909,7.06,10.50,8.75,20.42,44.67,14.93,56.81,20.12,47.67
1778021910,7.13,10.75,8.75,20.40,44.69,14.87,56.79,20.12,47.68
1778021912,7.13,11.00,8.50,20.36,44.70,14.85,56.81,20.20,47.73
1778021914,7.13,11.00,8.50,20.86,44.76,14.77,56.84,20.63,47.79
1778021915,7.06,11.00,8.50,20.28,44.64,14.76,56.87,20.26,47.62
1778021917,7.06,11.25,8.50,20.36,44.62,14.82,56.91,20.01,47.45
1778021918,7.06,10.75,8.50,20.27,44.57,14.83,56.97,20.09,47.32
1778021920,7.13,11.00,8.75,20.44,44.55,14.94,57.04,20.16,47.24
1778021922,7.13,10.75,8.25,20.17,44.49,14.89,57.07,19.97,47.10
1778021923,7.13,10.50,8.75,20.25,44.50,14.78,57.05,19.97,47.09
1778021925,7.19,10.75,8.75,20.45,44.55,15.00,57.05,20.33,47.17
1778021926,7.25,11.00,8.75,20.19,44.52,14.94,57.01,20.08,47.18
1778021928,7.31,10.50,8.75,20.28,44.60,14.87,56.99,20.30,47.34
1778021930,7.25,11.00,8.25,20.27,44.67,14.83,56.96,20.22,47.41
1778021931,7.25,11.25,8.75,20.29,44.70,14.94,56.96,20.76,47.53
1778021933,7.19,10.50,8.75,20.59,44.72,14.91,56.91,20.06,47.35
1778021934,7.19,11.00,8.00,20.44,44.69,14.86,56.90,19.97,47.17
1778021936,7.19,10.50,8.00,20.32,44.65,15.02,56.91,20.17,47.03
1778021938,7.13,11.25,8.50,20.64,44.63,14.87,56.85,20.17,46.89
1778021939,7.13,10.75,8.50,20.70,44.56,14.83,56.80,20.22,46.79
1778021941,7.13,10.75,8.50,20.39,44.48,14.99,56.81,20.17,46.79
1778021943,7.06,10.75,8.25,20.26,44.46,14.89,56.78,20.68,46.87
1778021944,7.13,10.50,8.50,20.29,44.47,14.89,56.76,19.98,46.73
1778021946,7.06,10.50,8.75,20.36,44.46,14.90,56.74,20.23,46.72
1778021947,7.06,10.50,8.00,20.29,44.46,14.83,56.72,20.27,46.81
1778021949,7.06,10.75,8.50,20.30,44.45,14.85,56.71,20.27,46.85
1778021951,7.00,10.50,8.25,20.43,44.44,14.77,56.71,20.25,46.75
1778021952,7.00,11.00,8.75,20.23,44.41,14.87,56.73,20.05,46.65
1778021954,7.00,11.00,7.75,20.26,44.40,14.77,56.72,20.27,46.60
1778021955,7.06,10.75,8.75,20.70,44.49,14.83,56.76,20.03,46.58
1778021957,7.00,10.75,8.75,20.44,44.47,14.78,56.78,20.11,46.66
1778021959,7.00,10.75,8.75,20.48,44.53,14.76,56.80,20.08,46.77
1778021960,7.00,10.25,9.00,20.44,44.55,14.74,56.85,20.12,46.96
1778021962,7.06,11.00,8.50,20.33,44.55,14.75,56.87,19.91,47.05
1778021963,7.00,11.00,8.75,20.35,44.57,14.82,56.93,20.04,47.13
1778021965,7.00,11.00,8.50,20.37,44.57,14.94,57.00,20.33,47.18
1778021967,7.06,10.75,9.00,20.53,44.57,14.72,57.00,20.29,47.17
1778021968,7.06,10.75,8.50,20.23,44.53,14.75,57.06,20.17,47.22
1778021970,7.19,10.75,9.00,20.29,44.58,14.77,57.13,20.08,47.32
1778021971,7.25,10.75,8.75,20.52,44.65,14.81,57.18,20.27,47.50
1778021973,7.25,11.00,8.75,20.45,44.68,14.72,57.21,20.37,47.59
1778021975,7.38,10.50,8.50,20.38,44.70,14.78,57.26,20.32,47.66
1778021976,7.38,10.75,8.75,20.47,44.71,14.87,57.31,20.04,47.68
1778021978,7.31,10.75,8.50,20.38,44.72,14.77,57.34,20.37,47.79
1778021979,7.38,10.75,8.75,20.27,44.69,14.71,57.37,20.19,47.63
1778021981,7.31,11.00,8.75,20.47,44.70,14.70,57.39,20.56,47.64
1778021983,7.31,10.75,8.50,20.29,44.66,14.71,57.39,20.50,47.56
1778021984,7.31,11.00,8.75,20.17,44.61,14.77,57.38,20.17,47.35
1778021986,7.25,10.75,8.75,20.38,44.63,14.70,57.39,20.16,47.28
1778021987,7.31,11.25,8.75,20.44,44.63,14.70,57.40,20.39,47.31
1778021989,7.25,11.25,8.25,20.62,44.64,14.89,57.46,20.26,47.32
1778021991,7.25,10.75,8.50,20.73,44.64,14.77,57.42,19.97,47.26
1778021992,7.19,10.75,8.75,20.65,44.57,14.78,57.43,20.19,47.22
1778021994,7.19,10.75,8.50,20.14,44.44,14.76,57.42,20.36,47.11
1778021996,7.19,11.00,8.00,20.63,44.50,14.66,57.34,20.29,46.97
1778021997,7.19,11.25,8.00,20.34,44.46,14.75,57.31,20.12,46.80
1778021999,7.19,10.75,8.50,20.26,44.42,14.72,57.25,20.27,46.70
1778022000,7.19,10.50,8.25,20.33,44.41,14.76,57.20,20.50,46.63
1778022002,7.19,10.75,8.25,20.48,44.41,14.76,57.16,20.51,46.59
1778022004,7.13,10.75,8.75,20.39,44.38,14.75,57.11,20.33,46.54
1778022005,7.19,10.75,8.25,20.40,44.41,14.76,57.09,20.40,46.59
1778022007,7.13,11.25,8.50,20.26,44.45,14.83,57.10,20.60,46.74
1778022008,7.13,11.00,8.50,20.51,44.53,14.70,57.08,20.27,46.81
1778022010,7.13,10.75,8.25,20.37,44.55,14.76,57.11,20.58,46.98
1778022012,7.13,10.75,8.25,20.85,44.62,14.81,57.10,20.35,46.96
1778022013,7.13,11.00,8.25,20.31,44.49,14.70,57.09,20.16,46.88
1778022015,7.13,10.50,8.50,20.36,44.43,14.83,57.13,20.05,46.81
1778022016,7.13,10.75,8.25,20.53,44.42,14.80,57.15,20.24,46.84
1778022018,7.06,11.00,8.75,20.36,44.36,14.76,57.18,20.29,46.92
1778022020,7.13,10.75,8.25,20.90,44.42,14.72,57.22,20.35,47.05
1778022021,7.13,10.75,8.00,20.62,44.39,14.87,57.25,20.08,47.10
1778022023,7.13,10.25,8.75,20.36,44.36,14.77,57.25,19.97,47.12
1778022024,7.13,10.75,8.75,20.95,44.45,14.78,57.25,20.12,47.07
1778022026,7.13,10.75,8.25,20.54,44.37,14.83,57.27,20.33,47.14
1778022028,7.13,10.25,8.00,20.52,44.37,14.80,57.23,20.03,47.10
1778022029,7.13,11.25,8.00,20.80,44.42,14.76,57.21,20.29,47.02
1778022031,7.06,10.50,8.50,20.18,44.30,14.97,57.22,19.90,46.87
1778022032,7.06,10.75,8.50,20.50,44.37,14.80,57.14,20.23,46.91
1778022034,7.06,10.25,8.50,20.48,44.40,14.88,57.12,20.13,46.96
1778022036,7.06,11.25,8.25,20.77,44.50,14.83,57.13,20.56,47.01
1778022037,7.06,10.75,8.50,20.43,44.46,14.98,57.13,20.70,46.97
1778022039,7.06,10.75,8.75,20.41,44.44,14.83,57.08,20.29,46.87
1778022040,7.13,11.00,8.75,20.37,44.39,14.90,57.10,20.14,46.72
1778022042,7.13,11.25,8.75,20.28,44.36,14.76,57.04,20.20,46.73
1778022044,7.13,10.75,8.75,20.45,44.41,15.04,57.04,20.12,46.81
1778022045,7.13,10.75,8.50,20.58,44.48,14.86,56.97,20.31,46.98
1778022047,7.13,10.75,8.25,20.29,44.46,14.83,56.92,20.44,47.10
1778022049,7.13,10.75,8.50,20.44,44.46,14.97,56.92,20.73,47.17
1778022050,7.13,10.75,8.50,20.47,44.44,14.85,56.89,20.38,47.16
1778022052,7.13,11.00,8.50,20.77,44.47,14.83,56.89,20.34,47.20
1778022053,7.06,10.75,8.75,20.46,44.40,14.83,56.88,20.61,47.23
1778022055,7.13,10.75,7.75,20.62,44.41,14.94,56.88,20.03,47.03
1778022057,7.13,11.00,8.25,20.59,44.39,14.91,56.87,20.23,47.02
1778022058,7.13,10.50,8.25,20.26,44.33,14.87,56.84,20.14,46.98
1778022060,7.13,10.25,8.25,20.62,44.35,14.93,56.82,19.95,46.94
1778022061,7.13,10.75,8.75,20.71,44.35,14.92,56.79,19.79,46.99
1778022063,7.13,11.00,8.25,20.51,44.29,14.96,56.78,20.10,47.10
1778022065,7.06,10.25,8.25,20.38,44.25,14.91,56.77,20.17,47.09
1778022066,7.06,10.75,8.00,20.44,44.27,14.87,56.72,20.28,47.08
1778022068,7.06,11.00,8.00,20.82,44.31,14.82,56.66,20.21,47.06
1778022069,7.13,11.00,8.50,20.49,44.24,14.89,56.64,20.37,47.04
1778022071,7.06,10.75,8.50,20.75,44.28,14.86,56.61,20.31,47.03
1778022073,7.13,10.50,8.00,20.39,44.24,14.77,56.61,19.91,47.03
1778022074,7.25,10.75,8.25,20.85,44.30,14.83,56.62,20.42,47.21
1778022076,7.31,10.75,8.25,20.33,44.24,14.87,56.66,20.29,47.37
1778022077,7.38,10.75,8.50,20.13,44.22,14.94,56.70,20.25,47.52
1778022079,7.38,11.00,8.25,20.27,44.28,14.83,56.73,20.20,47.60
1778022081,7.31,10.75,8.50,20.37,44.32,14.83,56.74,20.40,47.57
1778022082,7.25,10.50,8.50,20.35,44.38,14.81,56.73,20.87,47.52
1778022084,7.25,11.00,8.50,20.33,44.39,14.83,56.72,19.97,47.28
1778022085,7.25,10.50,8.50,20.51,44.38,14.78,56.70,20.17,47.22
1778022087,7.19,11.25,8.50,20.58,44.38,14.91,56.75,20.70,47.26
1778022089,7.19,10.75,8.25,20.54,44.33,14.96,56.78,20.55,47.16
1778022090,7.19,10.50,8.50,20.59,44.30,14.94,56.77,20.30,47.09
1778022092,7.13,10.75,8.25,20.24,44.23,14.82,56.73,20.16,46.96
1778022093,7.13,10.75,8.75,20.38,44.23,15.01,56.74,20.15,46.79
1778022095,7.13,10.75,7.75,20.48,44.22,14.83,56.68,20.25,46.78
1778022097,7.13,11.25,8.50,20.73,44.24,14.87,56.62,20.37,46.84
1778022098,7.06,10.50,8.50,20.55,44.21,14.82,56.54,20.20,46.87
1778022100,7.00,11.25,8.50,20.57,44.21,14.80,56.52,20.22,46.80
1778022102,7.06,10.75,8.50,20.43,44.18,14.75,56.51,20.35,46.72
1778022103,7.00,11.00,8.25,20.72,44.25,14.76,56.51,20.15,46.67
1778022105,7.00,10.50,8.25,20.35,44.20,14.75,56.48,20.33,46.67
1778022106,7.06,11.00,8.25,20.60,44.25,14.72,56.49,20.06,46.62
1778022108,7.00,10.50,8.25,20.35,44.21,14.70,56.51,19.94,46.57
1778022110,7.00,10.50,8.75,20.94,44.30,14.79,56.53,20.59,46.71
1778022111,7.00,10.25,8.25,20.51,44.25,14.82,56.55,20.52,46.67
1778022113,6.94,10.25,8.25,20.89,44.32,14.76,56.57,20.04,46.61
1778022114,7.00,10.50,8.25,20.40,44.26,14.74,56.59,20.11,46.66
1778022116,6.94,11.00,8.75,20.46,44.24,14.70,56.61,20.17,46.70
1778022118,6.94,10.50,8.25,20.51,44.25,14.72,56.62,19.98,46.76
1778022119,6.94,10.50,8.00,20.91,44.29,14.72,56.64,20.12,46.77
1778022121,6.94,10.75,8.50,20.51,44.25,14.75,56.64,20.05,46.73
1778022122,6.94,11.00,8.75,20.83,44.34,14.76,56.68,19.99,46.76
1778022124,7.00,10.75,8.75,20.38,44.28,14.75,56.68,20.50,46.97
1778022126,7.00,10.75,8.25,20.55,44.33,14.72,56.71,20.33,47.02
1778022127,7.00,10.75,8.00,20.44,44.31,14.69,56.74,19.99,47.05
1778022129,7.00,11.00,8.50,20.52,44.34,14.67,56.77,20.23,47.17
1778022130,6.94,11.50,8.75,20.64,44.40,14.70,56.82,20.61,47.30
1778022132,7.00,11.25,8.00,20.56,44.44,14.87,56.89,19.84,47.19
1778022134,7.00,10.75,8.50,20.94,44.55,14.80,56.92,20.48,47.33
1778022135,7.00,11.00,8.75,20.41,44.51,14.78,56.91,20.20,47.30
1778022137,7.00,10.75,8.75,20.51,44.57,14.87,56.95,20.26,47.34
1778022138,7.06,10.50,8.75,20.50,44.59,14.76,56.98,19.95,47.30
1778022140,7.13,11.00,8.75,20.48,44.62,14.77,57.01,20.13,47.39
1778022142,7.13,11.25,8.50,20.40,44.62,14.80,57.03,20.44,47.50
1778022143,7.13,11.00,8.00,20.35,44.61,14.83,57.06,20.06,47.37
1778022145,7.13,10.50,8.50,20.51,44.61,14.94,57.07,20.69,47.30
1778022147,7.13,10.25,8.75,20.52,44.54,14.86,57.09,20.32,47.10
1778022148,7.13,10.75,8.75,20.74,44.54,14.76,57.04,20.08,46.98
1778022150,7.13,10.75,8.75,20.36,44.45,15.03,57.05,20.72,47.08
1778022151,7.06,10.50,8.50,20.57,44.44,14.81,56.97,20.80,47.16
1778022153,7.06,10.75,8.50,20.76,44.45,14.87,56.90,19.94,47.07
1778022155,7.06,10.75,8.00,20.40,44.37,14.92,56.88,20.19,47.14
1778022156,7.06,10.75,8.25,20.55,44.39,14.94,56.85,20.55,47.23
1778022158,7.00,10.50,8.50,20.48,44.36,14.91,56.80,20.12,47.18
1778022159,7.00,10.75,8.25,20.67,44.37,14.94,56.78,19.98,47.07
1778022161,7.00,10.75,8.25,20.37,44.35,14.81,56.75,20.47,47.05
1778022163,7.00,11.00,8.50,20.63,44.35,14.94,56.75,20.15,46.88
1778022164,7.00,10.75,7.75,20.39,44.32,14.83,56.73,20.57,46.79
1778022166,7.00,10.75,8.50,20.94,44.37,14.92,56.74,20.58,46.63
1778022167,7.06,11.00,8.50,20.61,44.29,14.91,56.71,20.78,46.52
1778022169,7.00,10.75,8.50,20.34,44.23,14.86,56.66,19.87,46.30
1778022171,7.00,10.75,8.25,20.88,44.30,14.98,56.64,20.13,46.29
1778022172,7.00,11.00,8.25,20.72,44.25,14.85,56.58,20.16,46.28
1778022174,6.94,10.50,8.50,20.48,44.18,14.78,56.53,20.01,46.23
1778022175,6.94,11.00,8.00,20.27,44.15,14.75,56.50,20.64,46.32
1778022177,7.00,10.75,8.50,20.35,44.15,14.77,56.52,20.40,46.26
1778022179,6.94,11.00,8.25,20.55,44.17,14.87,56.55,20.20,46.26
1778022180,6.94,11.00,8.25,20.59,44.20,14.76,56.55,20.21,46.35
1778022182,6.94,11.25,8.50,20.37,44.15,14.83,56.54,20.33,46.42
1778022183,6.94,11.25,8.25,20.39,44.15,14.83,56.53,20.23,46.40
1778022185,7.00,11.00,8.75,20.74,44.20,14.78,56.52,20.66,46.47
1778022187,7.00,11.00,8.25,20.59,44.16,14.79,56.55,20.51,46.51
1778022188,7.00,10.75,8.25,20.51,44.14,14.86,56.54,20.13,46.47
1778022190,7.00,10.75,8.25,20.62,44.11,14.79,56.51,19.91,46.46
1778022191,7.00,11.25,8.50,20.29,44.06,14.78,56.53,20.35,46.54
1778022193,7.00,11.25,8.75,20.38,44.08,14.78,56.57,20.05,46.43
1778022195,7.06,11.00,8.25,20.37,44.06,14.86,56.63,20.17,46.49
1778022196,7.00,11.00,8.75,20.80,44.08,14.89,56.71,19.90,46.42
1778022198,7.06,10.50,8.50,20.31,43.98,14.85,56.76,20.30,46.54
1778022200,7.06,11.00,8.50,20.63,44.02,14.91,56.82,20.01,46.61
1778022201,7.06,10.75,8.25,20.20,43.97,14.91,56.88,20.04,46.66
1778022203,7.06,11.00,8.25,20.87,44.10,14.92,56.89,20.24,46.67
1778022204,7.06,10.75,8.50,20.50,44.08,14.93,56.94,20.04,46.59
1778022206,7.13,10.75,8.50,20.67,44.14,14.94,56.93,19.91,46.51
1778022208,7.13,10.75,8.50,20.37,44.13,15.04,56.97,19.91,46.55
1778022209,7.06,10.75,8.50,20.35,44.16,15.09,56.97,20.09,46.71
1778022211,7.13,10.75,8.50,20.53,44.19,15.06,56.95,20.15,46.81
1778022212,7.06,11.00,8.50,20.38,44.19,14.96,56.88,19.91,46.79
1778022214,7.06,11.00,8.75,20.87,44.27,14.99,56.83,19.71,46.68
1778022216,7.13,11.00,8.25,20.39,44.20,15.02,56.83,20.00,46.63
1778022217,7.06,11.00,8.50,20.48,44.21,15.05,56.83,20.11,46.58
1778022219,7.13,11.00,8.25,20.38,44.21,15.05,56.82,19.91,46.50
1778022220,7.13,10.50,8.75,20.39,44.22,15.05,56.77,20.28,46.56
1778022222,7.13,11.25,8.00,20.51,44.22,15.03,56.75,19.97,46.53
1778022224,7.13,11.00,8.00,20.74,44.26,14.95,56.70,20.01,46.55
1778022225,7.06,11.00,8.50,20.35,44.19,15.02,56.69,20.40,46.64
1778022227,7.13,10.50,8.50,20.94,44.26,15.12,56.66,20.08,46.64
1778022228,7.13,10.75,8.25,20.45,44.16,15.03,56.59,20.19,46.77
1778022230,7.13,11.00,8.50,20.66,44.15,14.87,56.51,20.51,46.96
1778022232,7.13,11.00,8.50,20.16,44.07,15.02,56.51,19.83,46.90
1778022233,7.13,10.75,8.25,20.34,44.09,14.93,56.46,19.77,46.86
1778022235,7.13,10.50,8.00,20.50,44.11,15.11,56.46,19.73,46.80
1778022236,7.13,11.00,8.25,20.49,44.10,15.09,56.42,20.11,46.80
1778022238,7.13,10.75,8.50,20.33,44.12,15.15,56.38,19.97,46.74
1778022240,7.06,11.00,8.50,20.37,44.19,15.15,56.35,20.10,46.80
1778022241,7.00,11.00,8.00,20.48,44.30,15.11,56.25,20.06,46.81
1778022243,7.06,10.75,8.25,20.87,44.39,15.09,56.19,20.16,46.76
1778022244,7.00,10.75,8.00,20.52,44.32,15.10,56.14,20.29,46.70
1778022246,7.06,11.00,8.50,20.34,44.28,15.01,56.07,20.02,46.63
1778022248,7.00,11.00,8.50,20.85,44.35,14.88,56.00,20.19,46.70
1778022249,7.00,10.75,8.50,20.37,44.28,15.02,55.98,19.59,46.72
1778022251,7.00,10.75,8.00,20.38,44.31,14.97,55.98,20.03,46.92
1778022253,7.06,10.75,8.25,20.81,44.39,15.10,55.99,20.09,46.98
1778022254,7.13,10.50,8.25,20.32,44.30,14.92,55.94,20.31,46.95
1778022256,7.00,11.00,8.50,20.51,44.31,14.96,55.98,20.26,46.82
1778022257,7.00,11.00,8.50,20.64,44.29,14.98,56.04,20.05,46.68
1778022259,7.06,10.75,8.50,20.55,44.26,14.99,56.07,19.95,46.62
1778022261,7.06,10.75,8.50,20.27,44.19,15.02,56.13,19.62,46.66
1778022262,7.06,10.75,8.50,20.48,44.22,14.95,56.14,20.11,46.82
1778022264,7.06,11.00,8.50,20.70,44.23,14.94,56.17,20.19,46.81
1778022265,7.00,10.75,8.50,20.30,44.17,14.98,56.19,19.75,46.64
1778022267,7.06,10.75,8.50,20.50,44.20,15.10,56.23,20.21,46.65
1778022269,7.00,11.25,8.50,20.74,44.22,14.96,56.21,19.87,46.53
1778022270,7.06,10.75,8.50,20.34,44.17,15.07,56.25,19.73,46.54
1778022272,7.00,10.50,7.75,20.28,44.18,15.02,56.24,20.08,46.64
1778022273,7.00,10.75,8.00,20.64,44.25,15.02,56.23,20.26,46.71
1778022275,7.00,10.75,8.50,20.44,44.20,15.05,56.24,19.66,46.60
1778022277,7.00,10.50,8.00,20.34,44.18,15.02,56.24,19.78,46.57
1778022278,7.00,11.00,8.50,20.68,44.26,15.05,56.26,20.05,46.56
1778022280,7.00,10.75,8.00,20.44,44.22,15.10,56.27,20.28,46.55
1778022281,7.00,10.75,8.50,20.92,44.30,15.12,56.30,19.96,46.48
1778022283,7.00,11.00,8.50,20.66,44.26,15.03,56.30,19.94,46.45
1778022285,7.00,10.75,8.00,20.44,44.24,15.04,56.33,20.00,46.45
1778022286,7.00,10.75,8.75,20.91,44.30,15.17,56.35,20.11,46.50
1778022288,7.00,11.00,8.50,20.72,44.28,15.05,56.31,19.97,46.48
1778022289,7.00,11.00,8.50,20.40,44.23,15.09,56.29,20.29,46.51
1778022291,7.00,10.75,8.50,20.23,44.21,15.11,56.28,20.24,46.51
1778022293,7.00,11.25,8.25,20.48,44.25,15.08,56.24,19.95,46.53
1778022294,7.06,10.75,8.25,20.49,44.27,15.05,56.23,19.69,46.55
1778022296,7.06,11.00,8.50,20.34,44.32,15.06,56.21,20.08,46.73
1778022297,7.00,10.50,8.50,20.30,44.35,15.03,56.19,19.94,46.84
1778022299,7.00,10.75,8.50,20.49,44.43,14.98,56.13,20.31,46.99
1778022301,7.00,10.50,8.50,20.43,44.41,15.03,56.12,20.10,46.96
1778022302,7.06,10.75,8.25,20.27,44.35,15.08,56.11,20.17,46.95
1778022304,7.00,10.75,8.50,20.90,44.42,15.10,56.11,20.12,46.88
1778022306,7.00,11.00,8.50,20.34,44.31,14.95,56.09,20.16,46.83
1778022307,7.00,10.50,8.50,20.18,44.24,14.87,56.08,20.27,46.83
1778022309,7.00,10.75,7.75,20.43,44.27,14.97,56.09,19.78,46.76
1778022310,7.00,10.50,7.75,20.37,44.24,15.05,56.11,20.10,46.84
1778022312,7.00,10.75,8.50,20.50,44.26,15.06,56.14,20.10,46.81
1778022314,6.94,10.75,8.50,20.38,44.25,14.95,56.13,20.03,46.74
1778022315,6.94,10.50,8.50,20.33,44.21,14.99,56.19,20.15,46.71
1778022317,6.94,11.00,8.25,20.66,44.25,14.98,56.19,20.27,46.68
1778022318,6.94,10.75,8.50,20.47,44.20,15.04,56.19,19.72,46.51
1778022320,7.00,10.50,8.00,20.51,44.21,15.04,56.20,19.91,46.47
1778022322,6.94,10.50,8.25,20.58,44.21,15.00,56.19,20.24,46.44
1778022323,6.94,10.75,8.50,20.81,44.23,15.14,56.21,20.05,46.39
1778022325,6.94,10.75,8.00,20.33,44.16,15.04,56.21,20.18,46.38
1778022326,6.94,10.25,8.00,20.50,44.17,14.99,56.19,20.20,46.35
1778022328,6.94,10.50,8.50,20.94,44.24,15.01,56.18,20.05,46.35
1778022330,6.94,10.75,8.75,20.38,44.18,15.12,56.18,19.90,46.37
1778022331,6.94,11.00,8.25,20.84,44.25,15.15,56.17,20.27,46.48
1778022333,6.94,10.75,8.50,20.49,44.23,14.98,56.13,20.01,46.60
1778022334,7.00,11.00,8.50,20.61,44.30,14.96,56.13,19.97,46.79
1778022336,6.94,10.50,8.50,20.51,44.34,15.07,56.14,19.76,46.96
1778022338,7.00,11.00,8.50,20.37,44.33,15.07,56.15,20.10,47.10
1778022339,7.00,10.25,7.75,20.35,44.31,15.15,56.17,19.67,46.99
1778022341,7.00,11.00,8.50,20.22,44.26,14.92,56.10,20.08,47.02
1778022342,7.00,10.75,8.25,20.40,44.26,14.94,56.10,20.05,47.06
1778022344,7.00,10.75,8.25,20.34,44.24,15.02,56.12,20.21,47.10
1778022346,7.00,10.75,8.50,20.29,44.25,14.88,56.09,20.13,47.09
1778022347,7.13,10.75,8.25,20.25,44.25,14.97,56.09,19.66,47.16
1778022349,7.19,10.50,8.25,20.42,44.32,14.94,56.11,20.15,47.48
1778022350,7.25,11.00,8.50,20.24,44.33,14.94,56.10,20.02,47.69
1778022352,7.31,10.50,8.50,20.42,44.39,14.95,56.07,19.80,47.84
1778022354,7.25,10.75,8.50,20.10,44.40,14.87,56.07,20.26,47.98
1778022355,7.25,10.50,8.50,20.24,44.49,14.87,56.05,20.35,47.97
1778022357,7.25,11.00,8.50,20.38,44.52,15.00,56.08,20.29,47.97
1778022359,7.19,10.75,7.75,20.47,44.48,14.98,56.08,20.01,47.93
1778022360,7.13,10.50,8.50,20.40,44.42,14.94,56.08,20.00,47.83
1778022362,7.06,10.50,8.00,20.70,44.43,14.90,56.08,19.92,47.67
1778022363,7.06,11.00,8.50,20.40,44.37,15.02,56.14,19.70,47.56
1778022365,7.00,10.75,8.00,20.41,44.34,14.90,56.16,20.23,47.65
1778022367,7.00,11.00,8.25,20.47,44.35,15.09,56.19,20.37,47.69
1778022368,7.00,10.50,8.50,20.43,44.36,15.03,56.20,20.22,47.66
1778022370,7.00,11.00,8.50,20.38,44.39,15.05,56.21,20.00,47.59
1778022371,7.00,10.75,8.50,20.71,44.39,15.04,56.24,19.66,47.57
1778022373,7.00,10.75,8.50,20.37,44.32,15.00,56.26,19.91,47.59
1778022375,6.94,10.75,8.75,20.30,44.24,15.04,56.27,20.27,47.63
1778022376,6.94,11.00,8.50,20.40,44.27,15.05,56.28,20.06,47.48
1778022378,6.94,11.00,8.50,20.52,44.27,15.05,56.28,20.03,47.33
1778022379,6.88,11.00,8.75,20.46,44.25,14.92,56.22,19.70,47.28
1778022381,6.88,10.75,8.75,20.37,44.24,15.06,56.23,19.73,47.36
1778022383,6.88,11.25,8.75,20.48,44.26,15.08,56.24,20.01,47.38
1778022384,6.88,10.50,8.50,20.40,44.26,14.94,56.22,20.18,47.32
1778022386,6.88,10.50,8.75,20.44,44.28,14.87,56.22,19.72,47.22
1778022387,7.00,10.75,8.50,20.29,44.30,15.05,56.31,19.71,47.29
1778022389,7.00,10.50,8.50,20.39,44.39,14.93,56.36,19.59,47.46
1778022391,7.06,11.00,8.75,20.66,44.51,14.82,56.40,20.30,47.70
1778022392,7.06,10.75,8.75,20.44,44.52,15.05,56.49,20.12,47.76
1778022394,7.13,11.00,8.50,20.40,44.55,14.83,56.46,19.61,47.70
1778022395,7.13,11.00,9.00,20.67,44.60,14.95,56.54,20.01,47.80
1778022397,7.13,11.00,8.25,20.49,44.58,14.91,56.57,20.15,47.82
1778022399,7.13,11.00,8.75,20.53,44.62,14.91,56.60,19.79,47.73
1778022400,7.13,10.50,8.75,20.39,44.63,14.97,56.62,19.83,47.64
1778022402,7.19,11.00,8.25,20.54,44.69,14.94,56.62,20.31,47.61
1778022404,7.25,11.25,8.75,20.53,44.65,14.98,56.63,19.94,47.40
1778022405,7.25,11.00,8.50,20.15,44.55,14.88,56.60,20.30,47.36
1778022407,7.19,11.00,8.50,20.27,44.56,14.92,56.57,19.90,47.28
1778022408,7.19,10.75,8.75,20.85,44.64,14.91,56.57,20.16,47.43
1778022410,7.19,10.75,9.00,20.42,44.60,14.93,56.56,19.95,47.47
1778022412,7.19,11.25,8.50,20.32,44.57,14.93,56.55,20.51,47.58
1778022413,7.25,11.00,8.75,20.28,44.55,14.95,56.55,19.95,47.39
1778022415,7.25,11.25,8.50,20.48,44.60,14.92,56.53,19.97,47.24
1778022416,7.25,11.25,8.50,20.62,44.67,15.05,56.56,19.66,47.11
1778022418,7.25,11.00,8.50,20.88,44.77,15.19,56.60,20.15,47.14
1778022420,7.25,11.25,9.00,20.39,44.76,14.93,56.58,20.19,47.14
1778022421,7.25,10.75,8.75,20.42,44.83,14.97,56.55,19.94,47.15
1778022423,7.25,11.00,9.00,20.35,44.87,14.94,56.55,19.83,47.12
1778022424,7.31,10.75,9.00,20.31,44.84,15.08,56.53,20.20,47.16
1778022426,7.25,10.75,8.75,20.38,44.80,15.10,56.50,19.96,47.04
1778022428,7.19,11.25,8.50,20.66,44.73,15.13,56.45,19.82,47.00
1778022429,7.19,10.75,8.75,20.40,44.62,14.95,56.36,20.00,47.02
1778022431,7.19,10.75,8.75,20.51,44.55,14.94,56.33,20.00,47.00
1778022432,7.19,11.00,8.50,20.51,44.48,15.05,56.32,19.83,47.02
1778022434,7.19,11.25,8.50,20.34,44.40,15.02,56.28,20.25,47.17
1778022436,7.25,10.50,8.50,20.89,44.45,15.02,56.28,20.18,47.27
1778022437,7.19,10.75,8.50,20.48,44.35,14.88,56.27,20.02,47.34
1778022439,7.13,11.25,8.25,20.66,44.36,15.01,56.29,20.02,47.32
1778022440,7.13,11.00,8.50,20.48,44.29,14.92,56.27,19.60,47.22
1778022442,7.19,10.75,8.50,20.33,44.24,15.09,56.28,19.54,47.13
1778022444,7.13,11.00,8.75,20.37,44.22,14.96,56.22,19.68,47.06
1778022445,7.13,10.50,8.50,20.51,44.23,14.85,56.20,19.98,47.00
1778022447,7.13,10.75,8.50,20.85,44.25,14.91,56.19,19.60,46.86
1778022448,7.13,10.50,8.50,20.29,44.15,14.86,56.19,19.73,46.80
1778022450,7.06,11.00,8.50,20.48,44.17,14.87,56.21,19.98,46.79
1778022452,7.06,10.75,8.50,20.70,44.19,14.88,56.21,19.92,46.74
1778022453,7.06,10.75,8.25,20.25,44.12,14.83,56.20,19.72,46.67
1778022455,7.00,10.75,8.50,20.48,44.12,14.83,56.24,20.05,46.69
1778022456,7.06,10.75,8.00,20.44,44.10,15.00,56.29,19.66,46.65
1778022458,7.06,11.25,8.50,20.55,44.09,14.87,56.30,20.13,46.82
1778022460,7.00,10.75,8.50,20.99,44.14,14.97,56.31,20.08,46.84
1778022461,7.00,10.75,8.75,20.64,44.07,14.96,56.32,20.01,46.80
1778022463,7.00,10.25,8.50,20.62,44.08,15.01,56.35,19.97,46.74
1778022465,7.00,10.50,8.00,20.77,44.11,14.81,56.28,20.15,46.87
1778022466,7.00,11.00,8.25,20.39,44.08,14.85,56.30,19.91,46.96
1778022468,7.06,10.75,8.25,20.41,44.06,14.95,56.32,20.14,47.05
1778022469,7.06,10.75,8.25,20.32,44.03,14.98,56.29,20.29,47.03
1778022471,7.00,10.75,8.25,20.48,44.05,14.91,56.28,20.12,46.91
1778022473,7.06,10.75,8.50,20.59,44.05,14.87,56.29,19.69,46.80
1778022474,7.00,11.00,8.25,20.40,43.99,15.00,56.32,19.58,46.74
1778022476,7.00,11.00,8.50,20.34,44.00,14.93,56.33,20.05,46.78
1778022477,6.94,10.75,8.50,20.66,44.03,14.89,56.34,19.62,46.65
1778022479,7.00,11.00,8.00,20.34,43.98,14.96,56.37,19.91,46.62
1778022481,7.00,10.75,8.50,20.52,44.01,14.91,56.34,20.15,46.67
1778022482,7.06,11.00,8.25,20.39,43.97,14.87,56.30,19.52,46.60
1778022484,7.00,10.75,8.50,20.44,43.99,14.96,56.29,19.84,46.71
1778022485,7.00,10.50,8.50,20.38,44.01,14.92,56.26,20.00,46.83
1778022487,7.00,10.75,8.00,20.45,44.01,14.96,56.29,20.02,46.92
1778022489,7.00,10.75,8.00,20.36,44.01,14.83,56.28,19.64,46.93
1778022490,7.06,10.75,8.50,20.39,44.03,14.87,56.30,20.19,47.13
1778022492,7.00,10.50,8.50,20.31,44.03,15.05,56.36,19.68,47.07
1778022493,7.00,10.50,8.50,20.79,44.08,14.96,56.39,19.67,47.04
1778022495,7.00,11.00,8.25,20.56,44.06,14.95,56.41,19.81,47.10
1778022497,7.00,10.50,8.50,20.61,44.08,14.98,56.42,19.62,47.04
1778022498,7.00,10.50,8.50,20.75,44.10,14.93,56.41,19.80,47.08
1778022500,7.00,11.00,8.50,20.37,44.10,14.89,56.40,20.22,47.25
1778022501,7.06,10.50,8.50,20.58,44.21,14.98,56.40,20.59,47.48
1778022503,7.06,11.00,8.50,20.71,44.28,14.98,56.40,19.83,47.52
1778022505,7.19,10.00,8.25,20.27,44.30,14.93,56.40,20.01,47.70
1778022506,7.25,11.00,8.50,20.50,44.40,14.98,56.39,19.66,47.78
1778022508,7.25,10.50,8.50,20.48,44.47,14.86,56.38,19.78,47.95
1778022510,7.38,10.50,8.75,20.44,44.51,15.02,56.41,20.09,48.07
1778022511,7.38,10.50,8.25,20.88,44.61,15.02,56.39,20.28,48.21
1778022513,7.44,10.75,8.25,20.34,44.53,15.04,56.39,20.01,48.25
1778022514,7.44,10.75,8.75,20.60,44.58,14.91,56.34,20.33,48.36
1778022516,7.44,10.50,8.50,20.72,44.59,14.97,56.32,20.12,48.33
1778022518,7.50,10.75,8.75,20.48,44.53,15.08,56.34,20.04,48.33
1778022519,7.56,10.75,8.25,20.52,44.55,15.01,56.33,20.58,48.48
1778022521,7.56,11.00,8.50,20.44,44.53,15.08,56.33,19.92,48.44
1778022522,7.56,11.25,8.50,20.40,44.52,14.98,56.29,19.97,48.44
1778022524,7.44,10.75,8.75,20.72,44.53,14.98,56.30,20.25,48.34
1778022526,7.44,10.50,7.75,20.40,44.41,14.98,56.30,20.07,48.16
1778022527,7.38,10.75,8.25,20.54,44.38,14.94,56.29,19.86,47.98
1778022529,7.31,10.75,8.50,20.55,44.35,14.92,56.29,20.18,47.82
1778022530,7.38,10.50,8.50,20.49,44.31,14.92,56.28,20.40,47.70
1778022532,7.38,10.50,8.75,20.48,44.28,15.00,56.26,20.24,47.55
1778022534,7.25,11.00,8.00,20.37,44.25,15.05,56.25,20.25,47.48
1778022535,7.25,10.75,8.50,20.35,44.24,14.91,56.23,19.73,47.37
1778022537,7.25,10.75,8.25,20.30,44.22,14.94,56.22,19.86,47.36
1778022538,7.25,10.75,8.25,20.67,44.25,14.91,56.21,20.16,47.35
1778022540,7.25,10.75,8.50,20.57,44.23,14.92,56.20,20.44,47.39
1778022542,7.19,10.50,8.50,20.22,44.22,14.87,56.17,20.05,47.35
1778022543,7.13,10.75,8.25,20.34,44.24,14.93,56.17,20.25,47.36
1778022545,7.13,10.75,8.50,20.62,44.26,14.87,56.17,20.30,47.39
1778022546,7.13,10.25,8.00,20.27,44.18,14.88,56.17,19.75,47.20
1778022548,7.13,10.75,8.50,20.45,44.23,14.91,56.20,20.28,47.16
1778022550,7.13,11.25,8.50,20.47,44.24,14.90,56.21,20.02,46.97
1778022551,7.06,10.50,8.25,20.28,44.22,14.82,56.21,19.82,46.81
1778022553,7.06,11.00,8.50,20.32,44.24,14.88,56.21,20.09,46.81
1778022554,7.06,11.00,8.25,20.55,44.28,14.83,56.22,20.22,46.79
1778022556,7.06,10.75,8.25,20.83,44.31,14.88,56.23,20.25,46.74
1778022558,7.06,10.50,8.50,20.92,44.30,14.83,56.25,19.75,46.67
1778022559,7.00,10.75,8.50,20.45,44.24,14.87,56.23,20.23,46.89
1778022561,6.94,10.75,8.00,20.71,44.25,14.78,56.26,19.70,46.95
1778022563,7.00,11.00,8.50,20.37,44.19,14.88,56.30,20.12,47.14
1778022564,6.94,11.25,8.25,20.50,44.19,14.76,56.28,20.09,47.23
1778022566,7.00,11.00,8.25,20.40,44.15,14.80,56.33,19.99,47.20
1778022567,7.00,10.50,8.25,20.55,44.16,14.67,56.33,20.44,47.20
1778022569,6.94,11.00,7.50,20.33,44.11,14.72,56.40,19.76,47.04
1778022571,6.94,11.00,7.75,20.48,44.12,14.62,56.40,20.17,47.01
1778022572,6.94,10.50,8.50,20.57,44.13,14.65,56.42,19.97,46.94
1778022574,6.94,11.00,8.50,20.85,44.18,14.76,56.50,20.16,47.04
1778022575,6.88,11.00,8.50,20.58,44.14,14.86,56.57,20.08,46.99
1778022577,6.94,10.75,8.50,20.48,44.16,14.77,56.60,19.99,46.89
1778022579,6.94,10.50,8.25,20.55,44.19,14.75,56.64,20.08,46.83
1778022580,7.00,11.25,7.75,20.26,44.16,14.80,56.66,20.20,46.81
1778022582,6.94,10.50,8.50,20.33,44.19,14.87,56.70,20.14,46.74
1778022583,6.94,10.50,8.50,20.39,44.22,14.83,56.69,20.17,46.63
1778022585,6.88,11.00,8.00,20.29,44.26,14.87,56.68,19.85,46.50
1778022587,6.88,11.25,8.50,20.29,44.28,14.86,56.68,20.19,46.58
1778022588,6.94,10.75,8.25,20.40,44.34,14.76,56.60,20.03,46.68
1778022590,6.94,10.75,8.50,20.48,44.42,14.82,56.62,20.19,46.94
1778022591,7.00,10.75,8.50,20.35,44.46,14.92,56.62,20.17,47.18
1778022593,7.06,11.25,8.50,20.26,44.51,14.79,56.57,20.19,47.42
1778022595,7.19,10.75,8.00,20.32,44.55,14.81,56.55,19.95,47.57
1778022596,7.25,10.25,8.50,20.51,44.62,14.76,56.53,20.19,47.79
1778022598,7.31,11.00,8.50,20.38,44.64,14.78,56.51,20.03,47.92
1778022599,7.38,11.00,8.75,20.61,44.77,14.77,56.51,20.50,48.09
1778022601,7.38,11.25,8.50,20.51,44.81,14.86,56.51,20.05,47.93
1778022603,7.31,10.75,8.25,20.24,44.76,14.74,56.53,20.48,47.81
1778022604,7.31,11.25,8.25,20.29,44.78,14.78,56.54,20.44,47.61
1778022606,7.25,11.25,8.25,20.19,44.73,14.78,56.56,20.03,47.36
1778022607,7.25,10.75,8.50,20.40,44.71,14.83,56.57,20.18,47.24
1778022609,7.31,11.00,8.25,20.42,44.67,14.83,56.57,20.40,47.22
1778022611,7.38,11.00,8.75,20.51,44.69,14.83,56.59,20.59,47.31
1778022612,7.38,10.75,8.50,20.59,44.72,14.83,56.58,20.11,47.39
1778022614,7.38,11.00,8.25,20.40,44.68,14.85,56.55,20.59,47.53
1778022616,7.31,10.75,8.25,20.46,44.66,14.89,56.52,20.42,47.49
1778022617,7.38,11.25,8.50,20.37,44.63,15.02,56.54,20.15,47.35
1778022619,7.25,11.25,8.50,20.26,44.61,14.78,56.49,20.11,47.21
1778022620,7.25,11.25,8.50,20.45,44.60,14.90,56.50,19.96,46.99
1778022622,7.31,11.00,8.25,20.49,44.54,14.90,56.49,20.27,46.85
1778022624,7.25,11.25,8.25,20.27,44.49,14.91,56.49,20.18,46.70
1778022625,7.19,11.00,8.25,20.34,44.45,14.79,56.47,20.12,46.63
1778022627,7.25,11.00,8.25,20.76,44.51,14.86,56.47,19.91,46.58
1778022628,7.25,11.00,8.25,20.48,44.44,15.01,56.48,20.08,46.58
1778022630,7.19,11.25,8.50,20.48,44.43,14.71,56.42,20.69,46.63
1778022632,7.13,11.00,8.00,20.59,44.45,14.75,56.40,20.89,46.61
1778022633,7.19,10.75,8.50,20.37,44.45,14.83,56.41,20.28,46.52
1778022635,7.25,11.00,8.25,20.40,44.47,15.05,56.47,20.08,46.54
1778022636,7.25,11.25,8.25,20.23,44.46,14.81,56.45,20.09,46.63
1778022638,7.25,11.25,8.25,20.38,44.50,14.83,56.48,20.06,46.76
1778022640,7.25,11.50,8.50,20.21,44.49,14.87,56.47,20.44,46.90
1778022641,7.25,11.25,8.50,20.43,44.54,14.72,56.43,20.16,46.91
1778022643,7.19,11.00,8.00,20.29,44.52,14.88,56.47,20.20,46.81
1778022644,7.25,11.25,8.25,20.47,44.53,14.73,56.47,20.61,46.77
1778022646,7.19,10.75,8.25,20.32,44.50,14.80,56.50,20.27,46.62
1778022648,7.13,11.00,8.50,20.40,44.46,14.80,56.50,20.51,46.55
1778022649,7.06,11.25,8.00,20.31,44.43,14.93,56.52,20.13,46.36
1778022651,7.13,11.00,8.50,20.21,44.37,14.83,56.47,20.55,46.34
1778022652,7.13,11.50,8.00,20.36,44.39,14.95,56.46,20.15,46.24
1778022654,7.13,10.75,8.25,20.38,44.40,14.97,56.42,20.16,46.31
1778022656,7.06,10.75,8.00,20.50,44.40,14.90,56.37,20.70,46.43
1778022657,7.13,10.75,8.25,20.29,44.34,14.87,56.34,19.98,46.31
1778022659,7.06,10.75,8.25,20.38,44.32,14.83,56.34,19.99,46.41
1778022660,7.06,10.75,8.50,20.37,44.34,14.78,56.31,19.91,46.49
1778022662,7.13,11.00,8.50,20.29,44.29,14.87,56.35,19.91,46.50
1778022664,7.25,11.00,8.25,20.19,44.29,14.72,56.34,20.12,46.65
1778022665,7.31,11.00,8.25,20.47,44.37,14.86,56.37,20.07,46.85
1778022667,7.38,11.00,8.00,20.27,44.38,14.77,56.39,20.49,47.13
1778022669,7.44,11.00,8.25,20.43,44.44,14.88,56.42,20.05,47.22
1778022670,7.50,11.00,8.25,20.27,44.42,14.72,56.41,20.65,47.45
1778022672,7.44,11.00,8.25,20.27,44.44,14.78,56.45,20.14,47.41
1778022673,7.44,11.00,8.50,20.24,44.46,14.72,56.45,20.09,47.32
1778022675,7.38,10.75,8.25,20.80,44.56,14.76,56.48,19.79,47.22
1778022677,7.31,11.00,8.75,20.57,44.56,14.72,56.49,20.05,47.24
1778022678,7.19,11.25,8.50,20.18,44.53,14.72,56.47,20.16,47.24
1778022680,7.25,10.75,8.25,20.61,44.58,14.74,56.50,20.16,47.24
1778022681,7.19,11.00,8.00,20.36,44.53,14.75,56.55,19.89,47.12
1778022683,7.19,10.75,8.00,20.26,44.51,14.79,56.56,20.12,47.05
1778022685,7.13,11.00,8.50,20.27,44.50,14.91,56.57,20.26,47.00
1778022686,7.13,10.75,8.00,20.43,44.47,14.79,56.57,20.52,47.02
1778022688,7.06,11.00,8.50,20.35,44.41,14.76,56.57,20.44,46.94
1778022689,7.00,11.00,8.00,20.25,44.36,14.80,56.56,20.12,46.84
1778022691,7.06,10.75,8.50,20.48,44.40,14.79,56.55,20.16,46.83
1778022693,7.06,10.50,8.25,20.17,44.33,14.72,56.49,19.83,46.71
1778022694,7.00,11.00,8.00,20.24,44.31,14.76,56.49,20.51,46.72
1778022696,7.00,11.00,8.25,20.56,44.34,14.72,56.52,20.51,46.67
1778022697,7.00,11.00,8.25,20.44,44.30,14.83,56.56,19.98,46.58
1778022699,6.94,11.25,8.25,20.55,44.30,14.72,56.56,20.00,46.57
1778022701,7.00,11.00,8.25,20.62,44.29,14.72,56.54,20.15,46.59
1778022702,7.00,11.00,8.50,20.29,44.23,14.72,56.53,19.76,46.55
1778022704,7.00,10.75,8.25,20.44,44.33,14.71,56.53,20.08,46.72
1778022705,7.06,10.75,8.00,20.27,44.34,14.72,56.52,20.20,46.88
1778022707,7.13,11.00,8.25,20.43,44.39,14.72,56.51,19.79,46.95
1778022709,7.13,11.00,8.25,20.27,44.41,14.72,56.52,20.15,47.07
1778022710,7.06,11.00,8.25,20.32,44.48,14.72,56.56,20.15,47.11
1778022712,7.06,10.75,8.50,20.54,44.53,14.78,56.59,20.55,47.13
1778022713,7.06,10.25,8.25,20.51,44.54,14.72,56.59,19.82,46.92
1778022715,7.00,10.50,8.00,20.51,44.49,14.76,56.63,20.31,46.85
1778022717,7.00,10.75,8.00,20.49,44.46,14.76,56.66,20.11,46.75
1778022718,7.00,11.00,8.50,20.36,44.42,14.73,56.65,20.58,46.78
1778022720,7.00,11.25,8.50,20.43,44.40,14.72,56.67,19.97,46.60
1778022722,7.00,11.25,8.50,20.32,44.34,14.78,56.70,20.19,46.58
1778022723,7.00,11.25,8.50,20.10,44.29,14.86,56.70,20.10,46.53
1778022725,7.00,11.00,8.25,20.44,44.32,14.81,56.69,20.39,46.59
1778022726,7.00,10.25,8.50,20.52,44.32,14.87,56.69,20.24,46.56
1778022728,7.00,10.75,8.75,20.48,44.27,14.78,56.66,19.95,46.46
1778022730,7.00,11.00,8.25,20.40,44.27,14.76,56.66,20.44,46.52
1778022731,7.00,10.75,8.50,20.24,44.25,14.78,56.64,20.32,46.59
1778022733,7.00,10.50,8.00,20.28,44.28,14.80,56.64,20.07,46.65
1778022734,7.06,10.75,8.25,20.54,44.35,14.80,56.62,19.85,46.77
1778022736,7.06,11.00,8.75,20.49,44.36,14.87,56.61,20.10,46.97
1778022738,7.06,11.00,8.50,20.48,44.36,14.79,56.59,19.88,47.05
1778022739,7.06,10.75,8.25,20.22,44.32,14.80,56.59,20.20,47.15
1778022741,7.06,10.75,8.25,20.49,44.36,14.82,56.59,19.87,47.02
1778022742,7.06,11.00,8.00,20.51,44.39,14.79,56.57,20.28,46.97
1778022744,7.06,10.75,8.75,20.59,44.36,14.78,56.58,20.15,46.83
1778022746,7.00,10.50,8.00,20.08,44.27,14.81,56.59,20.03,46.67
1778022747,7.06,11.00,8.50,20.36,44.29,14.78,56.58,19.73,46.52
1778022749,7.06,10.75,8.50,20.48,44.33,14.83,56.59,19.97,46.44
1778022750,7.00,10.50,8.00,20.38,44.28,14.80,56.58,20.32,46.41
1778022752,7.00,11.00,8.00,20.54,44.32,14.80,56.54,19.95,46.39
1778022754,7.00,11.00,8.25,20.31,44.31,14.77,56.48,20.54,46.58
1778022755,7.06,10.75,8.25,20.29,44.35,14.75,56.41,20.03,46.63
1778022757,7.06,10.75,8.50,20.44,44.39,14.91,56.39,20.16,46.69
1778022758,7.06,10.75,8.50,20.51,44.41,14.89,56.35,20.10,46.69
1778022760,7.06,10.75,8.25,20.35,44.41,15.00,56.36,20.12,46.81
1778022762,7.00,10.75,8.25,20.27,44.44,14.87,56.32,19.94,46.87
1778022763,7.00,10.75,7.75,20.48,44.49,14.96,56.34,20.03,46.89
1778022765,7.00,11.25,8.25,20.36,44.47,14.87,56.31,19.95,46.76
1778022766,6.94,10.50,8.00,20.30,44.42,14.98,56.31,20.02,46.64
1778022768,7.00,10.50,8.25,20.51,44.40,14.91,56.26,20.25,46.55
1778022770,7.00,11.00,8.00,20.23,44.28,14.89,56.23,20.20,46.50
1778022771,6.94,11.00,8.50,20.29,44.27,14.87,56.20,20.25,46.58
1778022773,7.00,10.75,8.25,20.26,44.23,14.83,56.18,19.95,46.57
1778022775,7.00,10.75,8.25,20.47,44.26,14.93,56.17,20.00,46.59
1778022776,7.13,10.75,8.25,20.49,44.29,14.89,56.15,20.16,46.75
1778022778,7.19,10.75,8.50,20.04,44.28,14.92,56.15,20.10,46.96
1778022779,7.25,10.50,8.50,20.44,44.41,14.91,56.14,20.18,47.21
1778022781,7.31,10.75,8.75,20.44,44.47,14.92,56.15,19.75,47.33
1778022783,7.38,10.25,8.25,20.85,44.58,14.83,56.17,20.02,47.50
1778022784,7.31,11.00,8.50,20.34,44.55,14.83,56.17,19.97,47.56
1778022786,7.31,10.75,8.50,20.47,44.59,15.01,56.23,20.19,47.61
1778022787,7.31,11.00,8.00,20.50,44.59,14.91,56.24,20.11,47.58
1778022789,7.25,11.00,8.25,20.76,44.59,14.80,56.25,20.12,47.53
1778022791,7.25,10.50,8.25,20.28,44.52,14.89,56.29,20.13,47.39
1778022792,7.19,11.00,8.75,20.48,44.51,14.91,56.33,19.90,47.22
1778022794,7.13,10.25,8.25,20.49,44.48,14.91,56.35,20.09,47.10
1778022795,7.13,11.00,8.75,20.19,44.42,14.77,56.38,20.01,46.90
1778022797,7.19,11.00,8.50,20.36,44.47,14.75,56.41,20.12,46.77
1778022799,7.13,11.00,8.50,20.44,44.49,14.83,56.44,19.96,46.66
1778022800,7.13,10.25,8.25,20.05,44.48,14.80,56.44,20.08,46.66
1778022802,7.13,10.75,8.50,20.18,44.50,15.01,56.46,20.13,46.70
1778022803,7.13,10.00,8.25,20.72,44.55,14.91,56.42,19.73,46.57
1778022805,7.06,10.50,8.00,20.48,44.48,14.95,56.42,20.26,46.51
1778022807,7.06,10.75,8.25,20.28,44.41,14.81,56.35,20.01,46.48
1778022808,7.06,10.50,8.25,20.48,44.38,15.02,56.36,20.37,46.54
1778022810,7.00,11.00,8.25,20.48,44.36,14.93,56.33,20.08,46.44
1778022811,7.00,10.75,8.25,20.36,44.34,14.86,56.28,20.12,46.43
1778022813,7.00,10.50,8.25,20.18,44.30,14.87,56.27,20.27,46.44
1778022815,6.88,10.25,8.50,20.83,44.41,14.96,56.25,20.07,46.31
1778022816,6.88,10.75,8.25,20.52,44.37,14.83,56.18,20.33,46.29
1778022818,6.88,10.75,8.25,20.50,44.38,14.82,56.13,20.17,46.26
1778022820,6.88,10.50,8.25,20.40,44.37,14.78,56.07,20.22,46.28
1778022821,6.88,11.00,8.25,20.27,44.36,14.86,56.06,20.09,46.28
1778022823,6.88,10.00,8.25,20.20,44.36,14.83,56.05,20.18,46.24
1778022824,6.88,11.00,7.75,20.40,44.40,15.02,56.05,20.16,46.17
1778022826,6.88,10.50,8.50,20.25,44.38,14.78,56.02,20.19,46.18
1778022828,6.81,10.75,8.50,20.30,44.38,14.92,56.06,20.17,46.27
1778022829,6.88,10.75,8.50,20.63,44.39,14.94,56.09,19.69,46.25
1778022831,6.88,10.50,8.00,20.09,44.27,14.87,56.08,19.74,46.34
1778022832,6.81,10.25,8.50,20.57,44.34,14.90,56.15,20.27,46.52
1778022834,6.81,10.00,8.50,20.50,44.34,14.92,56.18,19.85,46.49
1778022836,6.81,11.00,8.00,20.45,44.33,14.85,56.21,20.18,46.56
1778022837,6.81,11.25,8.00,20.26,44.30,14.93,56.25,20.37,46.54
1778022839,6.88,10.75,8.50,20.51,44.38,14.89,56.28,20.06,46.51
1778022840,6.88,10.75,8.25,20.51,44.39,14.96,56.29,20.04,46.57
1778022842,6.88,10.75,8.25,20.28,44.34,14.93,56.26,20.25,46.67
1778022844,6.88,11.00,8.25,20.67,44.39,14.98,56.23,20.64,46.69
1778022845,6.81,10.75,8.25,20.03,44.29,14.96,56.20,20.16,46.60
1778022847,6.88,11.00,8.00,20.36,44.39,14.98,56.19,19.91,46.65
1778022848,6.88,10.75,8.25,20.43,44.47,14.83,56.12,20.05,46.81
1778022850,6.81,10.50,8.50,19.98,44.45,14.98,56.12,19.74,46.84
1778022852,6.81,10.75,8.00,20.28,44.53,14.95,56.12,20.03,46.82
1778022853,6.75,10.50,8.25,20.46,44.54,14.95,56.13,20.03,46.72
1778022855,6.81,10.25,8.00,20.39,44.50,14.95,56.13,20.18,46.73
1778022856,6.81,10.75,8.00,20.02,44.39,15.00,56.14,20.00,46.65
1778022858,6.81,10.75,8.25,20.59,44.44,14.96,56.13,20.01,46.60
1778022860,6.88,10.75,8.25,20.80,44.50,14.91,56.08,20.19,46.67
1778022861,6.88,10.75,8.75,20.13,44.43,15.04,56.11,20.04,46.77
1778022863,6.88,10.75,8.25,20.48,44.55,15.02,56.10,20.28,46.92
1778022864,6.88,11.00,8.50,20.67,44.65,15.08,56.12,20.07,47.00
1778022866,6.88,11.00,7.50,19.96,44.54,14.98,56.10,19.97,47.06
1778022868,6.88,11.25,7.75,20.27,44.59,15.06,56.12,20.16,47.11
1778022869,6.81,10.75,8.00,20.37,44.57,15.13,56.10,20.36,47.10
1778022871,6.88,10.75,8.25,20.41,44.53,15.09,56.07,20.13,46.96
1778022873,6.81,10.75,8.25,20.38,44.53,14.94,56.03,19.73,46.86
1778022874,6.81,10.50,8.00,20.55,44.52,15.16,56.02,20.17,46.93
1778022876,6.81,10.75,8.00,20.35,44.46,14.94,55.97,20.03,46.87
1778022877,6.81,11.00,8.00,20.80,44.53,14.87,55.95,20.23,46.89
1778022879,6.88,11.00,8.00,20.28,44.45,14.88,55.94,20.07,46.94
1778022881,6.94,11.00,8.75,20.19,44.44,14.95,55.98,20.00,47.05
1778022882,6.94,10.75,8.50,20.48,44.52,14.89,55.98,20.02,47.18
1778022884,6.94,10.75,8.50,20.35,44.50,14.85,56.02,19.53,47.16
1778022885,6.88,11.25,8.00,20.26,44.54,14.98,56.07,19.95,47.30
1778022887,6.88,10.75,8.25,20.40,44.59,14.91,56.07,20.02,47.38
1778022889,6.88,10.75,8.25,20.05,44.54,14.94,56.10,20.31,47.38
1778022890,6.94,10.50,8.00,20.27,44.57,14.91,56.10,19.94,47.26
1778022892,6.88,10.50,8.50,20.45,44.59,14.91,56.15,20.01,47.21
1778022893,6.94,10.50,8.25,20.31,44.57,14.82,56.17,20.10,47.24
1778022895,6.94,10.75,8.50,20.22,44.52,14.93,56.20,20.23,47.23
1778022897,7.00,11.25,8.00,20.27,44.56,14.94,56.21,19.82,47.24
1778022898,7.06,10.75,8.50,20.59,44.65,14.91,56.25,20.17,47.45
1778022900,7.06,11.00,8.75,20.20,44.65,14.90,56.28,20.17,47.61
1778022901,7.13,11.25,8.25,20.16,44.71,14.94,56.28,19.81,47.66
1778022903,7.19,11.00,8.00,20.00,44.74,14.94,56.27,20.16,47.76
1778022905,7.19,11.00,8.25,20.11,44.84,14.94,56.27,19.67,47.67
1778022906,7.19,11.00,8.50,20.19,44.87,15.04,56.26,20.08,47.65
1778022908,7.06,10.50,8.25,20.05,44.82,15.01,56.24,20.51,47.58
1778022909,7.06,10.75,8.50,20.56,44.85,15.01,56.18,20.04,47.28
1778022911,7.06,10.75,8.00,19.95,44.73,14.98,56.14,20.16,47.20
1778022913,7.00,10.75,8.25,20.10,44.74,14.99,56.11,19.77,46.98
1778022914,7.00,11.25,8.25,20.53,44.79,14.98,56.06,20.13,47.02
1778022916,6.94,11.00,8.00,19.96,44.66,15.05,56.05,20.01,47.01
1778022917,6.94,10.00,8.25,20.13,44.66,14.91,56.00,20.13,47.00
1778022919,6.94,11.00,8.50,20.53,44.72,15.15,56.03,19.92,46.96
1778022921,6.88,11.00,8.50,19.97,44.62,14.98,55.98,19.85,47.03
1778022922,6.88,11.25,8.25,20.10,44.64,14.90,55.94,19.66,46.98
1778022924,6.88,11.00,7.75,20.40,44.68,14.97,55.91,19.88,46.99
1778022926,6.88,11.00,8.25,19.99,44.59,15.02,55.89,19.77,46.87
1778022927,6.81,11.00,8.50,20.25,44.64,14.98,55.85,20.16,46.78
1778022929,6.81,11.00,8.50,20.63,44.71,15.08,55.86,19.94,46.66
1778022930,6.81,10.50,8.50,20.45,44.68,14.95,55.84,20.15,46.63
1778022932,6.81,11.00,8.25,20.53,44.68,14.94,55.81,19.60,46.49
1778022934,6.81,11.00,8.50,20.33,44.64,14.92,55.82,20.16,46.57
1778022935,6.81,10.50,8.00,20.08,44.61,14.83,55.81,19.69,46.50
1778022937,6.75,11.00,8.50,20.17,44.63,14.80,55.86,19.90,46.62
1778022938,6.75,10.75,8.25,20.40,44.65,14.99,55.94,20.12,46.77
1778022940,6.75,10.75,8.50,20.24,44.63,14.84,55.97,19.77,46.84
1778022942,6.81,10.75,8.50,20.31,44.64,14.81,56.04,19.92,46.96
1778022943,6.81,11.00,8.00,20.23,44.63,14.89,56.11,19.77,46.90
1778022945,6.81,11.25,8.25,20.18,44.62,14.85,56.12,19.69,46.80
1778022946,6.81,10.75,8.50,20.01,44.60,14.76,56.13,19.96,46.78
1778022948,6.81,11.00,8.50,20.32,44.64,14.79,56.13,20.08,46.82
1778022950,6.75,10.75,8.00,20.22,44.64,14.71,56.14,19.84,46.91
1778022951,6.75,11.00,8.25,20.48,44.70,14.60,56.14,19.79,47.06
1778022953,6.75,11.00,8.50,20.27,44.65,14.72,56.16,20.09,47.12
1778022954,6.75,11.00,8.25,20.25,44.67,14.66,56.15,20.35,47.16
1778022956,6.75,11.00,8.50,20.40,44.68,14.63,56.16,20.03,47.03
1778022958,6.75,11.25,8.25,19.97,44.63,14.76,56.18,20.16,46.99
1778022959,6.69,10.75,8.25,20.38,44.69,14.63,56.17,19.99,46.91
1778022961,6.75,11.00,8.50,20.30,44.69,14.75,56.21,19.53,46.87
1778022962,6.75,10.75,8.00,20.31,44.70,14.63,56.24,20.07,47.02
1778022964,6.69,10.75,8.25,20.06,44.66,14.64,56.29,19.66,47.03
1778022966,6.69,10.75,8.25,20.60,44.74,14.70,56.38,20.01,47.17
1778022967,6.75,10.75,8.25,20.20,44.67,14.64,56.42,20.20,47.24
1778022969,6.75,10.50,8.75,20.24,44.66,14.61,56.47,19.65,47.13
1778022970,6.75,10.75,8.50,20.53,44.69,14.76,56.55,19.75,46.99
1778022972,6.75,11.00,7.75,20.17,44.61,14.74,56.62,20.47,46.97
1778022974,6.81,11.00,8.00,20.44,44.64,14.76,56.66,19.87,46.74
1778022975,6.81,10.50,8.25,20.23,44.60,14.71,56.71,19.80,46.69
1778022977,6.81,10.75,8.50,20.28,44.63,14.80,56.75,19.77,46.71
1778022979,6.81,11.00,7.50,20.27,44.69,14.76,56.77,19.77,46.76
1778022980,6.75,11.00,8.25,20.34,44.76,14.72,56.79,20.25,46.90
1778022982,6.88,10.50,8.50,20.45,44.81,14.83,56.80,19.75,46.87
1778022983,6.88,10.75,8.50,20.40,44.84,14.87,56.81,19.77,46.82
1778022985,6.88,10.25,8.50,20.32,44.86,14.80,56.81,19.83,46.72
1778022987,6.88,10.50,8.00,20.17,44.85,14.82,56.80,19.88,46.65
1778022988,6.88,10.25,8.50,20.19,44.87,14.77,56.78,19.80,46.60
1778022990,6.81,11.00,8.25,20.40,44.86,14.88,56.78,20.08,46.66
1778022991,6.88,10.75,8.00,19.94,44.72,14.85,56.73,20.24,46.70
1778022993,6.81,11.00,8.50,20.23,44.74,14.78,56.69,19.80,46.60
1778022995,6.81,11.00,8.50,20.49,44.69,14.82,56.67,20.08,46.70
1778022996,6.81,11.00,7.75,20.22,44.60,14.76,56.61,20.08,46.74
1778022998,6.81,11.00,8.00,20.17,44.58,14.80,56.57,19.43,46.68
1778022999,6.81,10.75,8.25,20.55,44.62,14.83,56.55,20.07,46.82
1778023001,6.88,10.75,8.50,20.26,44.56,14.78,56.54,19.67,46.84
1778023003,6.81,10.75,8.50,20.42,44.59,14.80,56.53,19.73,46.91
1778023004,6.81,10.75,8.25,20.59,44.65,14.78,56.50,19.90,46.99
1778023006,6.75,10.50,8.00,20.27,44.61,14.87,56.49,19.76,47.01
1778023007,6.81,10.75,7.75,20.43,44.66,14.82,56.48,19.97,47.03
1778023009,6.81,10.75,8.50,20.40,44.67,14.82,56.44,19.68,46.93
1778023011,6.81,11.00,8.00,20.15,44.59,14.81,56.43,19.41,46.80
1778023012,6.75,10.50,8.25,20.61,44.65,14.81,56.44,19.95,46.78
1778023014,6.81,11.00,8.50,20.43,44.61,14.76,56.43,19.71,46.67
1778023015,6.81,11.00,8.00,20.05,44.54,14.95,56.46,20.12,46.75
1778023017,6.81,10.75,8.00,20.42,44.57,14.95,56.45,19.98,46.74
1778023019,6.81,10.75,8.25,20.47,44.58,14.95,56.42,20.20,46.79
1778023020,6.88,10.75,8.25,20.23,44.52,14.99,56.41,19.23,46.72
1778023022,6.88,10.75,8.00,20.35,44.47,15.00,56.39,19.95,46.99
1778023023,6.88,10.50,7.75,20.47,44.48,14.94,56.37,19.87,47.10
1778023025,6.81,10.75,8.25,20.12,44.42,14.88,56.31,19.61,47.16
1778023027,6.81,10.75,8.25,20.15,44.41,14.92,56.31,19.33,47.20
1778023028,6.88,11.00,8.00,20.60,44.48,14.95,56.29,19.88,47.39
1778023030,6.88,11.00,8.50,20.29,44.43,14.94,56.28,19.69,47.37
1778023032,6.81,10.75,7.75,20.17,44.41,14.90,56.26,19.87,47.39
1778023033,6.88,11.00,8.25,20.27,44.45,14.87,56.25,20.19,47.35
1778023035,6.88,10.75,8.25,20.23,44.47,14.93,56.23,19.52,47.12
1778023036,6.81,10.25,8.25,20.27,44.50,14.91,56.20,19.60,47.03
1778023038,6.81,11.00,8.25,20.42,44.53,14.86,56.16,20.07,47.05
1778023040,6.81,10.25,7.75,20.18,44.50,14.88,56.16,19.56,47.01
1778023041,6.75,10.75,8.50,20.23,44.51,14.76,56.16,19.43,47.16
1778023043,6.81,10.75,7.75,20.32,44.55,14.61,56.15,19.80,47.30
1778023044,6.81,11.00,8.00,20.17,44.53,14.74,56.22,19.75,47.27
1778023046,6.81,10.75,7.50,20.28,44.56,14.62,56.24,19.61,47.23
1778023048,6.81,11.00,8.25,20.23,44.54,14.71,56.31,19.58,47.19
1778023049,6.81,10.75,8.25,20.55,44.58,14.75,56.34,19.60,47.19
1778023051,6.75,10.75,7.75,20.08,44.52,14.74,56.38,19.86,47.26
1778023052,6.81,11.00,8.25,19.95,44.51,14.66,56.40,20.08,47.36
1778023054,6.81,10.25,7.75,20.29,44.53,14.72,56.48,19.83,47.32
1778023056,6.75,10.75,8.00,20.25,44.55,14.66,56.52,19.68,47.36
1778023057,6.81,10.50,8.25,19.98,44.52,14.71,56.55,19.40,47.33
1778023059,6.75,10.75,8.25,20.48,44.62,14.77,56.63,19.66,47.32
1778023060,6.75,10.50,8.25,20.34,44.61,14.81,56.68,19.73,47.32
1778023062,6.81,11.00,7.75,20.12,44.61,14.76,56.67,20.14,47.40
1778023064,6.81,11.00,8.25,20.33,44.66,14.78,56.71,19.59,47.29
1778023065,6.75,10.50,8.00,20.20,44.65,14.78,56.68,19.74,47.24
1778023067,6.75,10.75,8.25,20.24,44.68,14.83,56.68,19.73,47.18
1778023068,6.81,10.50,8.25,20.27,44.71,14.91,56.68,19.81,47.17
1778023070,6.75,11.00,8.25,19.94,44.65,14.88,56.64,19.69,47.18
1778023072,6.75,10.50,8.50,20.38,44.71,14.78,56.59,19.44,47.08
1778023073,6.75,11.00,8.00,20.18,44.69,14.91,56.56,20.01,47.21
1778023075,6.81,11.00,7.75,19.97,44.61,14.77,56.51,20.01,47.41
1778023077,6.81,10.75,8.25,20.40,44.69,14.75,56.48,19.75,47.53
1778023078,6.81,11.25,7.75,20.40,44.65,14.96,56.50,19.58,47.62
1778023080,6.81,10.50,8.00,20.09,44.59,14.83,56.47,19.89,47.69
1778023081,6.81,10.75,8.00,20.05,44.61,14.92,56.51,19.58,47.73
1778023083,6.81,10.50,8.00,20.11,44.66,14.79,56.44,19.70,47.80
1778023085,6.88,10.75,8.25,20.44,44.72,14.78,56.38,19.60,47.84
1778023086,6.81,10.75,8.25,20.07,44.66,14.83,56.35,19.90,47.94
1778023088,6.81,10.75,7.75,20.01,44.63,14.78,56.32,19.36,47.95
1778023089,6.81,10.50,7.75,20.01,44.63,14.99,56.31,19.76,48.04
1778023091,6.81,10.75,8.25,20.16,44.66,14.94,56.27,19.76,48.04
1778023093,6.81,10.75,7.75,19.98,44.64,14.85,56.19,19.34,47.89
1778023094,6.81,10.75,8.00,20.43,44.73,14.82,56.15,20.06,48.02
1778023096,6.75,10.50,7.50,20.27,44.76,14.89,56.14,19.33,47.93
1778023097,6.75,10.50,8.50,20.16,44.81,14.81,56.09,19.52,48.06
1778023099,6.81,10.75,8.25,20.20,44.87,14.98,56.09,19.97,48.23
1778023101,6.75,11.00,8.25,20.17,44.91,14.83,56.07,19.87,48.24
1778023102,6.75,10.75,8.00,19.98,44.91,14.90,56.08,19.91,48.17
1778023104,6.75,10.25,8.00,20.25,44.92,14.86,56.12,19.31,47.89
1778023105,6.75,10.50,8.00,19.95,44.83,14.83,56.14,19.69,47.79
1778023107,6.75,11.00,8.00,20.05,44.80,14.91,56.15,19.99,47.75
1778023109,6.75,10.75,7.75,20.12,44.78,14.97,56.15,19.65,47.63
1778023110,6.75,10.75,8.00,20.06,44.73,14.92,56.16,19.55,47.48
1778023112,6.75,10.75,8.50,20.31,44.78,14.83,56.16,19.78,47.40
1778023113,6.75,10.50,8.50,20.06,44.74,14.91,56.14,19.82,47.37
1778023115,6.81,10.50,7.75,20.22,44.76,14.82,56.10,19.58,47.30
1778023117,6.75,10.25,8.25,20.22,44.75,14.80,56.08,20.09,47.40
1778023118,6.75,10.50,7.75,19.97,44.70,14.82,56.07,19.57,47.28
1778023120,6.81,10.75,8.00,20.24,44.73,14.72,56.05,20.13,47.32
1778023121,6.75,10.75,8.00,20.05,44.70,14.70,56.05,19.58,47.24
1778023123,6.75,10.50,8.25,20.06,44.71,14.76,56.05,19.56,47.25
1778023125,6.81,10.50,8.25,20.29,44.73,14.77,56.09,20.06,47.32
1778023126,6.75,10.75,8.00,19.97,44.69,14.70,56.08,19.78,47.29
1778023128,6.75,10.75,7.75,19.82,44.70,14.66,56.09,19.70,47.34
1778023130,6.69,10.75,8.00,20.29,44.78,14.71,56.13,19.56,47.41
1778023131,6.75,10.50,8.25,20.04,44.76,14.74,56.18,19.95,47.53
1778023133,6.75,10.75,8.00,20.06,44.79,14.69,56.22,19.69,47.51
1778023134,6.75,10.75,8.00,20.27,44.85,14.60,56.27,19.67,47.61
1778023136,6.69,10.75,8.50,19.95,44.81,14.57,56.35,19.64,47.75
1778023138,6.69,10.50,8.00,20.04,44.83,14.74,56.45,19.57,47.74
1778023139,6.69,11.00,8.00,20.04,44.85,14.60,56.45,19.23,47.66
1778023141,6.75,10.75,8.50,19.97,44.85,14.70,56.50,19.60,47.71
1778023142,6.75,10.50,8.25,19.97,44.89,14.75,56.54,19.60,47.78
1778023144,6.75,10.50,8.50,19.95,44.93,14.75,56.56,19.84,48.03
1778023146,6.88,10.75,8.25,20.32,45.05,14.65,56.59,19.39,48.20
1778023147,6.94,10.75,8.25,20.10,45.09,14.70,56.64,19.89,48.51
1778023149,7.00,11.00,8.25,20.16,45.16,14.75,56.67,19.22,48.63
1778023150,7.13,10.50,8.50,20.41,45.33,14.71,56.72,19.95,48.94
1778023152,7.19,11.00,8.50,19.95,45.37,14.86,56.77,19.65,49.04
1778023154,7.13,10.75,8.25,20.23,45.47,14.76,56.77,19.76,49.10
1778023155,7.13,10.75,8.00,20.01,45.52,14.75,56.79,20.05,48.99
1778023157,7.06,10.75,8.50,20.37,45.65,14.87,56.84,19.85,48.77
1778023158,7.06,10.75,8.50,20.06,45.65,14.74,56.85,19.77,48.56
1778023160,7.06,10.50,8.25,19.97,45.63,14.72,56.86,19.83,48.40
1778023162,7.00,10.50,8.00,19.83,45.57,14.76,56.89,19.68,48.17
1778023163,7.00,11.00,8.00,20.02,45.54,14.82,56.89,19.25,48.03
1778023165,7.00,10.75,8.00,20.45,45.58,14.72,56.86,19.56,48.13
1778023166,7.00,10.75,8.50,19.87,45.43,14.81,56.84,19.70,48.16
1778023168,7.06,10.75,8.00,19.93,45.39,14.76,56.78,19.66,48.10
1778023170,7.00,10.50,8.25,20.19,45.37,14.80,56.76,19.74,47.99
1778023171,6.94,10.75,8.25,20.01,45.27,14.81,56.74,19.58,47.88
1778023173,6.94,10.50,8.25,20.03,45.22,14.75,56.75,19.36,47.84
1778023174,7.00,10.50,7.75,20.02,45.19,14.79,56.76,19.79,47.89
1778023176,7.00,10.50,8.25,20.30,45.24,14.76,56.76,19.75,47.91
1778023178,7.00,10.50,8.25,19.99,45.16,14.82,56.77,19.95,47.95
1778023179,6.94,10.75,8.50,20.13,45.18,14.66,56.73,19.69,47.89
1778023181,6.94,10.50,8.00,20.04,45.12,14.76,56.71,19.62,47.89
1778023183,6.94,10.25,8.50,19.97,45.11,14.72,56.65,19.63,47.97
1778023184,6.94,10.50,7.75,20.11,45.11,14.72,56.62,19.78,48.07
1778023186,6.88,10.75,8.25,20.03,45.05,14.76,56.62,19.76,48.09
1778023187,6.88,10.75,8.25,20.16,45.02,14.80,56.64,19.87,47.98
1778023189,6.88,10.00,8.00,20.51,45.05,14.71,56.64,19.67,47.97
1778023191,6.81,10.25,8.25,19.92,44.94,14.70,56.64,19.73,48.05
1778023192,6.81,10.25,7.75,20.10,44.93,14.70,56.64,19.49,47.95
1778023194,6.81,10.75,8.50,20.14,44.92,14.76,56.64,19.65,47.85
1778023195,6.75,11.00,8.25,19.92,44.88,14.71,56.62,19.81,47.70
1778023197,6.81,11.00,8.50,20.15,44.92,14.76,56.65,20.15,47.65
1778023199,6.75,10.75,8.25,20.16,44.95,14.64,56.64,19.45,47.49
1778023200,6.75,10.50,8.25,19.97,44.97,14.69,56.64,19.95,47.65
1778023202,6.75,10.50,8.50,20.01,45.05,14.65,56.63,19.94,47.75
1778023203,6.75,10.75,8.50,20.17,45.14,14.66,56.63,19.66,47.87
1778023205,6.75,11.00,8.00,20.16,45.19,14.74,56.64,19.61,47.99
1778023207,6.75,10.75,8.25,20.00,45.21,14.66,56.61,19.66,48.07
1778023208,6.75,10.50,8.25,20.12,45.24,14.76,56.61,19.66,48.13
1778023210,6.75,10.75,8.25,19.98,45.22,14.73,56.61,19.34,47.98
1778023211,6.75,10.50,8.00,20.46,45.25,14.75,56.64,19.43,47.85
1778023213,6.75,10.00,7.75,20.12,45.14,14.70,56.65,19.71,47.74
1778023215,6.75,10.50,8.25,19.88,45.04,14.65,56.64,19.80,47.61
1778023216,6.75,11.25,8.25,20.05,45.03,14.66,56.64,19.83,47.52
1778023218,6.75,10.50,7.75,19.95,45.01,14.74,56.64,19.56,47.51
1778023219,6.75,10.75,8.50,20.01,45.04,14.70,56.63,19.34,47.61
1778023221,6.75,11.00,8.00,19.77,45.03,14.64,56.64,19.53,47.80
1778023223,6.81,10.25,8.25,20.09,45.11,14.70,56.65,19.68,47.95
1778023224,6.75,11.00,8.25,20.10,45.14,14.63,56.62,19.28,47.97
1778023226,6.69,10.75,8.00,20.10,45.14,14.64,56.64,19.82,48.01
1778023227,6.75,11.25,8.25,20.05,45.10,14.64,56.64,19.54,47.86
1778023229,6.75,10.25,8.25,20.27,45.11,14.70,56.66,19.67,47.84
1778023231,6.75,10.25,8.25,19.99,45.08,14.69,56.69,19.77,47.72
1778023232,6.75,10.00,8.25,19.95,45.07,14.62,56.72,19.28,47.67
1778023234,6.75,10.50,8.50,20.32,45.10,14.59,56.73,19.86,47.86
1778023236,6.75,10.25,7.75,20.01,45.03,14.70,56.77,19.80,47.93
1778023237,6.75,10.75,7.75,20.08,45.02,14.72,56.81,20.05,48.03
1778023239,6.75,10.25,8.25,19.91,44.98,14.79,56.82,19.97,47.99
1778023240,6.75,10.75,7.75,20.01,44.99,14.77,56.80,19.76,47.91
1778023242,6.69,10.75,8.00,20.20,45.02,14.77,56.74,19.58,47.77
1778023244,6.75,10.75,8.25,20.08,45.01,14.80,56.66,19.58,47.66
1778023245,6.69,10.25,7.50,20.09,45.00,14.75,56.59,19.69,47.63
1778023247,6.75,10.75,8.25,20.30,45.04,14.70,56.54,19.46,47.60
1778023248,6.69,10.50,8.25,20.09,45.00,14.69,56.52,19.70,47.60
1778023250,6.63,10.50,7.50,19.88,44.95,14.65,56.48,19.36,47.50
1778023252,6.69,11.00,8.00,20.01,44.95,14.76,56.48,19.91,47.55
1778023253,6.69,10.50,8.00,19.99,44.92,14.76,56.48,19.71,47.46
1778023255,6.69,10.50,7.75,20.01,44.89,14.76,56.51,19.78,47.45
1778023256,6.69,10.75,8.25,20.16,44.93,14.70,56.51,19.84,47.55
1778023258,6.69,10.25,7.75,20.10,44.93,14.77,56.55,19.58,47.55
1778023260,6.69,10.75,8.25,20.05,44.92,14.73,56.53,19.75,47.52
1778023261,6.69,10.75,7.75,20.06,44.93,14.76,56.51,19.73,47.44
1778023263,6.69,10.75,7.75,20.12,44.94,14.72,56.50,19.58,47.39
1778023264,6.69,10.75,8.25,20.05,44.92,14.66,56.48,19.41,47.47
1778023266,6.69,10.50,8.25,20.44,44.99,14.76,56.50,19.54,47.61
1778023268,6.69,10.50,8.25,20.00,44.92,14.72,56.48,20.05,47.67
1778023269,6.69,10.25,8.50,19.98,44.92,14.72,56.49,19.29,47.48
1778023271,6.75,10.50,8.00,20.03,44.93,14.67,56.49,19.65,47.51
1778023272,6.75,10.50,7.75,20.23,45.00,14.72,56.48,20.27,47.55
1778023274,6.75,10.50,8.50,19.98,44.98,14.70,56.45,19.15,47.34
1778023276,6.81,10.75,7.75,20.12,44.99,14.67,56.44,19.81,47.38
1778023277,6.81,10.50,8.50,20.20,45.00,14.71,56.43,20.05,47.37
1778023279,6.88,10.25,8.25,20.07,45.00,14.72,56.42,19.32,47.29
1778023281,6.88,10.75,8.00,20.19,45.00,14.70,56.41,19.45,47.36
1778023282,6.88,10.75,7.75,19.91,44.94,14.70,56.40,19.98,47.42
1778023284,6.88,11.25,8.00,20.06,44.97,14.72,56.40,19.73,47.33
1778023285,6.88,10.50,8.00,20.07,44.97,14.72,56.39,19.56,47.27
1778023287,6.94,10.50,8.50,20.27,45.01,14.71,56.38,20.05,47.31
1778023289,6.88,10.00,8.00,20.08,44.98,14.64,56.32,19.65,47.24
1778023290,6.88,10.25,8.25,20.08,45.01,14.87,56.35,19.56,47.19
1778023292,6.88,10.75,8.00,19.89,44.96,14.83,56.34,19.80,47.20
1778023293,6.81,10.50,8.50,20.01,44.96,14.59,56.30,20.08,47.21
1778023295,6.88,10.50,8.50,20.49,45.03,14.59,56.32,19.30,47.11
1778023297,6.88,10.50,8.00,19.96,44.94,14.70,56.34,19.79,47.31
1778023298,6.88,10.25,8.00,20.14,44.95,14.66,56.33,19.81,47.34
1778023300,6.88,10.50,8.25,19.94,44.93,14.59,56.33,19.79,47.33
1778023301,6.88,10.00,8.25,20.41,45.03,14.58,56.33,20.02,47.35
1778023303,6.88,10.50,8.00,20.32,45.01,14.60,56.30,19.87,47.35
1778023305,6.81,10.50,8.00,20.02,44.95,14.69,56.31,19.26,47.29
1778023306,6.88,10.75,8.25,20.23,45.02,14.55,56.31,19.64,47.30
1778023308,6.88,10.50,8.25,19.80,44.94,14.60,56.32,19.97,47.33
1778023309,6.81,11.00,8.00,20.02,44.99,14.82,56.38,19.87,47.30
1778023311,6.88,10.75,8.00,20.31,45.06,14.76,56.39,19.66,47.34
1778023313,6.88,10.50,8.25,20.19,45.07,14.72,56.39,19.29,47.28
1778023314,6.88,10.75,7.75,20.06,45.07,14.70,56.38,19.81,47.32
1778023316,6.88,10.25,7.50,20.28,45.11,14.68,56.37,19.85,47.32
1778023317,6.81,10.50,8.50,19.76,45.03,14.77,56.40,19.66,47.40
1778023319,6.88,10.50,8.00,20.02,45.03,14.70,56.36,19.69,47.57
1778023321,6.81,10.50,8.00,20.05,45.05,14.66,56.31,19.55,47.68
1778023322,6.81,10.75,8.00,20.16,45.07,14.70,56.29,19.83,47.77
1778023324,6.81,10.50,8.00,20.00,45.08,14.76,56.27,19.70,47.84
1778023325,6.81,10.50,8.00,20.33,45.11,14.66,56.21,19.44,47.88
1778023327,6.81,11.00,8.00,20.25,45.08,14.87,56.24,19.37,47.86
1778023329,6.88,10.25,8.00,20.00,45.03,14.77,56.24,19.80,47.84
1778023330,6.81,10.50,8.00,20.15,45.04,14.76,56.25,19.34,47.62
1778023332,6.81,9.75,8.00,20.10,45.02,14.79,56.26,19.19,47.49
1778023334,6.81,10.50,7.75,20.03,45.01,14.74,56.28,19.39,47.48
1778023335,6.81,10.50,8.00,19.97,45.03,14.79,56.30,19.55,47.45
1778023337,6.88,10.50,8.00,19.91,45.05,14.71,56.28,19.92,47.48
1778023338,6.88,10.50,8.00,19.94,45.07,14.87,56.27,19.19,47.28
1778023340,6.88,10.50,8.25,20.10,45.10,14.78,56.22,19.90,47.34
1778023342,6.88,10.50,7.75,20.16,45.14,14.90,56.23,19.92,47.26
1778023343,6.81,10.75,8.25,20.05,45.13,14.83,56.22,19.28,47.06
1778023345,6.81,10.50,8.00,20.14,45.14,14.77,56.22,19.94,47.13
1778023346,6.88,10.75,8.00,20.06,45.13,14.87,56.21,19.27,46.99
1778023348,6.88,10.75,8.00,19.95,45.14,14.78,56.16,19.45,47.01
1778023350,6.88,10.50,8.50,20.32,45.19,14.76,56.13,19.64,47.09
1778023351,6.88,10.50,8.00,19.81,45.09,14.82,56.13,20.01,47.32
1778023353,6.88,10.50,8.50,19.97,45.11,14.75,56.10,19.18,47.40
1778023354,6.88,10.50,7.75,20.02,45.11,14.70,56.08,19.50,47.50
1778023356,6.88,10.00,8.50,20.15,45.14,14.75,56.09,19.75,47.48
1778023358,6.88,10.75,8.25,20.05,45.14,14.58,56.04,19.28,47.33
